track_id,artist,title,year,playlists,difficulty_actuel,is_francophone_actuel
5e23412f-2219-41ac-b5bc-3af0c4b48c2f,'Til Tuesday,Voices Carry,1985,official-pl-new-wave-synthpop-80s,,false
19f231e6-0875-4901-b369-2977cce36ab9,(G)I-DLE,TOMBOY,2022,official-pl-2020s|official-pl-2020s-hard|official-pl-kpop,3,false
8e5e0f29-07ab-413e-aaec-41fd35a7347c,*NSYNC,Bye Bye Bye,2000,official-pl-boys-girls-bands|official-pl-karaoke|official-pl-pop,,false
16f34048-cc67-4b79-8f48-82005e56a8b2,*NSYNC,It's Gonna Be Me,2000,official-pl-90s|official-pl-90s-easy|official-pl-boys-girls-bands|official-pl-karaoke,1,false
441c670a-844f-4ffe-9f93-59081977efd3,10cc,Dreadlock Holiday,1978,official-pl-reggae,,false
23e03b8c-5d91-4917-9ea4-b1b6175597cd,10cc,I'm Not in Love,1975,official-pl-70s|official-pl-70s-mix|official-pl-pop,,false
92241b64-2c07-4626-a33b-b60709294866,13 Organisé,Bande organisée,2020,official-pl-hiphop-fr-2020s,,true
b64b4d30-475a-4b10-9883-cf226f9ef0f2,"1789, les Amants de la Bastille",Ça ira mon amour,2012,official-pl-musicales-fr,,true
b99d9abd-5ea3-47e6-959d-2235ddd240d3,"1789, les Amants de la Bastille",Tomber dans ses yeux,2012,official-pl-musicales-fr,,true
22369b69-271f-4765-8b8f-060186c6783c,2 Be 3,Toujours là pour toi,1996,official-pl-fr-90s|official-pl-fr-90s-medium,2,true
776d447d-2d01-41b3-863e-3f1faff8b854,2 Frères,La promesse,2019,official-pl-fr-2010s|official-pl-fr-2010s-medium,2,true
3de6d81b-2b2a-408b-a409-8bc5d2526082,2 Unlimited,No Limit,1993,official-pl-90s|official-pl-chants-de-stade|official-pl-eurodance-90s|official-pl-guilty-pleasures,,false
567026e7-6c26-45d8-82ba-c932d6c7d795,24kGoldn & iann dior,Mood,2020,official-pl-2020s|official-pl-2020s-medium|official-pl-2020s-mix,2,false
8e99422d-dafb-474e-a278-663c4ef7d453,2Pac,California Love,1995,official-pl-90s|official-pl-90s-easy|official-pl-90s-mix|official-pl-rap-us,1,false
cd67d4d1-c786-4981-97f8-6844ffe6efe5,2Pac,Changes,1998,official-pl-rap-us,,false
83bf58d5-6ab1-4248-98a7-6991df42d636,3 Cafés Gourmands,À nos souvenirs,2017,official-pl-fr-2010s|official-pl-fr-2010s-medium,2,true
a2328496-c5a5-4c23-af47-84bf8688794d,3 Doors Down,Here Without You,2003,official-pl-punk-rock-90s-2000s,,false
29db5cdb-7308-48fa-b160-e4d74bf9e400,3 Doors Down,Kryptonite,2000,official-pl-2000s|official-pl-2000s-medium|official-pl-punk-rock-90s-2000s,2,false
9e4ddb44-4123-4012-bca7-d33a9c4119e3,3OH!3,Don't Trust Me,2008,official-pl-2000s|official-pl-2000s-medium,2,false
5f750320-dfef-4289-8f2f-a51f1b3cb8a6,4 Non Blondes,What's Up?,1992,official-pl-90s|official-pl-90s-easy|official-pl-90s-medium|official-pl-90s-mix|official-pl-karaoke|official-pl-one-hit-wonders|official-pl-pubs-cultes|official-pl-un-seul-tube,1,false
df0e58bc-e03c-4e4b-b971-df8a041796b0,5 Seconds of Summer,She Looks So Perfect,2014,official-pl-love-international,,false
23931333-755b-45bb-86e0-28ace410b97c,50 Cent,Candy Shop,2005,official-pl-rap-us,,false
0ec631b5-e6a2-4c8a-a662-917fbd025196,50 Cent,In da Club,2003,official-pl-2000s|official-pl-2000s-easy|official-pl-2000s-medium|official-pl-2000s-mix|official-pl-le-sample|official-pl-new-year-party|official-pl-rap-us,1,false
11bb83fd-b944-4bb3-a6f3-66f548426e4d,A Flock of Seagulls,I Ran (So Far Away),1982,official-pl-80s|official-pl-80s-easy|official-pl-80s-hard|official-pl-80s-medium|official-pl-new-wave-synthpop-80s|official-pl-one-hit-wonders|official-pl-pubs-cultes|official-pl-un-seul-tube,1,false
3ed9af1c-00fe-49a6-b8c8-3a76a319f29a,A Taste of Honey,Boogie Oogie Oogie,1978,official-pl-disco-dancefloor|official-pl-disco-funk,,false
aa5c1ca1-4fd4-4057-9684-8b8651f663d3,A Tribe Called Quest,Can I Kick It?,1990,official-pl-le-sample|official-pl-rap-us,,false
ee642718-ec4f-456c-b51f-946e5916c665,A Tribe Called Quest,Scenario,1992,official-pl-rap-us,,false
8f163577-a216-4c44-8f96-c25870250f33,a-ha,Take On Me,1985,official-pl-80s|official-pl-80s-easy|official-pl-80s-hard|official-pl-80s-medium|official-pl-80s-mix|official-pl-generiques-films-series|official-pl-intros-legendaires|official-pl-karaoke|official-pl-new-wave-synthpop-80s|official-pl-one-hit-wonders|official-pl-pop|official-pl-pubs-cultes|official-pl-roadtrip|official-pl-un-seul-tube,1,true
8b25beb8-e3d9-492f-8602-13cf3f72ab73,a-ha,The Living Daylights,1987,official-pl-james-bond,,false
e84d0f52-5282-4b40-8b9c-09c81ce6cea7,a-ha,The Sun Always Shines on T.V.,1985,official-pl-80s|official-pl-80s-hard|official-pl-pop,3,true
03074196-06cd-4485-b7e3-4a802452bbe0,ABBA,Dancing Queen,1976,official-pl-70s|official-pl-70s-easy|official-pl-70s-medium|official-pl-70s-mix|official-pl-anniversaire|official-pl-chants-de-stade|official-pl-disco-dancefloor|official-pl-disco-funk|official-pl-films-easy|official-pl-karaoke|official-pl-karaoke-komptoir|official-pl-musique-film|official-pl-new-year-party|official-pl-pop,1,false
a11abc10-a43f-4448-b71b-caf7a799f007,ABBA,Gimme! Gimme! Gimme! (A Man After Midnight),1979,official-pl-disco-dancefloor|official-pl-disco-funk|official-pl-pop,,false
dec797fb-c887-4f07-940a-a3d6421d0c17,ABBA,Mamma Mia,1975,official-pl-70s|official-pl-70s-easy|official-pl-chants-de-stade|official-pl-films-easy|official-pl-karaoke|official-pl-musique-film|official-pl-pop,1,false
1c7628ea-b7ae-4685-a63e-d9432b6c243f,ABBA,Take a Chance on Me,1977,official-pl-70s|official-pl-70s-medium,2,true
d38c5292-840a-4170-b785-41813e695c18,ABBA,Waterloo,1974,official-pl-70s|official-pl-70s-mix|official-pl-disco-dancefloor|official-pl-eurovision|official-pl-pop,,false
6f68002b-e254-42c6-a591-b53d6ffc14b4,ABC,The Look of Love,1982,official-pl-80s|official-pl-80s-hard|official-pl-pop,3,false
463163b0-79fb-4f7c-929b-a2df854313f8,AC/DC,Back in Black,1980,official-pl-hard-rock-80s|official-pl-intros-legendaires|official-pl-metal|official-pl-rock,3,false
be9756c6-23cc-42bf-9848-5e9b1b3970f3,AC/DC,Hells Bells,1980,official-pl-halloween,,false
f89be1d9-5738-48ea-825e-652434124ff9,AC/DC,Highway to Hell,1979,official-pl-70s|official-pl-70s-hard|official-pl-70s-mix|official-pl-halloween|official-pl-hard-rock-80s|official-pl-roadtrip|official-pl-rock,3,false
837e1f59-00fe-4dd9-abeb-9fda2c8f65bd,AC/DC,Thunderstruck,1990,official-pl-chants-de-stade|official-pl-hard-rock-80s|official-pl-intros-legendaires|official-pl-metal|official-pl-rock,3,false
3eecbfd5-1f75-4a0c-9f40-acfe30b41076,AC/DC,You Shook Me All Night Long,1980,official-pl-80s|official-pl-80s-easy|official-pl-chants-de-stade|official-pl-hard-rock-80s|official-pl-roadtrip,1,false
236ac5b8-38f4-4164-9c33-147c5a7b0cd0,Accept,Balls to the Wall,1983,official-pl-hard-rock-80s|official-pl-metal,3,false
498c6dd4-05fc-48a6-b83b-e1d7ff51c302,Ace of Base,All That She Wants,1992,official-pl-90s-mix|official-pl-eurodance-90s|official-pl-pop,,false
7ff76746-fd57-48a1-9237-0cde7a896527,Ace of Base,The Sign,1993,official-pl-90s|official-pl-90s-easy|official-pl-90s-medium|official-pl-90s-mix|official-pl-eurodance-90s|official-pl-pop,1,false
947211df-6451-46d3-9d42-131499b49735,Adele,Easy On Me,2021,official-pl-2020s|official-pl-2020s-easy|official-pl-2020s-hard|official-pl-2020s-medium|official-pl-2020s-mix,1,true
92ab7d3f-98b1-4909-898b-1dd07de6be59,Adele,Make You Feel My Love,2008,official-pl-love-international|official-pl-reprises-celebres|official-pl-saint-valentin|official-pl-slows-cultes|official-pl-wedding,,false
aeb37548-7f9e-4004-9acc-dc3e3d95310f,Adele,Rolling in the Deep,2010,official-pl-2000s|official-pl-2000s-easy|official-pl-2010s|official-pl-2010s-easy|official-pl-2010s-hard|official-pl-2010s-mix|official-pl-karaoke|official-pl-pop|official-pl-pop-divas|official-pl-reprises-celebres|official-pl-summer-hits-yearly,1,false
a560acfd-b49d-432b-b1f8-7af2931c15d2,Adele,Skyfall,2012,official-pl-films-easy|official-pl-films-medium|official-pl-generiques-films-series|official-pl-james-bond|official-pl-musicals-us|official-pl-musique-film,1,false
45d426ee-1696-4003-b8cb-6ed2993b9066,Adele,Someone Like You,2011,official-pl-2010s-mix|official-pl-apero-afterwork|official-pl-karaoke|official-pl-pop|official-pl-pop-divas|official-pl-saint-valentin|official-pl-summer-hits-yearly|official-pl-wedding,,false
a0d0cbda-139d-46a5-a73b-85a4cf26d7c6,Adriano Celentano,Azzurro,1968,official-pl-italie|official-pl-italie-classique,,false
8f461a4f-62a4-4d1c-a03a-083f687b4d6a,Aerosmith,Dream On,1973,official-pl-70s|official-pl-70s-easy|official-pl-70s-hard|official-pl-70s-medium|official-pl-70s-mix|official-pl-hard-rock-80s|official-pl-metal|official-pl-rock,1,true
6121c32d-b27e-4850-adc8-04b476146d08,Aerosmith,I Don't Want to Miss a Thing,1998,official-pl-90s|official-pl-90s-medium|official-pl-films-easy|official-pl-generiques-films-series|official-pl-love-international|official-pl-musique-film|official-pl-rock|official-pl-saint-valentin|official-pl-slows-cultes|official-pl-wedding,1,false
e51f9ab4-0516-4819-9664-b47f0ed824c7,Aerosmith,Janie's Got a Gun,1989,official-pl-hard-rock-80s,3,false
aebde69b-c271-4d63-a18e-b5f1c5299a43,Aerosmith,Walk This Way,1975,official-pl-70s|official-pl-70s-easy|official-pl-70s-hard|official-pl-70s-medium|official-pl-intros-legendaires|official-pl-metal|official-pl-rock,1,false
a7e22bf0-2823-49f2-be90-ea97db794da4,AFI,Miss Murder,2006,official-pl-halloween,,false
d2ba2f81-5d0f-4963-b991-442f3394e6e7,After the Fire,Der Kommissar,1982,official-pl-80s|official-pl-80s-medium|official-pl-new-wave-synthpop-80s,2,false
044a78e4-8be5-4483-b28e-cc1af7fd710a,Aimee Mann,Wise Up (Magnolia),1999,official-pl-films-hard|official-pl-musique-film,3,false
0082665a-4783-40e1-a17a-9f948465f70a,Air,La Femme d'argent,1998,official-pl-electro-edm|official-pl-french-touch,,true
eafacebd-b4a8-4e12-8e5e-2ae396647b52,Air,Sexy Boy,1998,official-pl-electro-edm|official-pl-french-touch,,false
44a1bb6d-966c-46ea-95da-4b8d7df5bbe0,Akhenaton,Bad Boys de Marseille,1996,official-pl-fr-90s-mix,,true
ea1c9a2c-9ba2-4219-ad3b-a0df69c1054a,Akhenaton,La Sentinelle,2002,official-pl-fr-2000s|official-pl-fr-2000s-medium,2,true
363a4241-9db6-4041-8c28-f0bf869df0a4,Akon,Smack That,2006,official-pl-2000s|official-pl-2000s-easy,1,false
bee73ac1-9a02-4629-874a-ff686bd27fc6,Al Bano & Romina Power,Felicità,1982,official-pl-italie|official-pl-italie-classique,,true
073f3c61-384e-42dd-94a0-c867d53ca7c3,Al Green,Let's Stay Together,1971,official-pl-70s|official-pl-soul-rnb,,false
3348cf73-9999-419d-8804-b9f2a4cc75dc,Al Stewart,Year of the Cat,1976,official-pl-70s-mix,,false
865cc086-85dd-4fce-9934-d7122f35bb46,Alain Bashung,Gaby oh Gaby,1980,official-pl-boomers-60-plus|official-pl-variete-francaise,,true
ab8a5401-cc00-4b7b-97f8-6d47a4906682,Alain Bashung,La nuit je mens,1998,official-pl-rock-fr|official-pl-variete-francaise,,true
fcbd25ba-75b8-4ffe-bef9-dd5ce0470905,Alain Bashung,Vertige de l'amour,1981,official-pl-fr-80s|official-pl-fr-80s-hard|official-pl-variete-francaise,3,true
25cc9715-ee57-4f8f-bdb2-5ba8888f491d,Alain Souchon,Foule sentimentale,1993,official-pl-chanson-francaise-culte|official-pl-cinema-fr-bo|official-pl-fr-90s|official-pl-fr-90s-easy|official-pl-fr-90s-hard|official-pl-fr-90s-mix|official-pl-variete-francaise,1,true
0a93e282-45c0-4496-bb40-fc2511fa4933,Alan Jackson,Chattahoochee,1993,official-pl-country,,false
c002f38f-6090-4c5d-8b19-21e698753e9d,Alan Jackson & Jimmy Buffett,It's Five O'Clock Somewhere,2003,official-pl-country,,false
15c8ae27-0e92-488b-b01c-e1074cb265aa,Alan Silvestri,Back to the Future Main Theme,1985,official-pl-films-easy|official-pl-musique-film,1,false
9ada0a91-767d-4f18-a880-7ebfe2a3ca79,Alan Silvestri,Feather Theme (Forrest Gump),1994,official-pl-films-easy|official-pl-musique-film,1,false
b84862b6-fede-4a2c-b272-0dfd988dcba6,Alan Walker,Faded,2015,official-pl-2010s|official-pl-2010s-medium|official-pl-electro-edm,2,false
70969b1e-d673-4559-88f8-ac51ef57091a,Alanis Morissette,Ironic,1995,official-pl-90s|official-pl-90s-easy|official-pl-90s-mix|official-pl-pop,1,false
d841a565-ba83-4208-b1ad-4799b06fbdd1,Alanis Morissette,You Oughta Know,1995,official-pl-90s|official-pl-90s-easy|official-pl-pop,1,false
6eb1e38d-a15e-4ee7-af04-befb51edb1a7,Aldebert,Mon papa chevalier,2010,official-pl-enfants-4-8-ans,,true
a27541b4-392f-4b4e-b67f-a48610ad7891,Aldebert,Plus tard quand tu seras grand,2008,official-pl-enfants-4-8-ans,,true
baca3474-5fe0-4a7b-8ddc-c776527b5d7d,Alesso ft. Tove Lo,Heroes,2014,official-pl-electro-edm,,false
1f062d10-0467-4405-9f8d-5bd541a2d728,Alex Gaudino,Destination Calabria,2007,official-pl-french-touch,,false
223153ab-7eb3-4f1c-8468-da6d53b30fab,Alexander Rybak,Fairytale,2009,official-pl-eurovision,,false
ffaa9f68-006f-48e0-8526-a29d21f57de0,Alexandra Stan,Mr. Saxobeat,2010,official-pl-summer-pool|official-pl-tubes-de-l-ete,,false
ffb5ea47-3aa0-454a-af8a-f5f42fd01018,Alexandre Desplat,Mr. Moustafa (The Grand Budapest Hotel),2014,official-pl-films-hard|official-pl-musique-film,3,false
94e6042d-c8de-429d-98ef-068b64859543,Alice Cooper,Feed My Frankenstein,1991,official-pl-halloween,,false
4fec9a48-f2f4-46dd-919e-1915ac3a199c,Alice Cooper,Poison,1989,official-pl-metal,3,false
a15f064e-8460-41e9-b325-d083a64f973e,Alice Cooper,School's Out,1972,official-pl-70s|official-pl-70s-hard|official-pl-metal,3,false
3a6a3204-081e-48e2-b9eb-91e7849a4bee,Alice Cooper,Welcome to My Nightmare,1975,official-pl-halloween,,false
b58b2acc-d085-4b97-a0ea-b57fec5d9757,Alice Deejay,Better Off Alone,1998,official-pl-90s|official-pl-90s-medium|official-pl-electro-edm|official-pl-eurodance-90s|official-pl-french-touch|official-pl-new-year-party,2,false
8fb083d5-ef73-4fff-b385-859f30d36a9d,Alice in Chains,Man in the Box,1990,official-pl-90s|official-pl-90s-medium|official-pl-metal|official-pl-rock,2,false
bc6e2cf2-c8c1-4763-971f-9c958f94ca42,Alice in Chains,Them Bones,1992,official-pl-metal,3,false
eebb2679-21e0-4383-9e24-01e21c91b0be,Alicia Keys,Fallin',2001,official-pl-2000s|official-pl-2000s-easy|official-pl-2000s-mix|official-pl-love-international|official-pl-saint-valentin|official-pl-soul-rnb,1,false
db12a85a-70f7-4c5b-a251-b4890acd004e,Alicia Keys,If I Ain't Got You,2004,official-pl-love-international|official-pl-saint-valentin|official-pl-soul-rnb|official-pl-wedding,,false
befb45ae-02ec-41d9-bc26-0a1a0df9caa1,Alicia Keys,No One,2007,official-pl-2000s|official-pl-2000s-easy|official-pl-2000s-medium|official-pl-2000s-mix|official-pl-pop-divas|official-pl-soul-rnb|official-pl-summer-hits-yearly|official-pl-wedding,1,false
46197940-f987-40c6-9daa-2001e5351cdd,Alien Ant Farm,Smooth Criminal,2001,official-pl-reprises-celebres,,false
c13e1a58-2888-4104-af97-62649e49cda6,Alizée,Mademoiselle Juliette,2007,official-pl-fr-2000s|official-pl-fr-2000s-hard,3,true
bd7de9a0-4c97-4d57-b110-33011b5b0ea5,Alizée,Moi... Lolita,2000,official-pl-fr-2000s|official-pl-fr-2000s-easy|official-pl-fr-2000s-mix,1,true
bd71c83a-d364-477c-8d32-bacd57a516a6,All-4-One,I Swear,1994,official-pl-saint-valentin|official-pl-wedding,,false
7810b57c-2d73-46d8-907f-5d68bb78b56f,Alphaville,Big in Japan,1984,official-pl-80s|official-pl-80s-hard,3,false
dda01c4d-b673-4f23-bb6a-427c8de2c434,Alphaville,Forever Young,1984,official-pl-80s|official-pl-80s-hard|official-pl-80s-medium|official-pl-karaoke|official-pl-new-wave-synthpop-80s|official-pl-pubs-cultes,2,false
6b3755c5-5f0e-4192-97d6-0d84f28688ae,alt-J,Breezeblocks,2012,official-pl-2010s|official-pl-2010s-hard|official-pl-pop,3,false
30875051-3708-46fb-ad03-45b48b0cf463,alt-J,Tessellate,2012,official-pl-2010s|official-pl-2010s-hard,3,false
1a19feaf-5e8b-49e5-afc1-32f433b87dd8,Altered Images,Happy Birthday,1981,official-pl-anniversaire,,false
ebf6e390-1169-4914-bfea-eb047f172d1f,Álvaro Soler,Sofia,2016,official-pl-latino|official-pl-latino-fiesta|official-pl-tubes-de-l-ete,,false
93071e69-940e-4fe7-b114-54cb0ca7bbbc,Amel Bent,Ma philosophie,2004,official-pl-fr-2000s|official-pl-fr-2000s-medium,2,true
d9e6229e-d73d-48f7-88af-50686a7358cd,America,A Horse with No Name,1971,official-pl-70s|official-pl-70s-easy|official-pl-70s-hard|official-pl-70s-medium|official-pl-70s-mix,1,false
a2b0c7cc-3e72-4788-a42d-0e1f19f7cf3e,American Authors,Best Day of My Life,2013,official-pl-2010s|official-pl-2010s-medium|official-pl-apero-afterwork|official-pl-summer-pool|official-pl-wedding,2,false
db321847-00e4-4c91-8456-702145dcfff7,Amir,J'ai cherché,2016,official-pl-fr-2010s|official-pl-fr-2010s-medium|official-pl-variete-francaise,2,true
e0ff47e8-61da-432e-b3e9-76163c2010a3,Amy Winehouse,Rehab,2006,official-pl-2000s|official-pl-2000s-easy|official-pl-2000s-medium|official-pl-2000s-mix|official-pl-pop-divas,1,false
d66b7c10-67d7-4310-9dee-d34ae1d10308,Anaïs,"Mon cœur, mon amour",2005,official-pl-fr-2000s|official-pl-fr-2000s-medium,2,true
f220c029-f882-40cd-8de6-e16204e7da38,Anaïs Delva,"Libérée, délivrée",2013,official-pl-disney-fr,,true
a0648830-8506-4605-bf0b-616143aa17e1,Anaïs Delva & Emmylou Homs,Pour la première fois,2013,official-pl-disney-fr,,true
7be3db05-77d4-4094-96a0-180c9bb8e42a,Andrea Bocelli,Con te partirò,1995,official-pl-italie|official-pl-italie-classique,,false
f0dd497a-2516-41b5-b831-a3121565dc77,Andrea Bocelli & Hélène Ségara,Vivo per lei,1997,official-pl-duos-cultes,,false
2b36cf7f-ef19-4876-b322-408fa787e01e,Andy Williams,It's the Most Wonderful Time of the Year,1963,official-pl-noel,,false
55f3f1f5-ead6-4668-817b-521cff72cc95,Angela Lansbury,Beauty and the Beast,1991,official-pl-disney-en,,false
e1f00b70-55e0-4142-a757-8229f564f367,Angèle,Balance ton quoi,2019,official-pl-fr-2010s|official-pl-fr-2010s-easy|official-pl-fr-2010s-hard|official-pl-fr-2010s-mix|official-pl-variete-francaise,1,true
f873dc75-6a4f-4724-ab4a-0c9636edbbb9,Angèle,Evidemment,2018,official-pl-fr-2010s|official-pl-fr-2010s-hard,3,true
eb4178a9-e17b-4ac4-b774-d493bb68800f,Angelo Badalamenti,Twin Peaks Theme,1990,official-pl-series-tv,,false
645c5773-ad74-4e99-988a-deffde542df6,Animal Collective,My Girls,2009,official-pl-2000s|official-pl-2000s-hard|official-pl-2010s|official-pl-2010s-hard,3,false
50e1dbc6-5d32-4335-bc5c-10a63f281b73,Animotion,Obsession,1984,official-pl-new-wave-synthpop-80s|official-pl-un-seul-tube,,false
06e31cff-4b84-4f4b-a4c7-f67c3e3ca734,Anne Sylvestre,Mon âne,1975,official-pl-enfants-4-8-ans,,true
db778a54-921c-44ad-ac7b-5231a5df318b,Annie Cordy,Tata Yoyo,1971,official-pl-anniversaire,,false
53aac704-56b5-4967-92e0-7d19fc50dca4,Annie Lennox,Into the West,2003,official-pl-films-hard|official-pl-musique-film,3,false
0548a81d-a73e-47ba-bb6f-85a6242f3d7d,Aqua,Barbie Girl,1997,official-pl-90s|official-pl-90s-easy|official-pl-90s-medium|official-pl-anniversaire|official-pl-duos-cultes|official-pl-eurodance-90s|official-pl-guilty-pleasures|official-pl-new-year-party|official-pl-one-hit-wonders|official-pl-pubs-cultes|official-pl-summer-pool,1,false
08d6a23b-5783-4fb6-8418-17f22a86c01f,Arcade Fire,Afterlife,2013,official-pl-2010s|official-pl-2010s-hard,3,false
f0fee6ce-efec-4183-9734-5cb1587ddafc,Arcade Fire,Reflektor,2013,official-pl-2010s|official-pl-2010s-hard,3,false
2d02db3a-dafe-4319-a012-92432a06aec1,Arcade Fire,Wake Up,2004,official-pl-2000s|official-pl-2000s-mix,,false
3d0b74ce-762a-4cdf-a0ea-cf5bfd2a7f92,Arctic Monkeys,Do I Wanna Know?,2013,official-pl-2010s|official-pl-2010s-hard|official-pl-2010s-medium|official-pl-2010s-mix|official-pl-intros-legendaires|official-pl-rock,2,false
98fb6709-3d10-44fb-bd8a-b0bcb220c588,Arctic Monkeys,Fluorescent Adolescent,2007,official-pl-2000s|official-pl-2000s-hard,3,false
29f573b8-f4de-4e5a-8e8e-bde7f0ada14d,Arctic Monkeys,I Bet You Look Good on the Dancefloor,2005,official-pl-2000s|official-pl-2000s-hard|official-pl-2000s-medium,2,true
b11a3f22-8940-4544-915a-9b7181b8f391,Arctic Monkeys,Mardy Bum,2006,official-pl-2000s-mix,,false
a1eb51aa-8e33-4033-b7de-4be01f0e8d4a,Arctic Monkeys,R U Mine?,2012,official-pl-2010s|official-pl-2010s-hard|official-pl-2010s-medium|official-pl-rock,2,false
db31ba20-a566-486b-bc79-e854dec10b86,Aretha Franklin,Respect,1967,official-pl-60s|official-pl-reprises-celebres|official-pl-soul-rnb,,false
f93c6b27-1d70-4b85-b90e-86f68fab2587,Aretha Franklin,Think,1968,official-pl-soul-rnb,,false
623bf26c-8647-441f-b57a-0af882f0fa2d,Ariana Grande,34+35,2020,official-pl-2020s|official-pl-2020s-easy|official-pl-2020s-hard|official-pl-2020s-medium,1,false
c5a4e7cf-d9de-4125-b122-3908331ef3bd,Ariana Grande,7 Rings,2019,official-pl-2020s|official-pl-pop|official-pl-pop-divas|official-pl-summer-hits-yearly,1,false
333eaf78-1d36-43ae-a382-fafe9cb573c1,Ariana Grande,No Tears Left to Cry,2018,official-pl-2010s|official-pl-2010s-easy|official-pl-2010s-mix,1,false
b8c490b3-3c48-4cbf-9c7e-1a6e8fe6a45c,Ariana Grande,positions,2020,official-pl-2020s|official-pl-2020s-easy|official-pl-2020s-hard|official-pl-2020s-medium|official-pl-2020s-mix,1,false
a3e63e74-3bc1-4011-817f-ed1e84fc8f3c,Ariana Grande,Santa Tell Me,2014,official-pl-noel,,false
5f713c94-dfb6-422b-a128-b32a1b828ac3,Ariana Grande,"thank u, next",2018,official-pl-2010s|official-pl-2010s-easy|official-pl-pop|official-pl-pop-divas,1,false
119dfae1-7998-476a-b028-b4a99885a1d7,Ariana Grande & Justin Bieber,Stuck with U,2020,official-pl-2020s|official-pl-2020s-medium,2,false
a494079a-2bec-438c-a92b-f49c193c1389,Ariana Grande ft. Iggy Azalea,Problem,2014,official-pl-2010s-mix,,false
c76c21fb-bc7a-49b1-ba18-1748e2c0e8bb,Ariane Carletti,Dragon Ball Z (générique français),1990,official-pl-club-dorothee,,true
a90096ea-c050-494f-a60c-13086036e3e4,Arrow,Hot Hot Hot,1983,official-pl-reggae|official-pl-summer-pool,,false
da861be0-f870-4ca5-ae40-d4c24651d05f,Artemas,I Like the Way You Kiss Me,2024,official-pl-2020s-mix,,false
7ed93507-009e-4087-b0aa-58d9480ad595,Asake,Lonely at the Top,2023,official-pl-2020s|official-pl-afrobeats,,false
cc555a43-7139-4852-b8bb-c4e8e057dafd,Asake,Sungba,2022,official-pl-afrobeats,,false
edafe4fa-4f36-4465-b9e5-9109d6700b4a,ATC,Around the World,2000,official-pl-new-year-party|official-pl-summer-pool,,false
7f89a69a-6136-4468-8c54-280f4966226f,Atomic Kitten,Whole Again,2001,official-pl-boys-girls-bands,,false
6ecc29cb-dfd4-4977-ba99-c251128ecd8c,Auli'i Cravalho,How Far I'll Go,2016,official-pl-disney-en|official-pl-films-easy|official-pl-generiques-disney|official-pl-musicals-us|official-pl-musique-film,1,false
cef3ac42-afc9-4557-8882-ef71f6855529,Ava Max,Kings & Queens,2020,official-pl-2020s|official-pl-2020s-medium,2,false
14d02125-2376-40c2-8d7d-63d00f25f104,Avenged Sevenfold,Bat Country,2005,official-pl-halloween|official-pl-metal,,false
c90d2a73-064c-4f17-9705-8a569f5d1bd3,Avicii,Hey Brother,2013,official-pl-electro-edm|official-pl-summer-pool,,false
8ea00450-cff8-49f9-81bc-16619ef998f4,Avicii,Levels,2011,official-pl-chants-de-stade|official-pl-electro-edm|official-pl-new-year-party,,false
2661428a-9abb-4b0f-9806-3d0474338cfc,Avicii,The Nights,2014,official-pl-2010s-mix|official-pl-electro-edm,,false
a4ce817d-29a4-45b9-b32a-d4a8f4ff7d77,Avicii,Waiting for Love,2015,official-pl-apero-afterwork|official-pl-electro-edm,,false
98bb7af1-e782-40e7-ad44-83d7de00c39a,Avicii,Wake Me Up,2013,official-pl-2010s|official-pl-2010s-easy|official-pl-2010s-medium|official-pl-2010s-mix|official-pl-apero-afterwork|official-pl-electro-edm|official-pl-new-year-party|official-pl-summer-hits-yearly|official-pl-summer-pool|official-pl-tubes-de-l-ete,1,false
e082f219-3e73-4dab-ba04-f8dcac27c32d,Avicii vs Nicky Romero,I Could Be the One,2012,official-pl-electro-edm,,false
b5e1ee70-4fc1-418d-8f1c-4580428bcb1f,Avril Lavigne,Complicated,2002,official-pl-2000s|official-pl-2000s-easy|official-pl-2000s-medium|official-pl-2000s-mix|official-pl-boys-girls-bands|official-pl-pop|official-pl-punk-rock-90s-2000s,1,false
9510f6f9-bd07-4b97-83ce-8e652b2d83f5,Avril Lavigne,Sk8er Boi,2002,official-pl-2000s|official-pl-2000s-easy|official-pl-2000s-medium|official-pl-2000s-mix|official-pl-pop|official-pl-punk-rock-90s-2000s,1,false
84a476f1-2999-4d29-a2a0-56e451b97fce,AWOLNATION,Sail,2011,official-pl-2010s|official-pl-2010s-medium|official-pl-2010s-mix,2,false
6dffc7a9-e740-49b3-86f6-71873b0d8e67,Axel Bauer,Cargo de nuit,1983,official-pl-fr-80s|official-pl-fr-80s-easy,1,true
1165525c-9071-49ea-8fdf-bebf8f811796,Axwell Λ Ingrosso,Sun Is Shining,2015,official-pl-electro-edm,,false
a151a288-55a9-4f4a-a94a-7345f735a3db,Aya Nakamura,Copines,2018,official-pl-fr-2010s|official-pl-fr-2010s-easy|official-pl-hiphop-fr-2020s|official-pl-rap-fr-culte,1,true
246444f7-4644-4416-b48b-ce89a6bb85bd,Aya Nakamura,Djadja,2018,official-pl-fr-2010s|official-pl-fr-2010s-easy|official-pl-fr-2010s-hard|official-pl-fr-2010s-mix|official-pl-hiphop-fr-2020s|official-pl-rap-fr|official-pl-rap-fr-culte,1,true
ac597255-6cb5-44c5-9ce8-c2e2e7fde3e8,Aya Nakamura,Doudou,2022,official-pl-hiphop-fr-2020s,,true
46600286-e747-413d-a816-70abfa5aeab4,Ayra Starr,Bloody Samaritan,2021,official-pl-afrobeats,,false
be16b3c3-8559-49c7-af59-99b366613194,B.o.B,Nothin' on You,2009,official-pl-rap-us,,true
31f1fb70-85ab-4c25-a87d-7dc42b16a601,B*Witched,C'est la Vie,1998,official-pl-90s|official-pl-90s-easy|official-pl-boys-girls-bands,1,true
14bf22a9-2ce6-48fb-be9b-248ff260034e,Babylon Zoo,Spaceman,1996,official-pl-one-hit-wonders,,false
e77f9f62-8649-4738-8742-0f72d93f84e9,Bachman-Turner Overdrive,You Ain't Seen Nothing Yet,1974,official-pl-70s-mix|official-pl-rock,,false
82e4a8d3-4eac-404a-abdf-3869941a956f,Backstreet Boys,I Want It That Way,1999,official-pl-90s|official-pl-90s-easy|official-pl-90s-medium|official-pl-90s-mix|official-pl-boys-girls-bands|official-pl-karaoke|official-pl-pop|official-pl-slows-cultes,1,false
d23cb643-459d-4f4a-8005-ca8dbfc97e2a,Backstreet Boys,Larger Than Life,1999,official-pl-boys-girls-bands,,false
097df98f-56aa-43e2-b1e4-025a58a11818,Backstreet Boys,Quit Playing Games (with My Heart),1996,official-pl-boys-girls-bands,,false
d9d47473-aa0e-4d31-9625-f59e9a695681,Bad Bunny & Chencho Corleone,Me Porto Bonito,2022,official-pl-2020s-mix,,false
6edddce1-64b4-4e51-b848-ca8e59053a05,Bad Wolves,Zombie,2018,official-pl-reprises-celebres,,false
b2cc002b-c317-48f4-b4d8-84770a43cd40,"Baddiel, Skinner & The Lightning Seeds",Three Lions (Football's Coming Home),1996,official-pl-chants-de-stade,,false
2f3edb9b-96bc-4469-bfa5-cb961b7a231d,Baha Men,Who Let the Dogs Out,2000,official-pl-guilty-pleasures|official-pl-one-hit-wonders|official-pl-summer-pool|official-pl-un-seul-tube,,false
79b4d217-8b61-41fe-bc2c-74fc7979f168,Baltimora,Tarzan Boy,1985,official-pl-italie|official-pl-italo-disco-classics|official-pl-new-wave-synthpop-80s|official-pl-un-seul-tube,,false
077b86dd-414d-4ea8-bb7f-1531aa11b016,Bananarama,Cruel Summer,1983,official-pl-80s|official-pl-80s-mix|official-pl-new-wave-synthpop-80s|official-pl-pop,,false
2961004c-a3b6-47fc-8e4e-9f846910f76b,Bananarama,Venus,1986,official-pl-80s|official-pl-80s-easy|official-pl-80s-medium|official-pl-new-wave-synthpop-80s|official-pl-pop|official-pl-reprises-celebres,1,false
644f8972-3f92-4304-b42b-7d75099874a2,Band Aid,Do They Know It's Christmas?,1984,official-pl-noel,,false
c4cb2afd-22da-4ac2-b6b8-9094aaf804c9,Band of Horses,The Funeral,2006,official-pl-films-hard|official-pl-musique-film,3,false
b054ce70-4e78-4a1f-ab72-683032495e2a,Barbara,L'aigle noir,1970,official-pl-chanson-fr-classique|official-pl-variete-francaise,,true
aa104aa5-48ce-4403-8df8-f37ec36f8ec3,Barenaked Ladies,One Week,1998,official-pl-one-hit-wonders|official-pl-punk-rock-90s-2000s,,false
6f0e29ac-f290-40ba-b888-7896c3ec92b4,Basement Jaxx,Where's Your Head At,2001,official-pl-electro-edm|official-pl-french-touch,,false
18da422c-b7d8-49fd-8043-60b8c676b1fd,Bashung,Madame rêve,2008,official-pl-fr-2000s-mix|official-pl-variete-francaise,,true
0efdc255-5314-4caf-a8ca-e4e7f01488d8,Bastille,Pompeii,2013,official-pl-2010s|official-pl-2010s-hard|official-pl-2010s-medium|official-pl-2010s-mix|official-pl-pop|official-pl-summer-pool,2,false
c99952fa-4028-4f75-90e6-31933f00cffc,beabadoobee,Glue Song,2023,official-pl-2020s-mix,,false
2b89f0d4-2173-473b-a266-7b2afdefaa87,Bear McCreary,The Walking Dead Theme,2010,official-pl-series-tv,,false
29ff521e-88e0-4c4a-b2a7-9fc15fbb625a,Beastie Boys,Intergalactic,1998,official-pl-chants-de-stade|official-pl-rap-us,,false
ef5feb59-6a8a-4235-badc-a6e629274aab,Beastie Boys,Sabotage,1994,official-pl-chants-de-stade|official-pl-rap-us,,false
6d51b569-149b-45f0-b873-8ef193a4199f,Bebe Rexha & Florida Georgia Line,Meant to Be,2017,official-pl-2010s|official-pl-2010s-easy|official-pl-country|official-pl-wedding,1,false
6e651d70-79ae-4bcf-982c-fba34507ac73,Beck,Loser,1993,official-pl-90s|official-pl-90s-hard,3,false
77405309-2ff1-4d77-8e3b-f76cb725c52d,Beck,Where It's At,1996,official-pl-90s|official-pl-90s-hard,3,false
57ee42d0-2bc4-41e1-bd26-2bd36dba8a5e,Becky G,Mayores,2017,official-pl-latino,,false
d88b9f2b-4dd7-43c2-9e97-4e362c17ee5b,Becky G,Sin Pijama,2018,official-pl-latino,,false
7a9b0a36-1f6b-4952-81ca-832dbfba3ae0,Bee Gees,How Deep Is Your Love,1977,official-pl-70s-mix|official-pl-love-international|official-pl-musicals-us|official-pl-saint-valentin|official-pl-wedding,,false
7571fc68-4126-4fe6-80aa-bf759a223fdc,Bee Gees,Night Fever,1977,official-pl-70s|official-pl-70s-easy|official-pl-disco-dancefloor|official-pl-disco-funk,1,false
bcb51f8c-1a94-4a2c-b4f9-518b280934af,Bee Gees,Stayin' Alive (Saturday Night Fever),1977,official-pl-70s|official-pl-disco-dancefloor|official-pl-disco-funk|official-pl-films-easy|official-pl-generiques-films-series|official-pl-musique-film,1,false
f7014f9e-261b-4ab4-8041-a42a11b065d8,Belinda Carlisle,Heaven Is a Place on Earth,1987,official-pl-80s|official-pl-80s-easy|official-pl-80s-medium|official-pl-pop,1,true
1abf45e7-8679-4b34-afa5-4c12c4450684,Bell Biv DeVoe,Poison,1990,official-pl-soul-rnb,,false
264146d0-f389-4de7-a9f1-55dc2c537548,Ben E. King,Stand by Me,1961,official-pl-60s|official-pl-films-easy|official-pl-love-international|official-pl-musique-film|official-pl-pubs-cultes|official-pl-saint-valentin|official-pl-soul-rnb|official-pl-wedding,1,false
aaff8e34-1cdb-4649-a683-87e1eb430335,Bénabar,Effets secondaires,2014,official-pl-fr-2010s|official-pl-fr-2010s-hard,3,true
1f41d9f4-432b-4cc8-957e-05bb95b75057,Bénabar,Pour la peine,2016,official-pl-fr-2010s|official-pl-fr-2010s-hard,3,true
e34f9fc3-5527-480b-b03a-c0eaef392d47,Bénabar,Salaud,2003,official-pl-fr-2000s|official-pl-fr-2000s-medium,2,true
c71a564f-584f-4c8d-9d3f-2324306cb270,Bénabar,Tomber dans ses bras,2014,official-pl-fr-2010s-mix,,true
fd7f0e97-b36a-403e-a1c6-74e9f20f24e7,Benjamin Biolay,Volver,2017,official-pl-fr-2010s|official-pl-fr-2010s-hard,3,true
43c268d9-3404-4a29-86a1-9f494fc5b260,Benny Benassi,Satisfaction,2002,official-pl-electro-edm|official-pl-french-touch,,false
772b00ef-a8ab-460c-9bb0-740e0bab2048,Benson Boone,Beautiful Things,2024,official-pl-2020s|official-pl-2020s-medium|official-pl-2020s-mix|official-pl-tiktok-viral,2,false
fe2473f9-48a3-4dac-97a1-adc1356f6a48,Berlin,Take My Breath Away,1986,official-pl-generiques-films-series|official-pl-new-wave-synthpop-80s|official-pl-slows-cultes|official-pl-un-seul-tube,,false
f0a1bdb3-8df5-44ac-b8a5-5fe3594703ee,Berlin,Take My Breath Away (Top Gun),1986,official-pl-films-easy|official-pl-musique-film,1,false
ffe56ae2-8b68-4475-b015-0dd4f1838488,Bernard Minet,Bioman,1988,official-pl-club-dorothee,,true
4e29e00b-64c1-45e0-8c1e-eb76e9f652bf,Bernard Minet,Les Chevaliers du Zodiaque,1988,official-pl-club-dorothee,,true
a3167b4e-6750-4fd1-8173-cee8c41aad45,Bernard Minet,M.A.S.K.,1986,official-pl-club-dorothee,,true
6f54ffcc-3d20-4160-b120-e7e3c9611ba9,Bernard Minet,Olive et Tom,1988,official-pl-club-dorothee,,true
582739b2-61a7-4cab-9c1d-2048f327495b,Better Than Ezra,Good,1995,official-pl-90s|official-pl-90s-hard,3,false
e41c6c11-ab9b-4d22-a386-3cff8a925220,Beyoncé,Break My Soul,2022,official-pl-2020s|official-pl-2020s-easy|official-pl-2020s-hard|official-pl-2020s-medium|official-pl-2020s-mix,1,false
41519ffe-fb21-4cfa-97f2-3ef000a95c6e,Beyoncé,Halo,2008,official-pl-love-international|official-pl-pop|official-pl-pop-divas|official-pl-wedding,,false
9a648b3c-0f7c-42f7-884d-581a44df1ecf,Beyoncé,Irreplaceable,2006,official-pl-soul-rnb,,false
84d04fa6-0f08-4838-906b-f3eabc189378,Beyoncé,Love on Top,2011,official-pl-love-international,,true
388835f1-d581-4eba-913e-c0f38dafa721,Beyoncé,Single Ladies (Put a Ring on It),2008,official-pl-2000s|official-pl-2000s-easy|official-pl-anniversaire|official-pl-karaoke|official-pl-new-year-party|official-pl-pop|official-pl-pop-divas|official-pl-soul-rnb|official-pl-summer-hits-yearly,1,true
d3787f2b-9d67-49d4-8978-8cb1773dba7f,Beyoncé,Texas Hold 'Em,2024,official-pl-2020s|official-pl-2020s-medium,2,false
453086ee-a7e6-4e9c-aa94-3cf80429684d,Beyoncé,XO,2013,official-pl-wedding,,false
a0adf0b6-0bc2-422f-bc6d-885a0931c0a8,Beyoncé & Jay-Z,Crazy in Love,2003,official-pl-duos-cultes,,false
6e6a503a-6162-49e4-a85b-1720eef52dce,Beyoncé & Shakira,Beautiful Liar,2007,official-pl-duos-cultes|official-pl-summer-hits-yearly,,false
aa89d048-eba4-45c4-8e13-2feef8ccd6e2,Beyoncé ft. Jay-Z,Crazy in Love,2003,official-pl-2000s|official-pl-2000s-easy|official-pl-2000s-medium|official-pl-2000s-mix|official-pl-anniversaire|official-pl-karaoke|official-pl-le-sample|official-pl-new-year-party|official-pl-pop-divas|official-pl-soul-rnb|official-pl-summer-hits-yearly,1,false
906ff1ad-bbd3-49ac-8350-1f0c50d29078,Big & Rich,Save a Horse (Ride a Cowboy),2004,official-pl-country,,false
555fc2d6-7f4d-45f5-98da-ab698c581a8f,Bigflo & Oli,Allez allez allez,2017,official-pl-fr-2010s|official-pl-fr-2010s-medium,2,true
255f2067-5cf8-452a-9b1d-c795d217992a,Bigflo & Oli,Comme moi,2017,official-pl-fr-2010s|official-pl-fr-2010s-hard,3,true
f7a78358-7e80-47f7-a48b-9f32305d3f62,Bigflo & Oli,Dommage,2017,official-pl-duos-cultes|official-pl-fr-2010s|official-pl-fr-2010s-easy|official-pl-rap-fr-culte|official-pl-variete-francaise,1,true
b815fabb-d742-4af3-b524-b9480c11cd77,Bilal Hassani,Roi,2019,official-pl-fr-2010s|official-pl-fr-2010s-easy,1,true
e4b36a84-43aa-43b6-9a88-bd73c1c4f98b,Bill Conti,Gonna Fly Now,1977,official-pl-chants-de-stade,,false
e2442289-ee6c-44d1-8170-df60cd5faf5a,Bill Haley & His Comets,Rock Around the Clock,1954,official-pl-anniversaire,,false
32510860-09c4-4dae-8beb-8d6a4da4ab9d,Bill Medley & Jennifer Warnes,(I've Had) The Time of My Life,1987,official-pl-duos-cultes|official-pl-karaoke,1,false
dfb3baea-b350-4522-8ec0-cd47602e54c7,Bill Medley & Jennifer Warnes,The Time of My Life,1987,official-pl-generiques-films-series|official-pl-musicals-us,,false
62d82de7-4bcc-409b-ab1d-5894a6efb0be,Bill Medley & Jennifer Warnes,Time of My Life,1987,official-pl-films-easy|official-pl-musique-film,1,false
5e96a81b-ae52-4ccd-b6b2-2fe8fd36ce39,Bill Withers,Lean on Me,1972,official-pl-70s|official-pl-70s-easy|official-pl-70s-medium|official-pl-soul-rnb,1,true
6fde186e-9989-49d8-87ab-3e988ef0def6,Bill Withers,Lovely Day,1977,official-pl-70s|official-pl-70s-medium|official-pl-pubs-cultes|official-pl-soul-rnb,2,false
ec24b838-1bdd-476e-abe8-d107bcad1dc8,Billie Eilish,bad guy,2019,official-pl-2010s|official-pl-2010s-easy|official-pl-2010s-mix|official-pl-pop|official-pl-pop-divas|official-pl-summer-hits-yearly,1,false
5bd0ff73-7b9d-4a37-b72d-1d26701cb3b9,Billie Eilish,Bury a Friend,2019,official-pl-2010s-mix,,false
7e6f8b2e-57f5-4075-a97a-698e09c2f1ea,Billie Eilish,Happier Than Ever,2021,official-pl-2020s|official-pl-2020s-easy|official-pl-2020s-hard|official-pl-pop,1,false
4fe88379-e50a-42be-b5ed-0a6c697ad972,Billie Eilish,No Time to Die,2020,official-pl-james-bond,,false
4084f84c-5a3e-4645-b107-7e2dfb4f16e1,Billie Eilish,Therefore I Am,2020,official-pl-2020s|official-pl-2020s-easy|official-pl-2020s-hard|official-pl-2020s-medium|official-pl-2020s-mix,1,false
89740eab-10f9-4e0a-ba28-26d0021a74a3,Billie Eilish & Khalid,Lovely,2018,official-pl-2020s|official-pl-2020s-easy,1,false
62e15a92-c74a-454d-ac2e-9f2773382e15,Billy Idol,Dancing with Myself,1981,official-pl-new-wave-synthpop-80s,,false
cda4d5df-57b0-4400-8805-3ff5db0880b9,Billy Idol,White Wedding,1982,official-pl-80s|official-pl-80s-hard|official-pl-80s-medium|official-pl-hard-rock-80s|official-pl-new-wave-synthpop-80s,2,false
dd9872cf-6d74-400d-9a85-72874d82be27,Billy Joel,She's Always a Woman,1977,official-pl-love-international|official-pl-wedding,,false
b6148cc6-de82-447b-9686-261bcb3f676a,Billy Joel,Uptown Girl,1983,official-pl-80s|official-pl-80s-easy|official-pl-80s-mix|official-pl-pop,1,false
254f0ed2-f1b0-4af6-8e1b-05f925b52fd9,Billy Joel,We Didn't Start the Fire,1989,official-pl-80s-mix|official-pl-pop,,false
7612e4de-ef65-42ef-8c23-400485000fec,Billy Ray Cyrus,Achy Breaky Heart,1992,official-pl-country,,false
397ee4a6-c63a-42ff-b95d-480c34031d4b,Birdy,Skinny Love,2011,official-pl-2010s|official-pl-2010s-medium,2,false
3b2a7ae3-4adc-49a7-b78a-70c01208532e,Biz Markie,Just a Friend,1989,official-pl-rap-us,,false
3c8a13ea-28ec-44fd-aa54-b1e618ff95fa,Black M,Je suis chez moi,2014,official-pl-fr-2010s-mix,,true
7dc4ed29-c003-4973-951b-9b59646fb6aa,Black M,Sur ma route,2014,official-pl-duos-cultes|official-pl-fr-2010s|official-pl-fr-2010s-easy|official-pl-rap-fr-culte|official-pl-variete-francaise,1,true
8a6c7af2-9350-463c-a05c-78c94f3b2f4b,Black Sabbath,Heaven and Hell,1980,official-pl-halloween,,false
89084bfc-2ea9-472b-a502-b071084436a6,Black Sabbath,Iron Man,1970,official-pl-70s|official-pl-70s-hard|official-pl-metal|official-pl-rock,3,false
e67e1fee-ec48-4a01-babf-1ec74d2ea1d0,Black Sabbath,Paranoid,1970,official-pl-70s|official-pl-70s-easy|official-pl-70s-hard|official-pl-70s-medium|official-pl-70s-mix|official-pl-halloween|official-pl-metal|official-pl-rock,1,false
1262a8f0-d51f-4788-a2d8-683df63f72f5,Black Sabbath,War Pigs,1970,official-pl-metal|official-pl-rock,3,false
a0218a4a-dd80-4d7e-ac5e-b8f3cc0e02a6,Black Sheep,The Choice Is Yours,1991,official-pl-rap-us,,false
645428a0-8318-454b-89de-bfd969a12949,BLACKPINK,How You Like That,2020,official-pl-2020s|official-pl-2020s-hard|official-pl-kpop,3,false
b04dd4e9-b99b-4c90-8a89-1a27f52e9444,BLACKPINK,Pink Venom,2022,official-pl-2020s|official-pl-2020s-hard|official-pl-2020s-medium|official-pl-2020s-mix|official-pl-kpop,2,false
30935149-c4e2-419a-94fd-e606882349e4,BLACKPINK,Shut Down,2022,official-pl-2020s|official-pl-2020s-medium|official-pl-2020s-mix|official-pl-kpop,2,false
ec87fed4-31fe-4143-99b1-f785de06c9d8,Blackstreet,No Diggity,1996,official-pl-90s|official-pl-90s-easy|official-pl-90s-medium|official-pl-90s-mix|official-pl-apero-afterwork|official-pl-rap-us|official-pl-soul-rnb,1,false
c6bb4316-7255-4f0d-8bab-872dc4f9f5e9,Blackstreet & Dr. Dre,No Diggity,1996,official-pl-duos-cultes,,false
6df63883-02ce-4092-bf87-1f20cfe26791,Blind Melon,No Rain,1992,official-pl-90s|official-pl-90s-easy|official-pl-90s-hard|official-pl-90s-medium|official-pl-90s-mix,1,false
d05b81e7-386a-42b7-bbcb-14488e91462a,blink-182,All the Small Things,2000,official-pl-2000s|official-pl-2000s-medium|official-pl-2000s-mix|official-pl-intros-legendaires|official-pl-punk-rock-90s-2000s|official-pl-roadtrip,2,false
c6c82c73-ed2e-406e-9b87-3410d6855354,Blink-182,What's My Age Again?,1999,official-pl-punk-rock-90s-2000s,,false
a5ef46f7-2fd4-4943-841f-9f4f71c1bb90,Bloc Party,Banquet,2005,official-pl-2000s|official-pl-2000s-hard|official-pl-rock,3,false
c474e031-431b-4094-95a3-98cff47f408f,Bloc Party,Helicopter,2005,official-pl-2000s|official-pl-2000s-hard,3,false
e1cc68f5-d7b7-4144-9cae-87bb76c2dbbb,Blondie,Call Me,1980,official-pl-80s|official-pl-80s-easy|official-pl-80s-mix|official-pl-karaoke|official-pl-new-wave-synthpop-80s|official-pl-rock,1,false
645b534c-ab97-4433-82dc-75f397c3bc5f,Blondie,Heart of Glass,1979,official-pl-70s|official-pl-70s-easy|official-pl-70s-medium|official-pl-80s-mix|official-pl-disco-dancefloor|official-pl-disco-funk|official-pl-new-wave-synthpop-80s|official-pl-pubs-cultes|official-pl-rock,1,false
68be2760-7f97-4c5e-9a82-88c78c0b9872,"Blood, Sweat & Tears",Spinning Wheel,1969,official-pl-70s-mix,,false
a237aaab-89da-423d-9af5-8feeb8bbb629,Bloodhound Gang,The Bad Touch,1999,official-pl-90s|official-pl-90s-medium|official-pl-one-hit-wonders,2,false
4273a4ee-eed1-4d47-94a6-3cb7ac868fe8,Blue Öyster Cult,(Don't Fear) The Reaper,1976,official-pl-70s|official-pl-70s-hard|official-pl-70s-mix|official-pl-halloween|official-pl-rock,3,false
64c6bd0a-05ed-45b7-8b9c-3ece51e14a24,Blue Swede,Hooked on a Feeling,1974,official-pl-70s|official-pl-70s-easy|official-pl-70s-hard|official-pl-70s-medium|official-pl-70s-mix|official-pl-films-easy|official-pl-musique-film|official-pl-pubs-cultes|official-pl-roadtrip,1,true
22242662-8a93-4bb7-a561-3a3fcd72f1d5,Blues Traveler,Run-Around,1994,official-pl-one-hit-wonders,,false
ff01042e-6ad5-430e-a0a9-8f43af084cf0,Blur,Girls & Boys,1994,official-pl-90s|official-pl-90s-hard|official-pl-90s-medium,2,false
d13af746-dc27-459a-99e2-47b4138201db,Blur,Parklife,1994,official-pl-britpop-90s,,false
8e7809d7-26c0-432b-a6d4-e11e69c5966b,Blur,Song 2,1997,official-pl-90s|official-pl-90s-hard|official-pl-90s-medium|official-pl-britpop-90s|official-pl-chants-de-stade|official-pl-intros-legendaires|official-pl-pubs-cultes|official-pl-roadtrip|official-pl-rock,2,false
f8e9b785-785c-4209-8a45-51f0ab3b29c1,Bob Dylan,Like a Rolling Stone,1965,official-pl-60s|official-pl-rock,,false
1897350d-d727-4208-bb0b-da05a51a8525,Bob Marley & The Wailers,Buffalo Soldier,1983,official-pl-reggae,,false
cf63a4a3-f572-49f0-a63a-bdfef767f9a4,Bob Marley & The Wailers,Could You Be Loved,1980,official-pl-reggae|official-pl-summer-pool,,false
438d702f-8976-4b57-bb2a-b1fc57f19a3d,Bob Marley & The Wailers,"Get Up, Stand Up",1973,official-pl-reggae,,false
e9d555fb-1ff6-4e3d-b5f9-31ac8ee8d45b,Bob Marley & The Wailers,Is This Love,1978,official-pl-pubs-cultes|official-pl-reggae,,false
0425338f-561c-43b8-9bc9-e7c4ba526ba1,Bob Marley & The Wailers,"No Woman, No Cry",1974,official-pl-reggae,,false
d7eae730-d079-43c2-bde5-34ae531acdbf,Bob Marley & The Wailers,One Love,1977,official-pl-reggae,,false
bcf52200-9e58-4771-b175-e6304eccd011,Bob Marley & The Wailers,Redemption Song,1980,official-pl-reggae,,false
acee9a5d-1e8f-4537-a09c-1ee905435bb7,Bob Marley & The Wailers,Three Little Birds,1977,official-pl-apero-afterwork|official-pl-pubs-cultes|official-pl-reggae|official-pl-summer-pool,,false
d6d61dba-ebb5-4d0d-8cf9-c990776c9e28,Bob Marley vs Funkstar De Luxe,Sun Is Shining,1999,official-pl-summer-pool,,false
6ec92a71-bc1c-42b3-9912-af338b778bf4,Bob Sinclar,Together,2004,official-pl-french-touch,,false
2b25c8fe-2665-4c79-a8f2-5cf4b1f62fc1,Bobby Brown,Every Little Step,1989,official-pl-soul-rnb,,false
5da925db-fd91-4b75-a238-413855bc64f2,Bobby Hebb,Sunny,1966,official-pl-60s,,false
5a79bd07-9967-464d-98d0-f183bc05aa15,Bobby Helms,Jingle Bell Rock,1957,official-pl-noel,,false
c4464c6a-8f47-44bc-adc1-c0e23e6fa2e9,Bobby McFerrin,"Don't Worry, Be Happy",1988,official-pl-new-year-party|official-pl-pubs-cultes,,false
3431b27a-3dd5-440e-882e-20fd61c16009,Bobby Pickett,Monster Mash,1962,official-pl-halloween,,false
3d3465e5-827f-4f1d-83fa-ebaccde7ec7b,Boby Lapointe,La maman des poissons,1962,official-pl-enfants-4-8-ans,,true
bfde86f8-8f79-4a6b-bb58-bf02fba1cfa5,Bon Iver,Flume,2011,official-pl-2010s|official-pl-2010s-hard,3,false
4d5d90c9-cb87-4882-80ef-53ef250ab421,Bon Iver,Holocene,2011,official-pl-2010s|official-pl-2010s-hard,3,false
fd771d5d-2ab7-43b7-afc6-4e02002ce428,Bon Jovi,It's My Life,2000,official-pl-2000s|official-pl-2000s-easy|official-pl-intros-legendaires|official-pl-rock,1,false
e673e941-b839-4a88-af9d-4e662a5fb9ac,Bon Jovi,Livin' on a Prayer,1986,official-pl-80s|official-pl-80s-easy|official-pl-80s-medium|official-pl-80s-mix|official-pl-anniversaire|official-pl-chants-de-stade|official-pl-hard-rock-80s|official-pl-intros-legendaires|official-pl-karaoke|official-pl-karaoke-komptoir|official-pl-rock,1,true
feab851b-6fa5-4c7f-b588-e61caebdfa38,Bon Jovi,Living on a Prayer,1986,official-pl-roadtrip,,true
83628729-536e-451b-b14c-1782c85f72d7,Bon Jovi,You Give Love a Bad Name,1986,official-pl-80s|official-pl-80s-medium|official-pl-80s-mix|official-pl-hard-rock-80s|official-pl-rock,2,false
60dd6ab1-5790-44eb-8643-a24b2d3c87d6,Bone Thugs-N-Harmony,Crossroads,1996,official-pl-rap-us,,false
456d1e65-5adc-478d-985d-65fa91225e8c,Boney M.,Rasputin,1978,official-pl-70s|official-pl-70s-easy|official-pl-disco-dancefloor|official-pl-disco-funk,1,false
59088e33-0018-46e8-85be-3c2fb9bc4a07,Bonnie Tyler,Holding Out for a Hero,1984,official-pl-80s|official-pl-80s-easy|official-pl-80s-medium|official-pl-80s-mix|official-pl-generiques-films-series|official-pl-musicals-us|official-pl-new-wave-synthpop-80s|official-pl-pop|official-pl-pubs-cultes,1,false
ad203faa-fa8f-4969-b22c-95eeef6730c9,Bonnie Tyler,Total Eclipse of the Heart,1983,official-pl-80s|official-pl-80s-easy|official-pl-80s-medium|official-pl-80s-mix|official-pl-karaoke|official-pl-new-wave-synthpop-80s|official-pl-pop|official-pl-saint-valentin|official-pl-slows-cultes|official-pl-un-seul-tube,1,false
2d03cb1f-d84b-4c0e-b32b-377f3988c8be,Bonnie Tyler & Kareen Antonn,Si demain... (Turn Around),2004,official-pl-fr-2000s|official-pl-fr-2000s-easy,1,true
6489fe53-db87-400b-aa5d-bf38f922f2e5,Booba,DKR,2014,official-pl-rap-fr|official-pl-rap-fr-culte,,true
77b087f5-cfb1-4309-9f5b-7ccd6a3abb87,Booba,Dolce Vita,2022,official-pl-hiphop-fr-2020s,,true
7b75f872-e5e6-439a-a5f0-25e6ef7b689d,Booker T. & the M.G.'s,Green Onions,1962,official-pl-60s|official-pl-soul-rnb,,false
6163596d-d4dc-4a4d-8e18-4f1606b42661,Boris Vian,Le déserteur,1954,official-pl-chanson-fr-classique|official-pl-variete-francaise,,true
06eb6093-8f51-40c6-b1af-a3fd543b6147,Boston,More Than a Feeling,1976,official-pl-70s|official-pl-70s-easy|official-pl-70s-hard|official-pl-70s-medium|official-pl-70s-mix|official-pl-hard-rock-80s|official-pl-intros-legendaires|official-pl-love-international|official-pl-roadtrip|official-pl-rock,1,false
4ce5ffdb-7056-49ca-948f-f3ba943c1f33,Boston,Peace of Mind,1976,official-pl-70s-mix,,false
e40b7147-2584-48bd-b1d7-d6a6bc62dff2,Bouga,Belsunce Breakdown,2001,official-pl-fr-2000s|official-pl-fr-2000s-medium,2,true
46df0cfb-3cee-4a5a-ad6d-6b17635319c1,Boulevard des airs,Bruxelles,2014,official-pl-fr-2010s-mix,,true
c5afef1a-d7aa-48f0-95f8-d2f5d89e06ea,Bourvil,La tendresse,1963,official-pl-boomers-60-plus,,true
643ade77-0932-4b69-a392-734ee3b06515,Bowling for Soup,1985,2004,official-pl-2000s|official-pl-2000s-easy|official-pl-2000s-medium|official-pl-punk-rock-90s-2000s,1,false
feb07552-4fed-4601-834c-fd4f11854f86,Boy,Soleils Cou Coupés,2009,official-pl-fr-2000s-mix,,true
cd8c285e-fe24-4c81-9db7-5a9aeea308a4,Boyz II Men,End of the Road,1991,official-pl-90s|official-pl-90s-easy|official-pl-boys-girls-bands|official-pl-saint-valentin|official-pl-slows-cultes|official-pl-soul-rnb|official-pl-wedding,1,false
6f464edc-c6b4-43e4-bb23-4f6a950ae6c5,Boyz II Men,I'll Make Love to You,1994,official-pl-90s|official-pl-90s-easy|official-pl-boys-girls-bands|official-pl-saint-valentin|official-pl-slows-cultes|official-pl-soul-rnb|official-pl-wedding,1,false
3571d186-eaa7-4bc7-be70-221f49fca538,"Brad Kane, Lea Salonga",A Whole New World,1992,official-pl-disney-en,2,false
b95063e4-3727-4720-a5e0-9b5565f4b820,Breaking Benjamin,Evil Angel,2009,official-pl-halloween,,false
5e960a0f-549a-4eb3-af64-f6af797ec2b0,Breaking Benjamin,So Cold,2004,official-pl-punk-rock-90s-2000s,,false
f48c5874-783c-4bb9-ae8d-d9c3c31f8624,Brenda Lee,Rockin' Around the Christmas Tree,1958,official-pl-noel,,false
ff60a8a3-ea36-41b3-ba4d-5903e6b5b453,Bright Eyes,First Day of My Life,2005,official-pl-wedding,,false
050618ab-b250-460d-813e-1cabe71b0067,Brigitte,La folie,2014,official-pl-fr-2010s|official-pl-fr-2010s-hard,3,true
e97a76eb-bd37-48d4-9e13-89a74442faad,Brigitte Bardot,La Madrague,1963,official-pl-yeye-60s-fr,,true
06f70dfc-8cbf-43b1-99d2-868814230f09,Britney Spears,Baby One More Time,1998,official-pl-90s|official-pl-90s-easy|official-pl-90s-medium|official-pl-90s-mix|official-pl-boys-girls-bands|official-pl-karaoke|official-pl-pop|official-pl-pop-divas,1,false
a839e85d-d744-401a-93d2-0ccffffde13f,Britney Spears,Everytime,2003,official-pl-wedding,,false
589185db-44d5-4fbd-a656-1adfe346eb5c,Britney Spears,Oops!... I Did It Again,2000,official-pl-anniversaire|official-pl-boys-girls-bands|official-pl-karaoke|official-pl-pop|official-pl-pop-divas,,false
97ec2afe-e739-4f79-bb1e-28d4fdea3b09,Britney Spears,Toxic,2004,official-pl-2000s|official-pl-2000s-easy|official-pl-2000s-medium|official-pl-halloween|official-pl-james-bond|official-pl-pop|official-pl-pop-divas,1,false
cfae01ab-9081-4ba8-8d7f-097148a763ed,Bronski Beat,Smalltown Boy,1984,official-pl-80s|official-pl-80s-hard|official-pl-new-wave-synthpop-80s,3,false
36bd181a-d480-4648-b3c8-27f96773416e,Brooks & Dunn,Boot Scootin' Boogie,1992,official-pl-country,,false
6256d8f4-87d7-4b0f-9732-a104b3a0ccb3,Bruce Springsteen,Born in the U.S.A.,1984,official-pl-chants-de-stade,,false
9ce31b2b-1c85-4023-ae3e-3a77083c5949,Bruce Springsteen,Born to Run,1975,official-pl-70s|official-pl-70s-easy|official-pl-roadtrip|official-pl-rock,1,false
9ba92399-1ddb-4f1d-b518-c4f1fae4c762,Bruce Springsteen,Dancing in the Dark,1984,official-pl-80s|official-pl-80s-easy|official-pl-roadtrip|official-pl-rock,1,false
4a25ea67-b8c3-41d8-bc3a-bc0cadcac2df,Bruce Springsteen,I'm on Fire,1985,official-pl-new-wave-synthpop-80s,,true
3debb970-5442-4de5-a426-75e630a2b628,Bruno Mars,Grenade,2010,official-pl-2010s|official-pl-2010s-easy|official-pl-pop,1,false
360a875e-d6c8-41ee-99ba-3eeda826bdb4,Bruno Mars,Just the Way You Are,2010,official-pl-2010s|official-pl-2010s-easy|official-pl-apero-afterwork|official-pl-love-international|official-pl-pop|official-pl-saint-valentin|official-pl-wedding,1,false
ad0cbbda-a502-4011-9c0b-42cdd85fcec3,Bruno Mars,Locked Out of Heaven,2012,official-pl-2010s|official-pl-2010s-medium,2,false
d28ebd22-12d4-4cae-9fe8-6366a5453948,Bruno Mars,Marry You,2010,official-pl-wedding,,false
690ab9d0-ceaf-4639-98af-b47a5d15dcdd,Bruno Mars,Treasure,2012,official-pl-apero-afterwork|official-pl-summer-hits-yearly,,false
4a740a63-3d45-42be-ae84-db9d2c82f0c7,Bruno Pelletier,Le temps des cathédrales,1998,official-pl-fr-90s|official-pl-fr-90s-medium|official-pl-musicales-fr,2,true
46022155-8086-4209-9033-5a797e7856a2,Bruno Pelletier,Lune,1998,official-pl-musicales-fr,,true
40603057-af53-46ec-8f4f-2526f7919c94,Bryan Adams,(Everything I Do) I Do It for You,1991,official-pl-90s|official-pl-generiques-films-series|official-pl-love-international|official-pl-saint-valentin|official-pl-slows-cultes,1,false
7f080712-52f2-4264-832e-428a06ed9a25,Bryan Adams,Heaven,1985,official-pl-80s-mix|official-pl-generiques-films-series|official-pl-slows-cultes,,false
a3bb2135-2648-4ca0-99cb-166d0ab7e0b3,Bryan Adams,Summer of '69,1984,official-pl-80s|official-pl-80s-mix|official-pl-hard-rock-80s|official-pl-karaoke|official-pl-karaoke-komptoir|official-pl-roadtrip|official-pl-rock,,false
fe70ccf0-d90f-4e56-970e-fb7e652b091c,BTS,Butter,2021,official-pl-2020s|official-pl-2020s-easy|official-pl-2020s-hard|official-pl-2020s-medium|official-pl-2020s-mix|official-pl-kpop,1,false
42b12156-a780-413f-8d03-85c8d6584f4b,BTS,Dynamite,2020,official-pl-2020s|official-pl-2020s-easy|official-pl-2020s-hard|official-pl-2020s-medium|official-pl-2020s-mix|official-pl-boys-girls-bands|official-pl-kpop,1,false
a7262273-0141-42ec-87d8-3b12894008d5,Buffalo Springfield,For What It's Worth,1967,official-pl-60s,,false
9ac67271-6903-4828-af01-4416f5de101f,Burna Boy,City Boys,2023,official-pl-afrobeats,,false
75dc7bdd-90f0-46f8-b2ad-2e426c14f024,Burna Boy,Last Last,2022,official-pl-2020s|official-pl-afrobeats|official-pl-tubes-de-l-ete,,false
6ec202eb-16ff-41dd-87fd-31acda49a4f8,Bush,Glycerine,1995,official-pl-90s|official-pl-90s-hard|official-pl-90s-medium|official-pl-rock,2,false
bc02d37f-42a6-4cf3-9e70-0918da896055,C+C Music Factory,Everybody Dance Now,1990,official-pl-karaoke|official-pl-new-year-party,,false
676030b6-8a8e-4cec-bf3e-e4d5d30e1c58,C+C Music Factory,Gonna Make You Sweat (Everybody Dance Now),1990,official-pl-90s-mix|official-pl-anniversaire|official-pl-pubs-cultes,,false
b08aee6d-d414-4496-9dbf-48565728f2ee,C418,Sweden (Minecraft),2011,official-pl-video-games,,false
441dee65-f9eb-4c66-88fd-528643c20af5,Caesars,Jerk It Out,2002,official-pl-chants-de-stade,,false
88379e3f-4414-4814-abc8-f31f813bf6ec,Cali,Pas le temps de vivre,2003,official-pl-fr-2000s|official-pl-fr-2000s-medium,2,true
41457396-50aa-4a0e-881f-d098b1674407,Calogero,Cinquième saison,2014,official-pl-fr-2010s|official-pl-fr-2010s-easy,1,true
f84d93f3-8b5a-4eeb-aca6-4e5bb7567eea,Calogero,La marche du président,2017,official-pl-fr-2010s|official-pl-fr-2010s-hard,3,true
1ae38ef4-13c4-4735-8da4-ba310e1e1aea,Calogero,Si seulement je pouvais lui manquer,2002,official-pl-fr-2000s|official-pl-fr-2000s-easy|official-pl-variete-francaise,1,true
ec6127a5-be0a-4251-b032-b418843800f4,Calogero,Yalla,2009,official-pl-fr-2000s|official-pl-fr-2000s-hard,3,true
b4df3b2a-8430-4bfc-bbdc-ea5465e7df56,Calvin Harris,Feel So Close,2011,official-pl-2010s|official-pl-2010s-medium|official-pl-electro-edm|official-pl-summer-pool,2,false
5e33a48f-9299-489d-8964-5d562574e393,Calvin Harris,How Deep Is Your Love,2015,official-pl-apero-afterwork,,false
3a3b560d-f379-4f7c-abe2-ab426ef335b5,Calvin Harris,Summer,2014,official-pl-2010s|official-pl-electro-edm|official-pl-new-year-party|official-pl-summer-pool|official-pl-tubes-de-l-ete,,false
ce4d3231-a282-490e-9c52-51b073186400,Calvin Harris & Alesso ft. Hurts,Under Control,2013,official-pl-electro-edm,,false
78301875-934f-4571-8142-fd376b57a58a,Calvin Harris ft. Ellie Goulding,Outside,2014,official-pl-electro-edm,,false
32b87132-2ae2-4d10-a0ce-0824d5e5705e,Calvin Harris ft. John Newman,Blame,2014,official-pl-electro-edm|official-pl-new-year-party|official-pl-summer-pool,,false
19e87cea-0e21-45db-852d-13a3bcce729f,Calvin Harris ft. Rihanna,This Is What You Came For,2016,official-pl-2010s|official-pl-2010s-easy|official-pl-2010s-mix|official-pl-electro-edm|official-pl-new-year-party,1,false
bc411658-65d2-44e4-88be-cf6289fdab8b,Cameo,Word Up!,1986,official-pl-80s|official-pl-80s-hard|official-pl-80s-medium|official-pl-disco-funk|official-pl-new-wave-synthpop-80s|official-pl-pubs-cultes,2,false
ad9d9a8b-0300-4ac8-85ed-00427a3e76d8,Camila Cabello & Ed Sheeran,Bam Bam,2022,official-pl-2020s-mix,,false
73bced2b-faef-456c-834c-d1778dc5134f,Camila Cabello feat. Ed Sheeran,Bam Bam,2022,official-pl-afrobeats,,false
2c188752-f4b0-45bf-940a-6cea0fafa72d,Camila Cabello ft. Young Thug,Havana,2017,official-pl-2010s|official-pl-2010s-easy|official-pl-2010s-mix|official-pl-summer-hits-yearly|official-pl-summer-pool,1,false
51fd5e27-311e-45ce-9f19-0c4f9b1fec31,Camille,Le festin,2007,official-pl-fr-2000s|official-pl-fr-2000s-easy,1,true
993f5e6e-8113-41ea-9a6e-419a3d5da727,Camille,Ta douleur,2005,official-pl-fr-2000s|official-pl-fr-2000s-hard|official-pl-variete-francaise,3,true
abfb69eb-9cbf-4d78-9330-c2b25458f6c1,Capital Cities,Safe and Sound,2011,official-pl-2010s|official-pl-2010s-hard|official-pl-2010s-medium|official-pl-apero-afterwork|official-pl-summer-pool,2,false
eedfc38a-8a1b-4545-93db-6db2b611c61a,Cardi B,I Like It,2018,official-pl-latino|official-pl-rap-us,,false
229c79e0-c49a-4ca8-8dbb-c7e8073a6664,Cardi B,Up,2021,official-pl-2020s|official-pl-2020s-easy,1,false
4498c6b2-56cb-49fa-bbac-609d5f3e9c45,Cardi B & Megan Thee Stallion,WAP,2020,official-pl-2020s|official-pl-2020s-easy|official-pl-2020s-mix|official-pl-tiktok-viral,1,false
040f2eae-3a5e-4f18-9ca5-ac5a82c9243a,Cardi B feat. Megan Thee Stallion,WAP,2020,official-pl-2020s|official-pl-2020s-medium,2,false
908a4834-dccb-45da-b662-132367dcd784,"Cardi B, Bad Bunny & J Balvin",I Like It,2018,official-pl-2010s|official-pl-2010s-easy|official-pl-summer-hits-yearly,1,false
0ddc9fbc-e638-4b83-b252-1e2ae328c06a,Carla Bruni,Quelqu'un m'a dit,2002,official-pl-fr-2000s|official-pl-fr-2000s-easy,1,true
7879abf2-f3de-43c3-87c5-dabadb47f1ce,Carly Rae Jepsen,Call Me Maybe,2011,official-pl-2010s|official-pl-2010s-easy|official-pl-2010s-medium|official-pl-2010s-mix|official-pl-karaoke|official-pl-summer-hits-yearly,1,false
b516d49d-8bf0-4dcf-86e5-4fc69621b59c,Carly Simon,Nobody Does It Better,1977,official-pl-james-bond,,false
52a6fa42-1dda-4056-b5ee-6d6969ece441,Carly Simon,You're So Vain,1972,official-pl-70s|official-pl-70s-medium|official-pl-70s-mix,2,false
c4cfc4f3-58e6-4cb9-bcac-0ef22af76e11,Carmen Campagne,Vive le vent,1985,official-pl-enfants-4-8-ans,,true
48a93d98-fe8c-4ab9-a3a6-5e00de0b69e3,"Carmen Twillie, Lebo M.",Circle of Life,1994,official-pl-disney-en,,false
9a40dc98-0f31-4851-ad9d-922c514667dd,Caroline Polachek,Bunny is a Rider,2021,official-pl-2020s|official-pl-2020s-hard,3,false
0b59f61f-52f9-438d-8e59-08f519d7d01e,Carpenters,We've Only Just Begun,1970,official-pl-70s|official-pl-70s-easy,1,false
db0279db-2049-4e25-9753-bed896eaa895,Carrie Underwood,Before He Cheats,2006,official-pl-country,,false
1bd94d3e-c2f9-44bb-922f-0a6e17888c40,Carrie Underwood,"Jesus, Take the Wheel",2005,official-pl-country,,false
d0905b86-5002-4c48-a430-c0cdc4eb8956,Carter Burwell,Bella's Lullaby (Twilight),2008,official-pl-films-medium|official-pl-musique-film,2,false
e9e1f1bd-0d31-4018-b2f4-af129e233a84,Cascada,Everytime We Touch,2005,official-pl-2000s-mix|official-pl-eurodance-90s|official-pl-guilty-pleasures,,false
63a53892-1115-497f-9673-a39c45b74e87,Cassius,Cassius 1999,1999,official-pl-french-touch,,false
fabfd42d-145e-46e4-a1f2-fc4f2a7e5f62,Catherine Zeta-Jones,All That Jazz,2002,official-pl-musicals-us,,false
68b3fdbf-52b8-4090-b367-841d353a429b,Celine Dion,The Power of Love,1993,official-pl-love-international|official-pl-wedding,,false
9ef4acf4-0816-4491-9bed-bb8ef151634c,Céline Dion,Je sais pas,1995,official-pl-fr-90s|official-pl-fr-90s-medium,2,true
f6204399-fcfd-4aa6-ab54-7cca856285f5,Céline Dion,My Heart Will Go On,1997,official-pl-90s|official-pl-90s-easy|official-pl-generiques-films-series|official-pl-pop-divas|official-pl-slows-cultes,1,true
6bde9b9e-a75a-4403-ac90-36b888a24862,Céline Dion,Pour que tu m'aimes encore,1995,official-pl-boomers-60-plus|official-pl-fr-90s|official-pl-fr-90s-easy|official-pl-fr-90s-hard|official-pl-fr-90s-mix|official-pl-pop-divas|official-pl-quebec|official-pl-saint-valentin,1,true
fb2c8c1b-baa3-426b-a32a-2888f532b245,Cerise Calixte,Le bleu lumière (Vaiana),2016,official-pl-disney-fr,,true
93d07695-4bf2-417b-aecd-8819702f2817,Chaka Demus & Pliers,Murder She Wrote,1992,official-pl-reggae,,false
0c8c9b7c-0acc-4281-ac0a-c1f4e457e5a5,Chaka Khan,I'm Every Woman,1978,official-pl-disco-dancefloor|official-pl-disco-funk,,false
0197395f-21fa-4a70-9316-f5946f021953,Chantal Goya,Bécassine est ma cousine,1979,official-pl-enfants-4-8-ans,,true
f83c027c-0faf-4de4-94b7-1c65b45773f1,Chantal Goya,Pandi Panda,1980,official-pl-enfants-4-8-ans,,true
02cc41ce-b8ec-4e40-a518-685019be959d,Chappell Roan,Casual,2023,official-pl-2020s-mix,,false
7ea5294d-c1dd-437e-a792-95234b507ba2,Charlélie Couture,Comme un avion sans aile,1981,official-pl-boomers-60-plus|official-pl-fr-80s|official-pl-fr-80s-easy,1,true
789c6cd2-7028-4425-bc9f-aa564322256e,Charles Aznavour,Hier encore,1964,official-pl-chanson-fr-classique,,true
94348d27-e23f-452e-835d-16ea3325fea3,Charles Aznavour,La bohème,1965,official-pl-chanson-fr-classique|official-pl-chanson-francaise-culte|official-pl-variete-francaise|official-pl-yeye-60s-fr,,true
ee1bbcf4-1eac-4b6d-a3f6-c73e17fc3448,Charles Trenet,La Mer,1946,official-pl-chanson-fr-classique|official-pl-variete-francaise,,true
400fbb4e-4cb9-4805-b034-a7cd16561fca,Charlie Puth,Attention,2017,official-pl-2010s|official-pl-2010s-easy|official-pl-pop,1,false
b06e842f-adaa-4425-a2fd-1f5b50b3168b,Charlie Puth,How Long,2017,official-pl-2010s|official-pl-2010s-easy,1,false
289783c8-079c-4d81-a01f-b3b85dfad80b,Charlie Puth ft. Jungkook,Left and Right,2022,official-pl-2020s|official-pl-2020s-hard,3,false
5291c9f1-a1cb-46ae-b497-2c6c3ce3977d,Cher,Believe,1998,official-pl-90s|official-pl-90s-easy|official-pl-90s-medium|official-pl-90s-mix|official-pl-pop|official-pl-pop-divas,1,false
d4a2af8b-8203-4dfb-ad44-b9e8fda5aeaf,Cheryl Lynn,Got to Be Real,1978,official-pl-disco-dancefloor|official-pl-disco-funk,,false
430f42e1-b849-4ec8-b273-e97a96af38fe,Chic,Good Times,1979,official-pl-70s|official-pl-70s-medium|official-pl-disco-dancefloor|official-pl-disco-funk,2,false
2df8d3f4-86aa-4835-8220-980577b2c9ff,Chic,Le Freak,1978,official-pl-70s|official-pl-70s-easy|official-pl-70s-medium|official-pl-70s-mix|official-pl-anniversaire|official-pl-disco-dancefloor|official-pl-disco-funk,1,true
bb84a6f2-5dcd-410d-9bce-e3f60016176b,Chicago,25 or 6 to 4,1970,official-pl-70s|official-pl-70s-medium,2,false
d28d725f-d791-46b5-bfac-8b2cb3a721dd,Chicago,Saturday in the Park,1972,official-pl-70s-mix,,false
5218901c-9a85-4871-97c7-9d0232907a7f,Chicago Cast,Cell Block Tango,2002,official-pl-musicals-us,,false
89948784-d88e-416d-bc7b-6bdd13b8fb1c,Childish Gambino,This Is America,2018,official-pl-le-sample|official-pl-rap-us|official-pl-summer-hits-yearly,,false
5f326a7f-1a61-4d56-b333-15dd881fc009,Chimène Badi,Cassandre,2018,official-pl-fr-2010s-mix,,true
5954e461-61f9-4a02-8930-a419607f4115,Chimène Badi,Je viens du sud,2003,official-pl-fr-2000s|official-pl-fr-2000s-medium,2,true
a0c0df1c-7c15-4048-9b93-5c0950bf19de,Chris Brown,With You,2007,official-pl-2000s|official-pl-2000s-easy|official-pl-2000s-medium|official-pl-2000s-mix|official-pl-soul-rnb,1,false
5e314b9f-b36a-44e9-8d00-2ef12bc47f93,Chris Cornell,You Know My Name,2006,official-pl-james-bond,,false
1416c5b3-9487-4cb8-bee2-d925bb0d512f,Chris Isaak,Wicked Game,1989,official-pl-generiques-films-series|official-pl-love-international|official-pl-saint-valentin|official-pl-slows-cultes,,false
10c69ece-2035-49d6-a9b3-63ae6e4bd9a7,Chris Rea,Driving Home for Christmas,1986,official-pl-noel,,false
286efe3f-bbf8-4a25-b241-c3250881e578,Chris Stapleton,Broken Halos,2017,official-pl-country,,false
953aa1a7-c785-481a-9136-d4c542a3fdd7,Chris Stapleton,Tennessee Whiskey,2015,official-pl-country,,false
531bf6f5-d23a-4ab9-8f6a-cfe6d9ae52c7,Christina Aguilera,Beautiful,2002,official-pl-2000s|official-pl-2000s-easy|official-pl-2000s-medium|official-pl-2000s-mix|official-pl-pop|official-pl-pop-divas,1,false
52e74926-02dd-4b23-8e68-6e0fa8fc130a,Christina Aguilera,Genie in a Bottle,1999,official-pl-90s|official-pl-90s-easy|official-pl-90s-medium|official-pl-90s-mix|official-pl-pop|official-pl-pop-divas,1,false
e4444f98-d35c-4daf-9951-bef023423356,Christina Aguilera,Lady Marmalade,2001,official-pl-2000s-mix,,false
a4f10b02-5dff-4c28-9e4b-c1411de21eb7,"Christina Aguilera, Lil' Kim, Mýa & Pink",Lady Marmalade,2001,official-pl-duos-cultes,,false
bc4ffbee-9a7a-437b-aa37-a4313f155186,"Christina Aguilera, Lil' Kim, Mýa, P!nk",Lady Marmalade,2001,official-pl-boys-girls-bands,,false
74b9bb2d-c2d0-4bba-b902-75e4fa549276,"Christina Aguilera, Lil' Kim, Mýa, Pink",Lady Marmalade,2001,official-pl-karaoke,,false
9afa3d43-ccda-4ebb-ac91-72a14eb7f078,Christina Perri,A Thousand Years,2011,official-pl-love-international|official-pl-saint-valentin|official-pl-slows-cultes|official-pl-wedding,1,false
309ee4dc-47eb-4991-84f6-da8a0739b0c3,Christine and the Queens,Christine,2014,official-pl-fr-2010s|official-pl-fr-2010s-medium|official-pl-variete-francaise,2,true
24168d98-2f82-44cc-afdd-63bd12dec139,Christine and the Queens,Saint Claude,2014,official-pl-fr-2010s|official-pl-fr-2010s-medium,2,true
205fa1aa-7eda-4e79-ad80-f9d32651734c,Christine and the Queens,Tilted,2015,official-pl-fr-2010s-mix,,true
61db3109-ce64-4054-971a-8974f6969e3a,Christophe,Aline,1965,official-pl-variete-francaise|official-pl-yeye-60s-fr,,true
53ef674d-6811-4b2e-9296-c775c78275ff,Christophe Maé,Il est où le bonheur,2016,official-pl-fr-2010s-mix|official-pl-variete-francaise,,true
87ef1ead-bd96-4aa6-a1df-ac1d093791e1,Christophe Maé,On s'attache,2007,official-pl-fr-2000s|official-pl-fr-2000s-medium|official-pl-variete-francaise,2,true
3ba95a65-3dff-4106-896f-1a2d91292619,"Christopher Jackson, Rachel House, Nicole Scherzinger",Where You Are,2016,official-pl-disney-en,,false
2ea5ee90-c2d2-4649-bd32-80ae49012c86,Chubby Checker,The Twist,1960,official-pl-anniversaire,,false
5f9ce578-afb6-4df8-8afe-157824ee6edb,Chumbawamba,Tubthumping,1997,official-pl-90s|official-pl-90s-easy|official-pl-90s-medium|official-pl-britpop-90s|official-pl-chants-de-stade|official-pl-one-hit-wonders|official-pl-pubs-cultes|official-pl-un-seul-tube,1,false
e90a6b6d-eff3-46db-a4dc-dab2e2fbe9b6,CHVRCHES,Recover,2013,official-pl-2010s|official-pl-2010s-hard,3,false
60252537-f8ff-4c9d-9735-5e7184db560b,Cigarettes After Sex,Apocalypse,2017,official-pl-2010s-mix,,false
29fb8710-6536-44de-a4c8-8f822fe121b2,Cinderella,Don't Know What You Got (Till It's Gone),1988,official-pl-hard-rock-80s|official-pl-rock,3,false
3f158d92-c040-44bb-933d-ad51738d817b,CKay,Love Nwantiti (Ah Ah Ah),2019,official-pl-2020s|official-pl-afrobeats|official-pl-tiktok-viral|official-pl-tubes-de-l-ete,,false
6b4cb7e3-487e-470a-a28e-f3f3eb85faa4,Clara Luciani,La Grenade,2018,official-pl-fr-2010s|official-pl-fr-2010s-easy|official-pl-variete-francaise,1,true
37fc7366-bd79-446e-8c59-338618105725,Claude François,"Belles, belles, belles",1962,official-pl-boomers-60-plus|official-pl-yeye-60s-fr,,true
7ff65c0d-3fb7-4b3f-b8a1-76154cd756fd,Claude François,Comme d'habitude,1967,official-pl-variete-francaise|official-pl-yeye-60s-fr,,true
e9057b10-51fa-428b-b55e-d17634d765ba,Claude Lombard,Jeanne et Serge,1989,official-pl-club-dorothee,,true
44739e2f-70be-4b02-a30a-a5a952d60acf,Clean Bandit,Rather Be,2014,official-pl-2010s|official-pl-2010s-easy|official-pl-2010s-hard|official-pl-2010s-medium|official-pl-2010s-mix|official-pl-apero-afterwork|official-pl-duos-cultes|official-pl-electro-edm|official-pl-summer-hits-yearly|official-pl-summer-pool,1,false
8abeeffd-6f5d-474e-baca-7415f6b115e7,Clean Bandit ft. Sean Paul & Anne-Marie,Rockabye,2016,official-pl-2010s|official-pl-2010s-easy,1,false
284d0d62-8366-4690-a242-3cecf81ebaf4,Cliff Edwards,When You Wish Upon a Star,1940,official-pl-disney-en,,false
5a3f605b-9d28-4a82-9e35-8bd46c9329f7,Clint Mansell,Lux Aeterna (Requiem for a Dream),2000,official-pl-films-hard|official-pl-musique-film,3,false
b6286b53-0834-4ebd-b9e4-f695acfce12d,CNCO,Reggaetón Lento (Bailemos),2016,official-pl-latino|official-pl-latino-fiesta,,false
ea4c1be6-1d81-43fc-adb0-17035903914f,Colbie Caillat,Bubbly,2007,official-pl-love-international|official-pl-wedding,,false
926519f5-5d78-496d-aff2-b72baa71bf89,Coldplay,A Sky Full of Stars,2014,official-pl-wedding,1,false
2ded1558-d9c9-4e9b-86dc-88e7a095de1d,Coldplay,Adventure of a Lifetime,2015,official-pl-2010s|official-pl-2010s-medium,2,false
a8160b7e-b660-4b0b-ae2c-57d7278df212,Coldplay,Christmas Lights,2010,official-pl-noel,,false
c62a73e6-087b-4e85-aeab-281eb7c0e444,Coldplay,Clocks,2002,official-pl-2000s|official-pl-2000s-easy|official-pl-2000s-medium|official-pl-2000s-mix,1,false
25af07d0-6d21-4f30-9dee-4856b062a97b,Coldplay,Fix You,2005,official-pl-2000s-mix|official-pl-love-international,,false
eb163950-92bf-4335-a91e-1c0d65b4a07f,Coldplay,The Scientist,2002,official-pl-love-international|official-pl-pop,,false
e265a259-2c7b-48fe-979d-e8538c7c5bf8,Coldplay,Viva la Vida,2008,official-pl-2000s|official-pl-2000s-easy|official-pl-pop|official-pl-summer-hits-yearly,1,true
5b347291-b4f2-4e53-a6bd-f7058400d540,Coldplay,Yellow,2000,official-pl-2000s|official-pl-2000s-medium|official-pl-pop|official-pl-wedding,2,false
7ff7eff5-2be9-42b9-a4d0-bfb7ad5ffca3,Coldplay & BTS,My Universe,2021,official-pl-2020s|official-pl-2020s-easy|official-pl-2020s-medium|official-pl-2020s-mix,1,false
b0d90994-82c1-4a84-9f08-5dfc111ad285,Commodores,Brick House,1977,official-pl-70s|official-pl-70s-medium|official-pl-70s-mix|official-pl-disco-funk|official-pl-soul-rnb,2,false
e40a7b5c-d27f-4f54-972f-09be1bb3d7f1,Conan Gray,Heather,2020,official-pl-2020s|official-pl-2020s-hard|official-pl-tiktok-viral,3,false
c8bef7a5-59bf-45dc-a284-67f38c9f2d01,Conan Gray,Maniac,2020,official-pl-2020s|official-pl-2020s-hard,3,false
f036cc8c-79ef-457f-85f4-7d93def54d45,Cook Da Books,Your Eyes,1982,official-pl-cinema-fr-bo,,true
9dea5344-8fbe-4132-87a1-acd7d50d80c4,Cookie Dingler,Femme libérée,1984,official-pl-chanson-francaise-culte|official-pl-fr-80s|official-pl-fr-80s-easy,1,true
e5d5ac9b-45b5-4607-baf4-b3a1a8c7d6b8,Coolio,Gangsta's Paradise,1995,official-pl-90s|official-pl-90s-easy|official-pl-90s-medium|official-pl-generiques-films-series|official-pl-le-sample|official-pl-un-seul-tube,1,false
f86bd183-fdc4-4def-9d87-efe80c3c0f80,Corey Hart,Sunglasses at Night,1984,official-pl-80s|official-pl-80s-medium|official-pl-new-wave-synthpop-80s|official-pl-pubs-cultes,2,false
64f7c4c0-a47e-4447-9a08-ff87676e38ac,Corinne Bailey Rae,Put Your Records On,2006,official-pl-2000s|official-pl-2000s-easy|official-pl-2000s-mix,1,true
0400bd94-0c7f-4827-ac1d-8eac93f87960,Cornershop,Brimful of Asha,1997,official-pl-90s|official-pl-90s-hard|official-pl-90s-medium|official-pl-one-hit-wonders|official-pl-pubs-cultes,2,false
21dccc55-3cb0-4f7b-8abc-f0a4678b75b5,Counting Crows,Accidentally in Love,2004,official-pl-films-easy|official-pl-musique-film,1,false
dd8dd0aa-22f7-49a1-96b4-c972d969bf8d,Counting Crows,Mr. Jones,1993,official-pl-90s|official-pl-90s-hard|official-pl-one-hit-wonders|official-pl-rock,3,false
ea9e62ae-e2f5-43f6-95eb-7c00abd21c78,Crazy Town,Butterfly,2000,official-pl-one-hit-wonders|official-pl-un-seul-tube,,false
9a40dcb2-a9e5-4d49-bbaf-1653519435b9,Cream,Sunshine of Your Love,1967,official-pl-70s|official-pl-70s-hard|official-pl-intros-legendaires|official-pl-rock,3,false
65315292-796a-4bfe-8032-9273705566da,Cream,White Room,1968,official-pl-60s|official-pl-70s|official-pl-70s-hard|official-pl-rock,3,false
7b7fe347-f38d-43e2-a3ad-29022d2670a1,Creed,Higher,1999,official-pl-punk-rock-90s-2000s,,false
c85cc0b3-0aaf-4fe9-9bfa-a4470fbaae24,Creed,My Sacrifice,2001,official-pl-punk-rock-90s-2000s,,false
7a81a987-109e-4eef-b183-431fd05ee330,Creedence Clearwater Revival,Bad Moon Rising,1969,official-pl-60s|official-pl-country|official-pl-halloween|official-pl-roadtrip,,false
c0039fe0-83c5-4234-bbc2-eff7b8ea054f,Creedence Clearwater Revival,Fortunate Son,1969,official-pl-60s|official-pl-70s|official-pl-70s-hard|official-pl-intros-legendaires,3,false
dbc4ac4b-9ca7-492f-9891-21a21a65567a,Creedence Clearwater Revival,Have You Ever Seen the Rain,1971,official-pl-70s|official-pl-70s-hard|official-pl-rock,3,false
29ecc99c-880c-4036-a950-de2c3366102a,Creedence Clearwater Revival,Proud Mary,1969,official-pl-roadtrip,,false
ec82967d-e91a-43e4-8c0f-b908ad69a107,Crowded House,Don't Dream It's Over,1986,official-pl-80s|official-pl-80s-hard|official-pl-80s-medium|official-pl-80s-mix|official-pl-new-wave-synthpop-80s,2,false
e01f4ba9-413e-470b-a0ad-cf5ea9f0a202,Culture Beat,Mr. Vain,1993,official-pl-90s|official-pl-eurodance-90s|official-pl-new-year-party,,false
36514abf-b6ed-4aab-a27f-4fae6290eba4,Culture Club,Do You Really Want to Hurt Me,1982,official-pl-80s|official-pl-80s-hard|official-pl-pop,3,false
c1cea6aa-fc36-4344-8631-6b5979475f86,Culture Club,Karma Chameleon,1983,official-pl-80s|official-pl-80s-easy|official-pl-80s-hard|official-pl-80s-medium|official-pl-80s-mix|official-pl-new-wave-synthpop-80s|official-pl-pop,1,false
4de343d8-0588-4e4f-b351-bb98c99d4bc3,Curtis Stigers & The Forest Rangers,This Life (Sons of Anarchy),2008,official-pl-series-tv,,false
13b63cac-2a79-42b9-8ecd-e38a58e32976,Cyndi Lauper,Girls Just Want to Have Fun,1983,official-pl-80s|official-pl-80s-easy|official-pl-80s-medium|official-pl-80s-mix|official-pl-anniversaire|official-pl-generiques-films-series|official-pl-karaoke|official-pl-new-wave-synthpop-80s|official-pl-pop|official-pl-pubs-cultes|official-pl-reprises-celebres,1,false
128d287b-94a0-4070-ad86-5b98edb92e3d,Cyndi Lauper,Time After Time,1983,official-pl-80s|official-pl-80s-easy|official-pl-80s-medium|official-pl-80s-mix|official-pl-new-wave-synthpop-80s|official-pl-pop|official-pl-pubs-cultes|official-pl-slows-cultes,1,false
05ba0ed8-a586-4324-994a-9bedc2ede7a4,Cyndi Lauper,True Colors,1986,official-pl-love-international|official-pl-wedding,,false
9b988170-a91a-4e28-87ec-752392e6fcfc,Cypress Hill,Insane in the Brain,1993,official-pl-90s-mix|official-pl-le-sample|official-pl-rap-us,,false
4808bb6f-099f-4714-b751-c37c971d7f40,Daddy Yankee,Gasolina,2004,official-pl-anniversaire|official-pl-latino|official-pl-latino-fiesta|official-pl-new-year-party|official-pl-summer-pool|official-pl-tubes-de-l-ete,,false
85a49e84-5cba-4a1e-8657-0aa2f2ce602a,Daddy Yankee,Limbo,2012,official-pl-latino|official-pl-latino-fiesta,,false
4f882b38-028c-4202-9baa-804fe0232a1d,Daði og Gagnamagnið,Think About Things,2020,official-pl-eurovision,,false
758e461e-313b-4e89-acf0-d466109113bc,Daft Punk,Aerodynamic,2001,official-pl-electro-edm|official-pl-fr-2000s|official-pl-fr-2000s-hard,3,true
1164f33f-a646-4113-8212-b59daeb5cc43,Daft Punk,Around the World,1997,official-pl-90s-mix|official-pl-electro-edm,,true
9734a33b-6f35-49fb-b60e-ac14aa2a7003,Daft Punk,Da Funk,1995,official-pl-electro-edm|official-pl-french-touch,,true
7949fe7a-5d39-476e-b4c5-bb4fb180003b,Daft Punk,Derezzed,2010,official-pl-films-hard|official-pl-musique-film,3,true
64bee7c6-b587-4f77-9063-d339efa63397,Daft Punk,End of Line (Tron: Legacy),2010,official-pl-films-hard|official-pl-musique-film,3,true
f34ccbb8-8cfd-4745-be65-81e956b1eed9,Daft Punk,Harder Better Faster Stronger,2001,official-pl-chants-de-stade|official-pl-electro-edm|official-pl-le-sample,,true
40a147de-1901-4f7a-8c25-67081a3476b9,Daft Punk,Lose Yourself to Dance,2013,official-pl-2010s|official-pl-2010s-hard,3,true
dae25298-43c1-43a7-bf0d-330ec3f6831d,Daft Punk,One More Time,2000,official-pl-2000s|official-pl-2000s-hard|official-pl-apero-afterwork|official-pl-electro-edm|official-pl-fr-2000s|official-pl-fr-2000s-hard|official-pl-french-touch|official-pl-new-year-party,3,true
d0017c7c-f2ca-42af-84fa-08b6b7afc965,Daft Punk ft. Pharrell Williams,Get Lucky,2013,official-pl-2010s|official-pl-2010s-easy|official-pl-2010s-hard|official-pl-2010s-mix|official-pl-anniversaire|official-pl-apero-afterwork|official-pl-disco-funk|official-pl-electro-edm|official-pl-french-touch|official-pl-new-year-party|official-pl-roadtrip|official-pl-summer-hits-yearly|official-pl-summer-pool|official-pl-tubes-de-l-ete,1,false
8d8c66f2-4a05-480a-a3ac-2e97a32627fa,Damian Marley,Welcome to Jamrock,2005,official-pl-reggae,,false
097d2498-1dbf-4a4d-aa3a-4526e99fea7e,Damien Saez,J'accuse,2010,official-pl-fr-2010s-mix,,true
b24d1b75-38eb-4049-8ec7-7d4e9b90a7b3,Damso,Life Life,2020,official-pl-hiphop-fr-2020s,,true
ba22680b-7d6b-444c-8bd4-16fe013a70d2,Damso,Macarena,2018,official-pl-hiphop-fr-2020s|official-pl-rap-fr|official-pl-rap-fr-culte|official-pl-variete-francaise,,true
df171a27-4fd4-4acd-88fe-0c0246fb4468,Dan + Shay,Speechless,2018,official-pl-wedding,,false
795b373d-fe8f-4acf-a6bd-b378d7cda1a0,Dana International,Diva,1998,official-pl-eurovision,,false
7c37e13b-8872-461f-a668-408bb09c57d5,Daniel Balavoine,"Mon fils, ma bataille",1980,official-pl-chanson-francaise-culte|official-pl-fr-80s-mix|official-pl-variete-francaise,,true
7c829856-7412-4545-91e5-2b625aaa9d23,Daniel Balavoine,Sauver l'amour,1985,official-pl-fr-80s|official-pl-fr-80s-medium,2,true
add2919a-d1c9-45ca-aa2b-6e710c72a720,Daniel Lavoie,Ils s'aiment,1984,official-pl-fr-80s|official-pl-fr-80s-hard|official-pl-quebec,3,true
1b2e84e3-ea9b-4496-b6fd-3ddd8641a726,Daniel Lévi,L'envie d'aimer,2000,official-pl-musicales-fr,,true
37c0ccef-ff47-42d1-b9c7-eeabfc43048f,Daniel Lévi,Mon frère,2000,official-pl-musicales-fr,,true
034b79b7-791e-47a4-8dda-70437c743502,Daniel Powter,Bad Day,2005,official-pl-2000s|official-pl-2000s-mix|official-pl-punk-rock-90s-2000s|official-pl-un-seul-tube,,false
57b33e6b-7998-4c54-9164-6c2dc7c2754f,Danny Elfman,The Simpsons Main Title,1989,official-pl-series-tv,,false
c1dd4773-e647-4a5b-81c3-f02ce1a956f8,Danny Elfman,This Is Halloween,1993,official-pl-halloween,,false
eeb80b20-a927-46e3-b42c-367503d81f57,Dario Marianelli,Briony (Atonement),2007,official-pl-films-hard|official-pl-musique-film,3,false
40794c97-d32c-4d9a-939e-45496297f072,Darius Rucker,Wagon Wheel,2013,official-pl-country|official-pl-reprises-celebres,,false
b4871f44-3654-448d-a8a0-837fd0cb66cc,Darlene Love,Christmas (Baby Please Come Home),1963,official-pl-noel,,false
81004ffd-8611-47d3-8262-09d1ecd9653a,Darude,Sandstorm,1999,official-pl-90s|official-pl-90s-medium|official-pl-chants-de-stade|official-pl-electro-edm|official-pl-french-touch|official-pl-new-year-party,2,false
00cd6680-77d4-4095-ab7a-a4ee40001a43,Daughter,Youth,2013,official-pl-2010s|official-pl-2010s-hard,3,false
09fd03d1-bdf1-42f2-89fc-31ee74f6a819,Dave Porter,Breaking Bad Main Title,2008,official-pl-series-tv,,false
5eb34b67-6291-451c-b7fe-a431a4382c03,David Bowie,Ashes to Ashes,1980,official-pl-80s-mix|official-pl-new-wave-synthpop-80s,,false
b32d057d-bb6f-43b4-acfc-e10313cf3ba1,David Bowie,Fame,1975,official-pl-70s|official-pl-70s-easy,1,false
14bb14c3-e939-47f5-9ac2-e1deb76d708a,David Bowie,Heroes,1977,official-pl-70s|official-pl-70s-easy|official-pl-70s-hard|official-pl-apero-afterwork|official-pl-films-hard|official-pl-intros-legendaires|official-pl-musique-film|official-pl-roadtrip|official-pl-rock,1,false
26311d92-5465-4677-a52d-02838b79e0ba,David Bowie,Let's Dance,1983,official-pl-80s-mix|official-pl-intros-legendaires|official-pl-rock,,false
9d9d5fd7-c275-4d67-bd64-136008b103a0,David Bowie,Life on Mars?,1971,official-pl-70s|official-pl-70s-hard,3,true
0533064e-709a-47d4-ba64-6ac0c8aed249,David Bowie,Starman,1972,official-pl-pubs-cultes,,false
6394865c-a413-4770-bac2-bdaeb6148e89,David Bowie & Bing Crosby,Peace on Earth / Little Drummer Boy,1977,official-pl-noel,,true
50eb85f8-df08-4be7-8df3-ebb0614e2cee,David Bowie & Mick Jagger,Dancing in the Street,1985,official-pl-duos-cultes|official-pl-reprises-celebres,,false
a98c4978-3646-4d03-b6db-1adfbd9f67d0,David Guetta,Hey Mama,2015,official-pl-electro-edm,,false
325e99f9-431f-409c-ad7e-2658dbf5f7f5,David Guetta,Without You,2011,official-pl-2010s|official-pl-2010s-medium|official-pl-electro-edm,2,false
35162933-e65d-48f6-9e4b-bfdd9f07ef6f,David Guetta & Bebe Rexha,I'm Good (Blue),2022,official-pl-2020s|official-pl-2020s-medium|official-pl-2020s-mix|official-pl-tiktok-viral,2,false
60c5d345-b55c-4328-9cee-f542ef64440a,David Guetta ft. Akon,Sexy Chick,2009,official-pl-new-year-party,,false
053688c7-20c1-4ba5-a06a-74fc610b38f7,David Guetta ft. Flo Rida,Where Them Girls At,2011,official-pl-new-year-party,,false
3542a3f5-140f-41d7-9b96-efee7c870fc6,David Guetta ft. Kelly Rowland,When Love Takes Over,2009,official-pl-duos-cultes|official-pl-new-year-party,,false
63210c48-785f-4851-9059-1bbf7088185c,David Guetta ft. Ne-Yo & Akon,Play Hard,2013,official-pl-electro-edm,,false
9d0d8417-0c48-44c7-b698-7b6f7359c393,David Guetta ft. Sia,Titanium,2011,official-pl-2010s|official-pl-2010s-easy|official-pl-2010s-medium|official-pl-2010s-mix|official-pl-electro-edm|official-pl-films-easy|official-pl-french-touch|official-pl-musique-film|official-pl-new-year-party|official-pl-tubes-de-l-ete,1,false
2166bb4f-7431-42b0-946f-1ce7bb6c3d7c,David Kushner,Daylight,2023,official-pl-2020s-mix,2,false
edf68775-2d1a-430b-965a-0375671ec0e0,Davido,Stand Strong,2022,official-pl-afrobeats,,false
d1900fba-da36-4ccc-abe7-e052de831eca,Davido,Unavailable,2023,official-pl-2020s|official-pl-afrobeats,,false
e953beb3-4a3d-4177-a9aa-7e2365db6614,deadmau5,Strobe,2010,official-pl-electro-edm,,false
c9a2f478-df4f-4057-9158-290206dc03de,Deadmau5,Ghosts 'n' Stuff,2008,official-pl-electro-edm|official-pl-french-touch,,false
bdc482a3-33ee-4513-9e33-b655a1880543,Dean Martin,Let It Snow! Let It Snow! Let It Snow!,1959,official-pl-noel,,false
e74e1b3a-590c-401e-9fcb-9a5b1b2958fd,Début de soirée,Nuit de folie,1988,official-pl-chanson-francaise-culte|official-pl-fr-80s|official-pl-fr-80s-hard,3,true
5d8fb086-9469-4a82-878c-d90f50c34048,Deee-Lite,Groove Is in the Heart,1990,official-pl-one-hit-wonders|official-pl-pubs-cultes|official-pl-summer-pool,,false
59d38e60-aea1-4340-bee5-59335b76c2ba,Deep Blue Something,Breakfast at Tiffany's,1995,official-pl-90s|official-pl-90s-easy|official-pl-90s-hard|official-pl-90s-medium|official-pl-90s-mix|official-pl-one-hit-wonders|official-pl-un-seul-tube,1,false
8fc950d7-c064-45fc-93b8-9e5d18a735ce,Deep Purple,Hush,1968,official-pl-reprises-celebres,,false
71d7806a-d433-41cc-8645-8920c839cce0,Deep Purple,Smoke on the Water,1972,official-pl-70s|official-pl-70s-medium|official-pl-intros-legendaires|official-pl-rock,2,true
8907fd96-93cf-4488-856b-7042ae538b6e,Def Leppard,Photograph,1983,official-pl-hard-rock-80s,3,false
eb832cd0-6fa4-4b15-a748-4bd03c668c35,Def Leppard,Pour Some Sugar on Me,1987,official-pl-80s|official-pl-80s-easy|official-pl-hard-rock-80s|official-pl-intros-legendaires|official-pl-rock,1,true
0328b118-74ad-4da2-8946-ae128384e33a,Den Harrow,Future Brain,1985,official-pl-italo-disco-classics,,false
872ec166-8940-45b8-a870-f045b7bc9b6b,Depeche Mode,Enjoy the Silence,1990,official-pl-80s|official-pl-80s-hard|official-pl-rock,3,false
4c06f911-4b25-4455-804b-2425069e84a4,Depeche Mode,Just Can't Get Enough,1981,official-pl-80s|official-pl-80s-medium|official-pl-new-wave-synthpop-80s,2,false
968942be-12db-492a-bef1-f438bc3a583a,Depeche Mode,People Are People,1984,official-pl-80s|official-pl-80s-hard|official-pl-new-wave-synthpop-80s,3,false
b4009ddd-1d44-4a2c-91d9-1ba0be02583a,Derek and the Dominos,Layla,1970,official-pl-70s-mix|official-pl-intros-legendaires,,false
7107ef90-5c3a-4c6f-ab11-584534b30f17,Desireless,Voyage voyage,1986,official-pl-chanson-francaise-culte|official-pl-chants-de-stade|official-pl-fr-80s|official-pl-fr-80s-easy|official-pl-fr-80s-medium|official-pl-fr-80s-mix,1,true
723c570b-e75e-4305-ae21-8c4586db52dd,Destiny's Child,"Bills, Bills, Bills",1999,official-pl-90s|official-pl-90s-medium|official-pl-boys-girls-bands,2,false
1faebd81-d933-4d37-8744-5c275364eeb2,Destiny's Child,Say My Name,1999,official-pl-90s|official-pl-90s-easy|official-pl-90s-medium|official-pl-boys-girls-bands|official-pl-karaoke|official-pl-soul-rnb,1,false
06be8650-0836-4fd3-b504-9915c09b6baa,Destiny's Child,Survivor,2001,official-pl-2000s-mix|official-pl-boys-girls-bands|official-pl-karaoke|official-pl-soul-rnb,,false
39e95bae-c42e-41ce-a39d-dee15478e27f,Devo,Whip It,1980,official-pl-80s|official-pl-80s-medium|official-pl-new-wave-synthpop-80s|official-pl-one-hit-wonders,2,false
e1768321-b457-4c79-b058-72042e9c5631,Dexys Midnight Runners,Come On Eileen,1982,official-pl-80s|official-pl-80s-easy|official-pl-80s-hard|official-pl-80s-medium|official-pl-80s-mix|official-pl-chants-de-stade|official-pl-new-wave-synthpop-80s|official-pl-one-hit-wonders|official-pl-pubs-cultes|official-pl-un-seul-tube,1,true
bfc9af26-4f57-415d-a72c-b1c4c7b81fcd,Diam's,La boulette,2006,official-pl-rap-fr|official-pl-rap-fr-culte|official-pl-variete-francaise,,true
e058d802-a409-42ef-8d1d-9b4c0a130e27,Diam's & Tunisiano,Mauvaise foi nocturne,2003,official-pl-fr-2000s|official-pl-fr-2000s-hard,3,true
67bf7643-3b76-42a9-8df1-03cd2886300d,Diam's & Vitaa,Confessions nocturnes,2006,official-pl-fr-2000s|official-pl-fr-2000s-easy,1,true
39a98b90-c124-450f-9366-62d080fd94e7,Diana Ross,Ain't No Mountain High Enough,1970,official-pl-70s|official-pl-70s-easy|official-pl-70s-medium|official-pl-70s-mix|official-pl-soul-rnb,1,false
c2260ff0-387b-477d-958c-68502cc2706c,Diana Ross,Upside Down,1980,official-pl-disco-dancefloor|official-pl-disco-funk,,false
dc86b574-f172-48bd-af36-c1899ec822c1,Digital Underground,The Humpty Dance,1990,official-pl-rap-us,,false
448c0255-7839-4e92-8bf7-66b7b7f6c1f4,Dillon Francis & DJ Snake,Get Low,2017,official-pl-electro-edm,,false
c58fe153-f33f-4cba-99de-10e62182757e,"Dimitri Vegas, Like Mike & Martin Garrix",Tremor,2014,official-pl-electro-edm,,false
b953f4ca-47b8-4dcd-91e7-05af43d2da7e,Dio,Holy Diver,1983,official-pl-hard-rock-80s|official-pl-metal|official-pl-rock,3,false
6e60744a-b0b0-4128-968e-63eed09549d2,Dire Straits,Money for Nothing,1985,official-pl-80s|official-pl-80s-easy|official-pl-80s-hard|official-pl-80s-medium|official-pl-80s-mix|official-pl-intros-legendaires|official-pl-rock,1,false
a3d5d7f7-4caf-4a59-924a-f3ca7789b114,Dire Straits,Sultans of Swing,1978,official-pl-70s|official-pl-70s-easy|official-pl-70s-hard|official-pl-70s-mix|official-pl-intros-legendaires|official-pl-rock,1,false
a3e4d194-ca5d-4933-852e-cc78122b79fe,Disclosure,Magnets,2015,official-pl-2010s|official-pl-2010s-hard,3,false
2f9a3c12-01ef-4b30-8a1b-65e25328d643,Disclosure feat. Sam Smith,Latch,2012,official-pl-2010s|official-pl-2010s-hard|official-pl-2010s-medium|official-pl-electro-edm|official-pl-love-international|official-pl-wedding,2,false
4dedf60f-66f8-466b-b2ea-253d0bad2a75,Dishwalla,Counting Blue Cars,1996,official-pl-90s|official-pl-90s-hard,3,false
3ae25d77-30fc-4af6-bb22-ab39eda62ca2,Disturbed,Down with the Sickness,2000,official-pl-halloween|official-pl-metal,3,false
9c0692cb-2750-4e67-beea-10ad1e8901c0,Disturbed,Land of Confusion,2005,official-pl-reprises-celebres,,false
2287ffaf-c739-4cd5-84dc-95bfcff55ef4,Disturbed,The Sound of Silence,2015,official-pl-metal|official-pl-reprises-celebres,,false
326d8e9a-8df9-4ad7-adec-e358033a78a0,Divinyls,I Touch Myself,1991,official-pl-90s|official-pl-90s-easy|official-pl-one-hit-wonders,1,false
75c350c8-fba0-46f6-b1cb-b6227436832e,Dixie Chicks,Goodbye Earl,2000,official-pl-country,,false
90983e65-067c-4cbc-93bb-144c8a74c8e3,DJ Fresh,Hot Right Now,2012,official-pl-new-year-party,,false
768f3f1b-48d1-4b8a-9fa1-9b7ed0ba3818,DJ Jazzy Jeff & The Fresh Prince,Summertime,1991,official-pl-rap-us|official-pl-summer-pool,,false
29dfddcb-c1a6-494d-91d0-bd33a41553db,DJ Khaled,All I Do Is Win,2010,official-pl-le-sample|official-pl-rap-us,,false
d560c422-3574-4300-8348-4edc62d47b4f,DJ Khaled feat. Rihanna,Wild Thoughts,2017,official-pl-apero-afterwork,,false
8209d98c-879a-40e9-b53f-55d96f7e63d3,DJ Snake & Lil Jon,Turn Down for What,2013,official-pl-2010s|official-pl-2010s-easy|official-pl-anniversaire|official-pl-chants-de-stade|official-pl-electro-edm|official-pl-new-year-party|official-pl-summer-pool,1,false
acf472ee-5587-4ced-bb43-df14e99e0c8a,DJ Snake ft. Justin Bieber,Let Me Love You,2016,official-pl-2010s|official-pl-2010s-easy|official-pl-electro-edm,1,false
dea0cd97-4237-4c14-af5b-3b0efa90bb19,"DJ Snake ft. Selena Gomez, Ozuna & Cardi B",Taki Taki,2018,official-pl-electro-edm|official-pl-latino|official-pl-summer-pool,,false
f523a2dd-a6f4-46f2-8b7e-cec9dbe3e5ee,DMX,Ruff Ryders' Anthem,1998,official-pl-rap-us,,false
ccfbe601-c4dd-490e-868a-144e3b7851be,DMX,X Gon' Give It to Ya,2003,official-pl-rap-us,,false
02c7565a-3428-4af1-bd2b-65332e6c45c1,Doc Gynéco,Nirvana,1996,official-pl-fr-90s|official-pl-fr-90s-hard,3,true
b7270e9d-b6fa-46f1-8746-a39b5dc16f4b,Doc Gynéco & Vitaa,Comme avant,2007,official-pl-fr-2000s-mix,,true
ebe241e0-a35e-4fa5-a8ac-1f4eb7e8f2f0,Doja Cat,Paint The Town Red,2023,official-pl-2020s|official-pl-2020s-easy|official-pl-tiktok-viral,1,false
b7315e46-8313-423a-b4bd-289135d375b8,Doja Cat,Say So,2019,official-pl-2020s|official-pl-2020s-easy|official-pl-2020s-hard|official-pl-2020s-medium|official-pl-le-sample|official-pl-tiktok-viral,1,false
c915f52c-400a-451f-9355-9f87aa64bcac,Doja Cat,Woman,2021,official-pl-2020s|official-pl-2020s-mix|official-pl-tiktok-viral,,false
ab3564f5-ff83-40e3-a5ff-dcfd7faf146d,Doja Cat & SZA,Kiss Me More,2021,official-pl-2020s-mix,,false
78e8e631-67f2-4169-9c20-8d0f89130459,Doja Cat feat. SZA,Kiss Me More,2021,official-pl-2020s|official-pl-2020s-easy|official-pl-2020s-hard|official-pl-2020s-medium,1,false
dd54d4e0-7e22-40cc-aca8-f2e8e159b928,Dolly,Mascara,1996,official-pl-fr-90s-mix,,true
dae795b9-5f22-4f32-b1f2-87e63887a5cf,Dolly Parton,9 to 5,1980,official-pl-country,1,false
a4582e43-7b6b-4048-bfae-785ac14541a6,Dolly Parton,Jolene,1973,official-pl-country|official-pl-reprises-celebres,,false
8eed6f3f-276a-499f-95a6-ff4dac73f390,Dolly Parton,Nine to Five,1980,official-pl-80s|official-pl-80s-easy,1,false
b1157dc5-5366-49ca-95ad-f2b7a791c528,Domenico Modugno,Volare (Nel blu dipinto di blu),1958,official-pl-italie|official-pl-italie-classique,,false
d0615107-3735-40be-91a8-6a530e9b1193,Don Henley,The Boys of Summer,1984,official-pl-80s-mix,,false
fe48a6c1-2cba-4a8a-8966-ad0ec1a84ea2,Don McLean,American Pie,1971,official-pl-70s|official-pl-70s-easy,1,false
76373655-d1a0-4d02-8c1d-cf7141da252c,Don Omar ft. Lucenzo,Danza Kuduro,2010,official-pl-anniversaire|official-pl-apero-afterwork|official-pl-chants-de-stade|official-pl-latino|official-pl-latino-fiesta|official-pl-summer-pool|official-pl-tubes-de-l-ete,,false
a678ca48-84a8-4fd4-9718-41c63ee44de0,Donna Lewis,I Love You Always Forever,1996,official-pl-reprises-celebres,,false
abc4d083-08b3-48ed-9823-970dea03d0cb,Donna Summer,Hot Stuff,1979,official-pl-70s|official-pl-70s-easy|official-pl-70s-medium|official-pl-70s-mix|official-pl-anniversaire|official-pl-disco-dancefloor|official-pl-disco-funk|official-pl-pop-divas,1,false
d0e66e16-2e29-437f-ae11-ae1e1c3b8241,Donna Summer,I Feel Love,1977,official-pl-70s|official-pl-disco-dancefloor|official-pl-disco-funk,,false
f4112c66-9422-476c-b2c9-abad19bba655,Donny Osmond,I'll Make a Man Out of You,1998,official-pl-disney-en|official-pl-generiques-disney,,false
2f977858-bab7-457b-8d5d-7efbcfa3d200,Douglas J. Cuomo,Sex and the City Theme,1998,official-pl-series-tv,,false
f514b0cf-93db-4bff-9ba9-62cf45107421,Dr. Dre,Nuthin' but a 'G' Thang,1992,official-pl-90s|official-pl-rap-us,,false
a63737cf-5a2f-4d28-a4ef-7a4a703d2803,Dr. Dre,Still D.R.E.,1999,official-pl-rap-us,,false
781843b6-1fbd-4c66-857e-504823328dd5,Drake,God's Plan,2018,official-pl-2010s|official-pl-2010s-easy|official-pl-rap-us|official-pl-summer-hits-yearly,1,false
50e1674c-f684-436d-9f32-32b67a718146,Drake,Hotline Bling,2015,official-pl-2010s|official-pl-2010s-medium|official-pl-le-sample|official-pl-rap-us,2,false
a0e19fe0-9ac2-41df-83a5-c5821177b77e,Drake,One Dance,2016,official-pl-rap-us|official-pl-summer-hits-yearly|official-pl-tubes-de-l-ete,,false
5b4c45c6-7f0e-40dd-bd36-0e6131b87600,Drake,Toosie Slide,2020,official-pl-2020s|official-pl-2020s-hard|official-pl-2020s-medium,2,false
9812d749-4ee8-482f-9a73-8814f2e5f101,Drowning Pool,Bodies,2001,official-pl-halloween,,false
6ac6c354-e23f-4754-8156-3f7cf768b752,Dua Lipa,Don't Start Now,2019,official-pl-2020s|official-pl-2020s-easy|official-pl-2020s-medium|official-pl-pop|official-pl-pop-divas|official-pl-summer-hits-yearly,1,false
0d79755f-aba5-44dd-9ed3-04f451a0c21d,Dua Lipa,IDGAF,2017,official-pl-2010s|official-pl-2010s-easy,1,false
a326c2da-856c-4c9f-8463-c78859fa9be7,Dua Lipa,Levitating,2020,official-pl-2020s|official-pl-2020s-easy|official-pl-2020s-hard|official-pl-2020s-medium|official-pl-2020s-mix|official-pl-pop|official-pl-pop-divas|official-pl-tubes-de-l-ete,1,false
d681c5b9-2e1e-42f0-a946-6913966ddc78,Dua Lipa,New Rules,2017,official-pl-2010s|official-pl-2010s-easy|official-pl-2010s-mix|official-pl-pop|official-pl-pop-divas,1,false
d7b26e6a-037e-45c8-863a-f372fd8f4524,Dua Lipa,Physical,2020,official-pl-2020s|official-pl-2020s-hard,3,false
72ffe095-06c9-4006-ab6f-a05b3de6b9c6,Duran Duran,A View to a Kill,1985,official-pl-james-bond,1,false
e13bc666-1f87-42ee-b52d-eb03419b4135,Duran Duran,Hungry Like the Wolf,1982,official-pl-80s|official-pl-80s-easy|official-pl-80s-hard|official-pl-80s-medium|official-pl-80s-mix|official-pl-new-wave-synthpop-80s|official-pl-pop,1,false
ec01a461-5a20-4eef-a48f-87d6eb9ddb47,Duran Duran,Rio,1982,official-pl-80s|official-pl-80s-easy|official-pl-80s-hard|official-pl-80s-medium|official-pl-80s-mix|official-pl-new-wave-synthpop-80s|official-pl-pop,1,false
d22ef3e4-1421-46e0-beea-69d4d3bb623f,DVBBS & Borgeous,Tsunami,2013,official-pl-electro-edm,,false
22a1106f-8839-4fd2-a015-d94091951555,Dwayne Johnson,You're Welcome,2016,official-pl-disney-en|official-pl-generiques-disney|official-pl-musicals-us,,false
67c1a872-4d24-4785-8638-c8765bcb6d04,Dynoro & Gigi D'Agostino,In My Mind,2018,official-pl-summer-hits-yearly,,false
ade97ffb-7c68-448b-a3c8-7bcb9cdff273,Eagle-Eye Cherry,Save Tonight,1997,official-pl-90s|official-pl-90s-easy|official-pl-90s-medium|official-pl-90s-mix|official-pl-britpop-90s|official-pl-one-hit-wonders,1,false
f11683de-1951-4265-b686-9542c9798878,Eagles,Hotel California,1977,official-pl-70s|official-pl-70s-easy|official-pl-intros-legendaires|official-pl-rock,1,false
6cb1c079-1db6-44ed-b48b-e0008de6a638,Eagles,Take It Easy,1972,official-pl-70s|official-pl-70s-hard|official-pl-70s-mix|official-pl-country|official-pl-roadtrip,3,false
76a2f277-2860-435a-8f8d-8cd398260046,"Earth, Wind & Fire",Boogie Wonderland,1979,official-pl-70s|official-pl-70s-easy|official-pl-cinema-fr-bo|official-pl-disco-dancefloor|official-pl-disco-funk,1,true
cd3c3191-c02b-42dd-a929-91cc007eb351,"Earth, Wind & Fire",September,1978,official-pl-70s|official-pl-70s-easy|official-pl-70s-medium|official-pl-70s-mix|official-pl-90s-mix|official-pl-anniversaire|official-pl-chants-de-stade|official-pl-disco-dancefloor|official-pl-disco-funk|official-pl-karaoke|official-pl-new-year-party|official-pl-pubs-cultes|official-pl-roadtrip|official-pl-soul-rnb|official-pl-summer-pool,1,true
1cc0a033-aeb3-4ab2-8b81-c26284212e2c,"Earth, Wind & Fire",Shining Star,1975,official-pl-70s|official-pl-70s-medium|official-pl-soul-rnb,2,true
7a300540-8e59-4f47-885d-7a20f09c22cb,Echo & the Bunnymen,The Killing Moon,1984,official-pl-80s|official-pl-80s-hard|official-pl-halloween,3,false
a106ecf7-6e06-4ad5-b169-bf994c5b2b2e,Ed Sheeran,Bad Habits,2021,official-pl-2020s|official-pl-2020s-easy|official-pl-2020s-medium|official-pl-2020s-mix,1,false
d0bab3d2-47bb-40c9-b2c9-8f438c19ed81,Ed Sheeran,Perfect,2017,official-pl-love-international|official-pl-pop|official-pl-saint-valentin|official-pl-slows-cultes|official-pl-wedding,,false
962ed8c2-2c83-43b9-b70a-a2d407e31d85,Ed Sheeran,Photograph,2014,official-pl-2010s|official-pl-2010s-medium,2,false
c0d7cebb-8e08-497a-af48-57befabfed9a,Ed Sheeran,Shape of You,2017,official-pl-2010s|official-pl-2010s-easy|official-pl-2010s-mix|official-pl-pop|official-pl-summer-hits-yearly|official-pl-tubes-de-l-ete,1,false
b6f44ff1-c852-477f-b60d-4c555bde37c9,Ed Sheeran,Shivers,2021,official-pl-2020s|official-pl-2020s-easy|official-pl-2020s-hard|official-pl-2020s-medium|official-pl-2020s-mix|official-pl-tubes-de-l-ete,1,false
9eff4e4e-14ed-4cc3-8c64-113bb5b5c3eb,Ed Sheeran,Thinking Out Loud,2014,official-pl-2010s|official-pl-2010s-easy|official-pl-2010s-medium|official-pl-2010s-mix|official-pl-love-international|official-pl-pop|official-pl-saint-valentin|official-pl-slows-cultes|official-pl-wedding,1,false
b0a611ab-5360-419a-bed5-73d94680991d,Ed Sheeran ft. Vianney,Pages blanches,2017,official-pl-fr-2010s-mix,,true
621c4170-ce87-4f2d-957f-503281756ae2,Eddy Grant,Electric Avenue,1982,official-pl-generiques-films-series|official-pl-new-wave-synthpop-80s|official-pl-pubs-cultes|official-pl-reggae,,false
8f9928bb-56d1-4809-9a73-1b2f4247456d,Eddy Grant,Gimme Hope Jo'anna,1988,official-pl-reggae|official-pl-summer-pool,,false
c5721d3f-90ec-4c1b-8797-6552b01b06b9,Eddy Mitchell,Couleur menthe à l'eau,1980,official-pl-fr-80s|official-pl-fr-80s-medium,2,true
e3823692-6dca-4211-852b-968095bca2af,Édith Piaf,La Vie en rose,1947,official-pl-chanson-fr-classique|official-pl-chanson-francaise-culte|official-pl-variete-francaise,,true
39417080-3869-40f3-a393-035e1e4e071e,Édith Piaf,"Non, je ne regrette rien",1960,official-pl-chanson-fr-classique|official-pl-chanson-francaise-culte|official-pl-variete-francaise,,true
cc5aabb7-1a5a-4edd-aaa0-5d533c811cb5,Edward Maya,Stereo Love,2009,official-pl-new-year-party,,false
e37ce54c-996b-4893-8aa1-e5b17631faa8,Edward Sharpe & The Magnetic Zeros,Home,2010,official-pl-apero-afterwork,,false
95fd669a-970a-4dbd-be22-4651e5dffc12,Edwin Starr,War,1970,official-pl-70s|official-pl-70s-medium,2,false
d8b1086c-fd28-4ad9-9199-68bdfce2d7d4,Eels,Novocaine for the Soul,1996,official-pl-90s|official-pl-90s-hard,3,false
890fc114-512c-4a8a-96b9-9efaa45a776c,Eiffel 65,Blue (Da Ba Dee),1998,official-pl-90s|official-pl-90s-easy|official-pl-90s-medium|official-pl-anniversaire|official-pl-eurodance-90s|official-pl-french-touch|official-pl-guilty-pleasures|official-pl-italie|official-pl-new-year-party|official-pl-one-hit-wonders|official-pl-pubs-cultes|official-pl-summer-pool|official-pl-tubes-de-l-ete|official-pl-un-seul-tube,1,false
cb926c63-655a-435f-8a0b-0161c5cabab4,Elaine Paige,Memory,1981,official-pl-musicals-us,,false
6cbf89dc-1ef0-4374-9b2c-a64f5d499413,Elastica,Connection,1994,official-pl-90s|official-pl-90s-hard|official-pl-90s-medium|official-pl-90s-mix,2,false
af189a7b-3d00-4804-ba73-70f58e014fb6,Elbow,Grounds for Divorce,2008,official-pl-2000s|official-pl-2000s-hard,3,false
53f99b52-1858-4b51-a8a8-3febfb30fe2f,Electric Light Orchestra,Don't Bring Me Down,1979,official-pl-70s|official-pl-70s-hard|official-pl-70s-medium|official-pl-70s-mix|official-pl-pop,2,false
2c75d6a0-87a2-4a12-bc1f-b735313a42b3,Electric Light Orchestra,Evil Woman,1975,official-pl-70s|official-pl-70s-medium|official-pl-70s-mix,2,false
0f5391f1-08c0-453e-ac0f-214a5a2d856b,Electric Light Orchestra,Mr. Blue Sky,1977,official-pl-70s|official-pl-70s-hard|official-pl-pop|official-pl-pubs-cultes|official-pl-roadtrip,3,false
a77e275d-6461-4000-89da-6502c7e36ad9,Élégance,"Vacances, j'oublie tout",1982,official-pl-fr-80s-mix,,true
c5bb48ac-381f-4ccf-b744-7f6807941798,Elle King,Ex's & Oh's,2015,official-pl-2010s|official-pl-2010s-medium|official-pl-apero-afterwork,2,false
a8877a2b-c7f7-4ccd-99c7-cb884822c23f,Elli Medeiros,Toi mon toit,1985,official-pl-fr-80s|official-pl-fr-80s-easy,1,true
3f5715d4-a032-47ea-8d2a-f810a65321bc,Ellie Goulding,Burn,2013,official-pl-2010s|official-pl-2010s-medium,2,false
07e0b644-ae89-4ab1-a46a-abd0de26882a,Ellie Goulding,Lights,2010,official-pl-2010s|official-pl-2010s-hard|official-pl-pop,3,false
c1b4b7ac-4a3e-4bf5-b17f-0a6dadf8f316,Ellie Goulding,Love Me Like You Do,2015,official-pl-2010s|official-pl-2010s-medium|official-pl-love-international,2,false
db93e440-95ec-46b0-a7fa-c86506b2c1aa,Elliott Smith,Needle in the Hay,1995,official-pl-films-hard|official-pl-musique-film,3,false
35afa6f7-af82-4f0b-8ff1-8719a94bcd66,Elton John,Bennie and the Jets,1973,official-pl-70s-mix,,false
efc0139a-3a20-41d5-8f83-5b125653d2a3,Elton John,Can You Feel the Love Tonight,1994,official-pl-films-easy|official-pl-generiques-disney|official-pl-generiques-films-series|official-pl-musicals-us|official-pl-musique-film|official-pl-saint-valentin,1,false
0ef1c06a-b760-4003-8a0d-6683f351b000,Elton John,Circle of Life (The Lion King),1994,official-pl-films-easy|official-pl-generiques-disney|official-pl-musique-film,1,false
d27e369f-2553-422d-a32b-2759ae00902f,Elton John,Crocodile Rock,1972,official-pl-70s|official-pl-70s-hard|official-pl-70s-medium|official-pl-70s-mix|official-pl-pop,2,false
52b2a1c9-1a8e-43cf-9dfa-3b1bb5ecf13c,Elton John,I'm Still Standing,1983,official-pl-80s|official-pl-80s-easy|official-pl-80s-medium|official-pl-80s-mix|official-pl-new-wave-synthpop-80s|official-pl-pop|official-pl-roadtrip,1,false
06b82b8b-f841-40b7-8945-b8d8412aaaba,Elton John,Nikita,1985,official-pl-80s|official-pl-80s-easy,1,false
f58e31f2-47ea-4ca6-9a0d-e2a8610dd98b,Elton John,Rocket Man,1972,official-pl-70s|official-pl-70s-easy|official-pl-70s-hard|official-pl-70s-medium|official-pl-pop,1,false
0e9eaffe-0875-4c15-ac90-45166400f28a,Elton John,Step into Christmas,1973,official-pl-noel,,false
2dc5d371-43b8-45a1-babf-bc31fbc12b43,Elton John & Kiki Dee,Don't Go Breaking My Heart,1976,official-pl-duos-cultes,,false
8752ba2f-d46c-48bc-89f8-42af9e87b68e,Elvis Crespo,Suavemente,1998,official-pl-latino,,false
e383ae41-e274-4951-93da-7060d10d200b,Elvis Presley,Can't Help Falling in Love,1961,official-pl-60s|official-pl-love-international|official-pl-saint-valentin|official-pl-wedding,,false
3687b30b-1d22-4f7d-8397-2bbbfd77fc40,Elvis Presley,Suspicious Minds,1969,official-pl-60s,,false
8a5e4fc9-7e1f-4916-9f21-0366fc3e01cb,EMF,Unbelievable,1990,official-pl-90s|official-pl-90s-easy|official-pl-un-seul-tube,1,false
4ba9647b-88be-4126-8f63-901d187adf1a,Eminem,Houdini,2024,official-pl-2020s|official-pl-2020s-medium,2,false
162ca1ed-bfcc-4456-9a06-c09032d98b52,Eminem,Lose Yourself,2002,official-pl-2000s|official-pl-2000s-easy|official-pl-2000s-medium|official-pl-2000s-mix|official-pl-films-easy|official-pl-generiques-films-series|official-pl-musique-film|official-pl-rap-us,1,false
df882b43-d1c7-4ab9-90fe-b09db70b2d10,Eminem,The Real Slim Shady,2000,official-pl-rap-us,,false
0a2f55c8-bb52-4c73-8dc8-4d8812493a52,Eminem,Without Me,2002,official-pl-2000s|official-pl-2000s-medium|official-pl-rap-us,2,false
26c80786-f1d5-4b63-8dc7-eca5e588fa93,Eminem & Rihanna,Love the Way You Lie,2010,official-pl-duos-cultes,,false
b03942b3-f3f1-4497-a151-6d9d05da7c9d,Eminem feat. Nate Dogg,Till I Collapse,2002,official-pl-chants-de-stade,,false
94896597-f1e8-4222-9c19-d8d09d367e1c,Emmanuel Moire,Je fais de toi mon essentiel,2005,official-pl-musicales-fr,,true
8141eab8-5d11-4b3a-9dc9-ab54f37cdb02,Empire of the Sun,Walking on a Dream,2008,official-pl-2000s|official-pl-apero-afterwork|official-pl-pop,,true
b5b1b1fc-cc86-4f9b-b807-1fa0f19fb45f,Encanto Cast,We Don't Talk About Bruno,2021,official-pl-2020s|official-pl-2020s-medium|official-pl-disney-en,2,false
056c4cdb-4c20-407d-b396-1121bee3b94c,Ennio Morricone,Cinema Paradiso (Main Theme),1988,official-pl-films-medium|official-pl-musique-film,2,false
3a5461c2-9561-4c78-9485-deb8a4acdccc,Ennio Morricone,Gabriel's Oboe (The Mission),1986,official-pl-films-medium|official-pl-musique-film,2,false
7e42ecda-635b-482e-a4e0-7e3a82e9b4ce,Enrique Iglesias,Bailamos,1999,official-pl-latino|official-pl-summer-pool,,false
65c8173b-5129-4e10-a0c5-90c5548169e8,Enrique Iglesias,Bailando,2014,official-pl-anniversaire|official-pl-apero-afterwork|official-pl-latino|official-pl-latino-fiesta|official-pl-new-year-party|official-pl-summer-hits-yearly|official-pl-summer-pool|official-pl-tubes-de-l-ete,,false
907fdb24-dfda-4f42-b0b4-7d4c4d866ec7,Ensemble Solidarité Sida,Sa raison d'être,1998,official-pl-fr-90s-mix,,true
741283d8-551e-4b57-ae2e-5de7f8538995,Eric Charden,Capitaine Albator,1980,official-pl-club-dorothee,,true
4f19b3c6-8aad-41ec-a72e-b5edb8c8632a,Eric Church,Springsteen,2012,official-pl-country,,false
27945479-6247-47af-a511-485b55a51cbe,Eric Clapton,I Shot the Sheriff,1974,official-pl-70s|official-pl-70s-easy|official-pl-reprises-celebres,1,false
f67a5a3a-5f54-4fce-9474-257077b023c4,Eric Clapton,Wonderful Tonight,1977,official-pl-love-international|official-pl-saint-valentin|official-pl-slows-cultes|official-pl-wedding,,false
c1f34b1a-b0bf-4f48-907e-8055f76b8e11,Eric Prydz,Call on Me,2004,official-pl-electro-edm|official-pl-french-touch|official-pl-le-sample|official-pl-new-year-party,,true
49c669f6-127d-4bc4-86c5-74f798f1be34,Erick Sermon,Music,2001,official-pl-rap-us,,false
ddd60f2f-69f2-440a-bdb1-88b1ea7a6aab,Eros Ramazzotti,Cose della vita,1993,official-pl-italie|official-pl-italie-classique,,false
d587839a-d177-465b-851b-0db03ea53e1e,Eros Ramazzotti,Più bella cosa,1996,official-pl-italie|official-pl-italie-classique,,true
d1100166-1893-4d69-8b37-df8ac181e68a,Étienne Daho,Comme un boomerang,1989,official-pl-fr-80s|official-pl-fr-80s-hard,3,true
ef4a8ad2-1402-4c37-b14c-8c90e2870c75,Étienne Daho,Saudade,1996,official-pl-fr-90s-mix,,true
89de8d51-4884-45e6-b443-995872491a88,Etta James,At Last,1960,official-pl-love-international|official-pl-reprises-celebres|official-pl-saint-valentin|official-pl-soul-rnb|official-pl-wedding,,false
1721ff84-1f75-46fa-b5f0-324bb946e193,Europe,Carrie,1986,official-pl-hard-rock-80s|official-pl-slows-cultes,3,false
4d4fa4e0-47cb-430f-8cfc-45c223bb171e,Europe,The Final Countdown,1986,official-pl-80s|official-pl-80s-easy|official-pl-80s-medium|official-pl-80s-mix|official-pl-anniversaire|official-pl-chants-de-stade|official-pl-hard-rock-80s|official-pl-intros-legendaires|official-pl-karaoke-komptoir|official-pl-metal|official-pl-pubs-cultes|official-pl-rock|official-pl-un-seul-tube,1,false
dece2bb5-0b35-46fa-846b-7ffe69989c27,Eurythmics,Here Comes the Rain Again,1984,official-pl-80s|official-pl-80s-hard|official-pl-new-wave-synthpop-80s|official-pl-pop,3,false
3a6426aa-2f8b-4a2f-b005-783b2ce08555,Eurythmics,Sweet Dreams (Are Made of This),1983,official-pl-80s|official-pl-80s-easy|official-pl-80s-hard|official-pl-80s-medium|official-pl-80s-mix|official-pl-halloween|official-pl-new-wave-synthpop-80s|official-pl-pop|official-pl-pubs-cultes,1,false
432c4837-4a9f-47ae-9676-0c8675e7c3f0,Evanescence,Bring Me to Life,2003,official-pl-2000s|official-pl-2000s-easy|official-pl-2000s-medium|official-pl-2000s-mix|official-pl-halloween|official-pl-metal|official-pl-punk-rock-90s-2000s,1,false
b7c2c505-25cd-4ad6-88c9-ed375b6402e2,Evanescence,My Immortal,2003,official-pl-halloween|official-pl-metal,,false
34d6480a-5c11-44b1-921f-6ed7b741e994,Eve,Let Me Blow Ya Mind,2001,official-pl-rap-us,,false
e4e9875c-bcd4-4531-b9a5-e305214fe185,Eve 6,Inside Out,1998,official-pl-90s|official-pl-90s-medium|official-pl-one-hit-wonders|official-pl-punk-rock-90s-2000s,2,false
4dba55bf-0001-4035-a20c-3306deea8799,Everclear,Santa Monica,1995,official-pl-punk-rock-90s-2000s,,false
126c4d1e-5876-42bc-bea6-a7290c223ad8,Extreme,More Than Words,1990,official-pl-hard-rock-80s|official-pl-love-international|official-pl-rock|official-pl-saint-valentin|official-pl-slows-cultes,,false
6096f441-590b-413e-a9dc-00a3000f0663,Faith Hill,Breathe,1999,official-pl-country|official-pl-wedding,,false
d3703b8c-4e95-4338-9c5e-ac2ee9b0708f,Falco,Rock Me Amadeus,1985,official-pl-80s|official-pl-80s-easy|official-pl-80s-mix|official-pl-un-seul-tube,1,false
6f6edaef-1fad-4299-b4f4-430ec74e10e1,Fall Out Boy,Centuries,2014,official-pl-films-easy|official-pl-musique-film,1,false
9d3e1b51-0c67-43ff-bd13-7f21560671f9,Fall Out Boy,"Dance, Dance",2005,official-pl-punk-rock-90s-2000s,,false
81c3d284-9e31-403a-8266-3593ab84e72b,Fall Out Boy,Immortals,2014,official-pl-2010s-mix|official-pl-generiques-disney,,false
0d3ae222-eb89-4e53-861f-b77f56b4a1a1,Fall Out Boy,"Sugar, We're Goin Down",2005,official-pl-2000s|official-pl-2000s-medium|official-pl-punk-rock-90s-2000s,2,false
5765c810-3e6b-4660-a6a3-9a9f35d170fc,Fall Out Boy,Thnks fr th Mmrs,2007,official-pl-2000s|official-pl-2000s-medium,2,false
3bbcee6d-9003-4a2e-97e6-20058b97fe35,Fancy,Slice Me Nice,1984,official-pl-italo-disco-classics,,false
0e925784-361a-42c3-ae21-a9e0f88dcda7,Farruko,Pepas,2021,official-pl-latino|official-pl-summer-pool|official-pl-tubes-de-l-ete,,false
5d580bd8-80bf-4b4e-b492-efac29864504,Fastball,The Way,1998,official-pl-one-hit-wonders,,false
b7878aea-ff11-46be-a54a-ce955cbbba74,Fatal Bazooka,Fous ta cagoule,2007,official-pl-fr-2000s-mix,,true
f63a87bb-09b4-4fdb-8f29-1b3d2ec2d921,Fatboy Slim,Praise You,1998,official-pl-90s|official-pl-90s-hard|official-pl-90s-mix|official-pl-electro-edm|official-pl-le-sample|official-pl-pubs-cultes,3,false
dd2288c1-ed2e-462d-b2e2-b8ef77ef417a,Fatboy Slim,"Right Here, Right Now",1999,official-pl-electro-edm|official-pl-french-touch|official-pl-pubs-cultes,,false
ebb4d2e4-0877-4000-a774-b0d64a3e41fa,Fatboy Slim,The Rockafeller Skank,1998,official-pl-90s|official-pl-90s-hard|official-pl-french-touch,3,false
cb01e57f-4d7a-4b88-bf21-d40aea4a6fbb,Fatman Scoop,Be Faithful,1999,official-pl-new-year-party,,false
b9ba6efe-0b88-45b3-bbb5-a41221e32647,Feist,"1, 2, 3, 4",2007,official-pl-2000s|official-pl-2000s-easy,1,false
644baeee-9ffa-45fd-b4d2-63439e008052,Feist,1234,2007,official-pl-2000s-mix|official-pl-pop,2,false
b8cc2e3a-3212-4d10-bb90-69688cc9e378,Fergie,Big Girls Don't Cry,2007,official-pl-2000s|official-pl-2000s-medium|official-pl-summer-hits-yearly,2,false
69410d11-d516-47b7-b818-15c2a3a06664,Fergie,Fergalicious,2006,official-pl-2000s|official-pl-2000s-easy,1,false
511e7982-e501-40da-a75c-f4051e3d966f,Fever Ray,Vikings Main Title (If I Had a Heart),2013,official-pl-series-tv,,false
1c295ff4-03db-4933-ab7b-6571381bc247,Fifth Harmony,Worth It,2015,official-pl-2010s|official-pl-2010s-medium,2,false
1c7f9945-daf9-4d5d-8f0a-7ffd29ff8116,Fifth Harmony ft. Ty Dolla $ign,Work from Home,2016,official-pl-2010s|official-pl-2010s-easy|official-pl-2010s-medium|official-pl-apero-afterwork|official-pl-boys-girls-bands,1,false
ccebd07b-0848-4f05-a186-298c8ff5e1db,FIFTY FIFTY,Cupid,2023,official-pl-2020s|official-pl-2020s-hard|official-pl-2020s-mix,3,false
d2fe2f73-7ff2-41e6-9e9b-c74f6076fb6b,Fine Young Cannibals,She Drives Me Crazy,1988,official-pl-80s|official-pl-80s-medium|official-pl-90s-mix|official-pl-one-hit-wonders,2,false
2e05d848-05dd-4b6c-a631-31810a5627af,Fiona Apple,Hot Knife,2012,official-pl-2010s|official-pl-2010s-hard,3,false
760ef59d-358c-4aad-a58d-e3a6ed3c506c,Five,When the Lights Go Out,1998,official-pl-boys-girls-bands,,false
67d30cb1-6a49-49c2-bb9f-8c5889043977,FKA twigs,Two Weeks,2014,official-pl-2010s|official-pl-2010s-hard|official-pl-2010s-mix,3,false
2b2fce21-9463-4038-b1e3-18b74eabf283,Fleet Foxes,Mykonos,2008,official-pl-2000s|official-pl-2000s-hard,3,false
11322780-b330-4d6b-bcd5-d1b55d1e0b42,Fleet Foxes,White Winter Hymnal,2008,official-pl-2000s|official-pl-2000s-hard,3,false
89fd752d-11fa-4a18-b4d7-d95328c9050b,Fleetwood Mac,Don't Stop,1977,official-pl-disco-funk,,false
9e5ae43f-bda1-403c-b645-5a9f3ca2dc0f,Fleetwood Mac,Dreams,1977,official-pl-70s|official-pl-70s-easy|official-pl-70s-hard|official-pl-70s-medium|official-pl-70s-mix|official-pl-apero-afterwork|official-pl-rock,1,false
bc6132d2-4368-4e02-b510-27a8c17def79,Fleetwood Mac,Go Your Own Way,1977,official-pl-70s|official-pl-70s-easy|official-pl-70s-hard|official-pl-70s-medium|official-pl-70s-mix|official-pl-roadtrip|official-pl-rock,1,false
456f02c9-2f12-4963-bce8-52535918ea07,Fleetwood Mac,Little Lies,1987,official-pl-roadtrip,,false
bb19a9c0-caff-48eb-a955-1bddd0f5aa0e,Flo Rida,Good Feeling,2011,official-pl-electro-edm|official-pl-tubes-de-l-ete,,false
c928dc9a-3021-4182-b646-cee216398363,Flo Rida,Low,2007,official-pl-2000s|official-pl-2000s-easy,1,false
9738e99d-d4a6-4cde-8974-eb97a90b3085,Florence + The Machine,Dog Days Are Over,2010,official-pl-2010s|official-pl-2010s-hard|official-pl-pop,3,false
4c9feb77-53b3-4a9c-8065-28879bc5d005,Florence + The Machine,Shake It Out,2011,official-pl-2010s|official-pl-2010s-hard|official-pl-2010s-medium|official-pl-pop,2,false
4b2d0777-e20e-4e5e-b810-4d64efc2caa7,Florent Mothe,L'assasymphonie,2009,official-pl-musicales-fr,,true
68fa7e09-3abf-4bb6-83f2-75d1aab75812,Florent Pagny,Caruso,1996,official-pl-duos-cultes|official-pl-fr-90s|official-pl-fr-90s-hard,3,true
28134959-8c39-4f42-b22b-bdef827b590d,Florent Pagny,Le présent d'abord,2014,official-pl-fr-2010s-mix,,true
8910eef6-dafc-49b8-9fff-f4bb947f857a,Florent Pagny,Le Soldat,2013,official-pl-fr-2010s|official-pl-fr-2010s-hard,3,true
997fe4ab-6f04-43ec-bfe1-0fe43bed5944,Florent Pagny,Savoir aimer,1997,official-pl-fr-90s|official-pl-fr-90s-easy|official-pl-variete-francaise,1,true
7b4a4545-939f-46bb-8fa2-5268daf1ddaf,Florent Pagny,Vivre pour le meilleur,1999,official-pl-fr-90s-mix,,true
a70e13ef-cdbd-42fa-b557-d1ea4e8307a7,Florida Georgia Line,Cruise,2012,official-pl-country,,false
62722abc-d687-4db2-b8f0-2cf77a7477cd,Florine Orphelin,Sailor Moon (générique français),1995,official-pl-club-dorothee,,true
bf7c6484-8151-4f3b-81ce-826ab7142e83,Foo Fighters,All My Life,2002,official-pl-2000s-mix,,false
f1fa8e40-1a61-46be-8f7d-351c52cef21c,Foo Fighters,Big Me,1996,official-pl-90s|official-pl-90s-hard,3,false
58341f32-d864-4c73-8d49-5b6537a505aa,Foo Fighters,Everlong,1997,official-pl-90s|official-pl-90s-mix|official-pl-intros-legendaires|official-pl-punk-rock-90s-2000s|official-pl-rock,,false
3b270562-7927-4820-a46c-e9be9eec3cc4,Foo Fighters,Learn to Fly,1999,official-pl-roadtrip|official-pl-rock,,false
1023fe84-6b01-4bb9-9be0-23717dca4827,Foo Fighters,The Pretender,2007,official-pl-2000s-mix|official-pl-punk-rock-90s-2000s,,false
87d7382c-0bcf-4fbd-b496-95af3928f7c5,Fool's Garden,Lemon Tree,1995,official-pl-summer-pool,,false
6c8e71f2-98bd-414e-893a-6f516c0397ef,Foreigner,Hot Blooded,1978,official-pl-70s-mix|official-pl-hard-rock-80s,,false
1de1c1d4-4f41-4420-9c9e-f5349b19cc19,Foreigner,I Want to Know What Love Is,1984,official-pl-80s|official-pl-80s-easy|official-pl-80s-hard|official-pl-80s-medium|official-pl-80s-mix|official-pl-generiques-films-series|official-pl-hard-rock-80s|official-pl-love-international|official-pl-rock|official-pl-slows-cultes,1,false
dbfc59dd-77c3-443b-ae90-86715b7ecbc3,Foster the People,Helena Beat,2011,official-pl-2010s|official-pl-2010s-hard,3,false
1e22d81e-9e90-4f54-b4d2-e7f6cb29a970,Foster the People,Pumped Up Kicks,2010,official-pl-2010s|official-pl-2010s-easy|official-pl-2010s-hard|official-pl-2010s-medium|official-pl-2010s-mix|official-pl-apero-afterwork|official-pl-pop,1,false
46dc8903-3d98-4a58-b8df-1a05e20f956f,Foster the People,Sit Next to Me,2017,official-pl-apero-afterwork,,false
f5cda26a-a2e1-4cca-b49b-2e10913e4e42,Fountains of Wayne,Stacy's Mom,2003,official-pl-2000s|official-pl-2000s-easy|official-pl-2000s-medium|official-pl-2000s-mix|official-pl-one-hit-wonders|official-pl-punk-rock-90s-2000s|official-pl-un-seul-tube,1,false
34e6b9ca-41ec-49bd-a515-8764ffdddc2e,France Gall,"Ella, elle l'a",1987,official-pl-chanson-francaise-culte|official-pl-fr-80s-mix|official-pl-variete-francaise,,true
52b4986b-5bf7-423e-9f9e-d5869c1750bc,France Gall,Les Sucettes,1966,official-pl-yeye-60s-fr,,true
8df5bb8d-c57d-49aa-a02f-04c68140780c,France Gall,"Poupée de cire, poupée de son",1965,official-pl-variete-francaise|official-pl-yeye-60s-fr,,true
fc028f5d-0558-497b-a58a-f576abd4d176,Francesco De Gregori,La donna cannone,1983,official-pl-italie|official-pl-italie-classique,,true
56c189d5-eda3-412b-b8d0-5eec825306f4,Francis Cabrel,Encore et encore,1985,official-pl-fr-80s|official-pl-fr-80s-medium,2,true
de80ab1e-3090-475b-a018-1a19ecd15349,Francis Cabrel,Je l'aime à mourir,1979,official-pl-chanson-francaise-culte|official-pl-saint-valentin,,true
fa84b6e3-5572-4645-9aa8-7d47dab6d315,Francis Cabrel,"Je t'aimais, je t'aime, je t'aimerai",1994,official-pl-fr-90s-mix,,true
6b5f7cfc-a706-40e5-ab8a-97a3015355ce,Francis Cabrel,L'encre de tes yeux (Clip officiel),,,,true
45be415b-8870-4230-b521-76adc60b360c,Francis Cabrel,La cabane du pêcheur,1996,official-pl-fr-90s|official-pl-fr-90s-easy,1,true
3d258184-40b0-4598-8156-a700a9b60fb2,Francis Cabrel,La corrida (Clip officiel),,,,true
44d1c78d-d1cd-4141-8e9f-380f11abd8e2,Francis Cabrel,Octobre (Clip officiel),,,,true
adc2502b-ae63-42ae-a357-98cfcfff928b,Francis Cabrel,Petite Marie (Clip officiel 1991),,,,true
94eee75e-d5ee-40e4-bbee-e82eb494a07e,Francis Cabrel,Sarbacane,1989,official-pl-fr-80s-mix,,true
d1ccf94d-e7d8-4767-8e29-df63f855adfb,François Feldman,Magic Boulevard,1989,official-pl-fr-80s-mix,,true
7be03e80-9fb5-4782-9fc3-129dbec98977,Françoise Hardy,Le temps de l'amour,1962,official-pl-yeye-60s-fr,,true
e16e7cdc-35a8-486f-a3a4-8bf983bf89e2,Françoise Hardy,Tous les garçons et les filles,1962,official-pl-variete-francaise|official-pl-yeye-60s-fr,,true
ed8e77de-4dd5-49a5-8bb8-edb66f9529df,Frank & Nancy Sinatra,Somethin' Stupid,1967,official-pl-duos-cultes,,false
f9429c73-4e03-4653-85d0-4061e1c2b48a,Frank Sinatra,Fly Me to the Moon,1964,official-pl-generiques-films-series|official-pl-pubs-cultes,,false
151e5f64-394a-40b7-9898-33c3b51ef2a4,Frank Sinatra,My Way,1969,official-pl-60s|official-pl-reprises-celebres,,false
b10598e0-2d05-4491-9270-d1f7cafe456a,Frankie Goes to Hollywood,Relax,1983,official-pl-80s|official-pl-80s-hard|official-pl-80s-medium|official-pl-80s-mix|official-pl-one-hit-wonders|official-pl-un-seul-tube,2,false
4205a000-5b7d-4e53-a251-72c1b38fef39,Frankie Goes to Hollywood,Two Tribes,1984,official-pl-80s|official-pl-80s-hard|official-pl-new-wave-synthpop-80s,3,false
1ec8d306-e3c8-41ba-9e27-cc05fcf29c38,Frankie Valli,Can't Take My Eyes Off You,1967,official-pl-reprises-celebres,,false
cce959f0-8c43-4ece-9184-482cecfcd7ef,Frankie Valli & The Four Seasons,"December, 1963 (Oh, What a Night)",1975,official-pl-disco-funk,,false
2cfd4b83-6f78-4c67-8e32-b9603f6da858,Franz Ferdinand,Take Me Out,2004,official-pl-2000s|official-pl-2000s-easy|official-pl-2000s-hard|official-pl-2000s-medium|official-pl-2000s-mix|official-pl-intros-legendaires|official-pl-rock,1,false
3b78a526-cafa-4fa1-808f-926e104beebe,Fredericks Goldman Jones,À nos actes manqués,1990,official-pl-duos-cultes|official-pl-fr-90s-mix,1,true
7f5eaedb-edcb-42f2-87ed-17d8999625b9,Fredericks Goldman Jones,Né en 17 à Leidenstadt,1991,official-pl-fr-90s-mix,,true
34954903-8902-449d-b951-82e57ff4747d,Free,All Right Now,1970,official-pl-70s|official-pl-70s-medium|official-pl-rock,2,false
74a90dea-9994-4535-9b28-936c99219390,Fugees,Killing Me Softly,1996,official-pl-90s|official-pl-90s-easy|official-pl-rap-us,1,false
662d1199-ba03-4744-a5b2-96a471c13428,Fugees,Killing Me Softly with His Song,1996,official-pl-reprises-celebres,,false
87bfac8d-2b97-4930-8f3e-39dc377e3b04,Fugees,Ready or Not,1996,official-pl-rap-us,,false
38a26bf1-17c6-4372-81a5-f5869156c05b,fun.,Some Nights,2012,official-pl-2010s|official-pl-2010s-hard|official-pl-2010s-medium|official-pl-apero-afterwork|official-pl-karaoke|official-pl-summer-pool,2,false
0daee108-7169-4752-9eb2-83b8a49b0020,fun.,We Are Young,2011,official-pl-2010s|official-pl-2010s-easy|official-pl-2010s-hard|official-pl-2010s-medium|official-pl-2010s-mix|official-pl-karaoke,1,false
e181c637-b468-483e-a6b8-efd77ba2f484,Future feat. Drake,Life Is Good,2020,official-pl-2020s|official-pl-2020s-medium,2,false
614a161f-28ab-407a-8d89-d3690e900880,Gala,Freed from Desire,1996,official-pl-anniversaire|official-pl-chants-de-stade|official-pl-eurodance-90s|official-pl-french-touch|official-pl-guilty-pleasures|official-pl-new-year-party|official-pl-tubes-de-l-ete,,false
66e07556-aa7e-44f5-98bc-2079f9bad1f5,Galantis,Peanut Butter Jelly,2015,official-pl-electro-edm,,false
b4ba54d8-7b67-493e-ab77-eb63f523a7e7,Galantis,Runaway (U & I),2014,official-pl-electro-edm,,false
61c8013b-345e-4e7a-9848-fd5ce1a48bf9,Garbage,The World Is Not Enough,1999,official-pl-james-bond,,false
099251fe-a324-4dd1-94ac-2bc403883d81,Garou,Seul,2001,official-pl-fr-2000s|official-pl-fr-2000s-easy|official-pl-quebec,1,true
11fe18a1-35a5-4bcb-be67-f7132bc086b6,Garou & Céline Dion,Sous le vent,2002,official-pl-duos-cultes|official-pl-fr-2000s|official-pl-fr-2000s-easy,1,true
0e6e3aac-542c-411d-b26f-e38639f5aa23,"Garou, Daniel Lavoie, Patrick Fiori",Belle,1998,official-pl-fr-90s|official-pl-fr-90s-easy,1,true
6ec7a673-c7c3-4351-b221-19bbb1a0c6f5,Garth Brooks,Friends in Low Places,1990,official-pl-country,,false
3fccac21-3cad-4993-adc2-dfe75458a80e,Garth Brooks,The Dance,1990,official-pl-country,,false
30a2ea56-86cd-4d3d-83ea-4b81bf2505c0,Gary Jules,Mad World,2003,official-pl-reprises-celebres,,false
8d421b23-415c-4b60-b1d0-5f2bdb7f042c,Gary Numan,Cars,1979,official-pl-80s|official-pl-one-hit-wonders|official-pl-pop,,false
5457e4e8-4498-4c87-acf8-15402f46e25e,Gary Wright,Dream Weaver,1975,official-pl-70s-mix,,false
a3d5c835-6365-436a-999b-b604a46395ea,GAYLE,abcdefu,2021,official-pl-2020s-mix|official-pl-tiktok-viral,1,false
0b3f73d1-330a-409d-b3de-2b563ec52430,Gazebo,I Like Chopin,1983,official-pl-italo-disco-classics,,false
e76e5f66-8142-4d87-a2de-94710a8e44fc,Gazo,Drill FR 4,2021,official-pl-hiphop-fr-2020s,,true
1c159f44-aef2-42b0-a63e-81086205ec78,George Ezra,Budapest,2014,official-pl-2010s|official-pl-2010s-hard|official-pl-2010s-medium|official-pl-apero-afterwork|official-pl-summer-pool,2,false
9b49d0b2-f11a-49b7-ab3b-e333090bd1f6,George Ezra,Shotgun,2018,official-pl-summer-pool,,false
51a16c12-04af-4f1b-86ec-1ab158b45862,George Michael,Careless Whisper,1984,official-pl-80s|official-pl-80s-easy|official-pl-80s-medium|official-pl-80s-mix|official-pl-love-international|official-pl-pop|official-pl-saint-valentin|official-pl-slows-cultes,1,false
79e14741-315b-4236-9eda-8861efcbcaf5,George Michael,Faith,1987,official-pl-80s-mix|official-pl-pop,,false
938502d1-1e43-4d22-ab17-9f84fa70e0b3,Georges Brassens,Les amoureux des bancs publics,1953,official-pl-chanson-fr-classique,,true
bb720be1-f583-4a6d-bebe-d4b15fc376a9,Georges Brassens,Les copains d'abord,1964,official-pl-chanson-fr-classique|official-pl-variete-francaise,,true
29d5c058-8848-403e-aedb-0ae89d033250,Georges Moustaki,Le métèque,1969,official-pl-boomers-60-plus,,true
55ba8935-854e-4bba-94c5-3fc993316b6b,Georges Moustaki,Ma Liberté,1969,official-pl-chanson-fr-classique,,true
10582efc-d2b1-4376-83a3-d5e077752d7c,Gérard Blanc,Une autre histoire,1987,official-pl-fr-80s|official-pl-fr-80s-hard,3,true
66b1d594-9cd3-4086-9d33-f23329074e25,Gerry & The Pacemakers,You'll Never Walk Alone,1963,official-pl-chants-de-stade,,false
c9cf7787-cc3a-4cd7-bf59-a182aa968a1a,Gerry Rafferty,Baker Street,1978,official-pl-70s|official-pl-70s-easy|official-pl-70s-medium|official-pl-70s-mix,1,false
31fb2c43-bdba-4c6e-a3f9-5312cb05844f,Gilbert Bécaud,Et maintenant,1961,official-pl-chanson-fr-classique|official-pl-variete-francaise|official-pl-yeye-60s-fr,,true
743e3f09-d93c-4bdb-b824-5346854b4b17,Gilbert Bécaud,Nathalie,1964,official-pl-chanson-fr-classique|official-pl-variete-francaise,,true
df1decc1-064a-473a-8a33-dca0dbe70add,Ginuwine,Pony,1996,official-pl-soul-rnb,,false
d76302f1-b1bc-4eb0-946e-1d052238242e,Gipsy Kings,Bamboleo,1987,official-pl-latino|official-pl-latino-fiesta|official-pl-tubes-de-l-ete,,false
13c8ce1c-5192-4b52-a074-ac5610a6b51b,Gladys Knight,Licence to Kill,1989,official-pl-james-bond,,false
d9085d3c-ec0e-4db3-8b9b-8eaf88f6e294,Gladys Knight & The Pips,I Heard It Through the Grapevine,1967,official-pl-soul-rnb,,false
625ef182-72f5-4864-ba32-8fff04b7481f,Glass Animals,Heat Waves,2020,official-pl-2020s|official-pl-2020s-easy|official-pl-2020s-hard|official-pl-2020s-medium|official-pl-2020s-mix|official-pl-pop|official-pl-tiktok-viral|official-pl-tubes-de-l-ete,1,false
2b26ad0b-367e-42e1-88c3-70edd3136cd9,Glen Hansard & Marketa Irglova,Falling Slowly,2007,official-pl-wedding,,false
0bf6891c-b77e-48ed-8a52-71b7dc8af730,Gloria Gaynor,I Will Survive,1978,official-pl-70s|official-pl-70s-easy|official-pl-70s-medium|official-pl-chants-de-stade|official-pl-disco-dancefloor|official-pl-disco-funk|official-pl-generiques-films-series,1,false
4572a091-bfc5-48f1-bb2d-ff6ce024ec32,Gnarls Barkley,Crazy,2006,official-pl-2000s|official-pl-2000s-medium|official-pl-2000s-mix|official-pl-chants-de-stade|official-pl-karaoke|official-pl-le-sample|official-pl-pubs-cultes|official-pl-un-seul-tube,2,false
4feab50d-0fac-43d7-b19b-0bc9b058fffd,Go_A,Shum,2021,official-pl-eurovision,,false
90bb8e3f-7b67-4389-9467-f0f7f016aff2,Godsmack,Awake,2000,official-pl-halloween,,false
408fd440-03ad-47af-b70c-f75206b42bb6,Godsmack,Voodoo,1998,official-pl-halloween,,false
c5ab24c2-f012-4ed7-90aa-7ab5dcda67b8,Gold,Capitaine abandonné,1985,official-pl-fr-80s|official-pl-fr-80s-hard,3,true
bf075fb3-71e9-4b69-940d-971b1cb9ce5f,Gold,Plus près des étoiles,1985,official-pl-fr-80s|official-pl-fr-80s-easy,1,true
a8740368-1900-460c-9616-72445681eb45,Golden Earring,Radar Love,1973,official-pl-70s|official-pl-70s-hard|official-pl-70s-medium,2,false
ab6fde70-b775-4d97-bcc9-513c7433526e,Goo Goo Dolls,Iris,1998,official-pl-90s|official-pl-90s-easy|official-pl-90s-hard|official-pl-90s-medium|official-pl-films-easy|official-pl-love-international|official-pl-musique-film|official-pl-punk-rock-90s-2000s|official-pl-roadtrip|official-pl-saint-valentin|official-pl-slows-cultes|official-pl-wedding,1,false
0404ef5e-1200-43a0-a610-ce98f781d65f,Goo Goo Dolls,Slide,1998,official-pl-90s|official-pl-90s-hard|official-pl-punk-rock-90s-2000s,3,false
85835a0e-37f9-4f99-84ad-aa81500fbad0,Good Charlotte,Lifestyles of the Rich and Famous,2002,official-pl-punk-rock-90s-2000s,,false
58d87a9d-4266-4c61-8710-fb3cae95a496,Good Charlotte,The Anthem,2002,official-pl-punk-rock-90s-2000s,,false
b75750a4-679d-44b2-a55e-5d3532d98e37,Gorillaz,Clint Eastwood,2001,official-pl-apero-afterwork|official-pl-pubs-cultes,,false
f6349513-d325-46ad-8bb4-384443ec1373,Gorillaz,Dare,2005,official-pl-french-touch,,false
ab2fde72-09fd-4a4a-abed-820cd9c3c99b,Gorillaz,Feel Good Inc.,2005,official-pl-2000s|official-pl-2000s-easy|official-pl-2000s-medium|official-pl-2000s-mix|official-pl-french-touch|official-pl-pubs-cultes|official-pl-roadtrip,1,false
6949257b-df93-48ec-a1a9-7722c61342d0,Gotye,Somebody That I Used to Know,2011,official-pl-2010s|official-pl-2010s-easy|official-pl-2010s-hard|official-pl-2010s-medium|official-pl-2010s-mix|official-pl-halloween|official-pl-new-year-party|official-pl-summer-hits-yearly|official-pl-un-seul-tube,1,false
f65eed11-e56b-47d3-b0f1-519981c87feb,Grand Corps Malade,Roméo kiffe Juliette,2010,official-pl-fr-2010s|official-pl-fr-2010s-hard,3,true
d596b474-16ae-4b7f-99bd-90c9a11def11,Green Day,American Idiot,2004,official-pl-2000s|official-pl-2000s-easy|official-pl-2000s-medium|official-pl-2000s-mix|official-pl-intros-legendaires|official-pl-punk-rock-90s-2000s|official-pl-rock,1,false
e2a4c848-e1aa-4dd5-8f74-8b559f749713,Green Day,Basket Case,1994,official-pl-90s|official-pl-90s-hard|official-pl-90s-medium|official-pl-90s-mix|official-pl-punk-rock-90s-2000s,2,false
b5cff5c3-b39c-422f-95ae-029b24a0c6da,Green Day,Boulevard of Broken Dreams,2004,official-pl-2000s|official-pl-2000s-medium|official-pl-2000s-mix|official-pl-films-easy|official-pl-musique-film|official-pl-rock,1,false
0706c836-dbe7-4fde-a73a-7e9322a84eb5,Green Day,Good Riddance (Time of Your Life),1997,official-pl-90s|official-pl-90s-hard|official-pl-90s-medium|official-pl-90s-mix,2,false
92bc87d7-941b-4edc-9971-20e09f3b751c,Grégoire,Toi + Moi,2008,official-pl-fr-2000s|official-pl-fr-2000s-easy|official-pl-saint-valentin|official-pl-variete-francaise,1,true
16cc24ff-5bcd-43da-a0ee-835f647c40b4,Grimes,Genesis,2012,official-pl-2010s|official-pl-2010s-hard,3,false
709e3f4f-83fd-46ed-a182-167d50e4cefa,Grimes,Oblivion,2012,official-pl-2010s|official-pl-2010s-hard,3,false
322faff3-5fd0-48d6-8671-bbbb3e72013b,Grizzly Bear,Two Weeks,2009,official-pl-2000s|official-pl-2000s-hard,3,false
b15173c1-1b50-4b6c-9002-07fe730c42f0,Grouplove,Tongue Tied,2011,official-pl-2010s|official-pl-2010s-hard,3,false
696acc5c-0667-4fb8-8885-8bf53a9d092a,Grouplove,Ways to Go,2013,official-pl-2010s|official-pl-2010s-hard,3,false
565f734f-29e8-4710-8c42-45f019c0e5d8,Guns N' Roses,November Rain,1991,official-pl-90s|official-pl-90s-easy|official-pl-rock|official-pl-slows-cultes,1,false
bceebaae-502a-4ffb-9e2d-1ce8e4fbd79a,Guns N' Roses,Sweet Child o' Mine,1987,official-pl-80s|official-pl-80s-easy|official-pl-80s-medium|official-pl-80s-mix|official-pl-hard-rock-80s|official-pl-intros-legendaires|official-pl-karaoke|official-pl-metal|official-pl-rock,1,false
f00429de-e6fc-4de5-bfc8-e44418ae14e2,Guns N' Roses,Welcome to the Jungle,1987,official-pl-chants-de-stade|official-pl-hard-rock-80s|official-pl-metal|official-pl-rock,3,false
09b1f96a-ce14-4d62-b0f5-144cafe3a634,Guru Josh Project,Infinity,2008,official-pl-electro-edm,,false
1bd5699b-d205-4b5d-968c-c5aec84b0110,Gustavo Santaolalla,The Last of Us Main Theme,2013,official-pl-video-games,,false
bdb79aa0-1976-41e6-8cec-be70bf8d65bd,Gustavo Santaolalla,The Wings (Brokeback Mountain),2005,official-pl-films-hard|official-pl-musique-film,3,false
d4dca135-9ad3-4b9b-b1db-91efff27e4b4,Gwen Stefani,Hollaback Girl,2004,official-pl-2000s|official-pl-2000s-easy|official-pl-2000s-medium|official-pl-2000s-mix|official-pl-pop|official-pl-pop-divas|official-pl-summer-hits-yearly,1,false
4946f174-e3e4-4ead-9744-2720a1809ef3,Gwen Stefani,Sweet Escape,2006,official-pl-2000s|official-pl-2000s-medium,2,false
b18a0b8a-aab9-4037-b19f-fd5883fa7cd9,Gym Class Heroes,Stereo Hearts,2011,official-pl-2010s|official-pl-2010s-medium,2,false
f4daff82-7668-49c4-b312-d06f167a9395,Haddaway,What Is Love,1993,official-pl-90s|official-pl-90s-easy|official-pl-90s-medium|official-pl-90s-mix|official-pl-anniversaire|official-pl-apero-afterwork|official-pl-eurodance-90s|official-pl-french-touch|official-pl-guilty-pleasures|official-pl-karaoke|official-pl-new-year-party|official-pl-one-hit-wonders|official-pl-pubs-cultes|official-pl-summer-pool,1,false
09d1b04b-2e85-48d9-9770-4f0d078e4f33,Hairspray Cast,You Can't Stop the Beat,2007,official-pl-musicals-us,,false
825cf14c-0d3e-4a2a-bf94-3a249d67d718,Halsey,Without Me,2018,official-pl-2010s-mix|official-pl-2020s|official-pl-2020s-easy|official-pl-pop,1,false
e26b1d23-bbc3-4d40-84f1-18e227383547,Hamza,HS,2021,official-pl-hiphop-fr-2020s,,true
c9bbe036-b9e1-4f7f-b8e3-ec4aff83f1a9,Hans Zimmer,A Way of Life (The Last Samurai),2003,official-pl-films-hard|official-pl-musique-film,3,false
42518bdf-e71b-4831-83c8-5f8cdcd9e609,Hans Zimmer,Now We Are Free (Gladiator),2000,official-pl-films-medium|official-pl-musique-film,2,false
8c741616-57ab-43c3-97d4-5b482015c368,Hans Zimmer,Time,2010,official-pl-films-hard|official-pl-musique-film,3,false
d1d1e650-182f-4cab-b5d4-4afce57b692e,Hans Zimmer,Time (Inception),2010,official-pl-films-medium|official-pl-musique-film,2,false
00240468-da51-49fe-a2b2-11c9701195b3,Hanson,MMM Bop,1997,official-pl-90s|official-pl-90s-medium,2,false
7771fbeb-45a7-4e35-a98d-4b9a726c921d,Hanson,MMMBop,1997,official-pl-90s|official-pl-90s-easy|official-pl-90s-mix|official-pl-boys-girls-bands|official-pl-karaoke|official-pl-one-hit-wonders,1,false
9a17c15f-64b1-4deb-8fd5-168c195ff522,Happy Mondays,Step On,1990,official-pl-90s|official-pl-90s-hard,3,true
3645d2e8-54e9-4751-9f75-545d0beb8aec,Harold Faltermeyer,Axel F (Beverly Hills Cop),1984,official-pl-films-medium|official-pl-generiques-films-series|official-pl-musique-film,2,false
398e54ea-dbcd-4753-9d69-1dd54c03d1de,Harry Styles,As It Was,2022,official-pl-2020s|official-pl-2020s-easy|official-pl-2020s-hard|official-pl-2020s-medium|official-pl-2020s-mix|official-pl-pop|official-pl-tiktok-viral|official-pl-tubes-de-l-ete,1,true
ebdb573a-c45f-4179-9337-55fb49f0e372,Harry Styles,From the Dining Table,2017,official-pl-2010s-mix,,false
44fb61fb-bba2-419b-b57e-1ce81217ac6f,Harry Styles,Watermelon Sugar,2020,official-pl-2020s|official-pl-2020s-easy|official-pl-2020s-hard|official-pl-2020s-medium|official-pl-2020s-mix,1,false
10aa9b9f-2f5c-4da8-a5c7-d3f46b046d37,Harvey Danger,Flagpole Sitta,1997,official-pl-90s|official-pl-90s-hard|official-pl-90s-medium|official-pl-one-hit-wonders|official-pl-punk-rock-90s-2000s|official-pl-un-seul-tube,2,false
80e27ace-95bf-426a-8968-c3099d99a242,Heart,Alone,1987,official-pl-hard-rock-80s|official-pl-rock|official-pl-slows-cultes,3,false
32ec970e-c0ef-4aad-9192-ab13e77c3134,Heart,Barracuda,1977,official-pl-70s|official-pl-70s-hard|official-pl-70s-medium|official-pl-70s-mix|official-pl-rock,2,false
a7404ae9-6c05-4551-badb-4d2d823b1bd0,Heart,Crazy on You,1976,official-pl-70s-mix,,true
4cb474c1-1717-4af9-b1d5-51068ce09c27,Helena Paparizou,My Number One,2005,official-pl-eurovision,,false
8b7b5e7d-8749-43f8-99d6-6621ad70d757,Hélène Rollès,Je m'appelle Hélène,1993,official-pl-fr-90s|official-pl-fr-90s-easy,1,true
3e22a3da-552f-4ad2-9612-6d07c8a9b525,Hélène Ségara,Bohémienne,1998,official-pl-musicales-fr,,true
3fbf3e47-d591-4db1-b4c7-0601d77f040a,Hélène Ségara,Vivo per lei,1997,official-pl-fr-90s|official-pl-fr-90s-medium,2,true
fb973690-e5b2-4995-b317-dff6b22bc095,Hélène Ségara,Vivre,1998,official-pl-musicales-fr,,true
1b6dcb59-9d41-4578-98cb-b57492d06dab,Henri Dès,La poulette,1981,official-pl-enfants-4-8-ans,,true
861a0643-445c-45fa-ab57-88242f6fd2a5,Henri Dès,Le facteur n'est pas passé,1976,official-pl-enfants-4-8-ans,,true
c8e1193b-91d2-4e04-a6f8-91be5fc36dca,Henri Salvador,Jardin d'hiver,2000,official-pl-fr-2000s|official-pl-fr-2000s-medium,2,true
2eda2530-275f-409d-8cda-e33dede5603d,Henri Salvador,"Une chanson douce (Le loup, la biche et le chevalier)",1950,official-pl-enfants-4-8-ans,,true
1048eebd-10e2-40e1-8ba9-4915accfb80a,Herbert Léonard,Pour le plaisir,1981,official-pl-fr-80s-mix,,true
2b036aa6-4ffa-4440-9f0b-52b23d8359c9,Hervé Lapalud,Pokémon (générique français),1999,official-pl-club-dorothee,,true
668d716e-a58e-42be-9e6a-1b5724682fcf,Hervé Vilard,Capri c'est fini,1965,official-pl-variete-francaise|official-pl-yeye-60s-fr,,true
7f75526c-8825-4bf2-9e1c-062ec93e7181,Hirokazu Tanaka,Tetris (Theme A / Korobeiniki),1989,official-pl-video-games,,false
f5dd8c8a-9708-4188-9c6f-f521875a242d,Hoobastank,The Reason,2003,official-pl-2000s|official-pl-2000s-easy|official-pl-2000s-mix,1,false
b6c49dc4-5e80-4a45-a708-fc566b4c255e,House of Pain,Jump Around,1992,official-pl-90s-mix|official-pl-anniversaire|official-pl-chants-de-stade|official-pl-le-sample|official-pl-rap-us|official-pl-un-seul-tube,,false
0f89ffeb-56a5-4c20-aa23-a2b8035b0f35,Howard Shore,Concerning Hobbits (The Lord of the Rings),2001,official-pl-films-easy|official-pl-musique-film,1,false
de4bb517-9391-422d-8c7a-59b8fa07a460,Hozier,Take Me to Church,2013,official-pl-2010s|official-pl-2010s-easy|official-pl-2010s-hard|official-pl-2010s-medium|official-pl-2010s-mix|official-pl-apero-afterwork|official-pl-tiktok-viral,1,false
8339b820-5eff-45d7-b911-8ef14b76a5af,Hues Corporation,Rock the Boat,1974,official-pl-disco-funk,,false
d6a39adf-4408-46ca-8eb4-9abddc140dd1,Huey Lewis & The News,The Power of Love,1985,official-pl-80s|official-pl-80s-medium,2,false
6e56e2fb-9623-4e47-85d6-a8084146db09,Hugh Jackman,The Greatest Show,2017,official-pl-musicals-us,,false
47a465a9-0518-4030-af90-29efdd9d0858,Hugues Aufray,Adieu monsieur le professeur,1968,official-pl-boomers-60-plus,,true
a863fb31-0f90-48be-8430-b9a3176f95a8,IAM,Demain c'est loin,1997,official-pl-fr-90s|official-pl-fr-90s-hard|official-pl-rap-fr-culte|official-pl-variete-francaise,3,true
34ec3567-f914-42f4-9c8e-cdb26d4bb3c8,IAM,Petit frère,1998,official-pl-fr-90s|official-pl-fr-90s-medium|official-pl-variete-francaise,2,true
e0a3e3d7-31c3-474a-8dc0-18a830402420,Ice Cube,It Was a Good Day,1992,official-pl-90s|official-pl-90s-easy|official-pl-rap-us,1,false
4dd49c56-b5f5-4ef2-9b7a-8661ad019e5d,Ice Cube,Today Was a Good Day,1993,official-pl-rap-us,,false
d3d52d65-dd49-4c57-9126-f628ed1d3888,Idina Menzel,Defying Gravity,2003,official-pl-musicals-us,,false
436d95b2-f85d-43b8-9feb-721bb715d308,Idina Menzel,Into the Unknown,2019,official-pl-films-easy|official-pl-generiques-disney|official-pl-musique-film,1,false
38cfa679-a7d1-409c-8dee-6fc147c653b4,Idina Menzel,Let It Go,2013,official-pl-disney-en|official-pl-generiques-disney|official-pl-generiques-films-series|official-pl-musicals-us,,false
9292e1eb-c466-41a4-9a77-fdb8aa67a8a8,Idina Menzel,Let It Go (Frozen),2013,official-pl-films-easy|official-pl-musique-film,1,false
ef50a0ed-cc93-4d7d-b0ea-012d3fcab09e,Idina Menzel & AURORA,Into the Unknown,2019,official-pl-musicals-us,,false
403e3d28-3139-4b31-98e1-09032a366f23,"Idina Menzel, AURORA",Into the Unknown,2019,official-pl-disney-en,,false
a7282d3c-1436-4dfc-9460-d627b9cb58d6,"Idina Menzel, Evan Rachel Wood",Show Yourself,2019,official-pl-disney-en,,false
027593e4-8148-4f05-a8a9-0d400b4e6b55,Iggy Pop,Lust for Life,1977,official-pl-pubs-cultes,,false
576d2fe7-c593-407a-91c5-7964734dbdc4,Ilona Mitrecey,Un monde parfait,2005,official-pl-fr-2000s|official-pl-fr-2000s-easy,1,true
9f2dfe05-45c8-4979-99f1-82fcf2cbf1a5,Ima Robot,Greenback Boogie (Suits),2009,official-pl-series-tv,,false
ac399fcf-03b5-4e32-9854-05c5e4e5e07e,Images,Les démons de minuit,1986,official-pl-chanson-francaise-culte|official-pl-fr-80s|official-pl-fr-80s-hard,3,true
e1484707-f059-422f-bd90-3a64ae51c0c4,Imagination,Just an Illusion,1982,official-pl-disco-dancefloor|official-pl-disco-funk|official-pl-pubs-cultes,,false
723b0c18-b2d6-439b-b2be-68b9e2e848e6,Imagine Dragons,Believer,2017,official-pl-2010s|official-pl-2010s-medium|official-pl-2010s-mix|official-pl-2020s|official-pl-2020s-easy|official-pl-films-easy|official-pl-musique-film|official-pl-pop,1,false
322a2370-41ca-4504-9b4b-529f4733fe75,Imagine Dragons,Bones,2022,official-pl-2020s|official-pl-2020s-hard,3,false
ba981209-7c7d-4365-939d-3f21731e7023,Imagine Dragons,Demons,2013,official-pl-2010s|official-pl-2010s-easy|official-pl-2010s-hard|official-pl-halloween,1,false
1ca49dd6-1150-4c90-bcfc-3944e5e5bc91,Imagine Dragons,Radioactive,2012,official-pl-2010s|official-pl-2010s-easy|official-pl-2010s-hard|official-pl-2010s-medium|official-pl-2010s-mix|official-pl-films-easy|official-pl-halloween|official-pl-musique-film|official-pl-pop|official-pl-roadtrip|official-pl-summer-pool,1,false
2a87a2b1-6fe5-4a46-babd-e17e0d607c05,Imagine Dragons,Thunder,2017,official-pl-pop|official-pl-roadtrip,,false
4c5fdd97-3ec0-4788-8d36-b57620d0718c,Imagine Dragons & JID,Enemy,2021,official-pl-2020s|official-pl-2020s-easy|official-pl-2020s-hard|official-pl-2020s-medium,1,false
8c88d075-63af-48e4-a2ca-fdb3564aebc3,Imany,Catastrophe,2011,official-pl-fr-2010s|official-pl-fr-2010s-medium,2,true
5cd88ccf-e500-440e-83e9-24f7696afd4c,Incubus,Drive,2000,official-pl-roadtrip,,false
f13917dd-3dc4-4ee3-a38f-7b99df7f6306,Indeep,Last Night a D.J. Saved My Life,1982,official-pl-anniversaire|official-pl-disco-funk,,false
841f9a32-9484-457c-83a8-bbf98b41d33d,Indila,Dernière danse,2013,official-pl-cinema-fr-bo|official-pl-duos-cultes|official-pl-fr-2010s|official-pl-fr-2010s-easy|official-pl-fr-2010s-hard|official-pl-fr-2010s-medium|official-pl-fr-2010s-mix|official-pl-variete-francaise,1,true
e2a2f2c0-6c70-4320-8f39-db0bfa251767,Indila,Tourner dans le vide,2014,official-pl-fr-2010s|official-pl-fr-2010s-easy|official-pl-fr-2010s-hard|official-pl-fr-2010s-mix,1,true
8676c025-9dc4-4981-a295-e327488bbaa6,Indochine,3e sexe,1985,official-pl-fr-80s|official-pl-fr-80s-hard,3,true
0275d692-b2ca-4848-9ecc-7eaea7063d07,Indochine,Canary Bay,1985,official-pl-rock-fr,,true
17ba119f-f7fd-4648-a827-56bb687faa6b,Indochine,Cyborg,2014,official-pl-fr-2010s-mix,,true
88f8a120-a5a9-4395-a88a-07e83cb2c5b0,Indochine,J'ai demandé à la lune,2002,official-pl-boomers-60-plus|official-pl-chanson-francaise-culte|official-pl-fr-2000s|official-pl-fr-2000s-easy|official-pl-fr-2000s-hard|official-pl-fr-2000s-mix|official-pl-rock-fr|official-pl-variete-francaise,1,true
7514209f-143b-4a3b-9af3-9cf22aac1c90,Indochine,L'aventurier,1982,official-pl-chanson-francaise-culte|official-pl-fr-80s|official-pl-fr-80s-easy|official-pl-karaoke-komptoir|official-pl-rock-fr|official-pl-variete-francaise,1,true
d63e7f70-e186-4080-98a1-a654a6da5a6c,Ingrid Michaelson,The Way I Am,2006,official-pl-wedding,,false
5c9c06f6-9525-4486-b82a-61bc9164bb19,Ini Kamoze,Here Comes the Hotstepper,1994,official-pl-new-year-party|official-pl-reggae,,false
b4815e6e-3c68-4e33-9373-ac55fc67b08d,Interpol,Evil,2004,official-pl-2000s|official-pl-2000s-hard|official-pl-halloween|official-pl-rock,3,false
b7abb721-b87b-4246-81dc-5e728ef8b9da,INXS,Devil Inside,1987,official-pl-halloween,,false
c2c7b5f0-3b6e-4237-91fd-51a92ceeeb6e,INXS,Need You Tonight,1987,official-pl-80s|official-pl-new-wave-synthpop-80s|official-pl-rock,,false
178f54cd-6502-426f-a028-b547ec3ff637,Irene Cara,Flashdance... What a Feeling,1983,official-pl-80s|official-pl-80s-easy|official-pl-80s-mix|official-pl-generiques-films-series|official-pl-musicals-us|official-pl-pubs-cultes,1,false
b6491475-9fad-4960-b2dd-154cea7c5b75,Iron Maiden,Run to the Hills,1982,official-pl-halloween|official-pl-hard-rock-80s|official-pl-metal|official-pl-rock,3,false
215ee75f-f11c-437f-966d-9a1740bb3fd7,Iron Maiden,The Number of the Beast,1982,official-pl-halloween|official-pl-metal,3,false
b6dfe928-da2f-45ab-83f7-2903e68d6df6,Iron Maiden,The Trooper,1983,official-pl-80s|official-pl-hard-rock-80s|official-pl-metal|official-pl-rock,3,false
49981a30-60a5-44f6-b5a9-c8d43674e29e,Isabelle Adjani,Pull marine,1983,official-pl-fr-80s|official-pl-fr-80s-medium,2,true
8b5822c7-c6af-436b-828d-31e247a6fee1,ITZY,WANNABE,2020,official-pl-2020s|official-pl-2020s-hard|official-pl-kpop,3,false
1f32e8f2-c489-4b8f-976a-0b0285a792a6,IVE,After LIKE,2022,official-pl-2020s|official-pl-2020s-hard|official-pl-kpop,3,false
4a08bd2c-c41e-440a-b478-038e21f969bc,J Balvin,Ginza,2015,official-pl-latino|official-pl-latino-fiesta,,false
c6cc5aee-e8d6-4b53-a768-f8e219370a11,J Balvin,Mi Gente,2017,official-pl-latino|official-pl-latino-fiesta|official-pl-summer-hits-yearly|official-pl-tubes-de-l-ete,,false
e1bf5187-c192-49b3-a46d-b126561fe594,J Balvin & Willy William,Mi Gente,2017,official-pl-apero-afterwork,,false
dd5a3046-9a36-4793-a6bc-45960e8f2787,"J Balvin, Willy William",Mi Gente,2017,official-pl-summer-pool,,false
23f70b95-df29-4c56-998d-e9f4425a83cb,J-Kwon,Tipsy,2004,official-pl-rap-us,,false
8180f668-b746-43cc-b6ba-5649eec4c0e9,Jack Harlow,First Class,2022,official-pl-2020s|official-pl-2020s-hard,3,false
4408a494-69c2-4f36-b808-84e690902de6,Jack Johnson,Banana Pancakes,2005,official-pl-summer-pool,,false
9209e683-9e93-4b26-8e35-434ff29efe5b,Jack Johnson,Better Together,2005,official-pl-2000s|official-pl-love-international,,false
6677050c-6b1b-4759-a615-195295f0d552,Jack Ü ft. Kiesza,Take Ü There,2014,official-pl-electro-edm,,true
8fca8003-1381-4348-970f-49430ae99b52,Jacques Brel,Amsterdam,1964,official-pl-chanson-fr-classique|official-pl-variete-francaise,,true
f9f65bfd-7005-435b-965f-003e966bc43f,Jacques Brel,Ne me quitte pas,1959,official-pl-chanson-fr-classique|official-pl-variete-francaise|official-pl-yeye-60s-fr,,true
05d8a497-2bf6-4286-ad32-38958e003588,Jamala,1944,2016,official-pl-eurovision,2,false
f3f2a3d9-1501-4240-99e0-dbf38a7540c1,James,Laid,1993,official-pl-one-hit-wonders,,false
75ca4119-daab-4659-996d-8f9bb0a498f0,James Arthur,Say You Won't Let Go,2016,official-pl-2010s|official-pl-2010s-easy|official-pl-love-international|official-pl-wedding,1,false
1798f2de-abbe-4456-93d3-6ef607cb5019,James Baskett,Zip-a-Dee-Doo-Dah,1946,official-pl-disney-en,,false
c6632c5f-6e77-49f5-b030-c2838e0180d9,James Blunt,You're Beautiful,2005,official-pl-2000s|official-pl-love-international|official-pl-pop|official-pl-slows-cultes|official-pl-wedding,,false
32d15241-5a02-4f05-b213-a98cf0cf6505,James Brown,I Feel Good,1965,official-pl-pubs-cultes,,false
c88ededf-04a7-46dc-8138-ae9974f1f3e0,James Brown,Living in America,1985,official-pl-80s|official-pl-80s-easy,1,false
e24e03b4-f560-4490-bc10-3e2b85eed525,Jamiroquai,Little L,2001,official-pl-french-touch,,false
6141a443-b614-4ae8-93c9-863a4eb0e170,Jamiroquai,Virtual Insanity,1996,official-pl-90s|official-pl-90s-medium|official-pl-britpop-90s|official-pl-one-hit-wonders,2,false
12bcdc2f-e359-4245-97cc-634cc44e2894,Jane's Addiction,Jane Says,1990,official-pl-90s-mix,,false
1ef6fc30-a8f4-4909-9da8-e1554d2d7724,Janet Jackson,Together Again,1997,official-pl-90s|official-pl-90s-easy|official-pl-pop-divas,1,false
b3be6bd8-33ca-4f51-969e-4771bee8df82,Janet Jackson,What Have You Done for Me Lately,1986,official-pl-soul-rnb,,false
2be84d8e-85c4-4bbb-ad01-3511784744fd,Jason Aldean,Dirt Road Anthem,2011,official-pl-country,,false
68eb502a-ea3b-483f-a968-37715fc8a922,Jason Mraz,I Won't Give Up,2012,official-pl-love-international|official-pl-wedding,,false
2af0df87-243f-47eb-af3a-6f540b9ca128,Jason Mraz,I'm Yours,2008,official-pl-2000s|official-pl-2000s-easy|official-pl-love-international|official-pl-summer-pool|official-pl-wedding,1,false
5df2bf7f-6838-4cc7-9c3d-580f0a2bee12,Jason Mraz & Colbie Caillat,Lucky,2008,official-pl-love-international|official-pl-wedding,,false
5fca6647-08aa-4659-af9d-ab446fbae4ab,Jason Paige,Pokémon Theme (Gotta Catch 'Em All),1999,official-pl-video-games,,true
46146860-a034-4c44-89f4-a6b972d68d79,"Jason Weaver, Rowan Atkinson, Laura Williams",I Just Can't Wait to Be King,1994,official-pl-disney-en,,false
93cc4f0b-99be-47c8-8f2c-b5e121becc69,Jay-Z,99 Problems,2003,official-pl-2000s|official-pl-rap-us,2,false
c9e1f337-6f51-43d8-8572-f2463e134a14,Jay-Z,Empire State of Mind,2009,official-pl-2000s|official-pl-2000s-easy|official-pl-rap-us,1,false
0c956c34-b0dd-4fc1-8125-feaab4f29dbe,Jean Schultheis,Confidences pour confidences,1981,official-pl-fr-80s|official-pl-fr-80s-hard,3,true
ba7e5350-2e79-4881-8176-435213746f00,Jean-Jacques Goldman,"Diego, libre dans sa tête",1985,official-pl-fr-80s|official-pl-fr-80s-medium,2,true
27402f6e-a29f-43f3-8493-b59cb8c6a7d0,Jean-Jacques Goldman,Né en 17 à Leidenstadt,1990,official-pl-boomers-60-plus,,true
561bf825-1545-4a60-b884-4a774d20fade,Jean-Jacques Goldman,Pas toi,1985,official-pl-fr-80s|official-pl-fr-80s-hard,3,true
f6c01cf1-066c-4e4e-be71-5bb3cae06762,Jean-Jacques Goldman,Quand la musique est bonne,1982,official-pl-chanson-francaise-culte|official-pl-fr-80s|official-pl-fr-80s-easy|official-pl-karaoke-komptoir|official-pl-variete-francaise,1,true
325c97bb-057e-4024-8a47-30a39c4dfa60,Jean-Jacques Goldman,Veiller tard,1991,official-pl-fr-90s|official-pl-fr-90s-medium,2,true
32591ff1-47cc-4dbf-b595-880fb38969ce,Jean-Jacques Goldman & Sirima,Là-bas,1987,official-pl-duos-cultes,,true
0c0a12aa-1ee6-410e-8aff-5a5b6d85c404,Jean-Patrick Capdevielle,Quand t'es dans le désert,1980,official-pl-chanson-francaise-culte|official-pl-fr-80s-mix,,true
eeb20521-5d46-4683-8eba-591b5b58961d,Jean-Pierre Mader,Macumba,1985,official-pl-fr-80s|official-pl-fr-80s-medium,2,true
a2100742-ecc0-4428-9381-cec7d2c62028,Jeanne Mas,En rouge et noir,1985,official-pl-chanson-francaise-culte|official-pl-fr-80s|official-pl-fr-80s-hard,3,true
ba1d1833-b30a-407c-9f95-ee08e25e6d84,Jeff Beal,House of Cards Main Title,2013,official-pl-series-tv,,false
ec56fab1-ceec-4fd6-a6e4-8c45e6be8366,Jeff Buckley,Hallelujah,1994,official-pl-reprises-celebres,,false
045d085a-0861-4d10-98ac-47455d3a44f6,Jemaine Clement,Shiny,2016,official-pl-disney-en|official-pl-generiques-disney,,false
acb084b6-cc05-47fc-8de3-ece4b3906807,Jenifer,Donne-moi le temps,2003,official-pl-fr-2000s-mix,,true
6e49e6aa-526f-4933-ae46-adb37e927b35,Jennifer Lopez ft. Pitbull,On the Floor,2011,official-pl-anniversaire|official-pl-duos-cultes|official-pl-latino|official-pl-latino-fiesta|official-pl-new-year-party|official-pl-summer-hits-yearly|official-pl-tubes-de-l-ete,,true
0c720f80-634b-44fb-97cb-f6ba16546d32,Jennifer Rush,The Power of Love,1984,official-pl-saint-valentin,,false
0a06cdbf-4357-4f16-be42-815454ab74ed,Jeremy Soule,Dragonborn (Skyrim),2011,official-pl-video-games,,false
bdf85d72-71b3-405f-b520-a88d8f1874de,"Jerry Orbach, Angela Lansbury",Be Our Guest,1991,official-pl-disney-en,,false
5625234e-e62e-430b-841f-3d7871a8dee8,Jesse McCartney,Beautiful Soul,2004,official-pl-love-international,,false
8a0e973c-2f53-4d50-b732-4373c630d829,Jessica Darrow,Surface Pressure,2021,official-pl-disney-en,,false
703e127c-0042-48c7-ac51-c39e8a9178b2,"Jessie J, Ariana Grande, Nicki Minaj",Bang Bang,2014,official-pl-2010s-mix,,false
4ef8e4cd-7051-4db8-855d-0213ca26c58b,Jet,Are You Gonna Be My Girl,2003,official-pl-2000s|official-pl-2000s-medium|official-pl-2000s-mix|official-pl-reprises-celebres|official-pl-rock,2,false
d7517725-c0d2-448a-a299-34a232ce0394,Jethro Tull,Aqualung,1971,official-pl-70s|official-pl-70s-hard,3,false
7736fa73-34ce-43e4-adee-a20e04bc8c2b,Jhay Cortez,No Me Conoce,2019,official-pl-latino,,false
8d2da860-594f-46fb-ab9d-6c26a5dde986,Jimi Hendrix,All Along the Watchtower,1968,official-pl-reprises-celebres,,false
24db40fd-7c79-4b94-990e-9d16dabfbb69,Jimmy Cliff,I Can See Clearly Now,1993,official-pl-reggae,,false
5f132f72-fda6-4561-a50b-c565c9c107a5,Jimmy Eat World,The Middle,2001,official-pl-2000s|official-pl-2000s-easy|official-pl-2000s-medium|official-pl-punk-rock-90s-2000s|official-pl-roadtrip,1,false
0cc17cc7-c823-4264-9a25-51b0722e31cd,JJ Lionel,La danse des canards,1980,official-pl-enfants-4-8-ans,,true
6ac3405a-1eba-4135-8103-6720c97a1f45,Joan Jett & The Blackhearts,I Love Rock 'n' Roll,1981,official-pl-chants-de-stade|official-pl-hard-rock-80s|official-pl-rock,,false
3a5c1e60-dae4-4100-b7b4-78858d3a7599,Joan Osborne,One of Us,1995,official-pl-one-hit-wonders,,false
5c2b5245-2b6a-4c17-8078-20fea1e03534,Jodi Benson,Part of Your World,1989,official-pl-disney-en,,false
37302349-c39b-49d8-a5a3-72cdb876099b,Joe Cocker,With a Little Help from My Friends,1968,official-pl-reprises-celebres,,false
d22f2551-4e7b-4450-a16f-de608a36c39c,Joe Cocker & Jennifer Warnes,Up Where We Belong,1982,official-pl-duos-cultes|official-pl-slows-cultes,,false
28815e89-01a0-4316-9d16-a4b1010db8b0,Joe Dassin,Aux Champs-Élysées,1969,official-pl-chants-de-stade,,true
378d1c7e-d871-4a83-8b1d-c36fbce7388b,Joe Dassin,Et si tu n'existais pas,1975,official-pl-boomers-60-plus|official-pl-chanson-francaise-culte|official-pl-variete-francaise,,true
6cf0eb11-683a-456e-8781-d6073ed9860a,Joe Hisaishi,Merry-Go-Round of Life (Howl's Moving Castle),2004,official-pl-films-hard|official-pl-musique-film,3,false
a8f95f4b-ee6e-4c1c-bd54-bf11d7bca17c,Jóhann Jóhannsson,The Theory of Everything,2014,official-pl-films-hard|official-pl-musique-film,3,false
10293a9d-755b-4edc-aa97-7e97cab146da,John Barry,Out of Africa (Main Theme),1985,official-pl-films-medium|official-pl-musique-film,2,false
20df0344-b95c-4a13-9292-ad122815f6c5,John Barry Orchestra,James Bond Theme,1962,official-pl-james-bond,,false
ee3f11f2-9b2f-48ab-bcbb-488ec7f0bfc8,John Denver,"Take Me Home, Country Roads",1971,official-pl-country|official-pl-roadtrip,,false
ef3a1cbc-c286-4252-81ad-af14a53a20ef,John Legend,All of Me,2013,official-pl-2010s|official-pl-2010s-easy|official-pl-2010s-medium|official-pl-2010s-mix|official-pl-love-international|official-pl-saint-valentin|official-pl-slows-cultes|official-pl-soul-rnb|official-pl-wedding,1,false
155da1cb-58e7-4d80-b8c5-fa7f508c6a79,John Lennon,Happy Xmas (War Is Over),1971,official-pl-noel,,false
428c82e9-b244-4589-b8c8-c31755f6c4c2,John Lennon,Imagine,1971,official-pl-70s|official-pl-70s-easy|official-pl-70s-medium,1,false
471d6b5f-c9e6-4036-801a-e9063e60da15,John Murphy,Adagio in D Minor (Sunshine),2007,official-pl-films-medium|official-pl-musique-film,2,false
679d683b-42a8-4372-be58-895e63b16f5c,John Murphy,"In the House, In a Heartbeat",2007,official-pl-films-hard|official-pl-musique-film,3,false
ad02512b-81a3-4e33-b7f4-9c94a5afdea9,John Newman,Love Me Again,2013,official-pl-2010s|official-pl-2010s-medium,2,false
b2e6bea3-8ff4-4d30-ba84-d730a0b6b804,John Travolta,Greased Lightnin',1978,official-pl-musicals-us,,false
6c0071e2-a74b-46eb-b829-e727e558f49d,John Travolta & Olivia Newton-John,Summer Nights,1978,official-pl-duos-cultes|official-pl-musicals-us,,false
745d1d6d-0568-44d1-ba97-0d3df535d121,John Travolta & Olivia Newton-John,You're the One That I Want,1978,official-pl-70s|official-pl-70s-easy|official-pl-duos-cultes|official-pl-films-easy|official-pl-karaoke|official-pl-musicals-us|official-pl-musique-film,1,false
82d5573d-9479-4ef4-89e2-85f1cdcc5574,John Williams,Hedwig's Theme (Harry Potter),2001,official-pl-films-easy|official-pl-musique-film,1,false
4dd8c7e6-c092-4029-8a0d-3d77adc5104f,John Williams,Jurassic Park Theme,1993,official-pl-films-easy|official-pl-musique-film,1,false
1e240b8a-a1fb-484d-9bee-84e07bccf55c,John Williams,Main Theme (Star Wars),1977,official-pl-films-easy|official-pl-musique-film,1,false
0667ceb8-ad1f-403c-9a5b-30671fd61753,John Williams,The Imperial March (Star Wars),1980,official-pl-films-medium|official-pl-musique-film,2,false
e27db1ac-23c2-43a4-b754-16e543c32ce3,John Williams,Theme from Jaws,1975,official-pl-films-medium|official-pl-musique-film,2,false
3f6b7ccf-5afc-4f41-9f74-49ac6a347ba5,John Williams,Theme from Schindler's List,1993,official-pl-films-medium|official-pl-musique-film,2,false
2eb930f2-d443-4f95-a539-3af90660ee4e,Johnny Cash,Hurt,2002,official-pl-country|official-pl-reprises-celebres,,false
0ad6c65c-bc11-451f-b0ff-5328f81fa180,Johnny Cash,Ring of Fire,1963,official-pl-60s|official-pl-country,,false
d1786ca0-f4dd-470a-a5d5-2f7f970e2595,Johnny Hallyday,Allumer le feu,1998,official-pl-chanson-francaise-culte|official-pl-fr-90s|official-pl-fr-90s-easy|official-pl-variete-francaise,1,true
f6c85726-acee-4543-bc7a-b84479d21d7d,Johnny Hallyday,Le Pénitencier,1964,official-pl-yeye-60s-fr,,true
efaad8fd-1d48-4eff-98cb-27eb2ff210f1,Johnny Hallyday,Marie,2002,official-pl-fr-2000s|official-pl-fr-2000s-medium,2,true
38def974-c253-4a4f-861b-36b18ee6dc75,Johnny Hallyday,Que je t'aime,1969,official-pl-chanson-francaise-culte|official-pl-variete-francaise|official-pl-yeye-60s-fr,,true
e2e65d60-ba4a-4d3e-8d5f-7aa776e7e9e7,Johnny Nash,I Can See Clearly Now,1972,official-pl-roadtrip,,false
00ca2022-f7c1-4404-9862-0d231fbed829,Joji,Glimpse of Us,2022,official-pl-2020s|official-pl-2020s-hard|official-pl-tiktok-viral,3,false
95f75c8c-dabc-4b18-866f-6b24265541d4,Jona Lewie,Stop the Cavalry,1980,official-pl-noel,,false
df2b2b56-94ff-4391-840f-0b4301dc6f05,Jonas Brothers,Burnin' Up,2008,official-pl-summer-hits-yearly,,false
a0282037-6fca-434c-b945-6a268733288d,Jonas Brothers,Sucker,2019,official-pl-2010s-mix|official-pl-boys-girls-bands|official-pl-summer-hits-yearly,,false
6f42cd27-10bc-45c2-935d-f2b057205e4c,Jonny Greenwood,Future Markets (There Will Be Blood),2007,official-pl-films-hard|official-pl-musique-film,3,false
ea654f5c-9c4f-4216-b0df-b66b631d345b,Joost Klein,Europapa,2024,official-pl-eurovision,,false
6d065be1-9edb-489c-92d2-4924d05cf844,Jordy,Dur dur d'être bébé,1992,official-pl-fr-90s-mix,,true
8499dbd5-7e4c-4dc4-93ca-3b75a67fb65a,José Feliciano,Feliz Navidad,1970,official-pl-noel,,false
760503f0-8d94-4d97-b532-bb45d2d4a40f,"Joseph Williams, Sally Dworsky, Nathan Lane, Ernie Sabella, Kristle Edwards",Can You Feel the Love Tonight,1994,official-pl-disney-en,,false
da797ea9-8b9a-45e1-968e-6345f8a0fe4b,Josh Groban,You Raise Me Up,2003,official-pl-wedding,,false
0202a9ea-c6da-4c6e-a583-42ad1394dd5b,Journey,Don't Stop Believin',1981,official-pl-2000s-mix|official-pl-80s|official-pl-80s-easy|official-pl-80s-hard|official-pl-80s-medium|official-pl-80s-mix|official-pl-anniversaire|official-pl-chants-de-stade|official-pl-hard-rock-80s|official-pl-intros-legendaires|official-pl-karaoke|official-pl-karaoke-komptoir|official-pl-new-wave-synthpop-80s|official-pl-roadtrip|official-pl-rock,1,false
1cc84ec3-087e-4fa0-b7bc-d1dee36e3bf3,Journey,Separate Ways (Worlds Apart),1983,official-pl-80s|official-pl-80s-easy|official-pl-80s-mix|official-pl-hard-rock-80s,1,false
322f73a9-dcd2-4dd2-ad5e-6ab132b26e4a,Joy Division,Atmosphere,1980,official-pl-80s|official-pl-80s-hard,3,false
c7dc89a3-f615-423f-bd7f-839a6341fe0b,Joy Division,Love Will Tear Us Apart,1980,official-pl-80s|official-pl-80s-hard|official-pl-halloween|official-pl-new-wave-synthpop-80s|official-pl-rock,3,false
bcdb2117-bd42-4b4f-aed8-04440437b7b6,Juanes,La Camisa Negra,2004,official-pl-apero-afterwork|official-pl-fr-2000s|official-pl-fr-2000s-easy|official-pl-latino|official-pl-latino-fiesta|official-pl-summer-pool,1,true
e433a39a-7c30-4e41-9bc4-ff4fb8182994,Judas Priest,Breaking the Law,1980,official-pl-hard-rock-80s|official-pl-metal|official-pl-rock,3,false
834d2950-eb26-4d30-9991-06623fc9b315,Judas Priest,You've Got Another Thing Comin',1982,official-pl-hard-rock-80s|official-pl-metal,3,false
66eda9f0-efd9-48cc-8288-c3ca561642ca,Judy Garland,Somewhere Over the Rainbow,1939,official-pl-films-easy|official-pl-musique-film,1,false
1718c0f2-3d52-4e37-9d3d-e0cfb29b0197,Judy Kuhn,Colors of the Wind,1995,official-pl-disney-en,,false
14152405-7004-4cb5-ac84-88bd195975d4,"Julien Doré, Francis Cabrel",Un homme heureux (Clip officiel),,,,true
30b87883-e096-47eb-8418-0aacfa2fa4a7,Jungkook & Latto,Seven,2023,official-pl-2020s|official-pl-2020s-medium|official-pl-2020s-mix,2,false
6bdf0ffa-e11b-43b2-b0be-52c676fa5ab7,Jungkook ft. Latto,Seven,2023,official-pl-2020s|official-pl-2020s-hard,3,false
d06821af-5605-455b-8dd3-2c0429ad51fc,Junior Senior,Move Your Feet,2002,official-pl-2000s-mix,,false
dd61fd46-d7a2-4781-b5c8-1f1c79e4c437,Justice,D.A.N.C.E.,2007,official-pl-2000s|official-pl-2000s-hard|official-pl-electro-edm|official-pl-fr-2000s|official-pl-fr-2000s-hard|official-pl-french-touch,3,true
80888c70-e77b-4d8f-af94-f76c8c07c24c,Justice,Genesis,2007,official-pl-electro-edm|official-pl-french-touch,,true
7aadeeb9-a33d-494d-af1d-e6542027743d,Justice,Stress,2007,official-pl-electro-edm|official-pl-fr-2000s|official-pl-fr-2000s-hard,3,true
155a2ed8-95d1-4c53-92d2-e1b567c63911,Justice vs Simian,We Are Your Friends,2003,official-pl-french-touch,,false
b60de363-4532-4a32-9a47-72bf9e3e89bf,Justin Bieber,Love Yourself,2015,official-pl-2010s|official-pl-2010s-medium|official-pl-2010s-mix|official-pl-pop,2,false
c6655694-ba47-406e-ba2a-e5db6a14ded3,Justin Bieber,Peaches,2021,official-pl-2020s|official-pl-2020s-easy|official-pl-2020s-hard|official-pl-2020s-medium,1,false
dbee4e61-788c-44fa-aa09-35b60df5b418,Justin Bieber,Sorry,2015,official-pl-2010s|official-pl-2010s-easy|official-pl-2010s-medium|official-pl-2010s-mix|official-pl-pop|official-pl-summer-hits-yearly,1,false
b6ee115a-a35d-49ed-bb08-98583bade81c,Justin Bieber,What Do You Mean?,2015,official-pl-2010s|official-pl-2010s-easy|official-pl-summer-hits-yearly,1,false
8a3b6f37-f757-4b72-8a05-965df0c2ede1,Justin Bieber,Yummy,2020,official-pl-2020s|official-pl-2020s-easy,1,false
cff9cf31-73bd-4d64-88f3-88f6275e0322,Justin Bieber & Daniel Caesar & Giveon,Peaches,2021,official-pl-2020s-mix,,false
135aec21-c6cc-49a1-8c50-4c4731050eca,Justin Bieber & Quavo,Intentions,2020,official-pl-2020s-mix,,false
591c4e75-e2ff-4133-a0bf-cffac829eb50,Justin Bieber feat. Quavo,Intentions,2020,official-pl-2020s|official-pl-2020s-hard|official-pl-2020s-medium,2,false
23b38e8a-be07-491f-bf86-d4516d7cc2ca,Justin Hurwitz,City of Stars (La La Land),2016,official-pl-films-hard|official-pl-musique-film,3,true
84d7e985-d1b2-46f2-976d-548226e51639,Justin Timberlake,Can't Stop the Feeling!,2016,official-pl-2010s|official-pl-2010s-easy|official-pl-2010s-mix|official-pl-anniversaire|official-pl-films-easy|official-pl-generiques-dessins-animes|official-pl-generiques-films-series|official-pl-karaoke|official-pl-musique-film|official-pl-new-year-party|official-pl-pop|official-pl-roadtrip|official-pl-summer-hits-yearly|official-pl-tubes-de-l-ete,1,false
b1ef6e46-82c0-4049-b5fd-212aae628672,Justin Timberlake,Cry Me a River,2002,official-pl-2000s|official-pl-2000s-easy|official-pl-2000s-mix,1,false
8a599703-c291-4eb6-9169-2d0f7e728443,Justin Timberlake,Rock Your Body,2003,official-pl-anniversaire,,false
056f4ab7-d271-4802-80e9-f97d424878cd,Justin Timberlake,SexyBack,2006,official-pl-2000s|official-pl-2000s-easy|official-pl-2000s-medium|official-pl-2000s-mix|official-pl-karaoke|official-pl-pop|official-pl-summer-hits-yearly,1,false
b5889025-eb97-4099-944e-44e51eae4963,Juvenile,Back That Azz Up,1999,official-pl-rap-us,,false
30bfcaef-4785-44a9-b39e-af30eb626396,JVKE,Golden Hour,2022,official-pl-2020s|official-pl-2020s-easy|official-pl-tiktok-viral,1,false
9f08928d-6e54-4487-8565-6e3786c31648,K.Maro,Femme like u,2004,official-pl-fr-2000s|official-pl-fr-2000s-easy,1,true
77c97523-9132-4f1c-98be-f67bba359b23,K'naan,Wavin' Flag,2009,official-pl-chants-de-stade,,false
8f3f451b-d91a-4b48-91ec-290e410a0725,Kacey Musgraves,Follow Your Arrow,2013,official-pl-country,,false
9245e091-f726-4e9c-8086-ff2b8f508289,Kacey Musgraves,Merry Go 'Round,2012,official-pl-country,,false
2820d3b6-2573-4f55-81af-398443b5278a,Kaiser Chiefs,I Predict a Riot,2004,official-pl-2000s|official-pl-2000s-hard|official-pl-rock,3,false
d237b40a-0c22-4182-a07b-83eda446cd34,Kaiser Chiefs,Ruby,2007,official-pl-2000s|official-pl-2000s-hard,3,false
c010c2d3-8699-46f9-a06b-83d6ecb5964e,Kaleo,Way Down We Go,2015,official-pl-apero-afterwork,,false
d36d9ee7-c141-4100-904b-6e89d5c2f208,Kali Uchis,Telepatía,2020,official-pl-2020s|official-pl-2020s-hard,3,false
7169a9d4-5eb1-47d3-9800-22e28131b3fd,Kalush Orchestra,Stefania,2022,official-pl-eurovision,,false
c6d4b7e4-8e1e-4d40-a446-609e0df019eb,Kansas,Carry On Wayward Son,1976,official-pl-70s|official-pl-70s-hard|official-pl-70s-medium|official-pl-70s-mix|official-pl-intros-legendaires|official-pl-rock,2,true
6d1d6c12-2883-4f93-995a-3d0d4cf9421f,Kansas,Dust in the Wind,1977,official-pl-70s|official-pl-70s-hard|official-pl-rock,3,false
bbbdcf0b-5491-4a86-8e72-5dce0ae07ba0,Kanye West,Black Skinhead,2013,official-pl-2010s|official-pl-2010s-hard|official-pl-films-easy|official-pl-musique-film,1,false
dac0611d-0775-4fbc-bf65-fc516f355dcb,Kanye West,Gold Digger,2005,official-pl-2000s|official-pl-2000s-easy|official-pl-2000s-medium|official-pl-2000s-mix|official-pl-le-sample|official-pl-rap-us,1,false
aee282d6-8e9a-4150-b78e-8990b730a276,Kanye West,Heartless,2008,official-pl-rap-us,,false
8f811e96-3099-42e8-bff9-1f9842ec9ed0,Kanye West,New Slaves,2013,official-pl-2010s|official-pl-2010s-hard,3,false
e0237d82-fe6f-4cbf-843b-7cf271c97840,Kanye West,Stronger,2007,official-pl-2000s-mix|official-pl-le-sample|official-pl-rap-us,,false
817fd63d-9b58-4c16-8e6c-31d7575fde0b,Kaoma,La lambada,1989,official-pl-fr-80s-mix,,true
476d280f-3ae7-472a-9d63-ed9012f9d818,Kaoma,Lambada,1989,official-pl-anniversaire|official-pl-fr-80s|official-pl-fr-80s-easy|official-pl-latino|official-pl-new-year-party|official-pl-summer-pool|official-pl-tubes-de-l-ete,1,true
daa4f0a0-01ed-4460-b8cd-2948fffb48cf,Karine Costa & Patrick Fiori,Ce rêve bleu,1992,official-pl-disney-fr,,true
d1878276-6bd7-409d-bb37-46ab661ed919,Karol G,Tusa,2019,official-pl-latino|official-pl-latino-fiesta|official-pl-tubes-de-l-ete,,false
d5fc88c2-9301-45c4-9a7b-d8568274b0cd,Kate Bush,Running Up That Hill,2022,official-pl-2020s|official-pl-2020s-easy|official-pl-2020s-medium|official-pl-80s|official-pl-pop-divas,1,false
99368e3e-b7c2-4158-a5e6-87b6199a6a63,Katrina & The Waves,Walking on Sunshine,1985,official-pl-80s|official-pl-80s-easy|official-pl-80s-hard|official-pl-80s-medium|official-pl-80s-mix|official-pl-karaoke|official-pl-new-wave-synthpop-80s|official-pl-pubs-cultes|official-pl-roadtrip|official-pl-summer-pool,1,true
eb6035f1-c953-4456-8e45-003a135260c9,Katy Perry,California Gurls,2010,official-pl-pop|official-pl-pop-divas|official-pl-summer-hits-yearly,,false
48a379c9-8c45-43c8-8b09-566371b2a0d7,Katy Perry,Firework,2010,official-pl-2010s|official-pl-2010s-easy|official-pl-2010s-mix|official-pl-karaoke|official-pl-pop|official-pl-pop-divas,1,false
a00ae2c5-d127-4359-9ca9-42d9402c0c05,Katy Perry,Hot N Cold,2008,official-pl-2000s|official-pl-2000s-easy|official-pl-pop|official-pl-pop-divas,1,false
164574fb-217c-491d-8ddf-f49fd4edca72,Katy Perry,I Kissed a Girl,2008,official-pl-karaoke|official-pl-pop-divas|official-pl-summer-hits-yearly,,false
982deeb1-2ce5-4c0c-8299-d1ce41c086d6,Katy Perry,Roar,2013,official-pl-2010s|official-pl-2010s-easy|official-pl-2010s-medium|official-pl-2010s-mix|official-pl-films-easy|official-pl-musique-film|official-pl-pop|official-pl-pop-divas,1,false
f8e99d60-f676-4c6f-abe5-7359e3a40515,Katy Perry,Thinking of You,2009,official-pl-wedding,,false
43d07554-c7f9-4fc0-bc3a-46f49d340699,Katy Perry & Snoop Dogg,California Gurls,2010,official-pl-duos-cultes,,false
1cc656e5-237c-4076-a425-dbb0e505d423,Katy Perry ft. Juicy J,Dark Horse,2013,official-pl-2010s|official-pl-2010s-easy|official-pl-2010s-medium|official-pl-halloween|official-pl-pop-divas|official-pl-summer-hits-yearly,1,false
afaf82aa-e496-493e-9229-1b2120ccb965,Kavinsky,Nightcall (Drive),2010,official-pl-electro-edm|official-pl-films-hard|official-pl-french-touch|official-pl-musique-film,3,false
efb21185-dcfd-4225-9cae-52ecc62b0968,KC and the Sunshine Band,Get Down Tonight,1975,official-pl-70s|official-pl-70s-mix|official-pl-disco-dancefloor|official-pl-disco-funk|official-pl-soul-rnb,,false
f919b3c1-1356-4984-98b3-1c97ab68776b,KC and the Sunshine Band,That's the Way (I Like It),1975,official-pl-70s|official-pl-70s-medium|official-pl-70s-mix|official-pl-anniversaire|official-pl-disco-dancefloor|official-pl-disco-funk|official-pl-reprises-celebres,2,false
7bf4356c-6a12-4133-9071-4337d97dc847,Keala Settle,This Is Me,2017,official-pl-musicals-us,,false
5b4307ed-8745-4762-b02f-372af97c373e,Keen'V,Petite Émilie,2010,official-pl-fr-2010s|official-pl-fr-2010s-medium,2,true
632534e3-1bf3-4ddc-8470-f1fa79e9538b,Keith David,Friends on the Other Side,2009,official-pl-disney-en,,true
50516a36-d65d-438a-9f72-04d5cdd4b49c,Kelly Clarkson,A Moment Like This,2002,official-pl-love-international|official-pl-wedding,1,false
d81eb2e5-ddb8-414e-8884-38557236d0dc,Kelly Clarkson,Because of You,2005,official-pl-2000s|official-pl-2000s-easy,1,false
8539f746-ceab-45ef-8371-7a86adcf024b,Kelly Clarkson,Since U Been Gone,2004,official-pl-2000s|official-pl-2000s-easy|official-pl-2000s-medium|official-pl-2000s-mix|official-pl-karaoke|official-pl-pop,1,false
8bfe8d3c-4557-4d57-925f-ca7e5901c87f,Ken Laszlo,Tonight,1985,official-pl-italo-disco-classics,,false
5d0e81ef-3613-47b7-bc02-ac01e5e7e870,Kendji Girac,Andalouse,2014,official-pl-fr-2010s|official-pl-fr-2010s-easy|official-pl-variete-francaise,1,true
9172ee4b-9c88-46f0-a9e7-e1e50c3aa741,Kendji Girac,Les yeux de la mama,2014,official-pl-fr-2010s|official-pl-fr-2010s-hard,3,true
c854b27b-476e-4d10-b191-a4863f87f66f,Kendrick Lamar,HUMBLE.,2017,official-pl-2010s-mix|official-pl-rap-us,,false
6b9f4ce4-5c3c-4f81-bde7-68f5b8eb068d,Kendrick Lamar,m.A.A.d city,2012,official-pl-2010s|official-pl-2010s-hard,3,false
48e2aaf1-63a5-4606-92f3-77b9e6f0feb1,Kendrick Lamar,Swimming Pools (Drank),2012,official-pl-2010s|official-pl-2010s-hard,3,false
4495fb2a-ef4d-40d4-ae0e-c4b1f4321e8a,Kenny Chesney,She Thinks My Tractor's Sexy,1999,official-pl-country,,false
b3400634-3160-45c7-a3f7-37871f52b71f,Kenny Loggins,Danger Zone,1986,official-pl-80s-mix|official-pl-films-easy|official-pl-generiques-films-series|official-pl-musique-film|official-pl-roadtrip,1,false
b2f388a6-be68-4978-a9b5-0bb589c56aa1,Kenny Loggins,Footloose,1984,official-pl-80s|official-pl-80s-easy|official-pl-80s-mix|official-pl-anniversaire|official-pl-films-easy|official-pl-generiques-films-series|official-pl-karaoke|official-pl-musicals-us|official-pl-musique-film|official-pl-pubs-cultes|official-pl-roadtrip,1,false
22e4eab9-8f84-4e6c-bff8-4f7fbe8eb84c,Kenny Rogers,The Gambler,1978,official-pl-country,,false
594d53e4-9268-4eeb-93e2-5f63b9a67307,Kenny Rogers & Dolly Parton,Islands in the Stream,1983,official-pl-country|official-pl-duos-cultes|official-pl-karaoke,,false
f2cd86b0-98f9-49aa-8360-3cc2d80ab425,Keny Arkana,La rage,2006,official-pl-fr-2000s-mix,,true
f6861802-f60a-47ff-b99c-8a848615da8f,Kesha,Die Young,2012,official-pl-2010s|official-pl-2010s-medium,2,false
30c07b6e-8731-492d-b8ed-7bf526fa8861,Kesha,Tik Tok,2009,official-pl-new-year-party|official-pl-summer-hits-yearly,,false
bdf9b1d7-1bb9-437c-8375-39e813eb913a,Khaled,Aïcha,1996,official-pl-fr-90s|official-pl-fr-90s-easy|official-pl-rai-oriental,1,true
2e282726-c96d-40e9-87f6-b2864c458263,Khaled,Didi,1992,official-pl-fr-90s|official-pl-fr-90s-hard|official-pl-rai-oriental,3,true
7aace37c-bf28-435f-9377-7ac08a34c191,Kiesza,Hideaway,2014,official-pl-2010s|official-pl-2010s-hard,3,false
d332eaeb-8e53-42a8-b61c-f6bc66df6abf,Kiiara,Gold,2015,official-pl-electro-edm,,false
5a725488-cf7c-45b4-8d04-e58d5a9d1e86,Kim Carnes,Bette Davis Eyes,1981,official-pl-80s|official-pl-80s-hard|official-pl-80s-mix|official-pl-un-seul-tube,3,false
cd81777c-df29-4dab-95a7-b34c647cece8,Kimbra,Settle Down,2011,official-pl-2010s|official-pl-2010s-hard,3,false
4df607ba-dc27-4478-8f7d-6f4322fb3f7d,Kings of Leon,Sex on Fire,2008,official-pl-2000s|official-pl-2000s-easy|official-pl-2000s-hard|official-pl-2000s-medium|official-pl-apero-afterwork|official-pl-rock,1,true
10b53389-cc6b-43d8-af41-402cf775b52d,Kings of Leon,Use Somebody,2008,official-pl-2000s|official-pl-2000s-easy|official-pl-2000s-hard|official-pl-2000s-medium|official-pl-2000s-mix|official-pl-apero-afterwork|official-pl-rock|official-pl-summer-hits-yearly|official-pl-wedding,1,false
3fe8cafd-2241-4c48-8bfd-6e8721a247b6,Kinuyo Yamashita,Vampire Killer (Castlevania),1986,official-pl-video-games,,false
990244eb-d5d2-49da-9893-f2606ce2239a,Kiss,Detroit Rock City,1976,official-pl-70s|official-pl-70s-hard|official-pl-hard-rock-80s,3,false
4e2c9add-f5d5-45f4-b52a-3b4d4c773ff4,KISS,I Was Made for Lovin' You,1979,official-pl-70s|official-pl-disco-funk|official-pl-hard-rock-80s|official-pl-karaoke-komptoir|official-pl-rock,,false
690e9b93-aebe-4850-bf8d-aed89df35120,KISS,Rock and Roll All Nite,1975,official-pl-70s|official-pl-70s-easy,1,false
4fb975ee-d64d-410b-ba89-be2d6e2ec704,Kizz Daniel,Buga (Lo Lo),2022,official-pl-afrobeats,,false
e3750597-d809-41a7-a95b-6ed81e5da38c,Kizz Daniel,Cough (Odoyewu),2022,official-pl-afrobeats,,false
65efd478-c19b-49bd-94ac-d9390699658b,Klaus Badelt,He's a Pirate (Pirates of the Caribbean),2003,official-pl-films-easy|official-pl-musique-film,1,false
547c4350-0ad5-417f-b333-b3e7e554dee0,Klaxons,Golden Skans,2007,official-pl-2000s|official-pl-2000s-hard,3,false
31fa8e26-c328-43f4-8994-0a16672a2bef,Koji Kondo,Super Mario Bros. Theme,1985,official-pl-video-games,,false
9e67630d-583e-4a0c-81fd-270a84c66ffb,Koji Kondo,The Legend of Zelda Main Theme,1986,official-pl-video-games,,false
93f4004b-6f6d-482f-8e24-8308532344d7,Kool & The Gang,Celebration,1980,official-pl-80s|official-pl-80s-easy|official-pl-80s-medium|official-pl-anniversaire|official-pl-disco-dancefloor|official-pl-disco-funk|official-pl-new-year-party|official-pl-pubs-cultes,1,false
2db635c4-b98d-4ea2-b7ec-b05f4cd21ad8,Kool & The Gang,Ladies Night,1979,official-pl-disco-dancefloor|official-pl-disco-funk,,false
18ea7592-77e7-4ac5-9061-f770f88d32e8,Korn,Blind,1994,official-pl-90s|official-pl-metal,3,false
91f2e603-5137-45d0-9168-1623f862b32b,Korn,Falling Away from Me,1999,official-pl-halloween|official-pl-metal,,false
d7c6e080-6b84-4323-90c1-c7c08ffcdbe1,Korn,Freak on a Leash,1998,official-pl-halloween|official-pl-metal,3,true
e26ed18b-51da-49c9-87f0-4f2089e6e7b4,Kris Kross,Jump,1992,official-pl-new-year-party,,false
06a8bf7c-6c1b-4e07-a2c5-48aafc011820,"Kristen Bell, Agatha Lee Monn, Katie Lopez",Do You Want to Build a Snowman?,2013,official-pl-disney-en,,false
38c6f605-19bf-409e-8fed-14dd4e02d8c7,Kristin Chenoweth,Popular,2003,official-pl-musicals-us,,false
33c1b6a7-b2d1-4d59-bda3-1c3e8248c0ad,KT Tunstall,Suddenly I See,2004,official-pl-2000s|official-pl-2000s-medium,2,false
2cd182f8-d35c-4ec1-81e9-6ef2dd2bb2fe,Kygo,Stole the Show,2015,official-pl-2010s|official-pl-2010s-medium|official-pl-electro-edm,2,false
bd619776-6f91-4929-bff9-c18340150d6b,Kygo & Selena Gomez,It Ain't Me,2017,official-pl-apero-afterwork,,false
6e57efcf-9a0d-4390-93d4-8b275da7fbd4,Kygo feat. Conrad Sewell,Firestone,2014,official-pl-2010s|official-pl-2010s-medium|official-pl-apero-afterwork|official-pl-electro-edm|official-pl-summer-pool,2,false
abc538ca-126b-4cad-8309-bec7a4db1939,Kyle Dixon & Michael Stein,Stranger Things Theme,2016,official-pl-series-tv,,false
8840f2ea-cb69-4251-915d-53a247f110c1,Kylie Minogue,Can't Get You Out of My Head,2001,official-pl-2000s|official-pl-2000s-easy|official-pl-pop-divas,1,false
294d034d-cb70-4d2e-b5cb-bda699809fa9,Kylie Minogue,Padam Padam,2023,official-pl-2020s|official-pl-2020s-medium,2,false
2fd3cdd9-d98e-4097-9fd1-0033ca445999,Kylie Minogue & Jason Donovan,Especially for You,1988,official-pl-duos-cultes,,false
ab890fe7-fee6-4899-975f-11c30f46d359,Kyo,Dernière danse,2003,official-pl-fr-2000s|official-pl-fr-2000s-hard|official-pl-rock-fr,3,true
c39a3640-ba61-435e-808d-30f503d706b9,La Belle et la Bête (cast français),Belle (La Belle et la Bête),1991,official-pl-disney-fr,,true
abe94a0f-d59a-403c-9dec-ce35e812b563,La Belle et la Bête (cast français),C'est la fête,1991,official-pl-disney-fr,,true
869cef7b-8b94-4586-bf17-1c58f890422d,La Compagnie Créole,Le bal masqué,1984,official-pl-anniversaire,,true
b8e49d9b-9f70-4f4d-89e1-0f406b7c8b3c,La Compagnie Créole,Maldón (La Démangeaison),1985,official-pl-fr-80s|official-pl-fr-80s-medium,2,true
6d25beb6-dd9a-40c1-b385-a6960d45891a,La Fouine,Marina,2007,official-pl-rap-fr,,true
fdca6251-0b09-4a3a-98e4-840dd771a3d0,La La Land Cast,Another Day of Sun,2016,official-pl-musicals-us,,false
b01afb7c-d2e7-45e7-ae7f-5b50c9ffa161,La Petite Sirène (cast français),Sous l'océan,1989,official-pl-disney-fr,,true
b4774505-4ddc-48c8-8f25-9d705857bcf8,LaBelle,Lady Marmalade,1974,official-pl-disco-dancefloor|official-pl-disco-funk|official-pl-soul-rnb,,false
6e19300e-2993-4fb8-8525-87a5cff3725a,Labrinth,Earthquake,2011,official-pl-2010s|official-pl-2010s-medium,2,false
2daea236-fe41-41f5-9227-b73dfe60d43f,Lacrim,A.W.A.,2014,official-pl-rap-fr,2,true
7a55cb81-6743-49a7-b690-6ba4273e2dd3,Lady Antebellum,Need You Now,2009,official-pl-country|official-pl-duos-cultes,,false
098882ed-b8d1-4cf7-875d-fb593c3cc108,Lady Gaga,Bad Romance,2009,official-pl-2000s|official-pl-2000s-easy|official-pl-2010s|official-pl-james-bond|official-pl-karaoke|official-pl-pop|official-pl-pop-divas|official-pl-summer-hits-yearly,1,false
2842bfbb-57d1-4f1c-b142-2238d855231a,Lady Gaga,Bloody Mary,2022,official-pl-2020s-mix,,false
4c686755-111c-4809-b8dc-f4e5b592d798,Lady Gaga,Just Dance,2008,official-pl-2000s|official-pl-2000s-medium|official-pl-2000s-mix|official-pl-pop|official-pl-pop-divas,2,false
050ac832-c597-4698-a7ba-57c560c04d7c,Lady Gaga,Poker Face,2008,official-pl-2000s|official-pl-2000s-easy|official-pl-2000s-medium|official-pl-2000s-mix|official-pl-karaoke|official-pl-pop|official-pl-pop-divas|official-pl-summer-hits-yearly,1,false
d269138a-2693-4722-8ecf-7abb1a54992b,Lady Gaga,Shallow,2018,official-pl-2010s-mix|official-pl-pop|official-pl-pop-divas,,false
71b51420-c7ba-4393-842b-77fdcc3a1cd1,Lady Gaga & Ariana Grande,Rain On Me,2020,official-pl-2020s|official-pl-2020s-easy|official-pl-2020s-medium|official-pl-duos-cultes,1,true
1523c118-6be6-463c-b8f9-61e55cef221e,Lady Gaga & Bradley Cooper,Shallow,2018,official-pl-duos-cultes|official-pl-films-easy|official-pl-musicals-us|official-pl-musique-film,1,false
3880685d-7b9b-4db7-b48b-2ae2d81bcad0,Lady Gaga & Bruno Mars,Die With A Smile,2024,official-pl-2020s|official-pl-2020s-easy|official-pl-2020s-mix,1,false
e7c6be7f-9188-4dc7-bafd-55e7fc0b6f82,Lalo Schifrin,Mission: Impossible Theme,1996,official-pl-films-easy|official-pl-musique-film|official-pl-series-tv,1,false
dce46176-472d-4d98-896e-4d61129ae893,Lamb of God,Redneck,2006,official-pl-metal,3,false
a1267993-eed7-4c39-86a4-e4a889a543e4,Lana Del Rey,Summertime Sadness,2012,official-pl-2010s|official-pl-2010s-medium|official-pl-2010s-mix|official-pl-apero-afterwork|official-pl-pop,2,false
90c14f44-f53d-4898-ad30-4a96eb713b61,Lara Fabian,Je t'aime,1996,official-pl-fr-90s|official-pl-fr-90s-medium|official-pl-variete-francaise,2,true
28a7e798-1079-446c-8c61-6e746221ef67,Lara Fabian & Maurane,Tu es mon autre,2002,official-pl-fr-2000s|official-pl-fr-2000s-medium,2,true
f35b8648-269b-4825-beaf-f78fd8a8584c,Lartiste,Mafiosa,2016,official-pl-fr-2010s|official-pl-fr-2010s-easy,1,true
9071d482-e7a7-4520-b61a-717be7ef80db,Las Ketchup,Aserejé (The Ketchup Song),2002,official-pl-anniversaire|official-pl-guilty-pleasures|official-pl-latino|official-pl-latino-fiesta|official-pl-summer-pool|official-pl-tubes-de-l-ete|official-pl-un-seul-tube,,true
5e1dca45-051e-4ba6-89d1-892afc59adf4,Laura Branigan,Gloria,1982,official-pl-new-wave-synthpop-80s|official-pl-reprises-celebres,,false
f823789b-b239-454c-ae76-cb42b63f8fef,Laura Branigan,Self Control,1984,official-pl-80s-mix|official-pl-new-wave-synthpop-80s,,false
df86a185-d5f3-4117-8dab-b8d49ee0d85b,Laura Pausini,La solitudine,1993,official-pl-italie|official-pl-italie-classique,,true
6efbff1a-4b70-478d-8ec3-3337fe59c1c1,Laura Pausini,Strani amori,1994,official-pl-italie|official-pl-italie-classique,,false
27a558fa-d6f1-4245-b83b-e4ad4d4eaf04,Laurent Voulzy,"Belle-Île-en-Mer, Marie-Galante",1985,official-pl-fr-80s|official-pl-fr-80s-medium|official-pl-variete-francaise,2,true
6cde94a2-646a-41a0-be44-235d895dc070,Laurent Voulzy,Jeanne (Clip officiel),,,,true
8b423d5c-aef7-4617-a0db-2b345878c901,Laurent Voulzy,Le soleil donne (Clip officiel),,,,true
57df098e-5131-441c-a562-b55ac6ce9c5a,Laurent Voulzy,My Song of You (Voulzy Tour au Zénith de Paris 1993),,,,true
2cbdbf83-0497-46bd-babe-95badd6c182f,Laurent Voulzy / Belle-Ile-en-Mer,Marie Galante,,,,false
74284a40-3785-462d-9e21-3399e3d3713a,Laurent Voulzy feat. Kim Wilde,Les Nuits Sans Kim Wilde @ Toutes Folles De Lui [09/08/1986],,,,true
1f8ba03c-a7fb-49ed-a936-ac9f26e2510f,Lauryn Hill,Doo Wop (That Thing),1998,official-pl-90s|official-pl-90s-easy|official-pl-90s-medium|official-pl-rap-us|official-pl-soul-rnb,1,false
e204db5c-dbef-44f0-8de2-11731c40ff7d,Lauryn Hill,Ex-Factor,1998,official-pl-soul-rnb,,false
9da31bd5-7cf0-4095-918b-b664b2ce6a4f,Le Bossu de Notre-Dame (cast français),Les cloches de Notre-Dame,1996,official-pl-disney-fr,,true
ad3b1750-552f-457f-96a6-8784f2e86505,Le Grand Orchestre du Splendid,La salsa du démon,1980,official-pl-fr-80s|official-pl-fr-80s-medium,2,true
42efb6bf-2b37-48e7-b8e2-f6fa09f3f559,Le Roi Lion (cast français),Hakuna Matata,1994,official-pl-disney-fr,,true
2d1c7bfa-7f73-4a1e-a889-94b98cbf1d86,Le Roi Lion (cast français),Je voudrais déjà être roi,1994,official-pl-disney-fr,,true
b65d9dc5-6cd1-4453-a2d2-fe7bc3347f28,Le Roi Soleil (cast),Tant qu'on rêve encore,2005,official-pl-musicales-fr,,true
56b66b96-2bce-4f68-beab-26de0888e1de,Lea Salonga,Reflection,1998,official-pl-disney-en,,false
cfb84536-c956-4bec-98fe-6c95605e7b86,"Lea Salonga, Harvey Fierstein, Jerry Tondo, Gedde Watanabe, Matthew Wilder",A Girl Worth Fighting For,1998,official-pl-disney-en,2,false
cbef8d94-a441-4778-b8ca-18f2c9fb484e,Led Zeppelin,Black Dog,1971,official-pl-70s|official-pl-70s-medium|official-pl-70s-mix,2,false
cf49fd3e-4fda-4fe9-b66f-bfd85ccca796,Led Zeppelin,Stairway to Heaven,1971,official-pl-70s|official-pl-70s-medium|official-pl-rock,2,false
c99152dd-d98c-4c6f-899e-e51fb6200f4b,Led Zeppelin,Whole Lotta Love,1969,official-pl-70s|official-pl-70s-easy|official-pl-70s-hard|official-pl-intros-legendaires|official-pl-rock,1,false
adea3063-b987-4bae-8ff5-42dc83ab1817,Lefa,Toulon Marseille,2018,official-pl-rap-fr,,true
7cdc7dbd-faa1-406e-a5d3-2aa847447062,Len,Steal My Sunshine,1999,official-pl-one-hit-wonders|official-pl-summer-pool,,false
4dfe77e5-a7b1-41f4-8c83-38429798168f,Lena,Satellite,2010,official-pl-eurovision,,false
44a634b7-b84a-4ed7-ad57-6b46be611b09,Léo Ferré,Avec le temps,1969,official-pl-chanson-fr-classique|official-pl-variete-francaise,,true
b31fa3ba-7598-488b-8288-93eb6b34b759,Leona Lewis,Bleeding Love,2007,official-pl-2000s|official-pl-2000s-easy|official-pl-2000s-medium|official-pl-2000s-mix|official-pl-slows-cultes,1,false
88cb2cf6-9ecc-402b-abf0-1ab497abc548,Les Bronzés,"Quand te reverrai-je, pays merveilleux",1978,official-pl-cinema-fr-bo,,true
ad9f3165-7f0a-40f3-9d4f-6036d3c815c7,Les Choristes,Caresse sur l'océan,2004,official-pl-cinema-fr-bo,,true
bdf162d3-fef8-4293-aa5f-5f3cc8488333,Les Choristes,Vois sur ton chemin,2004,official-pl-cinema-fr-bo,,true
3bb62d49-aece-464f-bc31-d80c3b08c95a,Les Innocents,Je suis bien,1995,official-pl-fr-90s|official-pl-fr-90s-medium,2,true
ddb02c16-5c00-4180-bcb2-6cf6eb57cbb4,Les Innocents,L'autre Finistère,1992,official-pl-fr-90s|official-pl-fr-90s-hard,3,true
a34d16f4-5738-476b-a7dd-17d350798491,Les Misérables Cast,One Day More,2012,official-pl-musicals-us,,false
5f176c0d-b478-4a61-b3bc-0da7e53f9fbc,Les Négresses Vertes,Zobi la mouche,1991,official-pl-fr-90s|official-pl-fr-90s-hard|official-pl-rock-fr,3,true
f00b1db2-5e86-43e2-b08b-6ae6159c33bc,Les Rita Mitsouko,Andy,1986,official-pl-fr-80s|official-pl-fr-80s-hard,3,true
9543a180-f5a4-40ce-bea4-a9761aa455be,Les Rita Mitsouko,Le petit train,1988,official-pl-rock-fr,,true
0f9e3aab-9bd4-49b2-b9ba-7fedb2187f4e,Les Rita Mitsouko,Marcia Baïla,1984,official-pl-fr-80s|official-pl-fr-80s-easy|official-pl-rock-fr|official-pl-variete-francaise,1,true
179e4882-d414-441d-b805-5390c6ff3d76,Lewis Capaldi,Before You Go,2019,official-pl-2020s|official-pl-2020s-easy,1,false
3c635ecd-88b4-4670-b40e-40cf26cf0be8,Lewis Capaldi,Someone You Loved,2018,official-pl-2010s|official-pl-2010s-easy|official-pl-2010s-mix|official-pl-2020s|official-pl-2020s-easy|official-pl-pop,1,false
f0035acf-71e2-46f1-a370-020339b55320,Liane Foly,Au fur et à mesure,1991,official-pl-fr-90s|official-pl-fr-90s-hard,3,true
f990979c-10fd-4523-a8e2-9c3f0c2cd311,Liane Foly,Histoire éternelle,1991,official-pl-disney-fr,,true
cebc8153-f8a3-42f7-9ec1-6885093267a0,Lifehouse,Hanging by a Moment,2000,official-pl-2000s|official-pl-2000s-easy|official-pl-2000s-medium|official-pl-boys-girls-bands,1,false
045ecc0c-6ced-4d1c-8747-a73694ef86e1,Lifehouse,You and Me,2005,official-pl-love-international|official-pl-slows-cultes|official-pl-wedding,,false
fca6657a-2d13-4d45-89ed-d8281b0d461f,Lifelike & Kris Menace,Discopolis,2007,official-pl-french-touch,,false
d61d9825-d196-45c3-ac97-f215ee79b0f1,Lil Jon & The East Side Boyz,Get Low,2002,official-pl-rap-us,,false
b8285b9f-a8b4-4c28-bb7b-aa2cb3f7911e,Lil Nas X,Montero (Call Me By Your Name),2021,official-pl-2020s|official-pl-2020s-easy|official-pl-2020s-hard|official-pl-2020s-medium|official-pl-2020s-mix|official-pl-rap-us,1,false
7fa8a346-20bd-4caa-a1c1-a1609ca16403,Lil Nas X,Old Town Road,2019,official-pl-2010s|official-pl-2010s-easy|official-pl-country|official-pl-rap-us|official-pl-summer-hits-yearly|official-pl-tiktok-viral,1,false
fcb2cf99-2f48-4cc5-a239-bf2d5a765254,Lil Nas X,Thats What I Want,2021,official-pl-2020s|official-pl-2020s-medium,2,false
7ce2201e-743f-4560-98ba-021fb7401185,Lil Nas X & Jack Harlow,Industry Baby,2021,official-pl-2020s|official-pl-2020s-easy|official-pl-2020s-hard|official-pl-2020s-medium|official-pl-2020s-mix,1,false
6546bf02-77d8-43e7-ba15-541b5d2a1ab1,Lil Wayne,Got Money,2008,official-pl-rap-us,,false
b797a774-5519-43df-abd9-151646479f37,Lilicub,Voyage en Italie,1996,official-pl-boomers-60-plus|official-pl-fr-90s-mix,,true
bcbda8b2-64a9-4fe6-bc82-35cce907cbaa,Limp Bizkit,Behind Blue Eyes,2003,official-pl-reprises-celebres,,false
3e5308e3-8e48-460a-998a-10cf119c0b7a,Linkin Park,Bleed It Out,2007,official-pl-halloween,,false
e3b56e5c-7162-4af3-bcac-658ae08b1086,Linkin Park,Crawling,2000,official-pl-halloween,,false
d89d8f78-cead-4623-acbd-272161840357,Linkin Park,In the End,2001,official-pl-2000s|official-pl-2000s-easy|official-pl-2000s-medium|official-pl-2000s-mix|official-pl-intros-legendaires|official-pl-punk-rock-90s-2000s|official-pl-rock,1,false
7ca67ffb-0ffb-4e74-9dec-94b425dfc507,Linkin Park,Numb,2003,official-pl-2000s|official-pl-2000s-easy|official-pl-2000s-medium|official-pl-2000s-mix|official-pl-intros-legendaires|official-pl-punk-rock-90s-2000s|official-pl-rock,1,false
254b1fa6-16ac-4565-90eb-0749344173a1,Lio,Banana Split,1980,official-pl-fr-80s|official-pl-fr-80s-medium,2,true
45962e83-3713-4d5d-b12c-624b3a646843,Lionel Richie,Hello,1984,official-pl-generiques-films-series|official-pl-saint-valentin|official-pl-slows-cultes|official-pl-soul-rnb,,false
8f2b7d40-c099-4ce9-aa97-a74c85056419,Lionel Richie & Diana Ross,Endless Love,1981,official-pl-duos-cultes|official-pl-love-international|official-pl-saint-valentin,,false
71eb67d3-341e-403f-b6a8-2fb42a5691d9,Lipps Inc.,Funky Town,1980,official-pl-disco-funk,,false
84e01c73-6b29-4347-bad9-dbc0d6fe367c,Lipps Inc.,Funkytown,1979,official-pl-disco-dancefloor|official-pl-disco-funk|official-pl-generiques-films-series|official-pl-one-hit-wonders|official-pl-un-seul-tube,,false
bb129124-8516-4030-96fd-ec4ea00996aa,LISA,MONEY,2021,official-pl-2020s|official-pl-2020s-hard|official-pl-kpop,3,false
65fc506a-f93b-44cf-9182-f738684439c0,Lisa Loeb,Stay (I Missed You),1994,official-pl-90s-mix,,false
537e3ca3-9283-4ff7-b1f7-a9d4fa99a57d,Lisa Loeb & Nine Stories,Stay,1994,official-pl-90s|official-pl-90s-hard,3,false
288457f5-2f69-4e60-bb93-eafb5787cf94,Lit,My Own Worst Enemy,1999,official-pl-90s|official-pl-90s-medium|official-pl-punk-rock-90s-2000s,2,false
dd055d0f-c3a1-4f2e-9dbc-4672f1639003,Little Big,Uno,2020,official-pl-eurovision,,false
d41a9fdb-e77b-449b-9b77-2043a8d1cef4,Little Big Town,Girl Crush,2014,official-pl-country,,false
6ead177e-d157-45ea-838b-52ef0b7a40d0,Live,Lightning Crashes,1994,official-pl-90s|official-pl-90s-mix|official-pl-rock,,false
b33dd664-eefc-4059-a79a-b79aea96bb96,Living Colour,Cult of Personality,1988,official-pl-metal|official-pl-rock,3,false
883935a4-fca8-4dd2-9a64-c3947f68bdce,Living in a Box,Living in a Box,1987,official-pl-80s|official-pl-80s-medium,2,false
957b9a72-d080-41cf-a5b5-b833d167ec9b,Lizzo,About Damn Time,2022,official-pl-2020s|official-pl-2020s-medium|official-pl-pop-divas|official-pl-tiktok-viral,2,false
800e0075-2e35-4df4-b9d1-13e0f10442c9,Lizzo,Good As Hell,2016,official-pl-2020s|official-pl-2020s-easy,1,true
3aa40d1b-f063-429f-ba9c-a6773c7de20f,Lizzo,Truth Hurts,2017,official-pl-2010s-mix|official-pl-pop,,false
a70e5f08-001c-4e5f-8732-91aa7304f1d2,Lizzo & Cardi B,Rumors,2021,official-pl-2020s-mix,,false
2bb52d19-528a-42fd-b203-ebaff4566cb0,LMFAO,Party Rock Anthem,2011,official-pl-2010s|official-pl-2010s-easy|official-pl-tubes-de-l-ete,1,false
363fefa9-3a91-40a7-9e68-46a3c8783452,LMFAO,Sexy and I Know It,2011,official-pl-anniversaire|official-pl-new-year-party|official-pl-tubes-de-l-ete,,false
48349194-1956-44f5-a941-f0cefd3a85fe,LMFAO ft. Lil Jon,Shots,2009,official-pl-electro-edm,,false
deec8a0b-9578-4949-8ae9-358852594400,Lonestar,Amazed,1999,official-pl-country|official-pl-wedding,,false
e782275d-8d81-4005-a89d-9199e4d3aa2a,Looking Glass,Brandy (You're a Fine Girl),1972,official-pl-70s|official-pl-70s-medium|official-pl-70s-mix,2,false
ff4da854-e43a-40cd-8eec-53d575bd66c5,Lorde,Ribs,2013,official-pl-2010s|official-pl-2010s-hard,3,false
d9e8f819-d0e5-433d-970e-9efb807be592,Lorde,Royals,2013,official-pl-2010s|official-pl-2010s-easy|official-pl-2010s-medium|official-pl-2010s-mix|official-pl-pop,1,false
4eb3450c-c172-456a-8f92-c04739e075a3,Lorde,Team,2013,official-pl-2010s|official-pl-2010s-medium,2,false
6b1236ff-44a4-4ff0-8c05-11ddc0117079,Lordi,Hard Rock Hallelujah,2006,official-pl-eurovision,,false
2c51f515-21d2-49ef-a1d8-7db9d929abc1,Loreen,Euphoria,2012,official-pl-eurovision,,false
d6d49ffe-e6d5-4bbe-918d-25e92aa2aa2e,Los del Río,Macarena,1995,official-pl-90s|official-pl-90s-easy|official-pl-anniversaire|official-pl-latino|official-pl-latino-fiesta|official-pl-tubes-de-l-ete,1,false
fc641059-8f6c-4149-9cf0-4a49c6f6f4ad,Los Lobos,La Bamba,1987,official-pl-80s|official-pl-80s-easy|official-pl-80s-mix|official-pl-anniversaire|official-pl-apero-afterwork|official-pl-latino|official-pl-summer-pool,1,true
7713e681-8e61-4879-abcc-069e1f4d63b2,Lou Bega,Mambo No. 5,1999,official-pl-90s|official-pl-90s-easy|official-pl-90s-medium|official-pl-anniversaire|official-pl-chants-de-stade|official-pl-eurodance-90s|official-pl-guilty-pleasures|official-pl-latino|official-pl-latino-fiesta|official-pl-new-year-party|official-pl-pubs-cultes|official-pl-summer-pool|official-pl-tubes-de-l-ete|official-pl-un-seul-tube,1,false
1c4967ff-769e-4de6-ace1-0d42bcc7ed87,Lou Bega,Mambo No. 5 (A Little Bit of...),1999,official-pl-one-hit-wonders,,false
15bb0c48-31a2-4cfa-a21a-4629555fd036,Lou Reed,Walk on the Wild Side,1972,official-pl-70s-mix,,true
06207a51-c9cd-4445-94c6-dc7dd5964b20,Louane,Je vole,2015,official-pl-fr-2010s|official-pl-fr-2010s-medium,2,true
2fea9291-3d05-4e16-95f3-1712c0337970,Louane,Maman,2017,official-pl-fr-2010s|official-pl-fr-2010s-medium,2,true
caa6d99a-cba0-4d7b-ab80-4c5a2813c5cb,Louis Armstrong,La vie en rose,1950,official-pl-saint-valentin,,true
a8ee4ff5-c698-4b88-8bfb-b2d5bee7685f,Louis Armstrong,What a Wonderful World,1967,official-pl-60s|official-pl-films-easy|official-pl-generiques-films-series|official-pl-musique-film|official-pl-wedding,1,false
b948eb34-93b6-43f4-a9c5-ff7ab0044d2c,Louis Bertignac,Ces idées-là,2005,official-pl-fr-2000s-mix,,true
2807cd96-83e7-43d9-9226-1ddb8c3b7d1f,"Louis Prima, Phil Harris, Bruce Reitherman",I Wan'na Be Like You,1967,official-pl-disney-en,,false
d031afca-0a48-493a-bd3b-3bf699d7056c,Louise Attaque,J't'emmène au vent,1997,official-pl-fr-90s|official-pl-fr-90s-easy|official-pl-rock-fr|official-pl-variete-francaise,1,true
5ce689a1-f909-46fd-a59c-97c99e816d90,Louise Attaque,Léa,1997,official-pl-fr-90s|official-pl-fr-90s-hard|official-pl-rock-fr,3,true
92ae55da-8519-4938-9858-32b2775eaf80,Luciano Pavarotti,Nessun dorma,1990,official-pl-italie-classique,,false
242af140-a56f-4c8f-ab7d-2d12a56d9018,Lucio Dalla,Caruso,1986,official-pl-italie|official-pl-italie-classique,,false
289b17ac-2497-45ce-a3ce-e47dbec158c0,Ludovico Einaudi,Una Mattina,2004,official-pl-cinema-fr-bo,,true
04b12cf8-bc90-425b-ac36-9f229de712d9,Luis Fonsi ft. Daddy Yankee,Despacito,2017,official-pl-2010s|official-pl-2010s-easy|official-pl-2010s-mix|official-pl-anniversaire|official-pl-apero-afterwork|official-pl-latino|official-pl-latino-fiesta|official-pl-new-year-party|official-pl-summer-hits-yearly|official-pl-summer-pool|official-pl-tubes-de-l-ete,1,false
53e3ec67-0a18-46df-a0dc-41c8a251c863,Luis Mariano,Mexico,1951,official-pl-cinema-fr-bo,,true
3feec2fb-2433-4860-963f-8d4e42f4353c,Lukas Graham,7 Years,2015,official-pl-2010s|official-pl-2010s-easy|official-pl-2010s-medium|official-pl-2010s-mix,1,false
f344fcd4-9c84-4bd3-979f-bc6e0d11e960,Luke Bryan,Drink a Beer,2013,official-pl-country,,false
84602e0e-ff8d-4475-b335-004fa9ccd992,Luke Combs,Beautiful Crazy,2018,official-pl-country,,false
6d836df6-dda4-4e98-b816-78864e722bb8,Lynyrd Skynyrd,Free Bird,1973,official-pl-70s|official-pl-70s-medium,2,false
0d194610-4534-4bba-bfc0-6e88bb23990e,Lynyrd Skynyrd,Sweet Home Alabama,1974,official-pl-70s|official-pl-70s-easy|official-pl-70s-hard|official-pl-70s-medium|official-pl-70s-mix|official-pl-country|official-pl-intros-legendaires|official-pl-roadtrip|official-pl-rock,1,false
a1e79ac8-a03e-48c4-a17a-53aba9fd6d82,M,Pop Muzik,1979,official-pl-80s|official-pl-80s-hard|official-pl-new-wave-synthpop-80s|official-pl-one-hit-wonders,3,false
29b5c97e-8cce-4c97-89b6-4c54c29500a8,M. Pokora,Tombé sous le charme,2014,official-pl-fr-2010s-mix,,true
8591d7f0-7d36-46c9-a565-43bd3a01bd9f,M.A.R.R.S.,Pump Up the Volume,1987,official-pl-80s|official-pl-80s-hard|official-pl-new-wave-synthpop-80s,3,false
cfd04c0e-3c21-4bd0-9894-f7965bd4d0e6,M.I.A.,Paper Planes,2007,official-pl-2000s|official-pl-2000s-easy|official-pl-2000s-hard|official-pl-2000s-mix|official-pl-le-sample,1,false
9feb0be0-d2fd-407e-b153-1a12dd96343d,M83,Midnight City,2011,official-pl-2010s|official-pl-2010s-hard|official-pl-generiques-films-series,3,false
18b6eef1-42a2-481e-a5f6-31e26349f80c,M83,Outro,2011,official-pl-films-hard|official-pl-musique-film,3,false
b304d7d7-42ef-4fb7-800c-3df2267b39b0,Macklemore,Thrift Shop,2012,official-pl-2010s|official-pl-2010s-medium,2,false
273f3ef6-3677-4756-bc0e-891a2f671fb2,Macklemore & Ryan Lewis,Thrift Shop,2012,official-pl-2010s|official-pl-2010s-easy|official-pl-rap-us,1,false
a3ecb040-a910-4188-9823-bae918574978,Madcon,Beggin',2007,official-pl-reprises-celebres,,false
f9b08b90-f6d7-49cd-b302-e708ba90c492,Madness,It Must Be Love,1981,official-pl-reprises-celebres,,false
9758731c-e5f2-45cc-9e32-703188a949b2,Madness,One Step Beyond,1979,official-pl-reggae,,false
48351eac-c9ed-48f1-9469-277b1b42f192,Madness,Our House,1982,official-pl-80s|official-pl-80s-medium|official-pl-new-wave-synthpop-80s,2,false
14fd1c0f-57d5-4f65-b820-31437bb3d888,Madonna,Die Another Day,2002,official-pl-generiques-films-series|official-pl-james-bond,,false
2d6c0b48-f0d8-46cc-bfb1-92e1c398ebfd,Madonna,Don't Cry for Me Argentina,1996,official-pl-musicals-us,,false
4c263eeb-fd41-42b5-852b-142df2865382,Madonna,Hung Up,2005,official-pl-le-sample|official-pl-pop|official-pl-pop-divas|official-pl-summer-hits-yearly,,false
655a9407-e680-47e1-9bfd-bdff1ae23a6a,Madonna,Like a Prayer,1989,official-pl-80s|official-pl-80s-mix|official-pl-karaoke|official-pl-pop|official-pl-pop-divas|official-pl-pubs-cultes,,false
b36ad327-be37-499c-8bdf-ceef7c5e27d7,Madonna,Like a Virgin,1984,official-pl-80s|official-pl-80s-easy|official-pl-pop,1,false
465806d6-80a3-45f6-bac0-013e3ff771d6,Madonna,Material Girl,1984,official-pl-80s|official-pl-80s-easy|official-pl-80s-medium|official-pl-pop|official-pl-pop-divas,1,false
7e67ae07-ee8e-4091-92bd-15d9d7566548,Madonna,Open Your Heart,1986,official-pl-80s|official-pl-80s-medium|official-pl-80s-mix,2,false
68c21265-a5b9-4846-aa1e-413d36e0cc77,Madonna,Ray of Light,1998,official-pl-90s|official-pl-90s-easy,1,false
e6eab6c0-db22-49e4-be40-b656d8fddf8e,Madonna,Vogue,1990,official-pl-90s|official-pl-90s-easy|official-pl-90s-medium|official-pl-90s-mix|official-pl-karaoke|official-pl-pop|official-pl-pop-divas|official-pl-pubs-cultes,1,false
6d3305ef-aaaf-4323-96f6-069b7932d27b,MAGIC!,Rude,2013,official-pl-2010s|official-pl-2010s-medium|official-pl-2010s-mix|official-pl-latino-fiesta|official-pl-reggae|official-pl-tubes-de-l-ete,2,false
83f4f9e0-43d6-4b31-922b-3cbcb0c2a360,Mahmood,Soldi,2019,official-pl-eurovision|official-pl-italie,,false
d5710a37-a53c-4ed5-88cb-b5ccd6c24efe,Maître Gims,Bella,2013,official-pl-fr-2010s|official-pl-fr-2010s-easy|official-pl-rap-fr-culte|official-pl-variete-francaise,1,true
a3832b21-8907-4d9d-8761-e513110d239c,Maître Gims,Sapés comme jamais,2015,official-pl-fr-2010s|official-pl-fr-2010s-easy|official-pl-rap-fr-culte|official-pl-variete-francaise,1,true
4f2fd0de-40b7-4d05-856a-b6c8f96ddcff,Maître Gims,Tu vas me manquer,2013,official-pl-fr-2010s|official-pl-fr-2010s-hard,3,true
b2e43994-bbf8-4332-9557-b683edf7aa4c,Major Lazer,Cold Water,2016,official-pl-2010s|official-pl-2010s-easy|official-pl-2010s-medium|official-pl-electro-edm,1,false
6203295d-99eb-4492-b33d-fab88f5a5ad5,Major Lazer,Lean On,2015,official-pl-2010s|official-pl-2010s-medium|official-pl-2010s-mix|official-pl-electro-edm|official-pl-tubes-de-l-ete,2,true
5faec20e-ff2f-4211-bccc-afca00b8b9c2,Major Lazer & DJ Snake ft. MØ,Lean On,2015,official-pl-2010s|official-pl-2010s-easy|official-pl-electro-edm|official-pl-new-year-party|official-pl-summer-hits-yearly|official-pl-summer-pool,1,true
19d0a418-cd44-4e29-a442-e37953b1d71f,Maluma,Felices los 4,2017,official-pl-latino|official-pl-latino-fiesta,,false
14fcbb5e-ae71-4c0b-9d4f-0c4b0f5d8e59,Maluma,Hawái,2020,official-pl-2020s-mix|official-pl-latino|official-pl-latino-fiesta,,false
167ac4f9-b848-4b0f-94f1-94cbac4f1a7c,Manau,La tribu de Dana,1998,official-pl-fr-90s|official-pl-fr-90s-easy|official-pl-fr-90s-hard|official-pl-fr-90s-medium|official-pl-fr-90s-mix|official-pl-rock-fr,1,true
d41fb1ba-9692-4edb-885b-d49ad79ef105,Måneskin,Beggin',2021,official-pl-2020s|official-pl-2020s-mix|official-pl-italie|official-pl-tiktok-viral|official-pl-tubes-de-l-ete,,false
28dc9967-e7f1-4ff5-b25b-bb7e60eb14d0,Måneskin,I Wanna Be Your Slave,2021,official-pl-2020s|official-pl-2020s-hard|official-pl-italie|official-pl-tiktok-viral,3,false
41e1a78f-fa90-4fef-a19f-67df113eb0c7,Måneskin,Zitti e buoni,2021,official-pl-eurovision|official-pl-italie,,false
d908ec17-91e4-4ef0-9949-2b9ca4ed08c7,Mano Negra,King Kong Five,1989,official-pl-rock-fr,,true
d535dde5-3a65-42a9-8b03-c7468ec1fd88,Mano Negra,Mala Vida,1988,official-pl-rock-fr|official-pl-variete-francaise,,true
8c1b198e-c3b0-4366-8841-1ce1449dcee4,Måns Zelmerlöw,Heroes,2015,official-pl-eurovision,,false
c74c4464-65e6-4560-bf54-d8cdfaf967c1,Manu Chao,Bongo Bong,1998,official-pl-fr-90s|official-pl-fr-90s-medium|official-pl-latino|official-pl-latino-fiesta|official-pl-tubes-de-l-ete|official-pl-variete-francaise,2,true
baf4523c-f300-418b-b574-467c14247ace,Manu Chao,Clandestino,1998,official-pl-rock-fr|official-pl-variete-francaise,,true
6fa4f4bb-07a2-4941-96e0-ab002581ce62,Manuel Turizo,La Bachata,2022,official-pl-2020s|official-pl-2020s-mix|official-pl-latino,,true
7c1df0f9-d299-45b5-ad57-a02f85704bc1,Marc Anthony,Vivir mi vida,2013,official-pl-apero-afterwork|official-pl-latino|official-pl-latino-fiesta|official-pl-tubes-de-l-ete,,false
b4054622-46dd-491a-9941-b791e99b078b,Marc Lavoine,L'amour de ma vie,1992,official-pl-fr-90s|official-pl-fr-90s-hard,3,true
77410c06-50f5-4455-b16f-6914b1be7565,Maren Morris,My Church,2016,official-pl-country,,false
b1bdd149-ba89-4a49-b166-e8f821d26c67,Maren Morris,The Middle,2018,official-pl-country,,false
d34996db-347b-4922-a0d6-ce7a4bb0982f,Mariah Carey,All I Want for Christmas Is You,1994,official-pl-noel|official-pl-pop-divas,,false
0b8e8b5f-c171-4f3a-9f83-70ebce5d4ecf,Mariah Carey,Always Be My Baby,1996,official-pl-soul-rnb,,false
bd123f84-ab8b-45c6-aea0-2263ca64d309,Mariah Carey,Fantasy,1995,official-pl-90s|official-pl-90s-medium|official-pl-pop-divas|official-pl-soul-rnb,2,false
fede9a2b-0cf8-4e94-a042-01abc9cf9f6d,Mariah Carey,Hero,1993,official-pl-love-international|official-pl-pop-divas|official-pl-slows-cultes|official-pl-soul-rnb,,false
f7187ae1-3177-4df5-9caf-85b825269ca0,Mariah Carey,Without You,1994,official-pl-pop-divas|official-pl-reprises-celebres,,false
a250c2de-4356-4e70-97e3-74fe609fba18,Mariah Carey & Whitney Houston,When You Believe,1998,official-pl-duos-cultes,,false
0f686514-9de2-47cd-8d56-4a0cf2e97651,Marie Myriam,L'oiseau et l'enfant,1977,official-pl-eurovision,,true
11730e8b-cb4f-4e9b-877c-d195010eff95,Marilyn Manson,Sweet Dreams (Are Made of This),1995,official-pl-metal|official-pl-reprises-celebres,,false
fc8f37e7-d79f-4a66-b3fe-ba600f71aad0,Marilyn Manson,The Beautiful People,1996,official-pl-halloween|official-pl-metal,3,false
15694edd-28a0-4110-b834-3e7f6a0955a9,Mark Morrison,Return of the Mack,1996,official-pl-90s|official-pl-90s-easy|official-pl-90s-medium|official-pl-90s-mix|official-pl-one-hit-wonders|official-pl-summer-pool,1,false
250ab1cc-5323-41a3-a39e-76241a7b696e,Mark Ronson & Bruno Mars,Uptown Funk,2014,official-pl-duos-cultes,,false
86a1d8d3-7adb-4fe0-9ae6-063e643cce26,Mark Ronson ft. Bruno Mars,Uptown Funk,2014,official-pl-2010s|official-pl-2010s-easy|official-pl-2010s-mix|official-pl-anniversaire|official-pl-chants-de-stade|official-pl-karaoke|official-pl-new-year-party|official-pl-pubs-cultes|official-pl-roadtrip|official-pl-summer-hits-yearly|official-pl-summer-pool,1,false
d0e0d465-f2ff-4fb3-a8de-ef52976382ac,Mark Snow,The X-Files Main Title,1993,official-pl-series-tv,,false
9bb7c477-5843-4c67-86de-8474aa37fda5,Maroon 5,Animals,2014,official-pl-2010s|official-pl-2010s-easy|official-pl-2010s-medium,1,false
76e2dd6f-4f30-4ae7-8e5f-33c2cab98754,Maroon 5,Memories,2019,official-pl-2010s-mix|official-pl-2020s|official-pl-2020s-easy,1,false
f9cc83fe-f26a-4a7d-82cf-2d424d7ce4c3,Maroon 5,She Will Be Loved,2004,official-pl-2000s|official-pl-2000s-medium|official-pl-love-international|official-pl-wedding,2,false
8ae713c5-adb7-483c-85de-c58373d1e40c,Maroon 5,Sugar,2015,official-pl-2010s|official-pl-2010s-easy|official-pl-2010s-mix|official-pl-pop|official-pl-summer-hits-yearly,1,false
e972431d-b520-4809-8333-ceee21d73f7d,Maroon 5,Sunday Morning,2004,official-pl-apero-afterwork,,false
2c2cbcc7-c5ed-4dfc-89fa-915893967e97,Maroon 5,This Love,2004,official-pl-2000s|official-pl-2000s-medium|official-pl-pop,2,false
0415ba93-a189-47c9-b40d-281c87acf3f2,Maroon 5 & Christina Aguilera,Moves Like Jagger,2011,official-pl-duos-cultes,,false
cf033d06-3c4a-4051-9364-1b20a320860c,Maroon 5 & Megan Thee Stallion,Beautiful Mistakes,2021,official-pl-2020s-mix,,false
1036b4ee-6e45-4a66-96c5-c7368e8cac46,Maroon 5 ft. Cardi B,Girls Like You,2018,official-pl-2010s|official-pl-2010s-easy|official-pl-summer-hits-yearly,1,false
356490f8-5bbc-4b7c-9ae8-784c2684dafd,Maroon 5 ft. Christina Aguilera,Moves Like Jagger,2011,official-pl-2010s|official-pl-2010s-easy|official-pl-2010s-medium|official-pl-2010s-mix|official-pl-pop|official-pl-summer-hits-yearly,1,false
d6eabc44-7919-450e-9024-ab3344c66b7b,Maroon 5 ft. Megan Thee Stallion,Beautiful Mistakes,2021,official-pl-2020s|official-pl-2020s-easy|official-pl-2020s-hard,1,false
30c2d1a1-954b-4141-bbdd-3ab938177352,Maroon 5 ft. SZA,What Lovers Do,2017,official-pl-2010s|official-pl-2010s-easy,1,false
f092e2c7-19a2-4745-a9da-afdf894d0520,Maroon 5 ft. Wiz Khalifa,Payphone,2012,official-pl-2010s|official-pl-2010s-easy|official-pl-summer-hits-yearly,1,false
ca126048-948b-4182-a2e7-4776916a3449,Marshmello & Bastille,Happier,2018,official-pl-2010s|official-pl-2010s-easy,1,false
96a59917-c3b0-4528-83cf-83bea55ef9c6,Martha and the Vandellas,Dancing in the Street,1964,official-pl-60s,,false
bcd7ab4f-0102-408c-8cf4-ebd0749b5e9f,Martin Garrix,Animals,2013,official-pl-chants-de-stade|official-pl-electro-edm|official-pl-new-year-party,,false
a2894af5-0526-40be-adf7-aae99cd149c4,Martin Garrix,Forbidden Voices,2014,official-pl-electro-edm,,false
ce01c39e-2416-4858-9cce-393945cc29ba,Martin Garrix & Bebe Rexha,In the Name of Love,2016,official-pl-electro-edm,,false
856f7a4b-1d1d-494d-b70b-8a117ffdc3f8,Martin O'Donnell & Michael Salvatori,Halo Theme,2001,official-pl-video-games,,false
51f66465-9996-429d-8272-b5bc79a47135,Martin Solveig & Dragonette,Hello,2010,official-pl-french-touch,,false
714eb113-05dc-44e3-bf94-69558559d191,Marvin Gaye,I Heard It Through the Grapevine,1968,official-pl-60s|official-pl-pubs-cultes|official-pl-reprises-celebres|official-pl-soul-rnb,,false
1fa5bce0-1cd3-41bc-b329-c3bc79bb597b,Marvin Gaye,Let's Get It On,1973,official-pl-70s|official-pl-70s-medium|official-pl-soul-rnb,2,true
b0ffbdca-b8e6-470e-b91c-b7569b168a96,Marvin Gaye,Sexual Healing,1982,official-pl-apero-afterwork|official-pl-pubs-cultes|official-pl-soul-rnb,,false
06e08966-7ee0-4e11-a459-60c7b918eae1,Marvin Gaye,What's Going On,1971,official-pl-70s|official-pl-70s-easy|official-pl-soul-rnb,1,true
8300a6b7-3da1-432d-859d-619d9c2952d5,"Mary Costa, Bill Shirley",Once Upon a Dream,1959,official-pl-disney-en,,false
33e16103-ef7c-4c4f-9a95-02ab14fe8bb7,Masato Nakamura,Green Hill Zone,1991,official-pl-video-games,,false
d9769417-bd49-4f62-97a3-2ed089f70880,Masked Wolf,Astronaut In The Ocean,2019,official-pl-2020s|official-pl-2020s-easy|official-pl-2020s-hard|official-pl-2020s-medium|official-pl-tiktok-viral,1,false
eaa09a7a-4dae-4d7f-b452-c134eb0e98c4,Massive Attack,House M.D. Theme (Teardrop),1998,official-pl-series-tv,,false
6b6f8e48-4e96-4921-8413-b93f0a539096,Massive Attack,Teardrop,1998,official-pl-90s|official-pl-90s-hard|official-pl-electro-edm,3,false
5077bc12-2bce-43e4-bb22-c56be9167441,Massive Attack,Unfinished Sympathy,1991,official-pl-90s|official-pl-90s-hard|official-pl-90s-mix|official-pl-electro-edm,3,false
7a97f3e8-4388-484a-892d-c0240d20dc80,Matchbox Twenty,Unwell,2002,official-pl-one-hit-wonders,,false
53528ad9-ac3a-4f94-9dd5-947362a5cfb4,Matmatah,Lambé an dro,1998,official-pl-fr-90s-mix|official-pl-rock-fr,,true
a3678404-eb38-44b7-bf8e-7dc138a4ab7b,Maxime Le Forestier,Né quelque part,1987,official-pl-fr-80s|official-pl-fr-80s-easy,1,true
a407699f-1f2c-41ee-95a6-3921e21dd753,Mazzy Star,Fade into You,1993,official-pl-90s|official-pl-90s-hard|official-pl-love-international,3,false
fa7cc297-b666-485c-8bcd-cc9be63169a6,MC Hammer,U Can't Touch This,1990,official-pl-90s|official-pl-90s-easy|official-pl-90s-mix|official-pl-karaoke|official-pl-le-sample|official-pl-new-year-party|official-pl-pubs-cultes|official-pl-rap-us|official-pl-un-seul-tube,1,false
5aada814-06a4-436f-9d8d-16fd3f3a3e32,MC Solaar,Bouge de là,1991,official-pl-fr-90s|official-pl-fr-90s-medium|official-pl-rap-fr-culte|official-pl-variete-francaise,2,true
a5bda85d-7638-47b2-a01c-f5d66a28134f,MC Solaar,Caroline,1991,official-pl-fr-90s|official-pl-fr-90s-easy|official-pl-rap-fr-culte|official-pl-variete-francaise,1,true
b71021e1-74ca-473a-a323-e31223a3a554,MC Solaar,Nouveau Western,1994,official-pl-fr-90s|official-pl-fr-90s-hard|official-pl-rap-fr-culte|official-pl-variete-francaise,3,true
ec54a81f-813e-4cd9-a653-e1a21272e891,Megadeth,Symphony of Destruction,1992,official-pl-metal,3,false
410e1a3b-8ad8-469d-8fcd-2882e492045d,Megan Thee Stallion,Savage,2020,official-pl-2020s|official-pl-2020s-easy|official-pl-rap-us|official-pl-tiktok-viral,1,false
55b9f9bf-a860-4084-b0aa-23b9e83f6809,Meghan Trainor,All About That Bass,2014,official-pl-pop|official-pl-summer-hits-yearly,,false
839a5131-9119-4adf-8b5c-5b22a26cb0e1,Melanie,Brand New Key,1971,official-pl-one-hit-wonders,,false
b2475fe6-58d6-43d8-8565-5f39a17d75cf,Men at Work,Down Under,1981,official-pl-80s|official-pl-80s-easy|official-pl-80s-medium|official-pl-80s-mix,1,false
1b7bf178-4ed9-41f4-9e42-e5c6922ee120,Men Without Hats,Safety Dance,1982,official-pl-pubs-cultes,,false
ef77d85f-d8f2-4109-af06-4800bc31adc7,Meredith Brooks,Bitch,1997,official-pl-one-hit-wonders,,false
4dc618f1-9f36-4bde-94d1-17ebafbb2a65,Metallica,Enter Sandman,1991,official-pl-90s|official-pl-90s-easy|official-pl-90s-mix|official-pl-halloween|official-pl-intros-legendaires|official-pl-metal|official-pl-rock,1,false
7b7e19e7-eb04-44ea-a1e9-a8e1d8c825b3,Metallica,Master of Puppets,1986,official-pl-80s|official-pl-metal,3,false
7f4cbb6c-458f-4eee-9ba9-d8cf10f44edd,Metallica,Nothing Else Matters,1991,official-pl-metal|official-pl-rock|official-pl-slows-cultes,3,false
e8b87db1-ad9c-4fbf-8f9b-e13ca8a700e4,Metro Boomin & The Weeknd & 21 Savage,Creepin',2022,official-pl-2020s-mix,,false
6782ca0d-74f0-4c02-a9c8-04c7025e21d2,MGMT,Electric Feel,2010,official-pl-2000s-mix|official-pl-2010s|official-pl-2010s-hard|official-pl-apero-afterwork|official-pl-french-touch|official-pl-pop,3,false
e4f4f55a-01c5-497a-9e87-a225167ba939,MGMT,Kids,2008,official-pl-2000s|official-pl-2000s-hard|official-pl-pop,3,false
4a8bc27b-a73b-4406-bfe9-0729c930ed87,MGMT,Time to Pretend,2008,official-pl-2000s|official-pl-2000s-hard|official-pl-pop,3,false
65b2952f-ffd2-4a1a-add7-4f0b6494dbbb,Miami Sound Machine,Conga,1985,official-pl-latino|official-pl-summer-pool,,false
0206dfdb-2672-4824-bed5-18efe42acaf7,Michael Bublé,Crazy Love,2009,official-pl-wedding,,false
e5855d08-a09f-46c6-be08-2ba3ff455b85,Michael Bublé,Everything,2007,official-pl-love-international|official-pl-saint-valentin|official-pl-wedding,,false
9c243490-f953-45ca-8c01-4ac757a236b1,Michael Bublé,Haven't Met You Yet,2009,official-pl-love-international,,false
3aea852b-b4ed-462b-80bc-4fd93a274bd0,Michael Bublé,It's Beginning to Look a Lot Like Christmas,2011,official-pl-noel,,false
ca5b5134-4eac-4e8b-b378-984e00a825a0,Michael Giacchino,Lost Main Title,2004,official-pl-series-tv,,false
9dc02173-3f95-4a75-82aa-f2e08f81cefe,Michael Giacchino,Married Life,2009,official-pl-films-hard|official-pl-musique-film,3,false
f5b9289b-0240-4b23-90e0-0a439b473422,Michael Giacchino,Married Life (Up),2009,official-pl-films-medium|official-pl-musique-film,2,false
052569f6-1ffe-4a79-8615-42fa5eeb3354,Michael Jackson,Beat It,1983,official-pl-80s|official-pl-80s-easy|official-pl-80s-mix|official-pl-intros-legendaires|official-pl-pop,1,false
841a6a85-c569-42a5-9fe0-47805d950395,Michael Jackson,Billie Jean,1983,official-pl-80s|official-pl-80s-easy|official-pl-80s-medium|official-pl-80s-mix|official-pl-anniversaire|official-pl-intros-legendaires|official-pl-karaoke|official-pl-pop,1,false
d97dac22-83f2-4b43-a14d-855dc2303a30,Michael Jackson,Black or White,1991,official-pl-90s|official-pl-90s-easy,1,false
f5a89e60-7178-4605-a18c-12c4bb41b51a,Michael Jackson,Don't Stop 'Til You Get Enough,1979,official-pl-70s|official-pl-70s-medium|official-pl-disco-dancefloor|official-pl-disco-funk,2,false
29ee4dec-965d-484e-97f7-e4c077e83148,Michael Jackson,Man in the Mirror,1988,official-pl-soul-rnb,,false
6387b826-4df3-4deb-b77e-2076fe80dd4b,Michael Jackson,Smooth Criminal,1988,official-pl-80s|official-pl-80s-medium|official-pl-pop,2,false
063e299a-85c5-41d3-91a6-67d9de9ffa7f,Michael Jackson,Thriller,1982,official-pl-halloween|official-pl-pop,,false
b30d51c9-7bdf-4b97-bdbe-466220a92a63,Michael Jackson & Janet Jackson,Scream,1995,official-pl-duos-cultes,,false
6b9941b0-01f7-44f5-957a-bcc3b4add66e,Michael Sembello,Maniac,1983,official-pl-80s|official-pl-80s-easy|official-pl-80s-medium,1,false
645eb5d7-8852-4e8d-8e9b-ce8a0fca53b4,Michel Berger,La groupie du pianiste,1980,official-pl-chanson-francaise-culte|official-pl-fr-80s|official-pl-fr-80s-easy|official-pl-variete-francaise,1,true
38b19d6d-8146-4c6b-b00c-cb3b4749ca20,Michel Fugain,Une belle histoire,1972,official-pl-boomers-60-plus|official-pl-chanson-francaise-culte|official-pl-variete-francaise,,true
13865f6d-690e-4922-b36c-eb4c8558bd26,Michel Polnareff,La poupée qui fait non,1966,official-pl-yeye-60s-fr,,true
87de5366-bace-41d4-a9c8-33c868bc80fd,Michel Sardou,Je vais t'aimer,1976,official-pl-boomers-60-plus|official-pl-variete-francaise,,true
7bdbb64f-9a84-4ff7-a441-48e87209dadc,Michel Sardou,Les lacs du Connemara,1981,official-pl-boomers-60-plus|official-pl-chanson-francaise-culte|official-pl-fr-80s|official-pl-fr-80s-medium|official-pl-karaoke-komptoir|official-pl-variete-francaise,2,true
91ed2826-1ea6-429a-b730-ea8a7f7dcc3d,Michel Teló,Ai Se Eu Te Pego,2011,official-pl-anniversaire|official-pl-apero-afterwork|official-pl-bresil|official-pl-latino|official-pl-new-year-party|official-pl-summer-pool,,true
d0643277-a35f-41cb-a66b-e46314244127,Mickey 3D,Respire,2003,official-pl-fr-2000s|official-pl-fr-2000s-hard|official-pl-rock-fr,3,true
db40993e-7b8f-4d21-af04-101531230437,Mickey 3D,Tu lui diras,2003,official-pl-rock-fr,,true
d3cc03b9-cb60-42c5-87e3-4429c80a4448,Midnight Oil,Beds Are Burning,1987,official-pl-80s|official-pl-80s-hard,3,false
8849d144-437a-4e20-8c1a-a8a1cc38e18b,"Miguel, Natalia Lafourcade",Remember Me,2017,official-pl-disney-en,,false
7e55191e-f6a0-4db8-8325-9499dbad1f0a,Miley Cyrus,Flowers,2023,official-pl-2020s|official-pl-2020s-easy|official-pl-2020s-hard|official-pl-2020s-medium|official-pl-2020s-mix|official-pl-tiktok-viral,1,false
2e082320-3da7-40f4-86cd-d51fb2e7ec2a,Miley Cyrus,Midnight Sky,2020,official-pl-2020s-mix,,false
7279d4f1-18ae-4058-b147-de321e55a7d0,Miley Cyrus,Party in the U.S.A.,2009,official-pl-2000s|official-pl-2000s-easy|official-pl-karaoke,1,false
20613ed2-e0ac-49e6-abb8-9cef5f9cab61,Miley Cyrus,We Can't Stop,2013,official-pl-2010s|official-pl-2010s-easy,1,false
70d6e0a1-74b5-4e68-b330-b2a5742a2a7e,Miley Cyrus,Wrecking Ball,2013,official-pl-2010s|official-pl-2010s-easy,1,false
4cf7bfdc-ce09-4480-8437-8e8c01859daf,Milky Chance,Stolen Dance,2013,official-pl-2010s|official-pl-2010s-hard|official-pl-2010s-medium|official-pl-apero-afterwork,2,false
2a08a8cd-f017-4f0f-b8f7-e4f1fff4f2be,Mireille Mathieu,Femme amoureuse,1980,official-pl-fr-80s-mix,,true
53269a21-8c68-40c5-8b28-06024574d744,Misfits,Halloween,1981,official-pl-halloween,,false
a03cd374-6f85-434b-8096-fef85ee0002a,Missy Elliott,Get Ur Freak On,2001,official-pl-2000s|official-pl-2000s-medium|official-pl-rap-us,2,true
5eaa9ec3-a218-4356-995f-b1d5aebb7c28,Missy Elliott,Work It,2002,official-pl-2000s|official-pl-2000s-medium|official-pl-rap-us|official-pl-soul-rnb,2,false
c70cc09b-7df9-424d-a692-1d1fac953362,Mobb Deep,"Shook Ones, Pt. II",1995,official-pl-le-sample|official-pl-rap-us,,false
b5fd6ca9-1a34-495e-a72a-92537b55ab25,Moby,Natural Blues,1999,official-pl-90s|official-pl-90s-hard|official-pl-le-sample,3,false
f88da755-e448-4779-aa8c-517e544bff05,Moby,Porcelain,1999,official-pl-90s|official-pl-90s-hard|official-pl-electro-edm,3,false
18a46c48-0efa-4f3c-acb0-ae2a5e6623b0,Modern English,I Melt with You,1982,official-pl-generiques-films-series|official-pl-new-wave-synthpop-80s,,false
33f00218-37d1-40eb-ac21-636faa1c1bb6,Modern English,Melt with You,1982,official-pl-80s|official-pl-80s-hard,3,false
f6690809-7d7e-4d3d-a4ed-28e2937a2bef,Modest Mouse,Float On,2004,official-pl-2000s|official-pl-2000s-hard|official-pl-2000s-medium|official-pl-apero-afterwork|official-pl-one-hit-wonders|official-pl-roadtrip,2,true
7195006b-2487-45e3-89a2-1e943d784c6e,Modest Mouse,Ocean Breathes Salty,2004,official-pl-2000s|official-pl-2000s-hard,3,false
69ccbb04-32d6-44f9-8e0d-bc23817d8936,Modjo,Lady (Hear Me Tonight),2000,official-pl-duos-cultes|official-pl-electro-edm|official-pl-french-touch,,false
9154d52f-662f-4429-a7de-35572da47fba,Montell Jordan,This Is How We Do It,1995,official-pl-soul-rnb,,false
1a37504e-a067-4894-bec6-b6383dcf0d07,Morgan Wallen,Last Night,2023,official-pl-2020s|official-pl-2020s-medium|official-pl-country,2,false
26cf5227-05b4-45f9-97bc-53d72d42e4a5,Mory Kanté,Yéké yéké,1987,official-pl-fr-80s|official-pl-fr-80s-hard,3,true
ecb9c2c2-8a34-4946-b4b6-ea816279daa3,Mötley Crüe,"Girls, Girls, Girls",1987,official-pl-80s-mix|official-pl-hard-rock-80s,,false
7364cca2-ca26-450e-bf9f-756769d7a0e3,Mötley Crüe,Home Sweet Home,1985,official-pl-hard-rock-80s,3,false
b0cd4538-e237-4377-b804-f67e114f7c86,Mötley Crüe,Kickstart My Heart,1989,official-pl-hard-rock-80s|official-pl-intros-legendaires|official-pl-metal|official-pl-rock,3,false
74361f30-2205-41e6-a174-9285aab9543b,Motörhead,Overkill,1979,official-pl-metal,3,false
35de1b3b-6755-4503-99a1-4e623f3f0010,Mozart Opéra Rock,Penser l'impossible,2010,official-pl-musicales-fr,,true
de692ad6-5c6c-4467-953d-5da2ed7bacdb,Mozart Opéra Rock,Tatoue-moi,2010,official-pl-fr-2010s|official-pl-fr-2010s-medium,2,true
e615aa89-cdbf-42d2-a678-16e2edc96ec0,Mozart Opéra Rock,Vivre à en crever,2009,official-pl-musicales-fr,,true
ffe9a4c1-b57c-432b-8755-0933c54a1776,Mr. Oizo,Flat Beat,1999,official-pl-electro-edm|official-pl-french-touch,,false
e2f7e158-94d0-434c-9311-f61acb6c7659,MrMichem72,Laurent Voulzy ~ Rockollection.,,,,false
12125cc0-8c93-4c54-8614-bb361eb0ecf3,Mulan (cast français),Comme un homme,1998,official-pl-disney-fr,,true
80fb01a1-23cc-4d01-a583-ec394eb9b84a,Mulan (cast français),Réflexion,1998,official-pl-disney-fr,,true
6e146eb4-cac6-4514-81e7-f2b49e34b143,Mumford & Sons,Little Lion Man,2009,official-pl-2000s|official-pl-2000s-hard,3,false
7661f88b-a8eb-472f-b6cf-9c7404bf67a2,Mungo Jerry,In the Summertime,1970,official-pl-one-hit-wonders,,false
30f6fbd1-8560-4fdc-b623-fe739eb96cbe,Muse,Feeling Good,2001,official-pl-reprises-celebres,,false
58dc8403-42c9-46b8-afd5-d3168e1684a2,Muse,Knights of Cydonia,2006,official-pl-2000s-mix,,false
156c3a53-619d-4c61-aa19-0839ab17ee89,Muse,Supermassive Black Hole,2006,official-pl-2000s|official-pl-2000s-hard|official-pl-rock,3,false
21115016-6d4f-4db3-aab9-c9f026da1b47,Musical Youth,Pass the Dutchie,1982,official-pl-reggae,,false
4f88c901-7138-464c-a8e4-6eab7fdca69a,My Chemical Romance,Helena,2004,official-pl-2000s|official-pl-2000s-hard|official-pl-halloween,3,false
2eb5de1d-db0c-4695-8cb9-ba857596f1dd,My Chemical Romance,I'm Not Okay (I Promise),2004,official-pl-2000s|official-pl-2000s-medium,2,false
1e8009fd-48fd-4516-8e11-ae789e1fe231,My Chemical Romance,Welcome to the Black Parade,2006,official-pl-2000s|official-pl-2000s-hard|official-pl-2000s-medium|official-pl-punk-rock-90s-2000s,2,false
4995c99b-1d0d-4324-bfe0-b97f6b2602ed,My Mine,Hypnotic Tango,1983,official-pl-italo-disco-classics,,false
3132561a-2b79-4f4e-a024-6d1b6f4bfc5d,Mylène Farmer,Désenchantée,1991,official-pl-chanson-francaise-culte|official-pl-fr-90s|official-pl-fr-90s-easy|official-pl-variete-francaise,1,true
b66fd90b-1628-4975-ae35-18de6dbad094,Mylène Farmer,Je t'aime mélancolie,1991,official-pl-fr-90s-mix,,true
baa25399-7ebe-44e1-a92b-4ec9318a4214,Mylène Farmer,Pourvu qu'elles soient douces,1988,official-pl-chanson-francaise-culte|official-pl-fr-80s|official-pl-fr-80s-easy,1,true
3cae9aa9-f6c0-4b80-abab-900408fde1dd,Mylène Farmer,Salomé,2008,official-pl-fr-2000s|official-pl-fr-2000s-hard,3,true
076a4cee-453c-4671-a3e0-41fef827c585,Myles Smith,Stargazing,2024,official-pl-2020s-mix,,false
6d8f8173-14a9-4da7-8b1b-aee2e05021a1,N.W.A,Express Yourself,1989,official-pl-rap-us,,false
d8aa6ab5-5499-4940-bf67-b8d0af394a4a,N.W.A,Straight Outta Compton,1988,official-pl-rap-us,,false
e26d2c2a-4189-47e7-a073-c45dbed238ce,Najoua Belyzel,Mon ange,2005,official-pl-fr-2000s|official-pl-fr-2000s-easy,1,true
688fe8d7-4352-4f6a-905d-65931d21261e,Nancy Sinatra,These Boots Are Made for Walkin',1966,official-pl-60s,,false
a6ac7239-b09d-483c-b064-09554cf2bcbd,Naps,Familia,2021,official-pl-hiphop-fr-2020s,,true
4f68f6b3-30de-4b0a-a086-79769c010204,Nat King Cole,L-O-V-E,1965,official-pl-saint-valentin,,false
f77be70d-a420-4057-a0ff-ab669548ded8,Nat King Cole,The Christmas Song (Chestnuts Roasting on an Open Fire),1946,official-pl-noel,,true
d2003a42-137b-4fee-9c45-52aae3f97b3f,Natalie Imbruglia,Torn,1997,official-pl-2000s-mix|official-pl-90s|official-pl-90s-easy|official-pl-90s-medium|official-pl-90s-mix|official-pl-one-hit-wonders|official-pl-reprises-celebres|official-pl-un-seul-tube,1,false
86d4654e-d557-4fde-9fde-19529b6b833e,Natasha Bedingfield,Unwritten,2004,official-pl-2000s|official-pl-2000s-easy,1,false
a9e8d835-dae0-4e2b-b4c7-e3257cf3ae24,Natasha St-Pier,Tu trouveras,2002,official-pl-fr-2000s|official-pl-fr-2000s-medium|official-pl-quebec,2,true
deff6443-3238-4b44-981b-a1f6b826b906,Natasha St-Pier & Pascal Obispo,Tu trouveras,2002,official-pl-duos-cultes,,true
a6db8c59-3f1d-42a4-9354-3f2aba9bee2c,"Nathan Lane, Ernie Sabella, Jason Weaver",Hakuna Matata,1994,official-pl-disney-en,,false
54f4d804-eb01-4ba0-aa94-6c831dd02e8f,Native,Tu planes sur moi,1993,official-pl-fr-90s|official-pl-fr-90s-hard,3,true
5a28e0ea-3ac0-4cae-9df2-82599363affb,Neil Diamond,Sweet Caroline,1969,official-pl-70s|official-pl-70s-easy|official-pl-anniversaire|official-pl-chants-de-stade|official-pl-karaoke|official-pl-karaoke-komptoir|official-pl-love-international|official-pl-roadtrip,1,false
dfd32bcc-3d36-4400-bf67-653cfc41b2de,Neil Young,Heart of Gold,1972,official-pl-70s|official-pl-70s-hard|official-pl-rock,3,false
f48c6749-6b36-4af7-8b79-78be86aefa53,Neil Young,Rockin' in the Free World,1989,official-pl-roadtrip|official-pl-rock,,false
abf321ab-e4ef-4874-b1dc-b8dd2ce4adcd,Nelly,Dilemma,2002,official-pl-2000s|official-pl-2000s-easy|official-pl-2000s-medium|official-pl-2000s-mix|official-pl-rap-us|official-pl-soul-rnb,1,false
d904f315-0fa5-4093-aa40-b22472ff640b,Nelly,Hot in Herre,2002,official-pl-2000s|official-pl-2000s-medium|official-pl-2000s-mix|official-pl-rap-us|official-pl-soul-rnb,2,false
e9aac93c-20a1-4a7c-9285-092cb86fcce7,Nelly,Ride wit Me,2001,official-pl-rap-us,,false
79eba04e-c3ba-4003-982a-f9ac3824fe69,Nelly & Kelly Rowland,Dilemma,2002,official-pl-duos-cultes,,false
d020845a-71a9-4a52-b362-8b2cfd52db41,Nelly Furtado,I'm Like a Bird,2000,official-pl-love-international|official-pl-pop,,false
a16426a0-8b8e-405e-9795-d1c38ab2a9b5,Nelly Furtado,Promiscuous,2006,official-pl-2000s|official-pl-2000s-easy|official-pl-2000s-mix|official-pl-summer-hits-yearly,1,false
00e355e8-9308-4e81-8fe7-c81593a36463,Nelly Furtado & Timbaland,Promiscuous,2006,official-pl-duos-cultes,,false
afbc5cad-baa9-4703-8f2e-5554b552a1d7,Nena,99 Luftballons,1983,official-pl-80s|official-pl-80s-easy|official-pl-80s-hard|official-pl-80s-medium|official-pl-80s-mix|official-pl-new-wave-synthpop-80s|official-pl-one-hit-wonders|official-pl-pubs-cultes|official-pl-un-seul-tube,1,false
e3d1b84f-fb8c-4916-9636-71d67106e5be,Nerf Herder,Buffy the Vampire Slayer Theme,1997,official-pl-series-tv,,false
d9983da7-6037-4ca4-b963-82e43e35c115,Netta,Toy,2018,official-pl-eurovision,,false
3b1ea88d-2fc4-49d9-8bf4-63323114e1c6,New Order,Bizarre Love Triangle,1986,official-pl-80s|official-pl-80s-easy|official-pl-80s-hard|official-pl-pop|official-pl-pubs-cultes,1,false
9a764d25-bded-4a5f-9844-8cf7b2d38989,New Order,Blue Monday,1983,official-pl-80s|official-pl-80s-hard|official-pl-intros-legendaires|official-pl-pop,3,false
e65473b4-c15e-4b99-920f-9ae6696ec21d,New Order,True Faith,1987,official-pl-80s|official-pl-80s-hard,3,false
497079d6-de02-4513-8248-993b4f24f56d,New Radicals,You Get What You Give,1998,official-pl-apero-afterwork|official-pl-one-hit-wonders|official-pl-un-seul-tube,,false
a13e7012-2728-4afb-bfe4-0843d662d461,NewJeans,Ditto,2022,official-pl-2020s|official-pl-2020s-hard|official-pl-2020s-medium|official-pl-2020s-mix|official-pl-kpop,2,false
5b9b20df-8b68-4cb7-92e2-949526c3eb82,NewJeans,OMG,2023,official-pl-2020s|official-pl-2020s-hard|official-pl-2020s-medium|official-pl-2020s-mix|official-pl-kpop,2,false
e2def890-6f12-447e-b604-85341ffff9fe,Niagara,Bain de minuit,1985,official-pl-fr-80s|official-pl-fr-80s-hard,3,true
3d6475b9-55c1-4a10-b607-8ce4069d4103,Niagara,La belle inconnue,1986,official-pl-fr-80s-mix,,true
b20ec067-ee6b-4c8c-987f-a8345ebf4f50,Nick Cave & Kylie Minogue,Where the Wild Roses Grow,1995,official-pl-duos-cultes,,false
82119e17-6a6e-483f-ba64-edc08b14566b,Nick Cave & The Bad Seeds,Peaky Blinders Theme (Red Right Hand),1994,official-pl-series-tv,,false
791a3e01-ea0f-45a0-927f-c206677e1a0a,Nick Cave & The Bad Seeds,Red Right Hand,1994,official-pl-halloween|official-pl-series-tv,,false
3e5294a2-9a4f-4b8c-a653-dddd13acf653,Nickelback,How You Remind Me,2001,official-pl-2000s|official-pl-2000s-easy|official-pl-2000s-medium|official-pl-punk-rock-90s-2000s,1,false
fb170a96-3079-44bf-b312-075ee63a1063,Nicki Minaj,Starships,2012,official-pl-2010s|official-pl-2010s-medium|official-pl-rap-us,2,false
dc10ce9e-b31f-432d-8939-4a799bc4d61b,Nico & Vinz,Am I Wrong,2013,official-pl-2010s|official-pl-2010s-medium,2,false
0ca59e5f-3fed-4697-8bcf-f92657251dec,Night Ranger,Sister Christian,1984,official-pl-hard-rock-80s,3,false
6f67b498-da07-46dc-828a-6681a640d912,Nik Kershaw,Wouldn't It Be Good,1984,official-pl-80s|official-pl-new-wave-synthpop-80s|official-pl-pop|official-pl-un-seul-tube,,false
e80f7f27-a4e9-4ed8-82a4-d57dca4a805d,Nikki Blonsky,Good Morning Baltimore,2007,official-pl-musicals-us,,false
119fd8fe-777e-4659-a57e-3d1524341d7e,Nine Inch Nails,Closer,1994,official-pl-halloween,,false
fc244683-d464-4734-b3a7-e679ff7ae332,Nine Inch Nails,The Hand That Feeds,2005,official-pl-2000s|official-pl-2000s-hard|official-pl-halloween,3,false
69d9d1bc-0c80-414d-a853-73ffa7a4a906,Ninho,Mamacita,2020,official-pl-hiphop-fr-2020s,,true
4a699f1d-c403-4db7-9124-47a46c12c291,Nino Ferrer,Le Sud,1975,official-pl-boomers-60-plus|official-pl-variete-francaise,,true
5a84ef5d-edd1-47af-a10a-b0ddbf70c3d4,Nirvana,Come as You Are,1992,official-pl-90s|official-pl-90s-medium|official-pl-90s-mix|official-pl-rock,2,true
1cab773b-f1bc-4fc0-bbcd-d6d28f124dc2,Nirvana,Heart-Shaped Box,1993,official-pl-90s|official-pl-90s-hard|official-pl-love-international,3,false
3bf3ddef-c7b1-4c93-9697-477695d2183b,Nirvana,In Bloom,1992,official-pl-punk-rock-90s-2000s,,false
3698d40f-ef55-49f7-9842-d9a00381a127,Nirvana,Smells Like Teen Spirit,1991,official-pl-90s|official-pl-90s-easy|official-pl-90s-hard|official-pl-90s-medium|official-pl-90s-mix|official-pl-chants-de-stade|official-pl-intros-legendaires|official-pl-karaoke|official-pl-punk-rock-90s-2000s|official-pl-rock,1,false
1fb70160-e6b5-48ba-b56f-ef66bebcf572,Nirvana,The Man Who Sold the World,1993,official-pl-reprises-celebres,,false
3827a8d9-5a57-426a-b09a-5d6ab60a5a7a,Niska,Cœur noir,2024,official-pl-hiphop-fr-2020s,,true
05489bb4-21ff-4ca1-9dcb-8b1cc336c193,Niska,Réseaux,2017,official-pl-hiphop-fr-2020s|official-pl-rap-fr|official-pl-rap-fr-culte,,true
86cbe8db-595f-4560-94ae-411651594b0d,No Doubt,Don't Speak,1996,official-pl-90s|official-pl-90s-easy|official-pl-90s-medium|official-pl-britpop-90s|official-pl-pop,1,false
68853742-1bb2-4674-9d83-09db22832fad,No Doubt,It's My Life,2003,official-pl-reprises-celebres,,false
460e4968-c7d5-4470-8a0b-7780a1000a53,No Doubt,Just a Girl,1995,official-pl-90s|official-pl-90s-hard|official-pl-pop,3,false
60f55cb9-2752-4691-8295-123f39f3ba05,Noam,Goldorak Go!,1978,official-pl-club-dorothee,,true
095463af-a1c3-447d-a220-4fd047cc1dde,Nobuo Uematsu,One-Winged Angel,1997,official-pl-video-games,,false
6fc97023-62d1-4091-bae2-57797c53d0a4,Noir Désir,À ton étoile,1997,official-pl-fr-90s|official-pl-fr-90s-hard,3,true
5fc49c39-fc0d-4c75-8943-d13deac6a1e7,Noir Désir,L'homme pressé,1996,official-pl-fr-90s|official-pl-fr-90s-medium|official-pl-rock-fr|official-pl-variete-francaise,2,true
0df28b5d-5220-4609-9a6e-f618e9675ad9,Noir Désir,Le vent nous portera,2001,official-pl-boomers-60-plus|official-pl-fr-2000s|official-pl-fr-2000s-hard|official-pl-rock-fr|official-pl-variete-francaise,3,true
7b6450e5-cfa2-4fd8-aeb3-2a9b01e3b0d7,Noir Désir,Marlène,1996,official-pl-rock-fr,,true
da6bcf6a-9c41-4e58-bc76-48666b61719a,Noir Désir,Tostaky,1992,official-pl-rock-fr,,true
442b2f9b-67f2-42e4-a9d2-dc0ef03c9622,Nolwenn Leroy,Cassé,2003,official-pl-fr-2000s|official-pl-fr-2000s-easy,1,true
9734a21a-a6eb-4a0b-ab18-c3c959ea8d4b,Norah Jones,Come Away With Me,2002,official-pl-saint-valentin,,false
c88ad8f5-5970-4d5f-8f68-0b3124c01b83,Norah Jones,Don't Know Why,2002,official-pl-apero-afterwork|official-pl-reprises-celebres,,false
0c10ae69-1a1f-41e1-9104-39eb86fc0789,Norman Greenbaum,Spirit in the Sky,1969,official-pl-70s|official-pl-70s-easy|official-pl-70s-hard|official-pl-70s-mix|official-pl-films-easy|official-pl-musique-film|official-pl-one-hit-wonders|official-pl-un-seul-tube,1,false
a1047f9a-19e8-4ec2-a1f2-db14480dea1f,NSYNC,Tearin' Up My Heart,1997,official-pl-90s|official-pl-90s-easy|official-pl-90s-mix|official-pl-boys-girls-bands,1,false
2e34dd5f-1fe0-4f77-b2b4-2891e37ecb0c,O-Zone,Dragostea Din Tei,2003,official-pl-2000s-mix|official-pl-chants-de-stade|official-pl-guilty-pleasures|official-pl-new-year-party|official-pl-one-hit-wonders|official-pl-pubs-cultes|official-pl-tubes-de-l-ete,,false
8818d262-7192-4006-ad43-f685bfd04493,Oasis,Champagne Supernova,1995,official-pl-90s-mix|official-pl-britpop-90s,,false
49f46779-8156-4fa1-b9bc-2f9003784387,Oasis,Don't Look Back in Anger,1995,official-pl-britpop-90s|official-pl-chants-de-stade|official-pl-rock,,false
6af37d43-1c77-4992-abe8-a06e14b59072,Oasis,Live Forever,1994,official-pl-90s|official-pl-90s-hard,3,false
cd0cf698-01b7-4786-85f3-40d46e8b4503,Oasis,Wonderwall,1995,official-pl-90s|official-pl-90s-easy|official-pl-90s-hard|official-pl-90s-medium|official-pl-90s-mix|official-pl-britpop-90s|official-pl-chants-de-stade|official-pl-intros-legendaires|official-pl-karaoke|official-pl-karaoke-komptoir|official-pl-love-international|official-pl-roadtrip|official-pl-rock,1,false
3bcaddce-aafe-4a07-bc7c-7ce393fccbdc,Of Monsters and Men,Little Talks,2011,official-pl-2010s|official-pl-2010s-hard|official-pl-2010s-medium|official-pl-apero-afterwork,2,false
56f24b26-48c6-4126-81d5-d61bdf38f3f7,Of Monsters and Men,Mountain Sound,2012,official-pl-2010s-mix,,false
3154ac28-b7f3-431b-8b6d-8f7a9fddd3ad,Oingo Boingo,Weird Science,1985,official-pl-new-wave-synthpop-80s,,false
e4d39bda-09b4-4127-a83d-5512eb6b038c,Oldelaf et Monsieur D,Le café,2007,official-pl-fr-2000s|official-pl-fr-2000s-hard,3,true
75cb8405-60f5-4c4d-bcd6-9274173c5544,Olivia Newton-John,Hopelessly Devoted to You,1978,official-pl-musicals-us,,false
10e43d6a-57df-496d-9592-ad1c024c4aa9,Olivia Newton-John,Physical,1981,official-pl-80s|official-pl-80s-easy|official-pl-80s-medium,1,false
b9b42cd2-fbf2-423c-b31e-342f1e628978,Olivia Rodrigo,drivers license,2021,official-pl-2020s|official-pl-2020s-easy|official-pl-2020s-hard|official-pl-2020s-medium|official-pl-2020s-mix|official-pl-pop,1,false
83633880-d8f3-4e1a-afeb-06f7db57e3f9,Olivia Rodrigo,good 4 u,2021,official-pl-2020s|official-pl-2020s-easy|official-pl-2020s-medium|official-pl-2020s-mix|official-pl-tiktok-viral,1,false
9a14b4d4-6165-4fae-84a7-e860baf08cd9,Olivia Rodrigo,vampire,2023,official-pl-2020s|official-pl-2020s-hard,3,false
433560c3-8a58-43fe-ab21-50a3e3f7afc4,Olivier Constantin,Nicky Larson,1988,official-pl-club-dorothee,,true
11b2f4b3-8738-46a1-8ea3-c9174692c35f,OMC,How Bizarre,1995,official-pl-90s|official-pl-90s-medium|official-pl-one-hit-wonders|official-pl-un-seul-tube,2,false
9e7d714a-fca7-49e4-b2c3-b8c9a684446c,OMD,Enola Gay,1980,official-pl-80s|official-pl-80s-hard,3,false
b9804303-e5dd-4fbc-8ad7-228e81981a70,OMI,Cheerleader,2014,official-pl-latino|official-pl-latino-fiesta|official-pl-reggae|official-pl-summer-pool|official-pl-tubes-de-l-ete,,false
ccb43306-58b5-47e1-ae93-4cd3c75e14fc,OneRepublic,Counting Stars,2013,official-pl-2010s|official-pl-2010s-easy|official-pl-2010s-hard|official-pl-2010s-medium|official-pl-2010s-mix|official-pl-pop|official-pl-summer-hits-yearly,1,false
9ea4d904-c947-4fe4-aab3-4409ee9ca469,OneRepublic,I Ain't Worried,2022,official-pl-2020s|official-pl-2020s-easy|official-pl-2020s-hard|official-pl-2020s-mix,1,false
1302af34-395c-4317-8c0f-04b861f90ae9,Onyx,Slam,1993,official-pl-rap-us,,false
82c912ae-0f4a-4d25-873c-0f72f35f4b16,Orchestral Manoeuvres in the Dark,Enola Gay,1980,official-pl-new-wave-synthpop-80s|official-pl-pop,,false
6493b721-5066-4266-9b0b-abd4269b7ba3,Orchestral Manoeuvres in the Dark,If You Leave,1986,official-pl-80s|official-pl-80s-hard|official-pl-new-wave-synthpop-80s|official-pl-pop,3,false
96873e22-0e30-4d10-b972-79241c81fd97,Orelsan,Basique,2017,official-pl-rap-fr|official-pl-rap-fr-culte|official-pl-variete-francaise,,true
dfd07993-2fd8-4394-88b4-a570501fa27e,Orelsan,La terre est ronde,2011,official-pl-rap-fr,,true
0eb4b92c-a5d3-4688-b67a-39981c708f8a,Otis Redding,(Sittin' On) The Dock of the Bay,1968,official-pl-60s|official-pl-soul-rnb,1,true
c8539855-3c46-4867-9f88-90ce142dd166,Otis Redding,Try a Little Tenderness,1966,official-pl-60s|official-pl-soul-rnb,,false
6832974c-04ea-42f8-92a9-7f05b82df72b,Ottawan,"T'es OK, t'es bath, t'es in",1980,official-pl-fr-80s-mix,,true
6a7a6b47-15fd-4e07-abf6-cedd4125cc0e,OutKast,Hey Ya!,2003,official-pl-2000s|official-pl-2000s-easy|official-pl-2000s-medium|official-pl-2000s-mix|official-pl-karaoke|official-pl-new-year-party|official-pl-rap-us|official-pl-roadtrip,1,false
e2ad209f-f8b0-4d9c-8b1f-9f342ac890f4,OutKast,Ms. Jackson,2000,official-pl-2000s|official-pl-2000s-easy|official-pl-2000s-medium|official-pl-rap-us,1,false
1b45df7c-32fc-494b-8900-80752bc98f27,Owl City,Fireflies,2009,official-pl-2000s|official-pl-2000s-easy,1,false
a11b6026-c793-47a0-b9aa-714d2351f551,Owl City,Good Time,2012,official-pl-2010s|official-pl-2010s-medium,2,false
22bde440-05cb-41cd-96ce-d6b61523042d,Ozzy Osbourne,Crazy Train,1980,official-pl-70s|official-pl-70s-hard|official-pl-chants-de-stade|official-pl-halloween|official-pl-hard-rock-80s|official-pl-metal,3,false
8c0726a1-ae16-432f-a38b-089d1e25bf16,Ozzy Osbourne,Flying High Again,1981,official-pl-hard-rock-80s,3,false
3681ab99-fb4c-4149-8b53-decef3e1f3ad,P!nk,Get the Party Started,2001,official-pl-2000s|official-pl-2000s-easy|official-pl-2000s-medium|official-pl-2000s-mix|official-pl-boys-girls-bands,1,false
6ba44979-cd40-4cbb-b71b-e3051e3b6631,P!nk,So What,2008,official-pl-2000s|official-pl-2000s-easy|official-pl-2000s-medium|official-pl-2000s-mix|official-pl-pop,1,false
45ca2e91-3cd2-424c-8933-4e77401b2ac6,P. Lion,Happy Children,1983,official-pl-italo-disco-classics,,false
3cfaf3e4-a011-490c-96a8-061ad3e95375,P.O.D.,Youth of the Nation,2001,official-pl-punk-rock-90s-2000s,,false
b7f3f961-198b-41f3-b538-9e6c31006af6,Panic! At The Disco,High Hopes,2018,official-pl-2010s|official-pl-2010s-easy,1,false
472a5439-503d-4842-a7f6-4e6c09ab175f,Pantera,Walk,1992,official-pl-halloween|official-pl-metal,3,false
3efaf1bd-3dda-4bd6-a5f1-470d8ee60d59,Papa Roach,Last Resort,2000,official-pl-2000s|official-pl-2000s-medium|official-pl-2000s-mix|official-pl-halloween|official-pl-metal|official-pl-punk-rock-90s-2000s,2,false
3dc1a69c-0235-4cb3-b707-9e2619f2f4e5,Papa Roach,Scars,2005,official-pl-punk-rock-90s-2000s,,false
82c4a91d-5796-4ab9-bb4e-c84de697512c,Paramore,Decode,2008,official-pl-2000s|official-pl-2000s-medium,2,false
94887744-92cb-4539-8a8b-77b758d5c2b5,Parliament,Give Up the Funk (Tear the Roof off the Sucker),1975,official-pl-disco-funk,,false
7649733e-1eba-431f-8098-70ab15e25042,Pascal Obispo,Allons en fan,,,,true
8ca86303-fd8e-4290-b556-b270df44ca7d,Pascal Obispo,Lucie,1996,official-pl-fr-90s|official-pl-fr-90s-easy|official-pl-variete-francaise,1,true
c50596ba-728a-41a6-8174-6152562a825d,Pascal Obispo,On n'est pas seul sur la Terre,,,,true
ec7b9204-7a24-40ac-a2ee-e9d40b1fbd1b,Pascal Obispo,Rien ne dure,,,,true
60ec0385-eaa9-488c-aff4-d1e70b77b8eb,Pascal Obispo,Tombé pour elle,1995,official-pl-fr-90s|official-pl-fr-90s-hard,3,true
2dcdfc68-8281-4601-ad0e-2be6e9649874,Pascal Obispo - Topic,Lucie,,,,false
0192a804-d05b-4739-a696-523afccb4ca7,Pascal Obispo - Topic,Mourir demain (feat. Natasha St-Pier),,,,false
73e58e9d-aa39-4a00-adc8-47e5e83e2f65,Pascal Obispo - Topic,Tombé pour elle (L'île aux oiseaux),,,,true
6a85c865-dc33-4d6b-8c15-8b06b8905567,Passenger,Let Her Go,2012,official-pl-2010s|official-pl-2010s-medium|official-pl-2010s-mix,2,false
fe63d192-5017-4e52-9bb6-da8c067a37e1,Passion Pit,Sleepyhead,2008,official-pl-2000s|official-pl-2000s-hard|official-pl-2010s|official-pl-2010s-hard,3,false
7331df45-feb9-49f9-a594-ef3d597e9106,Passion Pit,Take a Walk,2012,official-pl-2010s|official-pl-2010s-hard|official-pl-2010s-medium,2,false
fcedd48f-e6ae-4963-9788-b7ec8c1c707a,Pat Benatar,Love Is a Battlefield,1983,official-pl-80s|official-pl-80s-mix|official-pl-hard-rock-80s,,false
47111135-d32b-429c-bd76-86b39f484f9d,Patricia Kaas,Il me dit que je suis belle,1993,official-pl-fr-90s|official-pl-fr-90s-medium,2,true
38207510-beaf-4c6a-a4bb-e75f83a9da4b,Patricia Kaas,Mademoiselle chante le blues,1988,official-pl-fr-80s-mix,,true
e106aecc-6c2b-480f-bfbe-ee6b4b22dc48,Patrick Bruel,Au café des délices,2002,official-pl-fr-2000s|official-pl-fr-2000s-medium,2,true
383dee6b-20a7-49a2-97d4-ccbc3848f9a5,Patrick Bruel,Casser la voix,1989,official-pl-chanson-francaise-culte|official-pl-fr-80s|official-pl-fr-80s-easy|official-pl-variete-francaise,1,true
6bf81da9-4a8f-4157-8fab-91deb1540615,Patrick Hernandez,Born to Be Alive,1978,official-pl-cinema-fr-bo|official-pl-disco-dancefloor|official-pl-disco-funk|official-pl-un-seul-tube,,true
a7ccca1c-51ff-4f18-bffa-fb345a6d29f7,Paul McCartney,Wonderful Christmastime,1979,official-pl-noel,,false
ae2e8e67-8eb6-49fa-b9b7-bef619a43b9d,Paul McCartney & Michael Jackson,Say Say Say,1983,official-pl-duos-cultes,,false
9a208218-d153-40a3-904f-060cbef7e2c1,Paul McCartney & Stevie Wonder,Ebony and Ivory,1982,official-pl-duos-cultes,,false
db7c35cf-c541-419a-8523-4d44e514e030,Paul McCartney & Wings,Live and Let Die,1973,official-pl-generiques-films-series|official-pl-james-bond,,false
8a8f327a-e7c4-43b5-badc-5602c224078d,Paul Simon,You Can Call Me Al,1986,official-pl-pubs-cultes,,false
2ba51ff0-bf49-4cf9-b730-e439a4adf4b4,Paula Abdul,Straight Up,1988,official-pl-80s|official-pl-80s-medium,2,false
a0861aad-411e-4d18-aca3-30ef83729175,Peabo Bryson & Regina Belle,A Whole New World,1992,official-pl-duos-cultes|official-pl-films-easy|official-pl-generiques-disney|official-pl-generiques-films-series|official-pl-musique-film|official-pl-saint-valentin,1,false
a2a6d5ad-8160-4a75-a9a6-8da7afa53eaf,Peach Tree Rascals,Mariposa,2020,official-pl-2020s|official-pl-2020s-hard,3,false
7c7a96b6-4f71-49de-894d-0cc87f711477,Pearl Jam,Even Flow,1992,official-pl-90s|official-pl-90s-hard|official-pl-90s-medium|official-pl-90s-mix,2,false
9fad8fc0-c278-4ffb-a0d5-f14ce8da06f4,Pearl Jam,Last Kiss,1999,official-pl-reprises-celebres,,false
42804158-b0c5-4feb-89d3-ee6d71f72855,Pentatonix,Hallelujah,2016,official-pl-noel,,false
3d78fa1f-b565-461f-8524-774eb1144b34,Percy Sledge,When a Man Loves a Woman,1966,official-pl-soul-rnb,,false
ead3ac37-a97f-4d78-b3af-4a289dc74021,Pet Shop Boys,It's a Sin,1987,official-pl-80s|official-pl-80s-hard|official-pl-new-wave-synthpop-80s|official-pl-pop,3,false
59358a80-10b9-483f-87ae-4ae99a9096da,Pet Shop Boys,West End Girls,1985,official-pl-80s|official-pl-80s-easy|official-pl-80s-hard|official-pl-80s-medium|official-pl-80s-mix|official-pl-new-wave-synthpop-80s|official-pl-pop,1,false
9f709cbb-d635-46ac-8f1f-7f36954dc7cc,Peter Bjorn and John,Young Folks,2006,official-pl-2000s|official-pl-2000s-hard|official-pl-apero-afterwork,3,false
2f277500-b058-4755-8774-8ceaff79ece1,Peter Gabriel,In Your Eyes,1986,official-pl-love-international,,false
1822c24c-8ee6-44a5-981e-8eff00d4f6d6,Peter Gabriel,Sledgehammer,1986,official-pl-80s|official-pl-80s-easy|official-pl-80s-medium|official-pl-new-wave-synthpop-80s|official-pl-pubs-cultes,1,false
873ec461-d624-428e-ab15-4750560b5b2a,Peter Gabriel,Solsbury Hill,1977,official-pl-70s|official-pl-70s-hard,3,false
6d4239f9-c94d-4bbe-8e73-1c766e996060,Peter Schilling,Major Tom (Coming Home),1983,official-pl-80s|official-pl-80s-hard|official-pl-80s-medium|official-pl-new-wave-synthpop-80s,2,false
821d220c-cd99-4265-af84-f0de97a6df6d,Pharoahe Monch,Simon Says,1999,official-pl-rap-us,,false
dc497d16-6826-4cab-ad49-a924d566372f,Pharrell Williams,Happy,2013,official-pl-2010s|official-pl-2010s-easy|official-pl-2010s-mix|official-pl-anniversaire|official-pl-disco-funk|official-pl-films-easy|official-pl-generiques-films-series|official-pl-karaoke|official-pl-musique-film|official-pl-new-year-party|official-pl-pubs-cultes|official-pl-roadtrip|official-pl-summer-hits-yearly|official-pl-summer-pool|official-pl-tubes-de-l-ete,1,false
67ed3842-765f-4094-b61b-35ccb531ba50,Phil Collins,Against All Odds (Take a Look at Me Now),1984,official-pl-80s-mix|official-pl-slows-cultes,,true
b2535770-970e-4266-b54c-e7ff217d710f,Phil Collins,In the Air Tonight,1981,official-pl-80s|official-pl-80s-easy|official-pl-80s-mix|official-pl-films-easy|official-pl-generiques-films-series|official-pl-musique-film|official-pl-rock,1,true
031f87e1-60d5-4bac-b6f7-0ead21afe12b,Phil Collins,Tu n'es jamais bien loin (Tarzan),1999,official-pl-disney-fr,,true
bea41839-8b95-4984-a2ed-a1d3195ecf2a,Phil Collins,You'll Be in My Heart,1999,official-pl-disney-en|official-pl-generiques-disney|official-pl-generiques-films-series,,true
171d84db-6a36-47ed-a60b-ee86c392f64c,"Phil Harris, Bruce Reitherman",The Bare Necessities,1967,official-pl-disney-en,,false
25287a62-a4dc-489a-9ec3-4d9fc98787fc,Philip Bailey & Phil Collins,Easy Lover,1984,official-pl-duos-cultes,,false
97cbd24c-9bf6-4b65-bd8f-0b5e790e8df2,Philip Glass,The Hours (Theme),2002,official-pl-films-hard|official-pl-musique-film,3,false
a7b3dd9c-a0cb-4cd3-885a-b717088d5222,Philip Oakey & Giorgio Moroder,Together in Electric Dreams,1984,official-pl-new-wave-synthpop-80s,,false
3390cf14-aa9b-40a5-81f3-4e9c0a486dbb,Philippe Katerine,La banane,2005,official-pl-fr-2000s-mix,,true
1e8436cb-f383-4d23-9980-c23625111d13,Philippe Katerine,Louxor j'adore,2005,official-pl-fr-2000s|official-pl-fr-2000s-hard,3,true
7ae8c5c6-1adb-49e4-aa28-dce7dcfba834,Phoebe Bridgers,Kyoto,2020,official-pl-2020s|official-pl-2020s-hard,3,false
5944a6ec-2157-44bb-9503-316720566b06,Phoenix,1901,2009,official-pl-2000s|official-pl-2000s-hard|official-pl-french-touch|official-pl-pop|official-pl-rock-fr,3,true
50c6331f-73c4-4e1a-88ce-5cc472e9b7d9,Phoenix,Lisztomania,2009,official-pl-2000s|official-pl-2000s-hard|official-pl-french-touch|official-pl-pop|official-pl-rock-fr,3,true
391c0769-d191-4a89-838f-4f44e9f6d964,Phoenix,Trying to Be Cool,2013,official-pl-fr-2010s|official-pl-fr-2010s-hard,3,true
033aab76-d58a-43af-b85c-76b75296fdb7,Pierre Bachelet,Les Corons,1982,official-pl-chanson-francaise-culte|official-pl-cinema-fr-bo|official-pl-variete-francaise,,true
c7893d57-b0c5-4616-a9f2-2994ced1d8cd,Pierre Bachelet,Les Mystérieuses Cités d'Or,1983,official-pl-club-dorothee,,true
6b7d4ea1-a03f-4b30-a5db-c9d068d94fb1,Pigloo,Le papa pingouin,2006,official-pl-fr-2000s-mix,,true
97953428-2c63-47c6-ad2e-1981f9bbebb1,Pilot,Magic,1974,official-pl-70s|official-pl-70s-medium,2,false
518df631-1de1-4b09-8c87-c0eeb557aaef,Pink Floyd,Comfortably Numb,1979,official-pl-70s|official-pl-70s-hard|official-pl-rock,3,false
bc5fbf2b-22ca-440b-8c60-bb0985e95c3b,Pink Floyd,Money,1973,official-pl-70s|official-pl-70s-hard|official-pl-rock,3,false
72580b91-9e6f-4d22-8821-68952200f380,Pink Floyd,Wish You Were Here,1975,official-pl-70s|official-pl-70s-hard|official-pl-rock,3,false
69dc39cd-b157-4c13-a530-b4a32e5dbb98,Pitbull & Ne-Yo,Time of Our Lives,2014,official-pl-duos-cultes,,false
b303159e-ddc1-41fa-af8a-43f79ce9f31b,Pitbull & Ne-Yo & Afrojack & Nayer,Give Me Everything,2011,official-pl-duos-cultes,,false
78c03349-a71a-43d6-b462-de66fd684a1f,Pitbull feat. Jennifer Lopez & Claudia Leitte,We Are One (Ole Ola),2014,official-pl-chants-de-stade,,false
fdc18961-5d3c-4141-b265-9410c0cf01d6,Pitbull ft. Christina Aguilera,Feel This Moment,2013,official-pl-new-year-party,,false
9c1455f7-68c1-487d-a2c4-e4153e902253,Pitbull ft. John Ryan,Fireball,2014,official-pl-new-year-party,,false
f1d14ef0-4188-4fef-9c5a-3de82a087f29,Pitbull ft. Ke$ha,Timber,2013,official-pl-2010s|official-pl-2010s-easy|official-pl-anniversaire|official-pl-new-year-party,1,false
31976f53-caff-4cda-b3fc-4dc01f8399d4,"Pitbull ft. Ne-Yo, Afrojack & Nayer",Give Me Everything,2011,official-pl-anniversaire|official-pl-apero-afterwork|official-pl-summer-hits-yearly,,false
8edec106-fc2e-4d09-8633-c6c340b0ef4d,Plain White T's,Hey There Delilah,2006,official-pl-2000s|official-pl-2000s-easy|official-pl-2000s-medium,1,false
39828cac-4f5a-4e61-a842-e42ad2a968f9,PLK,Pas le choix,2020,official-pl-hiphop-fr-2020s,,true
e19252a6-dc16-4dfd-8115-616823fafb00,PNL,Au DD,2019,official-pl-fr-2010s|official-pl-fr-2010s-easy|official-pl-hiphop-fr-2020s|official-pl-rap-fr,1,true
4e79b084-885b-48cb-8679-fe7bbb23f5e0,PNL,Le monde ou rien,2015,official-pl-rap-fr|official-pl-rap-fr-culte|official-pl-variete-francaise,,true
74a201d8-29f8-469d-955e-358ff9e99f2b,Poison,Every Rose Has Its Thorn,1988,official-pl-hard-rock-80s|official-pl-rock|official-pl-slows-cultes,3,false
8c238eff-c8d0-44a8-9d85-1147a89d4b7c,Pomme,On brûlera,2017,official-pl-fr-2010s-mix,,true
a9e0591c-6cb4-40d3-925c-aaed9fa1001e,Portishead,Glory Box,1994,official-pl-90s|official-pl-90s-mix|official-pl-electro-edm|official-pl-le-sample,,false
c2ea8fb5-f2fd-4908-a878-99b8f19f81df,Portugal. The Man,Feel It Still,2017,official-pl-2010s|official-pl-2010s-easy|official-pl-2010s-mix|official-pl-apero-afterwork,1,false
d1343dca-ab7b-4ffd-b63c-25bf0f0b76ae,Post Malone,Circles,2019,official-pl-2020s|official-pl-2020s-easy|official-pl-2020s-medium,1,false
819f263a-6e37-4045-b172-546912e4008f,Post Malone,Sunflower,2018,official-pl-2010s|official-pl-2010s-easy|official-pl-rap-us,1,false
f8689dfa-fa54-48ce-9397-511eb82f3f01,Post Malone & Swae Lee,Sunflower,2018,official-pl-2010s-mix|official-pl-2020s|official-pl-2020s-easy|official-pl-summer-hits-yearly,1,false
dd54782e-9d6f-4aad-a094-86dbaa7b1b06,Post Malone ft. 21 Savage,Rockstar,2017,official-pl-summer-hits-yearly,,false
58474cb4-3793-43f7-ab1c-11cf737ca912,Pow woW,Le chat,1992,official-pl-fr-90s|official-pl-fr-90s-hard,3,true
d0961e87-7289-4176-add7-899823b854fd,Powfu ft. beabadoobee,Death Bed,2020,official-pl-2020s|official-pl-2020s-hard,3,false
b7efb397-b6ce-48a2-9a5c-c0319dd0a544,Primitive Radio Gods,Standing Outside a Broken Phone Booth with Money in My Hand,1996,official-pl-90s|official-pl-90s-medium,2,false
d9ee7a5e-ea3e-47b7-a56e-152782ecac66,Prince,1999,1982,official-pl-new-year-party,2,false
4157dd05-c59f-44d0-af6c-f12f11aff58a,Prince,Kiss,1986,official-pl-80s|official-pl-pop|official-pl-reprises-celebres,,false
86e48563-3709-410e-952e-7b09b8d605f6,Prince,Little Red Corvette,1983,official-pl-roadtrip,,false
3ef48be4-d403-452d-aebf-3840b30bcf2c,Prince,When Doves Cry,1984,official-pl-80s|official-pl-80s-medium|official-pl-pop,2,false
98a91b23-8c1e-43d0-b421-d87e9c1c59ae,Prince Royce,Darte un Beso,2013,official-pl-latino|official-pl-latino-fiesta,,true
e6f66d12-f71c-420a-8fca-46d8b7b8289c,Procol Harum,A Whiter Shade of Pale,1967,official-pl-60s|official-pl-70s|official-pl-70s-easy,1,false
67878186-e38b-485c-b15f-722230c915f9,PSY,Gangnam Style,2012,official-pl-2010s|official-pl-2010s-easy|official-pl-anniversaire|official-pl-kpop|official-pl-summer-hits-yearly,1,false
3ca2229d-eb1d-456e-9166-543a98d364a4,Public Enemy,Fight the Power,1989,official-pl-80s|official-pl-le-sample|official-pl-rap-us,,false
44c9152c-ecff-447c-b145-1d28a805c55a,Puff Daddy ft. Faith Evans,I'll Be Missing You,1997,official-pl-90s|official-pl-90s-easy,1,false
587d324e-7157-4b94-8edf-8fa65c5dde04,Pulp,Common People,1995,official-pl-90s|official-pl-90s-hard|official-pl-90s-medium|official-pl-britpop-90s,2,false
f22d14a5-2ec9-4c20-bf80-8ee532503093,Pulp,Disco 2000,1995,official-pl-90s|official-pl-90s-medium|official-pl-britpop-90s,2,false
54c77c43-c356-44f3-ad0a-f121724066b8,Queen,Another One Bites the Dust,1980,official-pl-80s|official-pl-80s-easy|official-pl-80s-mix|official-pl-intros-legendaires|official-pl-rock,1,false
948087aa-12dc-46af-9bcb-32949f87aedc,Queen,Bohemian Rhapsody,1975,official-pl-70s|official-pl-70s-easy|official-pl-70s-hard|official-pl-70s-medium|official-pl-70s-mix|official-pl-karaoke-komptoir|official-pl-rock,1,false
69fa88b8-ec6e-4a85-925c-a53885d84015,Queen,Bohemian Rhapsody (Live Aid 1985),,,,false
2488e5b6-911c-438b-8140-c2302ef2011f,Queen,Bohemian Rhapsody (Official Video Remastered),,,,false
47f9072b-a404-42e5-965b-0beacba43ccc,Queen,Crazy Little Thing Called Love,1979,official-pl-love-international|official-pl-saint-valentin,,false
74698ed1-e9ef-4781-9e53-b77ceca67622,Queen,Don't Stop Me Now,1978,official-pl-70s|official-pl-70s-medium|official-pl-80s|official-pl-80s-easy|official-pl-anniversaire|official-pl-apero-afterwork|official-pl-karaoke|official-pl-new-year-party|official-pl-roadtrip|official-pl-rock,1,false
06972086-e788-4e5d-9940-35361e6fc471,Queen,Flash,1980,official-pl-films-easy|official-pl-musique-film,1,false
431c4fae-81e7-4b0c-b3da-e41c14ed1ece,Queen,Killer Queen,1974,official-pl-70s|official-pl-70s-hard|official-pl-james-bond,3,false
6f25f629-54be-415c-aa20-c3aa689e8844,Queen,We Are the Champions,1977,official-pl-70s|official-pl-70s-easy|official-pl-chants-de-stade|official-pl-karaoke|official-pl-pubs-cultes|official-pl-rock,1,false
11075eeb-a78e-4325-8c50-a502239d0ce8,Queen,We Will Rock You,1977,official-pl-70s-mix|official-pl-anniversaire|official-pl-chants-de-stade|official-pl-intros-legendaires|official-pl-pubs-cultes|official-pl-roadtrip|official-pl-rock,,false
2b3fcd5e-db9a-41b4-9db8-44d3ca6b9e9b,Queen & David Bowie,Under Pressure,1981,official-pl-80s|official-pl-80s-medium|official-pl-duos-cultes|official-pl-pubs-cultes,2,false
5e99ec58-113f-452f-adc9-71f5679f43d8,Queens of the Stone Age,Go With the Flow,2002,official-pl-2000s|official-pl-2000s-hard,3,false
05e19456-9ae1-4885-8a15-6d1d6feeb048,Queens of the Stone Age,No One Knows,2002,official-pl-2000s|official-pl-2000s-hard|official-pl-rock,3,false
1187fb48-2020-4e59-a82d-164f90cbead3,Quiet Riot,Cum on Feel the Noize,1983,official-pl-hard-rock-80s|official-pl-reprises-celebres|official-pl-un-seul-tube,,true
60d7333d-6b01-48f0-a786-ec4d12825686,R. City,Locked Away,2015,official-pl-2010s-mix,,false
492b094c-960f-44d5-95e0-1e74954a5a72,R.E.M.,It's the End of the World as We Know It,1987,official-pl-80s|official-pl-80s-hard,3,true
30c5a006-fa75-42d8-b2be-ae32358e2805,R.E.M.,Losing My Religion,1991,official-pl-90s|official-pl-90s-easy|official-pl-90s-mix|official-pl-apero-afterwork|official-pl-rock,1,false
995844ae-ff0f-442b-a51e-afd04e33c662,R.E.M.,Man on the Moon,1992,official-pl-90s|official-pl-90s-hard,3,true
a0a2d76e-c721-42b6-bb87-abb73b77bd1a,R.E.M.,The One I Love,1987,official-pl-80s|official-pl-80s-hard,3,false
6aa5cd23-6397-498e-859b-086111824266,Rachel Platten,Fight Song,2015,official-pl-films-easy|official-pl-musique-film,1,false
e2441e99-fda9-437b-a196-e40a499007fe,Radiohead,Creep,1993,official-pl-90s|official-pl-90s-easy|official-pl-90s-hard|official-pl-90s-medium|official-pl-90s-mix|official-pl-britpop-90s|official-pl-halloween|official-pl-rock,1,false
6ddbd8bd-a4a5-4662-b30f-03a34c820faa,Radiohead,Jigsaw Falling Into Place,2007,official-pl-2000s|official-pl-2000s-hard,3,false
9d845215-6bd5-42b9-828c-609ec0c62ef8,Radiohead,Karma Police,1997,official-pl-90s|official-pl-90s-hard|official-pl-britpop-90s|official-pl-rock,3,false
15006a59-3773-4aa4-a2b2-22de3d1e7a1b,Radiohead,Lotus Flower,2011,official-pl-2010s|official-pl-2010s-hard,3,false
ee7d8896-6879-4cdf-843e-9a50516e5abe,Radiohead,Reckoner,2007,official-pl-2000s|official-pl-2000s-hard,3,false
78e7bb66-b233-408c-b240-e0b004c47fbe,Raf,Self Control,1984,official-pl-italo-disco-classics,,false
33cd6068-0852-4ecd-a959-a89a82e0e938,Rage Against the Machine,Bulls on Parade,1996,official-pl-halloween|official-pl-metal|official-pl-rock,3,true
ad93ee14-7169-4d93-bce8-907004d6898c,Rage Against the Machine,Killing in the Name,1992,official-pl-90s|official-pl-halloween|official-pl-intros-legendaires|official-pl-metal|official-pl-rock,3,false
63598557-1bb2-4adc-8a20-afb7d34a9468,Ram Jam,Black Betty,1977,official-pl-70s|official-pl-70s-easy|official-pl-70s-medium,1,false
c0471a35-6c87-4db7-8183-4634e1266fd4,Ramin Djawadi,Game of Thrones (Main Title),2011,official-pl-series-tv,,false
3025977a-374b-49f8-9e92-57b733865df1,Rammstein,Du Hast,1997,official-pl-halloween|official-pl-metal,3,true
982f2bf4-1894-4cd4-be08-bac77573b4bd,Rammstein,Sonne,2001,official-pl-halloween|official-pl-metal,3,false
f1b763ca-bc9e-4a80-aa93-2a881e26c454,Ramones,I Wanna Be Sedated,1978,official-pl-pubs-cultes,,false
8ed5e184-cf97-4e69-a64a-f28c772ef45a,Ramones,Pet Sematary,1989,official-pl-halloween,,false
42a3ccb7-9349-4c88-8938-f63f28c8afeb,Rascal Flatts,Life Is a Highway,2006,official-pl-country|official-pl-disney-en|official-pl-generiques-disney,,false
742c1289-d024-45e7-8f78-607a77e0e1e7,Ratt,Round and Round,1984,official-pl-hard-rock-80s|official-pl-metal|official-pl-rock,3,false
5775b440-b841-4f42-bf69-ceeee8ceff97,Ray Charles,Georgia on My Mind,1960,official-pl-60s|official-pl-soul-rnb,,true
1efe1969-0df0-40d1-83ff-364dc5bc101c,Ray Charles,Hit the Road Jack,1961,official-pl-60s|official-pl-soul-rnb,,false
974fd292-1f38-4289-bcb8-32808fefa5c2,Ray Parker Jr.,Ghostbusters,1984,official-pl-films-easy|official-pl-generiques-films-series|official-pl-halloween|official-pl-musique-film,1,false
3ae282dc-a711-468b-bb8c-80be308387f7,Red Hot Chili Peppers,Californication,1999,official-pl-2000s-mix|official-pl-intros-legendaires|official-pl-rock,,false
76515ec3-2753-46b6-9fa4-0a4d177ce4db,Red Hot Chili Peppers,Scar Tissue,1999,official-pl-2000s-mix,,false
2e03dce8-2969-4987-a02e-afa20f6019a9,Red Hot Chili Peppers,Under the Bridge,1992,official-pl-90s|official-pl-90s-hard|official-pl-90s-mix|official-pl-rock,3,false
3244dc14-f61e-457a-a33e-7595c0fb08d7,Redbone,Come and Get Your Love,1974,official-pl-70s|official-pl-70s-medium|official-pl-films-easy|official-pl-musique-film|official-pl-roadtrip,1,false
6ec1e9e1-6fe4-4982-a553-ed3996591b32,Rednex,Cotton Eye Joe,1994,official-pl-90s|official-pl-90s-easy|official-pl-90s-medium|official-pl-90s-mix|official-pl-anniversaire|official-pl-chants-de-stade|official-pl-guilty-pleasures|official-pl-new-year-party|official-pl-one-hit-wonders|official-pl-pubs-cultes|official-pl-summer-pool|official-pl-un-seul-tube,1,false
974ed27b-52a1-474b-b662-1212ee391625,Reel 2 Real,I Like to Move It,1994,official-pl-anniversaire|official-pl-eurodance-90s|official-pl-new-year-party,,false
abc9efd8-1f93-424e-abb1-010f09987aa2,Rema,Calm Down,2022,official-pl-2020s|official-pl-2020s-easy|official-pl-afrobeats,1,false
2b756529-c53f-46ee-beca-ffeefea9b8c7,Rema,Charm,2023,official-pl-afrobeats,,false
d3b046df-307b-4f0c-9714-9977f1225ceb,Rema & Selena Gomez,Calm Down,2022,official-pl-2020s|official-pl-2020s-mix|official-pl-tiktok-viral,,false
55955b19-56c1-4480-9ccd-e7a3b6d25653,Renaud,Encore une nuit,2002,official-pl-fr-2000s|official-pl-fr-2000s-hard,3,true
e9d4a413-6d77-4952-a86e-bd446b1f62e2,Renaud,Les bobos,2006,official-pl-fr-2000s-mix,,true
6a86223e-d616-4e3c-b93b-0a918498a852,Renaud,Manhattan-Kaboul,2002,official-pl-boomers-60-plus|official-pl-chanson-francaise-culte|official-pl-fr-2000s|official-pl-fr-2000s-easy,1,true
4050d260-7808-47b0-b3ac-081fc0c42ae2,Renaud,Marche à l'ombre,1980,official-pl-fr-80s-mix,,true
58a2d7df-ca2b-4c00-9181-e4ceae19dfb9,Renaud,Mistral gagnant,1985,official-pl-boomers-60-plus|official-pl-chanson-francaise-culte|official-pl-fr-80s|official-pl-fr-80s-easy|official-pl-variete-francaise,1,true
1af25577-d1c6-4508-902b-a62c0e661427,Renaud,Morgane de toi,1983,official-pl-fr-80s|official-pl-fr-80s-medium,2,true
c660a100-3148-451b-9902-61255e87dbb2,Republica,Ready to Go,1996,official-pl-90s|official-pl-90s-hard,3,false
64baeefe-e7da-42c0-a5bd-81ee98d63ab7,Ricchi e Poveri,Mamma Maria,1982,official-pl-italie|official-pl-italie-classique,,false
5132b8b5-5782-4785-8f12-d08dd19ced66,Ricchi e Poveri,Sarà perché ti amo,1981,official-pl-italie|official-pl-italie-classique,,true
cd2518ce-01ac-4958-95b9-8a320c83a7a6,Richard Cocciante,Le coup de soleil,1980,official-pl-fr-80s|official-pl-fr-80s-medium,2,true
af4a4d43-5c2e-4374-9e50-8828241f6c8a,Richard Marx,Right Here Waiting,1989,official-pl-love-international|official-pl-saint-valentin,,false
520cd1ef-fc95-4339-93e7-c3025c2df951,Richard O'Brien,Time Warp,1975,official-pl-halloween,,false
f8cfd9b7-3531-4cdc-becf-d0e3899463c6,Richard Sanderson,Reality,1980,official-pl-cinema-fr-bo,,true
3c483c7d-b893-4988-ab3a-b018fb55876c,Richard Simon,Capitaine Flam,1981,official-pl-club-dorothee,,true
31fdb874-b37d-4b30-8f7c-2217b4b6ceb6,Rick Astley,Never Gonna Give You Up,1987,official-pl-80s|official-pl-80s-easy|official-pl-80s-medium|official-pl-80s-mix,1,false
df811457-c692-4d03-8efa-90bee4931b35,Rick James,Super Freak,1981,official-pl-disco-funk|official-pl-soul-rnb,,false
eeb9dc24-6435-4f14-81cb-cc1f1c3bdcfb,Rick Springfield,Jesse's Girl,1981,official-pl-80s|official-pl-80s-easy,1,false
b83f9cb9-fe9f-4c1c-b848-5dde0ed4b9c5,Rick Springfield,Jessie's Girl,1981,official-pl-80s|official-pl-80s-medium|official-pl-80s-mix|official-pl-karaoke,2,false
cef3a342-499f-40ad-b5a4-da7a454e43d9,Ricky Martin,La Copa de la Vida,1998,official-pl-chants-de-stade|official-pl-latino|official-pl-latino-fiesta,,true
aeb553cc-42bd-4bdf-a202-b701384567ce,Ricky Martin,Livin' la Vida Loca,1999,official-pl-90s|official-pl-90s-easy|official-pl-90s-medium|official-pl-90s-mix|official-pl-latino|official-pl-latino-fiesta|official-pl-new-year-party|official-pl-summer-pool,1,true
1f8cb8d8-dda6-4c4d-a68b-b92b8d4477b7,Ricky Martin,María,1995,official-pl-latino|official-pl-latino-fiesta,,false
7ced72de-782a-40cb-95c7-4c28c38cb972,Ricky Martin,She Bangs,2000,official-pl-latino,,false
d194183b-7f8e-4784-864b-512a575abdfd,Ricky Martin,The Cup of Life,1998,official-pl-summer-pool,,false
e8ba816a-3a24-4f83-b43e-d9363f843e0b,Righeira,L'estate sta finendo,1985,official-pl-italie-classique,,false
fdf9775e-ab93-4e61-b937-f83f2b14ede3,Righeira,Vamos a la Playa,1983,official-pl-italo-disco-classics,,true
c54be388-bae2-4922-a837-3945e017ad4c,Right Said Fred,I'm Too Sexy,1991,official-pl-90s|official-pl-90s-easy|official-pl-90s-mix|official-pl-guilty-pleasures|official-pl-un-seul-tube,1,false
94a3cac1-3851-4fe3-b2fa-02c0b92988d7,Rihanna,Diamonds,2012,official-pl-james-bond|official-pl-pop|official-pl-pop-divas|official-pl-summer-hits-yearly,,false
db0ed454-bae3-42e4-9ef5-5d1fdeff65ec,Rihanna,Disturbia,2008,official-pl-halloween,,false
e75cf5d2-9cdc-4fab-9ff3-5b47ff87b6f4,Rihanna,Don't Stop the Music,2007,official-pl-2000s|official-pl-2000s-easy|official-pl-le-sample|official-pl-pop|official-pl-pop-divas,1,false
8dc65c18-e0a8-4cdc-babf-41f2c1632a74,Rihanna,Shut Up and Drive,2007,official-pl-2000s|official-pl-2000s-medium|official-pl-roadtrip,2,false
be80b810-4a16-4be9-8f1e-790e6f6c130f,Rihanna,SOS,2006,official-pl-summer-hits-yearly,,false
c8ec31da-de2e-4111-94ca-47c7404c747a,Rihanna,Stay,2013,official-pl-2010s|official-pl-2010s-medium,2,false
ae3d0bdd-8c89-48a0-89a2-50fe4123c15b,Rihanna,Umbrella,2007,official-pl-2000s|official-pl-2000s-easy|official-pl-2000s-medium|official-pl-2000s-mix|official-pl-karaoke|official-pl-pop|official-pl-pop-divas|official-pl-summer-hits-yearly,1,false
9472c37a-06c2-4233-abd3-564d7d47c6d1,Rihanna,We Found Love,2011,official-pl-2010s|official-pl-2010s-easy|official-pl-2010s-mix|official-pl-chants-de-stade|official-pl-karaoke|official-pl-new-year-party|official-pl-pop|official-pl-pop-divas|official-pl-summer-hits-yearly|official-pl-summer-pool,1,false
b991f00e-a192-469f-82ca-984a1cf50eba,Rihanna & Calvin Harris,We Found Love,2011,official-pl-duos-cultes,,false
ab669bcb-48f7-4fec-ac8e-7ca9d12946ae,Rihanna & Jay-Z,Umbrella,2007,official-pl-duos-cultes,,false
617ebeed-4f0c-46f2-b067-2442fa892abe,Rihanna ft. David Guetta,Right Now,2013,official-pl-electro-edm,,false
4e954f16-d473-430b-bcfc-964913bac0e6,Ritchie Valens,La Bamba,1958,official-pl-chants-de-stade|official-pl-cinema-fr-bo,,true
287eafc0-217f-4ec4-a145-bd60faf32d82,RJD2,A Beautiful Mine (Mad Men),2007,official-pl-series-tv,2,false
970d7550-c799-4c87-9cff-29b1bb84db45,Rob Zombie,Dragula,1998,official-pl-halloween|official-pl-metal,,false
200d4216-da2c-4b65-b2cd-2dcda8af2cc2,Rob Zombie,Living Dead Girl,1999,official-pl-halloween,,false
78cbae1e-8cca-4ae3-98d7-524493d76719,Robbie Williams,Angels,1997,official-pl-karaoke-komptoir|official-pl-love-international|official-pl-pop,,false
e13b9026-3089-4adb-92b8-dbab63502419,Robert Palmer,Addicted to Love,1986,official-pl-80s|official-pl-80s-medium,2,false
6721c173-6f0d-4d28-9d25-efe826db385d,Roberta Flack,Killing Me Softly with His Song,1973,official-pl-70s|official-pl-70s-easy|official-pl-70s-medium|official-pl-70s-mix|official-pl-soul-rnb,1,false
f5a43a42-af5d-40c5-bf06-10b400028e78,Robin des Bois (cast),À nous,2013,official-pl-musicales-fr,1,true
418cb37a-be43-476d-967d-d71e71868b1d,Robin S.,Show Me Love,1993,official-pl-90s|official-pl-90s-medium|official-pl-90s-mix|official-pl-new-year-party,2,false
4aa06e85-884c-4c4e-a7ca-1028837438c5,Robin Thicke ft. T.I. & Pharrell,Blurred Lines,2013,official-pl-2010s|official-pl-2010s-easy|official-pl-anniversaire|official-pl-summer-hits-yearly|official-pl-summer-pool|official-pl-tubes-de-l-ete,1,false
23fd0314-687b-4b60-af8c-c861be1e5fd5,Robin Williams,Prince Ali,1992,official-pl-disney-en,,false
d7956816-644b-470c-98d0-13e57e209e89,Rockwell,Somebody's Watching Me,1984,official-pl-halloween,,false
20691163-3c37-474c-b16c-b4f94b554b6c,Rod Stewart,Da Ya Think I'm Sexy?,1978,official-pl-70s|official-pl-70s-easy,1,false
cd6366a8-d432-4f1d-bbfb-5a0b34b5ea08,Rod Stewart,Do Ya Think I'm Sexy?,1978,official-pl-disco-funk,,false
c03b8f02-7560-414a-a995-0779592e4446,Rod Stewart,Have I Told You Lately,1993,official-pl-wedding,,false
b68b06ea-4c19-477d-b329-65d768e7fec7,Rod Stewart,Maggie May,1971,official-pl-70s-mix,,false
4f1b0a38-c6d4-4387-88a3-911a7ffef837,Roddy Ricch,The Box,2019,official-pl-2020s|official-pl-2020s-easy|official-pl-rap-us|official-pl-tiktok-viral,1,false
373ea347-c46d-460a-bfc9-eebbce39af8c,Rodrigo Amarante,Narcos Main Title (Tuyo),2015,official-pl-series-tv,,false
f7be19b3-eb06-4b9d-b217-c389b7d58c24,Roger Bart,Go the Distance,1997,official-pl-disney-en,,false
905625fc-0a98-467e-a884-5239e2fa9cb5,Roméo et Juliette,Aimer,2000,official-pl-fr-2000s|official-pl-fr-2000s-hard,3,true
b338e89a-33f0-4dcb-944e-da8bc598e9ac,Roméo et Juliette,Les rois du monde,2000,official-pl-fr-2000s|official-pl-fr-2000s-medium,2,true
bbe5f269-19f0-4cc9-944b-8c66568a5e1e,Roméo et Juliette (cast),J'ai peur,2001,official-pl-musicales-fr,,true
a2e62917-67d7-4ad7-837b-797264dc781c,Roméo et Juliette (cast),Vérone,2001,official-pl-musicales-fr,,true
33e3782d-f68d-492f-b25d-0483e72297fe,Romeo Santos,Propuesta Indecente,2013,official-pl-latino|official-pl-latino-fiesta,,false
0a23aa52-c923-4270-ad64-55965620677a,Ronan Keating,When You Say Nothing at All,1999,official-pl-slows-cultes|official-pl-wedding,,false
6bae7c77-8bc4-42ba-9f59-31fd0eef2415,Rosa Linn,Snap,2022,official-pl-2020s|official-pl-2020s-hard,3,false
038038c8-9f9a-4ac1-ae28-357e43261081,ROSÉ,On The Ground,2021,official-pl-2020s|official-pl-2020s-hard,3,true
4b066aba-722d-4a84-bd0d-562b42433da3,Rosé & Bruno Mars,APT.,2024,official-pl-2020s-mix,,false
96cf87eb-2e11-4869-a38c-869acd30931c,Rose Royce,Car Wash,1976,official-pl-70s|official-pl-70s-easy|official-pl-70s-medium|official-pl-disco-dancefloor|official-pl-disco-funk,1,false
f9cd5d07-d674-4133-bffe-9cb49abd188a,Roxette,Listen to Your Heart,1988,official-pl-new-wave-synthpop-80s|official-pl-pop|official-pl-slows-cultes,,false
dc9d1221-f4b4-477d-9486-605210667534,Roxette,The Look,1988,official-pl-80s|official-pl-80s-easy|official-pl-new-wave-synthpop-80s|official-pl-pubs-cultes|official-pl-rock,1,false
8f961720-b148-4e1f-a312-e6590553713e,Roxy Music,Love Is the Drug,1975,official-pl-70s|official-pl-70s-easy,1,false
aa047a43-49ee-4bb0-9380-35b581ba8f2c,Roy Orbison,"Oh, Pretty Woman",1964,official-pl-60s|official-pl-generiques-films-series,,false
3be3485d-ee93-4cd0-984e-9d0dc292c29d,Run-D.M.C.,It's Tricky,1986,official-pl-rap-us,,false
2c7f2200-5593-413d-881e-a820409f7a90,Run-D.M.C.,Walk This Way,1986,official-pl-rap-us|official-pl-reprises-celebres,,false
a2760f3f-3d5c-47ad-bd27-c79012b219b8,Run-DMC,Walk This Way,1986,official-pl-80s|official-pl-80s-mix,,false
e0693b84-b1ed-46f3-a57a-13aa9247840a,Run-DMC & Aerosmith,Walk This Way,1986,official-pl-duos-cultes|official-pl-pubs-cultes,,false
ba4f803d-2890-4d11-a668-3cb57825fa48,Rupert Holmes,Escape (The Piña Colada Song),1979,official-pl-one-hit-wonders,,false
c654b500-8ccc-4c83-8241-1a08b2837e91,Rush,Tom Sawyer,1981,official-pl-70s|official-pl-70s-hard|official-pl-80s|official-pl-80s-hard|official-pl-rock,3,false
70396768-8a01-4305-a704-032b6e622330,Ruslana,Wild Dances,2004,official-pl-eurovision,,false
e5a91c80-0166-423e-8439-302a3a73ba2e,Rusted Root,Send Me on My Way,1994,official-pl-roadtrip,,true
682c696f-4e94-41fb-918e-5eaf899d3046,Ryan Gosling & Emma Stone,City of Stars,2016,official-pl-musicals-us,,false
14cd0a7e-1518-433d-a3e7-c95bbde2a073,Ryan Paris,Dolce Vita,1983,official-pl-italie|official-pl-italo-disco-classics,,false
f5917fb2-b1f5-4db0-884d-7aade2950957,S Club 7,Don't Stop Movin',2001,official-pl-boys-girls-bands,,false
ffcb126a-ca94-49a2-87f9-11e103a01172,S Club 7,Reach,2000,official-pl-boys-girls-bands|official-pl-new-year-party,,false
bacb56fa-dde8-40f2-ad75-327f77e83cd5,Saban Records,Inspecteur Gadget,1983,official-pl-club-dorothee,,true
779e4385-04f8-4c2c-8c69-da2e2607e3f8,Sabine Paturel,Les bêtises,1986,official-pl-fr-80s-mix,,true
f5537b4c-c344-4542-80db-eda6dd646ea8,Sabrina,Boys (Summertime Love),1987,official-pl-italie|official-pl-italo-disco-classics,,false
9f3930bb-981d-429b-a78b-c1eb0fc45d03,Sabrina Carpenter,Espresso,2024,official-pl-2020s|official-pl-2020s-easy|official-pl-2020s-medium|official-pl-2020s-mix|official-pl-tiktok-viral,1,false
c07ba6b2-c461-4c73-99d2-29f40daf9cf3,Sabrina Carpenter,Please Please Please,2024,official-pl-2020s|official-pl-2020s-medium,2,false
4d5646e3-7c76-4ae6-a8f9-066b97d2131e,Sade,By Your Side,2000,official-pl-apero-afterwork,,false
722746b1-e8e0-4cdf-9f56-90d1138fcb10,Sade,Smooth Operator,1984,official-pl-apero-afterwork|official-pl-james-bond|official-pl-pop-divas,,false
0fbad5df-69ff-407a-8438-14b18def86cf,SAINt JHN,Roses,2020,official-pl-2020s-mix,,false
76d17a1d-d270-4b32-a0e8-a44fa2094dcf,Sak Noel,Loca People,2011,official-pl-summer-pool|official-pl-tubes-de-l-ete,,false
71965c81-abab-48c5-a9b8-b42641891562,Saliva,Click Click Boom,2001,official-pl-punk-rock-90s-2000s,,false
e74bbdc0-aa21-4fe0-bffe-5d4add6a51f5,Salt-N-Pepa,Push It,1987,official-pl-boys-girls-bands|official-pl-pubs-cultes|official-pl-rap-us,,false
e9562b16-0e76-4a11-8a7f-ab3df9304cfc,Salt-N-Pepa,Shoop,1993,official-pl-90s-mix,,false
bdb2156d-e073-46e6-875d-98f3a368c848,Salvador Sobral,Amar pelos dois,2017,official-pl-eurovision,,false
d236f856-c0e1-4a8f-bb35-8725ec06c04b,Salvatore Adamo,Tombe la neige,1963,official-pl-yeye-60s-fr,,true
300703b8-c586-4780-87ed-f8372e169d6b,Sam & Dave,Soul Man,1967,official-pl-soul-rnb,,false
629836dd-b117-44ed-9a5e-3249f73ae607,Sam Fender,Spit of You,2021,official-pl-2020s-mix,,false
2c99e65b-1059-4b61-9389-ebf978d372e9,Sam Smith,I'm Not the Only One,2014,official-pl-2010s|official-pl-2010s-medium,2,false
9fc6cc5c-1fde-49c7-8000-dd0d02b62eb3,Sam Smith,Stay With Me,2014,official-pl-2010s|official-pl-2010s-medium|official-pl-2010s-mix|official-pl-love-international|official-pl-pop|official-pl-saint-valentin|official-pl-slows-cultes|official-pl-summer-hits-yearly,2,false
31c5ed12-c163-478a-81be-c163b1e84dc1,Sam Smith,Writing's on the Wall,2015,official-pl-films-easy|official-pl-generiques-films-series|official-pl-james-bond|official-pl-musicals-us|official-pl-musique-film,1,true
86da5279-1903-4f6a-8e5e-7a85d2a4f715,Sam Smith & Kim Petras,Unholy,2022,official-pl-2020s|official-pl-2020s-easy|official-pl-2020s-hard|official-pl-2020s-medium|official-pl-2020s-mix|official-pl-tiktok-viral,1,false
513bf89d-e04b-41e9-b106-e16bfd86a084,Samuel E. Wright,Under the Sea,1989,official-pl-disney-en,,false
82a4c94e-d5a4-45fa-83f8-a32df0e7aa6d,Sandy Marton,People from Ibiza,1984,official-pl-italo-disco-classics,,false
1f07eb6a-707c-4def-a91f-0ee16cccacfc,Santana,Black Magic Woman,1970,official-pl-70s|official-pl-70s-hard|official-pl-halloween|official-pl-reprises-celebres,3,false
1bb83b75-c711-4542-a5cd-fe161b777d8d,Santana,Oye Como Va,1970,official-pl-apero-afterwork|official-pl-latino,,false
054796ad-fdac-46e2-bf75-a43a1b22e85c,Santana feat. Rob Thomas,Smooth,2000,official-pl-2000s|official-pl-2000s-medium|official-pl-2000s-mix|official-pl-90s|official-pl-90s-easy|official-pl-90s-medium|official-pl-apero-afterwork|official-pl-chants-de-stade|official-pl-duos-cultes|official-pl-latino,1,false
ffcb045a-b7cb-4ef9-88b6-6aa2ade110d0,Savage,Don't Cry Tonight,1983,official-pl-italo-disco-classics,,false
8cc05d01-c16a-45f7-aec3-595104897b1f,Savage Garden,I Knew I Loved You,1999,official-pl-boys-girls-bands,,false
b6a225ea-431a-4b5e-b7b2-952417289c3b,Savage Garden,Truly Madly Deeply,1997,official-pl-90s|official-pl-90s-medium|official-pl-boys-girls-bands|official-pl-love-international|official-pl-saint-valentin|official-pl-slows-cultes,2,false
f76c0308-5eb5-4948-8066-b5726009c4f4,Scandal,The Warrior,1984,official-pl-hard-rock-80s,3,false
aa50c95c-f5a4-4d7b-ad3b-c7b4db556759,Scatman John,Scatman (Ski-Ba-Bop-Ba-Dop-Bop),1994,official-pl-90s|official-pl-90s-medium|official-pl-90s-mix|official-pl-eurodance-90s|official-pl-guilty-pleasures|official-pl-new-year-party|official-pl-summer-pool,2,false
9ac9ca57-d8fb-4ffa-80a9-baf74a151fcb,SCH,Mannschaft,2018,official-pl-hiphop-fr-2020s|official-pl-rap-fr|official-pl-rap-fr-culte,,true
f71dca4a-66f5-4a58-bea4-33ce9ec2ef7b,Scissor Sisters,I Don't Feel Like Dancin',2006,official-pl-new-year-party,,false
a488ce5c-52a7-4f37-ae07-4897de46dc6a,Scissor Sisters,Let's Have a Kiki,2012,official-pl-new-year-party,,false
08734373-02ba-4ef9-9980-c6a7a0d11d79,Scissor Sisters,Take Your Mama,2004,official-pl-2000s|official-pl-2000s-hard,3,false
c05b5da8-6bde-42ff-86d9-6c60b9205f63,Scorpions,Rock You Like a Hurricane,1984,official-pl-hard-rock-80s|official-pl-intros-legendaires|official-pl-metal|official-pl-rock,3,false
c7870b92-49f4-453f-b9f0-f33e82875eaa,Scorpions,Still Loving You,1984,official-pl-hard-rock-80s|official-pl-slows-cultes,3,false
b83ce8b4-8680-4388-a2cb-c7d2a4ed369d,Screamin' Jay Hawkins,I Put a Spell on You,1956,official-pl-halloween|official-pl-reprises-celebres,,true
140a7c47-5e8e-4473-af3d-5d26f14e3045,Seal,Kiss from a Rose,1994,official-pl-90s|official-pl-90s-easy|official-pl-90s-medium|official-pl-90s-mix|official-pl-films-easy|official-pl-generiques-films-series|official-pl-musique-film,1,false
8a2ea660-645c-4ed4-b825-e303d33a9157,Sean Kingston,Beautiful Girls,2007,official-pl-2000s|official-pl-2000s-easy|official-pl-2000s-mix|official-pl-reggae|official-pl-summer-pool|official-pl-tubes-de-l-ete,1,false
3b500e8b-d22f-42cc-9b5d-1b6bddfab025,Sean Paul,Get Busy,2002,official-pl-2000s-mix|official-pl-anniversaire|official-pl-latino-fiesta|official-pl-reggae|official-pl-summer-pool,,false
b3f6f174-1e93-4c57-8533-5da931c81b5b,Sean Paul,Temperature,2005,official-pl-2000s|official-pl-2000s-easy|official-pl-2000s-mix|official-pl-anniversaire|official-pl-latino|official-pl-latino-fiesta|official-pl-reggae|official-pl-summer-hits-yearly|official-pl-summer-pool|official-pl-tubes-de-l-ete,1,false
46929e6d-4f6a-4856-b719-ed915f8147bf,Sébastien Tellier,La Ritournelle,2004,official-pl-french-touch,,true
b7760b62-e1d4-4783-8bc6-188b1a575355,Selena,Bidi Bidi Bom Bom,1994,official-pl-latino,,false
31ea3020-7345-4d77-a211-8380876caee3,Semisonic,Closing Time,1998,official-pl-90s|official-pl-90s-hard|official-pl-90s-medium|official-pl-90s-mix|official-pl-britpop-90s|official-pl-one-hit-wonders|official-pl-un-seul-tube,2,false
e8a848cd-0d67-400a-8ebb-c37b0b7181dc,Serge Gainsbourg,"Sea, Sex and Sun",1978,official-pl-cinema-fr-bo,,true
00eb0aa6-e68c-446a-aff6-43aa9f7e9592,Serge Gainsbourg & Jane Birkin,Je t'aime moi non plus,1969,official-pl-duos-cultes|official-pl-saint-valentin,,true
c1a290f0-68b6-40e0-b4de-b9eb9b6a4ceb,Sergio Mendes,Magalenha,1992,official-pl-summer-pool,,false
9389e733-fa9f-4d69-aeef-f747a837884b,Sergio Mendes,Mas Que Nada,2006,official-pl-apero-afterwork|official-pl-bresil|official-pl-latino|official-pl-latino-fiesta,,true
86722ec5-17d3-486e-b6c1-eafdcf253425,Sex Pistols,God Save the Queen,1977,official-pl-70s|official-pl-70s-easy,1,false
80a1ad63-6973-4324-b54c-23667a4d4d35,Sexion d'Assaut,Désolé,2010,official-pl-rap-fr|official-pl-rap-fr-culte,,true
fc8770ff-a022-48f2-9bdf-4fcdb3083dad,Sexion d'Assaut,Wati House,2009,official-pl-rap-fr,,true
d9db8fb6-c22e-4d4e-a59d-42324490ff09,Shaggy,Boombastic,1995,official-pl-reggae,,false
f68e1483-5524-480a-9a53-efed50e4a278,Shaggy,It Wasn't Me,2000,official-pl-karaoke|official-pl-reggae|official-pl-tubes-de-l-ete,,false
bcdfcd08-1b1f-4745-a7f3-2020da846c98,Shaggy,Shaggy - It Wasn't Me,2000,official-pl-summer-pool,,false
ac81ebda-bad2-4484-985d-e16ea75c8fdf,Shaka Ponk,My Name Is Stain,2011,official-pl-rock-fr,,true
0f33a096-dca1-4ff0-a532-74513e66cd89,Shakin' Stevens,Merry Christmas Everyone,1985,official-pl-noel,,false
70e61b6d-6127-45e7-9d69-4c89aca1fa39,Shakira,Try Everything,2016,official-pl-disney-en|official-pl-films-easy|official-pl-generiques-disney|official-pl-musique-film,1,false
b78236fc-a8dc-45c8-9515-2e8d6c22a189,Shakira,Waka Waka (This Time for Africa),2010,official-pl-anniversaire|official-pl-apero-afterwork|official-pl-chants-de-stade|official-pl-latino|official-pl-latino-fiesta|official-pl-new-year-party|official-pl-summer-pool|official-pl-tubes-de-l-ete,,false
3bd11fe4-193b-4047-8568-dda63b61f566,Shakira,"Whenever, Wherever",2001,official-pl-latino|official-pl-latino-fiesta|official-pl-summer-pool,,false
7ffa2122-edd3-49e0-9ff3-2173ea716a56,Shakira ft. Wyclef Jean,Hips Don't Lie,2006,official-pl-2000s|official-pl-2000s-easy|official-pl-2000s-mix|official-pl-anniversaire|official-pl-apero-afterwork|official-pl-chants-de-stade|official-pl-duos-cultes|official-pl-latino|official-pl-latino-fiesta|official-pl-new-year-party|official-pl-summer-hits-yearly|official-pl-summer-pool,1,false
51fefe7f-bd37-4f0c-a618-66e3a85e264a,Shania Twain,From This Moment On,1998,official-pl-wedding,,true
735d93c3-ff9e-41c2-9acc-5bdfa84ce55d,Shania Twain,Man! I Feel Like a Woman!,1997,official-pl-90s|official-pl-90s-easy|official-pl-country,1,false
836f166e-9244-42a1-8f5e-0da4444cb9d5,Shania Twain,That Don't Impress Me Much,1997,official-pl-90s|official-pl-90s-easy|official-pl-country,1,false
56f2b755-68c6-4db2-9bde-eaf520a65758,Shania Twain,You're Still the One,1997,official-pl-country|official-pl-saint-valentin|official-pl-wedding,,false
e96694fd-59f9-482c-806d-ca5634e28df3,Shawn Mendes,Stitches,2015,official-pl-2010s|official-pl-2010s-medium|official-pl-pop,2,false
4b7fcde3-0c53-4cc7-854f-4a589e5b1f63,Shawn Mendes,There's Nothing Holdin' Me Back,2017,official-pl-electro-edm,,false
99e8bc81-c8c2-4af2-9c80-07a43758c3c3,Shawn Mendes,Treat You Better,2016,official-pl-2010s|official-pl-2010s-easy|official-pl-2010s-medium,1,false
2618f84f-e248-48ff-93c1-c35e9df54550,Shawn Mendes & Camila Cabello,Señorita,2019,official-pl-summer-hits-yearly,,false
a05af7be-a496-4358-9470-efc9a355aec2,Sheena Easton,For Your Eyes Only,1981,official-pl-james-bond,,false
52536d6d-e25e-4ce1-8383-588a0612f964,Sheryl Crow,Tomorrow Never Dies,1997,official-pl-james-bond,,false
272750d3-41d2-4845-bd70-4de6e1346fb9,Shirley Bassey,Diamonds Are Forever,1971,official-pl-james-bond,,false
4f673683-23b1-4517-b579-74478dda73e0,Shirley Bassey,Goldfinger,1964,official-pl-generiques-films-series|official-pl-james-bond,,false
eea1a5fe-379c-4042-bf37-19ab92e6a969,Shocking Blue,Venus,1969,official-pl-60s,,false
0ceebc69-2694-4216-aea8-7413d64067e1,Sia,Chandelier,2014,official-pl-2010s|official-pl-2010s-easy|official-pl-2010s-hard|official-pl-2010s-medium|official-pl-2010s-mix|official-pl-pop|official-pl-pop-divas|official-pl-summer-hits-yearly,1,false
b6b4b2b0-d078-4201-9136-f0b9333bce57,Sia,Cheap Thrills,2016,official-pl-2010s|official-pl-2010s-easy|official-pl-2010s-medium|official-pl-2010s-mix|official-pl-apero-afterwork|official-pl-pop|official-pl-pop-divas|official-pl-summer-hits-yearly|official-pl-summer-pool|official-pl-tubes-de-l-ete,1,false
c0e57295-4896-4307-9401-547130f1d611,Sia,Snowman,2017,official-pl-noel,,false
2761b60e-f5d4-433c-98fe-fc4838e08d58,Silk Sonic,Leave The Door Open,2021,official-pl-2020s|official-pl-2020s-easy|official-pl-2020s-medium,1,false
e42a9e25-8584-460d-a9d7-b0eb82e2185c,Silk Sonic,Smokin Out The Window,2021,official-pl-2020s|official-pl-2020s-easy|official-pl-2020s-medium,1,false
0e267ad8-836f-4bb4-9384-81544f39a19a,Silver Pozzoli,Around My Dream,1985,official-pl-italo-disco-classics,,false
6ab16e86-280c-46f3-a21c-80b285819fe7,Silversun Pickups,Lazy Eye,2006,official-pl-2000s|official-pl-2000s-hard,3,false
1917d8cb-f703-4950-81bd-9ae3adafcd73,Simon & Garfunkel,America,1968,official-pl-roadtrip,,false
401793c5-b008-43ca-b463-69e7100cb982,Simon & Garfunkel,Bridge Over Troubled Water,1970,official-pl-70s|official-pl-70s-easy|official-pl-70s-medium|official-pl-pop,1,false
770dee19-df96-40d7-bff6-bef6e235015f,Simon & Garfunkel,Cecilia,1970,official-pl-apero-afterwork,,false
078ac8d0-68ac-485e-823a-4b96c0410da1,Simon & Garfunkel,Mrs. Robinson,1968,official-pl-60s|official-pl-films-easy|official-pl-generiques-films-series|official-pl-musique-film|official-pl-pop,1,false
5d82e4f2-f225-45c0-b4af-6a2391427a16,Simon & Garfunkel,The Sound of Silence,1964,official-pl-60s|official-pl-70s|official-pl-70s-easy|official-pl-pop,1,false
c082d90f-0594-4d6c-abcc-ef7f6fd78a96,Simple Minds,Don't You (Forget About Me),1985,official-pl-80s|official-pl-80s-easy|official-pl-80s-hard|official-pl-80s-medium|official-pl-80s-mix|official-pl-films-easy|official-pl-generiques-films-series|official-pl-musique-film|official-pl-new-wave-synthpop-80s|official-pl-roadtrip|official-pl-rock,1,false
5a2eedd6-75e7-4008-b98e-7bf4639b2ffd,Simple Plan,I'm Just a Kid,2002,official-pl-punk-rock-90s-2000s,,false
b655e3eb-b9d0-49a4-98fc-60f813415ee9,Simple Plan,Welcome to My Life,2004,official-pl-punk-rock-90s-2000s|official-pl-quebec,,false
dce606c4-5bed-4d29-acbc-8f69d4114690,Simply Red,Holding Back the Years,1985,official-pl-80s|official-pl-80s-hard,3,false
43ff4416-69ee-4762-8fef-7b5e06b4f0ff,Sinéad O'Connor,Nothing Compares 2 U,1990,official-pl-90s|official-pl-90s-easy|official-pl-90s-mix|official-pl-reprises-celebres|official-pl-slows-cultes,1,false
189b107c-3df7-4c02-919e-5ace03e14f44,Sinsemilia,Tout le bonheur du monde,2004,official-pl-rock-fr,,true
6fa42212-8a83-4ea1-bdd7-7b1a5c8c56aa,Siouxsie and the Banshees,Cities in Dust,1985,official-pl-80s|official-pl-halloween,,false
bf7956cd-66e4-4d73-ab0f-15c83cdf0241,Siouxsie and the Banshees,Spellbound,1981,official-pl-halloween,,false
8783c422-ea7b-4539-bad5-8726dbe4bb6a,Sir Mix-a-Lot,Baby Got Back,1992,official-pl-90s|official-pl-90s-easy,1,false
97dc21c3-6959-4029-8f99-85a3868aeb39,Sister Nancy,Bam Bam,1982,official-pl-reggae,,false
b4de4e73-cf26-47d8-b1f3-a49a629d56f1,Sister Sledge,We Are Family,1979,official-pl-70s|official-pl-70s-medium|official-pl-anniversaire|official-pl-chants-de-stade|official-pl-disco-dancefloor|official-pl-disco-funk,2,false
b85a6412-025c-41d5-a821-7384b71c333f,Sixpence None the Richer,Kiss Me,1997,official-pl-90s|official-pl-love-international|official-pl-one-hit-wonders|official-pl-un-seul-tube,,false
9cb77e11-ac72-43d4-a9ba-26265d0c8c4d,Skee-Lo,I Wish,1995,official-pl-rap-us|official-pl-un-seul-tube,,false
e55bae22-617e-4e25-8dfa-67eb309dad48,Skillet,Monster,2009,official-pl-halloween,,false
f3cc03b5-66af-4295-971b-0767a8e0b9db,Skip the Use,Ghost,2012,official-pl-rock-fr,,true
0baa2e52-8b85-441f-9b9e-e790217ef8a8,Skrillex,Bangarang,2011,official-pl-electro-edm,,false
c1f9f938-5b5f-4be6-9d12-b8ec929ffb37,Skrillex,Scary Monsters and Nice Sprites,2010,official-pl-electro-edm,,false
a6dd3d56-0913-408d-b59f-efcdfe2136a3,Skrillex & Diplo ft. Justin Bieber,Where Are Ü Now,2015,official-pl-2010s|official-pl-2010s-medium|official-pl-electro-edm,2,true
71dfd660-928e-4df8-9630-698dc115e48a,Slade,Merry Xmas Everybody,1973,official-pl-noel,,false
b4013e44-8c95-4a9d-a47a-51bf29fc5084,Slayer,Angel of Death,1986,official-pl-80s|official-pl-metal,3,false
94cd88e2-9d14-483d-95c7-2a32da2cfbf2,Slayer,Raining Blood,1986,official-pl-metal,3,false
d9ff16dd-6aba-4697-a3c3-f6ad80c35c08,Sliimy,Tomber pour la France,2009,official-pl-fr-2000s-mix,,true
25b651ad-db5d-4207-acc4-4772c73aaa38,Slimane,Lou,2017,official-pl-fr-2010s|official-pl-fr-2010s-hard,3,true
26da8083-302d-4ff9-96ee-d82589ea6fec,Slipknot,Before I Forget,2004,official-pl-metal,3,false
6686d8f0-4c69-4c20-ae4e-53eec794b80d,Slipknot,Duality,2004,official-pl-halloween|official-pl-metal,,false
cdad4a84-a56b-41a9-9470-f4853ed5d2d6,Slipknot,Psychosocial,2008,official-pl-metal,3,false
920cdd60-b091-482f-8acd-d9b2793be297,Slipknot,The Devil in I,2014,official-pl-halloween,,false
ec2a808e-b759-46ee-a66d-5b4fe8031a9a,Smash Mouth,All Star,1999,official-pl-2000s|official-pl-2000s-medium|official-pl-90s|official-pl-90s-easy|official-pl-90s-medium|official-pl-90s-mix|official-pl-films-easy|official-pl-karaoke|official-pl-musique-film|official-pl-one-hit-wonders|official-pl-pubs-cultes|official-pl-punk-rock-90s-2000s|official-pl-roadtrip,1,false
55861385-2571-4c32-b319-9daa7023368b,Smash Mouth,Walkin' on the Sun,1997,official-pl-90s|official-pl-90s-hard|official-pl-one-hit-wonders,3,true
a6818f61-6848-4862-ac89-96f2048a849e,Snap!,Rhythm Is a Dancer,1992,official-pl-90s|official-pl-90s-easy|official-pl-anniversaire|official-pl-eurodance-90s|official-pl-french-touch|official-pl-summer-pool,1,false
6cd1d562-a804-4139-826d-c2b9cff7d82c,Snap!,The Power,1990,official-pl-chants-de-stade|official-pl-eurodance-90s,,false
ef46484a-b8fa-4114-94b5-1052ce39210f,Sneaker Pimps,6 Underground,1996,official-pl-90s|official-pl-90s-hard,3,false
ee19f344-e65c-4c9a-8412-b6d360248ec3,Sniper,Du rire aux larmes,2001,official-pl-fr-2000s|official-pl-fr-2000s-hard,3,true
ab7a9554-8670-4a0e-8522-631c28a17e2c,Snoop Dogg,Drop It Like It's Hot,2004,official-pl-2000s|official-pl-2000s-medium|official-pl-le-sample|official-pl-rap-us,2,false
03159a24-2c3f-428e-9f74-7714ca44feb2,Snoop Dogg,Gin and Juice,1993,official-pl-rap-us,,false
0488ce7c-68d1-400e-9653-e0235b1adaa4,Snow,Informer,1992,official-pl-reggae|official-pl-summer-pool|official-pl-un-seul-tube,,false
0b95c2a5-10b5-41d2-8701-6185b60b6d94,Snow Patrol,Chasing Cars,2006,official-pl-2000s|official-pl-2000s-easy|official-pl-2000s-mix|official-pl-love-international|official-pl-saint-valentin|official-pl-wedding,1,false
3822c888-4145-4d72-9adc-3b75ef6f45a4,Soft Cell,Tainted Love,1981,official-pl-80s|official-pl-80s-easy|official-pl-80s-hard|official-pl-80s-medium|official-pl-80s-mix|official-pl-halloween|official-pl-new-wave-synthpop-80s|official-pl-one-hit-wonders|official-pl-pop|official-pl-pubs-cultes|official-pl-reprises-celebres|official-pl-un-seul-tube,1,false
e6a04890-73a5-4a01-b9b6-5b804f7e32ea,Sonny & Cher,I Got You Babe,1965,official-pl-duos-cultes,,false
3099e7f4-04d8-4cc1-b07b-25137272a947,Soolking,Suavemente,2020,official-pl-hiphop-fr-2020s,,true
fad049e7-0e88-4cc1-a42e-8b41ed332433,Soprano,Hello,2014,official-pl-fr-2010s|official-pl-fr-2010s-medium,2,true
a5b62bb1-1af6-4466-8578-04763fc5e089,Soprano,Hiro,2010,official-pl-rap-fr,,true
0c152b39-109e-4558-8736-2cab50ceb3ca,Soprano,Mon précieux,2016,official-pl-fr-2010s|official-pl-fr-2010s-hard,3,true
2a90fe5a-1245-492a-8686-c9e4fb9d0a2f,Soul Asylum,Runaway Train,1992,official-pl-90s-mix,,false
7e2f42f0-45ac-4fc4-8f81-27f3249fd2d8,Soulja Boy,Crank That (Soulja Boy),2007,official-pl-rap-us|official-pl-un-seul-tube,,false
fc664127-1711-4d5d-b392-86a882c4ddc4,Soundgarden,Black Hole Sun,1994,official-pl-90s|official-pl-90s-easy|official-pl-90s-hard|official-pl-90s-medium|official-pl-90s-mix|official-pl-halloween|official-pl-rock,1,false
1abe823c-1e4e-4baa-ae1c-d732a409ef14,Space,Female of the Species,1996,official-pl-90s|official-pl-90s-hard|official-pl-90s-medium,2,false
33a091d8-7d5e-498b-8740-f9b9ecf52563,Spagna,Easy Lady,1986,official-pl-italo-disco-classics,,false
70409a59-f6a9-4e16-8859-dbaa264d83ad,Spandau Ballet,Gold,1983,official-pl-80s|official-pl-new-wave-synthpop-80s|official-pl-pop,,false
f56d8d39-c0a1-45a6-a43d-811b0cef5744,Spandau Ballet,True,1983,official-pl-80s|official-pl-80s-easy|official-pl-80s-medium|official-pl-80s-mix|official-pl-generiques-films-series|official-pl-new-wave-synthpop-80s|official-pl-pop|official-pl-slows-cultes,1,false
45fd416e-53cf-4a09-a27e-1f96d18477e6,Spice Girls,2 Become 1,1996,official-pl-90s-mix|official-pl-boys-girls-bands|official-pl-pop,2,false
17d398d3-e14a-4ce7-9367-002460753080,Spice Girls,Spice Up Your Life,1997,official-pl-boys-girls-bands|official-pl-karaoke|official-pl-pop,,false
78de5329-b1af-42c4-8d24-799a0bfdc1c8,Spice Girls,Wannabe,1996,official-pl-90s|official-pl-90s-easy|official-pl-90s-medium|official-pl-90s-mix|official-pl-anniversaire|official-pl-boys-girls-bands|official-pl-chants-de-stade|official-pl-guilty-pleasures|official-pl-karaoke|official-pl-one-hit-wonders|official-pl-pop,1,false
ad9ed428-a4a4-458d-b979-ae204e233eeb,Spin Doctors,Two Princes,1991,official-pl-90s|official-pl-90s-easy|official-pl-90s-hard|official-pl-90s-medium|official-pl-90s-mix|official-pl-one-hit-wonders|official-pl-pubs-cultes|official-pl-roadtrip|official-pl-un-seul-tube,1,false
237e3bbc-3f42-4738-bef5-a0a5eaa38fb2,Squeeze,Tempted,1981,official-pl-80s|official-pl-80s-hard,3,false
4e72e15b-e3fd-49ed-8fb0-bad3d167ef51,Staind,It's Been Awhile,2001,official-pl-punk-rock-90s-2000s,,false
1052f15b-e03f-4787-bddd-fb52b1c71e0b,Stardust,Music Sounds Better with You,1998,official-pl-electro-edm|official-pl-french-touch,,false
07eb675b-14a2-4665-be7c-b772baefbd27,Starship,Nothing's Gonna Stop Us Now,1987,official-pl-80s|official-pl-80s-easy|official-pl-80s-medium|official-pl-80s-mix|official-pl-generiques-films-series|official-pl-love-international|official-pl-wedding,1,false
fff5525e-8320-4337-82f6-c038e5f8dc7c,Starship,We Built This City,1985,official-pl-80s|official-pl-80s-easy|official-pl-80s-medium|official-pl-80s-mix|official-pl-pubs-cultes,1,false
6246e80e-f220-4951-aa18-63be666854e3,Status Quo,Rockin' All Over the World,1977,official-pl-chants-de-stade,,false
fc599ece-b917-4875-81e0-654394999084,Stephan Eicher,Déjeuner en paix,1991,official-pl-fr-90s-mix,,true
ec415e11-3b45-4d83-bdbe-19d568e5941e,Stéphanie de Monaco,Ouragan,1986,official-pl-fr-80s|official-pl-fr-80s-medium,2,true
1513cd32-a8df-494f-a843-372225516002,Steppenwolf,Born to Be Wild,1968,official-pl-60s|official-pl-70s|official-pl-70s-easy|official-pl-70s-hard|official-pl-70s-medium|official-pl-chants-de-stade|official-pl-films-easy|official-pl-intros-legendaires|official-pl-musique-film|official-pl-roadtrip|official-pl-rock,1,false
08491ef8-190d-4ed3-853c-e0eb07055da7,Steppenwolf,Magic Carpet Ride,1968,official-pl-60s|official-pl-70s|official-pl-70s-hard|official-pl-roadtrip|official-pl-rock,3,false
bf4373b5-91c9-49ae-966a-9ce50b591e3f,Steps,"5,6,7,8",1997,official-pl-boys-girls-bands,2,false
7505b226-ccdf-4086-ba57-d170c7fe4bb8,Steve Lacy,Bad Habit,2022,official-pl-2020s|official-pl-2020s-hard|official-pl-tiktok-viral,3,false
3219e985-4984-42f2-b5eb-985f054bd00e,Steve Miller Band,The Joker,1973,official-pl-70s|official-pl-70s-easy|official-pl-70s-medium|official-pl-70s-mix,1,false
005ca36e-c89b-4830-b5da-93244eecdaa2,Steve Waring,Une souris verte,1973,official-pl-enfants-4-8-ans,,true
2808de2d-d75c-45e9-9f56-bcec9cdc577e,Stevie Wonder,I Just Called to Say I Love You,1984,official-pl-generiques-films-series|official-pl-saint-valentin|official-pl-slows-cultes|official-pl-soul-rnb,,false
73b04212-034b-42da-a5a1-d58ff745dd3b,Stevie Wonder,Sir Duke,1977,official-pl-70s|official-pl-70s-easy|official-pl-70s-medium|official-pl-70s-mix|official-pl-pubs-cultes|official-pl-soul-rnb,1,false
139cb12b-7d92-48df-8b15-5150c3ea9028,Stevie Wonder,Superstition,1972,official-pl-70s|official-pl-70s-easy|official-pl-70s-medium|official-pl-70s-mix|official-pl-disco-funk|official-pl-halloween|official-pl-pubs-cultes|official-pl-soul-rnb,1,false
8fa9816e-1a86-4265-a144-2bb6bdb66d31,Stomy Bugsy,Que justice soit faite,1996,official-pl-fr-90s|official-pl-fr-90s-hard,3,true
416fc29e-c9d0-4724-999d-de356d33bae3,Stone Temple Pilots,Interstate Love Song,1994,official-pl-90s|official-pl-90s-hard|official-pl-90s-medium|official-pl-90s-mix|official-pl-roadtrip|official-pl-rock,2,false
01b3a2dd-c108-457d-b94a-06c11bc6e961,Stone Temple Pilots,Plush,1992,official-pl-90s|official-pl-90s-medium|official-pl-90s-mix|official-pl-rock,2,false
c8eeeebb-2d78-44c1-8873-d4ea9e7a48b1,Stromae,Alors on danse,2009,official-pl-anniversaire|official-pl-fr-2000s|official-pl-fr-2000s-hard|official-pl-french-touch|official-pl-rap-fr-culte|official-pl-rock-fr|official-pl-tubes-de-l-ete|official-pl-variete-francaise,3,true
4f94adad-9c28-4d49-8b2d-47dc301c4ebd,Stromae,Carmen,2015,official-pl-fr-2010s|official-pl-fr-2010s-medium,2,true
f1135c70-3a8e-4f38-ba05-b63f37ecc6dd,Stromae,Formidable,2013,official-pl-cinema-fr-bo|official-pl-fr-2010s|official-pl-fr-2010s-hard|official-pl-rap-fr|official-pl-rap-fr-culte|official-pl-variete-francaise,3,true
c50de0f5-2a25-411d-b306-d65b8da7b5cd,Stromae,Papaoutai,2013,official-pl-anniversaire|official-pl-cinema-fr-bo|official-pl-fr-2010s|official-pl-fr-2010s-easy|official-pl-fr-2010s-medium|official-pl-rap-fr|official-pl-rap-fr-culte|official-pl-tubes-de-l-ete|official-pl-variete-francaise,1,true
25fbca5b-609e-40d6-bc09-850f5ad4c6ba,Stromae,Quand c'est?,2013,official-pl-fr-2010s-mix,,true
7d558b8c-0b01-41a3-8138-a767e6e3a619,Stromae,Tous les mêmes,2013,official-pl-fr-2010s|official-pl-fr-2010s-easy|official-pl-fr-2010s-hard|official-pl-fr-2010s-mix|official-pl-rap-fr-culte,1,true
7e2f81d7-9813-4a9f-971d-f7c698c08f75,Styx,Come Sail Away,1977,official-pl-70s|official-pl-70s-hard|official-pl-rock,3,false
dd33869c-a293-409f-8f30-bd6b6b09a45c,Sublime,Santeria,1996,official-pl-90s|official-pl-90s-hard|official-pl-reggae,3,false
204bfa63-3908-4b62-b7f4-7c274c43812b,Sublime,What I Got,1996,official-pl-90s|official-pl-90s-hard|official-pl-reggae,3,false
38bf3686-02b1-4756-b4e2-c8c1544797b8,Suede,Animal Nitrate,1993,official-pl-britpop-90s,,false
cad767c4-33b1-4825-bcde-3a124c75b696,Sugababes,Push the Button,2005,official-pl-boys-girls-bands,,false
65aca825-ace8-4af9-894c-17eaeb03d6bd,Sugar Ray,Fly,1997,official-pl-90s|official-pl-90s-medium|official-pl-one-hit-wonders,2,false
e7c71264-37e9-4618-a63c-7b8c66f831cf,Sum 41,Fat Lip,2001,official-pl-punk-rock-90s-2000s,,false
bf1c9f7e-adb5-49f7-86f6-3b3d49f547d5,Sum 41,In Too Deep,2001,official-pl-2000s|official-pl-intros-legendaires|official-pl-punk-rock-90s-2000s,,false
626331fd-8bb9-44df-8552-0eb300e0065a,Supergrass,Alright,1995,official-pl-90s|official-pl-90s-hard,3,false
b54a369e-d1e9-4739-bb6a-315606d1cfce,Supergrass,Caught by the Fuzz,1994,official-pl-britpop-90s,,false
a422486c-610c-44cf-9f8c-1c524764c053,Supertramp,Breakfast in America,1979,official-pl-apero-afterwork|official-pl-pop,,false
646363ee-2cf1-4310-9e70-88317d285ab1,Supertramp,The Logical Song,1979,official-pl-70s-mix|official-pl-pop,,false
d3766983-2a53-4309-ad4c-3b19bfe9e510,Suprême NTM,Laisse pas trainer ton fils,1998,official-pl-fr-90s|official-pl-fr-90s-medium|official-pl-rap-fr-culte|official-pl-variete-francaise,2,true
fce89f45-1b44-40de-b809-fd6dad68984b,Survivor,Burning Heart,1985,official-pl-generiques-films-series|official-pl-hard-rock-80s|official-pl-rock,3,false
355f0684-24a9-4e82-b688-a6edba050234,Survivor,Eye of the Tiger,1982,official-pl-80s|official-pl-80s-easy|official-pl-80s-medium|official-pl-80s-mix|official-pl-anniversaire|official-pl-chants-de-stade|official-pl-films-easy|official-pl-generiques-films-series|official-pl-hard-rock-80s|official-pl-intros-legendaires|official-pl-karaoke|official-pl-karaoke-komptoir|official-pl-musique-film|official-pl-pubs-cultes|official-pl-roadtrip|official-pl-rock|official-pl-un-seul-tube,1,false
6437fda8-fbeb-4065-9f62-89edae29ace1,Susan Egan,I Won't Say (I'm in Love),1997,official-pl-disney-en,,false
0cc28ea8-0be5-473b-b8f6-5fbf95de9e6d,Swedish House Mafia,Don't You Worry Child,2012,official-pl-2010s|official-pl-2010s-medium|official-pl-electro-edm|official-pl-new-year-party|official-pl-summer-pool,2,false
31e30f9a-60d2-47b1-b987-c51f9c4b7cce,Swedish House Mafia,Save the World,2011,official-pl-electro-edm,,false
e6039a63-3ad0-4139-a83c-03288889d9e0,Sweet,Fox on the Run,1975,official-pl-70s|official-pl-70s-hard|official-pl-70s-medium,2,true
5a973e3e-e914-43f0-bd1f-274acc439e38,Sylvester,You Make Me Feel (Mighty Real),1978,official-pl-70s|official-pl-70s-medium|official-pl-disco-dancefloor|official-pl-disco-funk,2,false
32090d00-5292-4eeb-95cf-64c76293c43c,Sylvie Vartan,Irrésistiblement,1968,official-pl-yeye-60s-fr,,true
89e161e7-c2a4-40db-a548-72b390dee9d2,Sylvie Vartan,La plus belle pour aller danser,1964,official-pl-variete-francaise|official-pl-yeye-60s-fr,,true
2d3486f0-8146-4fa8-8c73-269335a5de77,System of a Down,Aerials,2001,official-pl-metal,3,false
1df8d8ba-43e6-44c8-8ae9-3b91deb287a1,System of a Down,Chop Suey!,2001,official-pl-2000s|official-pl-2000s-medium|official-pl-halloween|official-pl-metal|official-pl-punk-rock-90s-2000s|official-pl-rock,2,false
792cbcba-1781-41c1-b286-fdc444207efe,System of a Down,Toxicity,2001,official-pl-2000s-mix|official-pl-halloween|official-pl-intros-legendaires|official-pl-metal|official-pl-punk-rock-90s-2000s|official-pl-rock,3,false
051c4b74-2c49-476d-8bf8-8cb16ab9c28c,SZA,Good Days,2021,official-pl-2020s|official-pl-2020s-mix,,false
76427944-fcd3-4f66-a59f-587d22814dbd,SZA,Snooze,2022,official-pl-2020s|official-pl-2020s-hard|official-pl-tiktok-viral,3,false
639776b9-d080-48ba-ac8f-84cbbea1114c,T-Pain,Buy U a Drank,2007,official-pl-2000s|official-pl-2000s-easy,1,false
1807cecf-6fec-40e6-ac35-9fb4faf16d7d,T-Pain,Buy U a Drank (Shawty Snappin'),2007,official-pl-rap-us,,false
18341aa0-07fa-4205-98ef-6300a846d15b,T. Rex,Bang a Gong (Get It On),1971,official-pl-70s|official-pl-70s-hard|official-pl-70s-mix,3,true
1e29c48f-f001-47e1-89bb-f42f5bec7556,T.I.,What You Know,2006,official-pl-rap-us,,false
3cbfd327-cbbc-4c1c-bd2f-b6af5d52b412,T.I.,Whatever You Like,2008,official-pl-2000s|official-pl-2000s-easy|official-pl-rap-us,1,false
9c2901ea-b9e5-4e7f-b463-367cb7d39b66,T'Pau,Heart and Soul,1987,official-pl-80s|official-pl-80s-hard,3,false
43c1bb64-92a3-4f9e-a7e1-98c1f8763693,Tag Team,Whoomp! (There It Is),1993,official-pl-anniversaire|official-pl-pubs-cultes|official-pl-un-seul-tube,,false
45a601da-5eca-43b5-9f4c-9c2a98bfb2d9,Taio Cruz,Dynamite,2010,official-pl-anniversaire|official-pl-electro-edm|official-pl-new-year-party|official-pl-summer-hits-yearly,,false
e704bab3-3137-4e1f-83bf-cf23e784133e,Tal,Le sens de la vie,2014,official-pl-fr-2010s-mix|official-pl-variete-francaise,,true
137c6132-9f3d-4225-aa36-0de58a23472a,Tal,Pourtant,2013,official-pl-fr-2010s|official-pl-fr-2010s-medium,2,true
d02d9d02-50d1-4951-b42b-9e703183f5f2,Talking Heads,Burning Down the House,1983,official-pl-80s|official-pl-80s-hard|official-pl-80s-medium|official-pl-new-wave-synthpop-80s,2,false
cf3ff83a-dcb9-4bca-8722-1247b1aa0dd3,Talking Heads,Once in a Lifetime,1980,official-pl-80s|official-pl-80s-hard|official-pl-80s-medium|official-pl-new-wave-synthpop-80s|official-pl-rock,2,false
e5818b4c-b15f-4e91-a164-b2dee57abe6f,Talking Heads,Psycho Killer,1977,official-pl-halloween|official-pl-rock,,false
11795296-31d2-405d-ad5f-e2e4c2765b86,Tame Impala,Let It Happen,2015,official-pl-2010s|official-pl-2010s-hard,3,false
d6f9aa52-f4fc-4749-9b3d-33105b0d5b13,Tame Impala,Lost in Yesterday,2020,official-pl-2020s|official-pl-2020s-hard,3,false
856d292d-0729-4a15-80f1-c3080e538e98,Tame Impala,The Less I Know the Better,2015,official-pl-2010s|official-pl-2010s-hard|official-pl-2020s|official-pl-2020s-easy|official-pl-apero-afterwork|official-pl-rock,1,false
77eec841-c986-4d8f-be9c-25007f924395,Tammy Wynette,Stand By Your Man,1968,official-pl-country,,false
4b7e6dc4-3a4b-424b-88a8-9bf9da1addb1,Tangerine Dream,Welcome to Los Santos (GTA V),2013,official-pl-video-games,,false
13b0bc0c-5057-4ccc-8751-42eea53e1cd6,Tate McRae,Greedy,2023,official-pl-2020s|official-pl-2020s-hard|official-pl-2020s-mix|official-pl-tiktok-viral,3,false
56e8e460-1117-4bea-89fa-9f9b6f0601d9,Taylor Swift,Anti-Hero,2022,official-pl-2020s|official-pl-2020s-easy|official-pl-2020s-hard|official-pl-2020s-medium|official-pl-2020s-mix|official-pl-pop|official-pl-pop-divas,1,false
9d7014d4-1f0f-47c2-acc4-d81bfd7a8929,Taylor Swift,Blank Space,2014,official-pl-2010s|official-pl-2010s-easy|official-pl-2010s-mix|official-pl-pop|official-pl-pop-divas,1,false
eedf366a-93e4-454a-8799-e074135ef1eb,Taylor Swift,cardigan,2020,official-pl-2020s|official-pl-2020s-medium,2,false
f8527d33-30ce-46cb-a299-06abdbb0703f,Taylor Swift,Cruel Summer,2019,official-pl-2020s|official-pl-2020s-easy|official-pl-2020s-mix,1,false
f72d04dd-9a03-4de7-836e-ba48b6955d7f,Taylor Swift,Love Story,2008,official-pl-2000s|official-pl-2000s-easy|official-pl-country|official-pl-karaoke|official-pl-love-international|official-pl-pop|official-pl-pop-divas|official-pl-wedding,1,false
fca22edb-48e8-4847-84fb-a9697140fe6c,Taylor Swift,Lover,2019,official-pl-wedding,,false
e89b3ff3-87a2-49c2-a1f6-1ebea76ab18b,Taylor Swift,Mine,2010,official-pl-love-international,,false
94572a53-c5b8-4c7a-983a-5c351726ac93,Taylor Swift,my tears ricochet,2020,official-pl-2020s|official-pl-2020s-hard,3,false
98e65731-3dc8-4691-a04b-a845f97ad178,Taylor Swift,Shake It Off,2014,official-pl-2010s|official-pl-2010s-easy|official-pl-karaoke|official-pl-pop|official-pl-pop-divas|official-pl-summer-hits-yearly,1,false
31a9581b-c0f6-4ef1-9927-6065279644c9,Taylor Swift,Style,2014,official-pl-2010s-mix,,false
8d384b04-34e9-407f-809c-091c56f49205,Taylor Swift,We Are Never Ever Getting Back Together,2012,official-pl-summer-hits-yearly,,false
c1e50d0c-2561-4a47-904b-53429ebbc2a0,Taylor Swift,You Belong With Me,2009,official-pl-2000s|official-pl-2000s-easy|official-pl-country,1,false
62729da0-d49e-4870-b5fe-0cf06c0f59a1,Taylor Swift ft. Post Malone,Fortnight,2024,official-pl-2020s|official-pl-2020s-easy|official-pl-2020s-medium,1,false
e9d3109a-78e2-4abf-8a55-d3fb3506e011,Tears for Fears,Everybody Wants to Rule the World,1985,official-pl-80s|official-pl-80s-easy|official-pl-80s-hard|official-pl-80s-medium|official-pl-generiques-films-series|official-pl-new-wave-synthpop-80s|official-pl-rock,1,false
2576bf17-57ba-4488-b99f-d619026e1b3d,Tears for Fears,Shout,1984,official-pl-80s|official-pl-80s-easy|official-pl-80s-hard|official-pl-80s-medium|official-pl-80s-mix|official-pl-new-wave-synthpop-80s|official-pl-reprises-celebres|official-pl-rock,1,false
e82ed881-3f63-4a77-a5d2-f19331b6fbb9,Technotronic,Pump Up the Jam,1989,official-pl-80s|official-pl-80s-easy|official-pl-90s|official-pl-90s-easy|official-pl-90s-mix|official-pl-anniversaire|official-pl-chants-de-stade|official-pl-eurodance-90s|official-pl-new-year-party|official-pl-pubs-cultes|official-pl-summer-pool,1,false
c3990fe9-417c-4690-9942-ff557ada4170,Téléphone,Argent trop cher,1982,official-pl-fr-80s-mix|official-pl-rock-fr|official-pl-variete-francaise,,true
3881aebc-49e4-42a8-bd74-c804c05c4bcc,Téléphone,Ça (c'est vraiment toi),1982,official-pl-chanson-francaise-culte|official-pl-rock-fr|official-pl-variete-francaise,,true
3a818393-722b-4c07-9ecb-8aba10fc0391,Téléphone,Cendrillon,1982,official-pl-chanson-francaise-culte|official-pl-fr-80s|official-pl-fr-80s-medium|official-pl-rock-fr|official-pl-variete-francaise,2,true
c4550310-39c8-4170-8e99-39c74157d3a9,Téléphone,Un autre monde,1984,official-pl-chanson-francaise-culte|official-pl-rock-fr|official-pl-variete-francaise,,true
ba231062-b12f-4067-a655-317530be5721,Télépopmusik,Breathe,2001,official-pl-films-hard|official-pl-musique-film,3,false
ae8124f0-d8e5-4d4a-a31f-278d5d70b7ca,Tems,Free Mind,2020,official-pl-2020s|official-pl-afrobeats,,false
1fd25a16-a328-4770-a1fe-92686042176b,Tems,Try Me,2020,official-pl-afrobeats,,false
dddac4e5-e65c-402c-81e0-e41a5348409f,Tesla,Signs,1990,official-pl-hard-rock-80s,3,false
eae4ad84-8df5-4a8a-9d07-043af38ff3a7,Tété,À la faveur de l'automne,2003,official-pl-fr-2000s-mix,1,true
ef958527-41b5-472c-b63d-75c666f78be1,The All-American Rejects,Dirty Little Secret,2005,official-pl-punk-rock-90s-2000s,,false
d1c6455a-0040-4da5-8e67-0c91a91459c3,The All-American Rejects,Move Along,2005,official-pl-2000s|official-pl-2000s-medium|official-pl-punk-rock-90s-2000s,2,false
50e9f6cd-fdea-425a-a7ed-4a379502a5a0,The Allman Brothers Band,Ramblin' Man,1973,official-pl-70s-mix,,false
0b77cf82-36c9-494c-abb7-b28846541a3b,The Animals,House of the Rising Sun,1964,official-pl-60s,,false
d3ce528e-de45-4ad0-83d0-be85177ae31d,The Avalanches,Frontier Psychiatrist,2000,official-pl-2000s|official-pl-2000s-hard,3,false
77c285d8-649b-4958-8c9b-ad22cbcc5bec,The Avalanches,Since I Left You,2000,official-pl-2000s|official-pl-2000s-hard|official-pl-le-sample,3,false
7db5ef50-f58e-46ac-ae57-8c61fce732ce,The B-52's,Love Shack,1989,official-pl-80s|official-pl-80s-easy|official-pl-80s-medium|official-pl-80s-mix|official-pl-anniversaire|official-pl-karaoke,1,false
1215ec14-13f4-4ca8-91f9-bdf30872e469,The Bangles,Eternal Flame,1989,official-pl-80s-mix|official-pl-love-international|official-pl-saint-valentin|official-pl-slows-cultes,,false
c07eba8b-d886-4414-9288-6495a78c01a5,The Bangles,Hazy Shade of Winter,1987,official-pl-reprises-celebres,,false
5c52c3b0-aea3-40fc-8183-3d29f8669aaf,The Bangles,Manic Monday,1986,official-pl-80s|official-pl-80s-easy|official-pl-80s-medium|official-pl-80s-mix|official-pl-new-wave-synthpop-80s,1,false
730eb697-f288-4d4e-aec8-6969218a9a46,The Bangles,Walk Like an Egyptian,1986,official-pl-80s|official-pl-80s-easy|official-pl-generiques-films-series|official-pl-new-wave-synthpop-80s|official-pl-one-hit-wonders,1,false
fa93fe3d-82f5-4feb-ada1-2786e3b83c59,The Beach Boys,Good Vibrations,1966,official-pl-60s|official-pl-pubs-cultes|official-pl-roadtrip|official-pl-rock,,false
deb754f2-45bf-4181-b84d-3848d9f8d1a8,The Beach Boys,Surfin' USA,1963,official-pl-60s,,false
d70b0ff2-ace1-477c-b124-ea18c273bac4,The Beatles,Here Comes the Sun,1969,official-pl-roadtrip,,false
7f9744d9-2ce7-47d1-b3f9-6e601e0b39e8,The Beatles,Hey Jude,1968,official-pl-60s|official-pl-intros-legendaires|official-pl-rock,,false
e23b1fb0-b871-437f-9432-2f378967bb4b,The Beatles,I Want to Hold Your Hand,1963,official-pl-60s,,false
5ec8175d-6e42-4c8a-89af-aae3aabd73ce,The Beatles,In My Life,1965,official-pl-love-international|official-pl-wedding,,false
d997af29-9a9c-46e5-87f2-e3de60730212,The Beatles,Let It Be,1970,official-pl-70s|official-pl-70s-easy|official-pl-rock,1,false
e304054f-2fb1-47f5-ba50-88a9910b9b96,The Beatles,Something,1969,official-pl-love-international|official-pl-reprises-celebres|official-pl-saint-valentin,,false
21052f82-8bbb-42d3-857a-b37546fc82fd,The Beatles,Yellow Submarine,1966,official-pl-chants-de-stade,,false
a812cad5-dfea-43ab-857a-24bda97e6668,The Black Crowes,Hard to Handle,1990,official-pl-reprises-celebres,,false
d7ef8d91-8e52-4ab4-9fc4-d903cd6bb14d,The Black Eyed Peas,Boom Boom Pow,2009,official-pl-anniversaire|official-pl-rap-us|official-pl-summer-hits-yearly,,false
e7d6aa77-68b1-44f1-a427-cfa792362887,The Black Eyed Peas,I Gotta Feeling,2009,official-pl-2000s|official-pl-2000s-easy|official-pl-2000s-medium|official-pl-2000s-mix|official-pl-anniversaire|official-pl-chants-de-stade|official-pl-karaoke|official-pl-new-year-party|official-pl-rap-us|official-pl-summer-hits-yearly|official-pl-tubes-de-l-ete,1,false
6323438b-d899-40e5-a63b-d5ffd050f9f8,The Black Eyed Peas,Pump It,2005,official-pl-2000s-mix|official-pl-chants-de-stade,,false
d5107b6b-e3d7-4a74-b5ab-5332f404f709,The Black Eyed Peas,The Time (Dirty Bit),2010,official-pl-new-year-party,,false
0285b025-638d-49bb-8585-ba02d8360e7b,The Black Eyed Peas,Where Is the Love?,2003,official-pl-2000s|official-pl-2000s-easy|official-pl-2000s-medium|official-pl-rap-us,1,false
b963f0d3-0ad4-4de9-953d-2efca366c259,The Black Keys,Tighten Up,2010,official-pl-apero-afterwork,,false
9d5ac4c1-a292-4f57-8c9e-3e3e38961cad,The Box Tops,The Letter,1967,official-pl-60s,,false
b976b3e3-7af4-43ac-82a1-f4d1b729968a,The Breeders,Cannonball,1993,official-pl-90s|official-pl-90s-hard,3,false
77ee9759-6c15-4979-85d8-0787e21a6ef5,The Buggles,Video Killed the Radio Star,1979,official-pl-80s|official-pl-80s-easy|official-pl-80s-hard|official-pl-80s-medium|official-pl-80s-mix|official-pl-new-wave-synthpop-80s|official-pl-one-hit-wonders|official-pl-reprises-celebres,1,false
12317530-93eb-4610-bd7c-710202ac673e,The Byrds,Turn! Turn! Turn!,1965,official-pl-reprises-celebres,,false
0dd401b4-c73f-402f-8fcd-8d82edc0920c,The Calling,Wherever You Will Go,2001,official-pl-2000s|official-pl-2000s-medium|official-pl-2000s-mix,2,false
00631fc0-b02c-4c92-ae2a-40a2d8077c98,The Cardigans,Love Fool,1996,official-pl-boys-girls-bands,,false
c36b28ce-387e-4f5a-aa92-6c35011d67d6,The Cardigans,Lovefool,1996,official-pl-90s|official-pl-90s-hard,3,false
9bf90f8d-8983-42a8-8c03-d9aa571fc543,The Cars,Drive,1984,official-pl-80s|official-pl-80s-hard|official-pl-80s-mix,3,false
edfe341f-11a9-40da-9243-d38c9870e99c,The Chainsmokers,#Selfie,2014,official-pl-electro-edm,1,false
251a0e74-ebab-428e-9f1f-17aed468a14f,The Chainsmokers,Roses,2015,official-pl-apero-afterwork|official-pl-electro-edm,,false
a2ead90e-7645-438a-b725-8a92312110f0,The Chainsmokers,Something Just Like This,2017,official-pl-2010s|official-pl-2010s-medium,2,false
fd7dcd4f-39c4-4324-8a72-fd5d353d16a6,The Chainsmokers & Coldplay,Something Just Like This,2017,official-pl-2010s|official-pl-2010s-easy|official-pl-apero-afterwork|official-pl-electro-edm,1,false
6ec1f882-d8e3-4588-9e49-a8f6ac0cf5dc,The Chainsmokers ft. Daya,Don't Let Me Down,2016,official-pl-2010s|official-pl-2010s-easy|official-pl-2010s-mix|official-pl-electro-edm|official-pl-summer-hits-yearly,1,false
2db9bcdc-ba60-4877-8c5b-4ebd8bf64e6c,The Chainsmokers ft. Halsey,Closer,2016,official-pl-2010s|official-pl-2010s-easy|official-pl-2010s-medium|official-pl-2010s-mix|official-pl-apero-afterwork|official-pl-duos-cultes|official-pl-electro-edm|official-pl-summer-hits-yearly,1,false
e14572ef-7a44-4455-b57f-5aa7eb9ab445,The Chemical Brothers,Block Rockin' Beats,1997,official-pl-90s|official-pl-90s-hard|official-pl-90s-mix|official-pl-electro-edm|official-pl-french-touch,3,false
61be0e45-9a05-4b66-abc6-8b43df68a53a,The Chemical Brothers,Hey Boy Hey Girl,1999,official-pl-electro-edm|official-pl-french-touch,,false
4bc787e9-2eec-4d47-8e65-d901f2c8c940,The Chemical Brothers,Setting Sun,1996,official-pl-90s|official-pl-90s-hard,3,false
6a78a2c5-8885-4f83-ac87-2f71fe51ca0b,The Church,Under the Milky Way,1988,official-pl-80s|official-pl-80s-hard,3,false
14f7360b-3249-45a5-90ac-e70abca5b08d,The Clash,London Calling,1979,official-pl-70s|official-pl-70s-hard,3,false
880b8a4b-43ea-4713-9070-e990568f2bdf,The Clash,Should I Stay or Should I Go,1982,official-pl-80s|official-pl-80s-easy|official-pl-80s-mix|official-pl-intros-legendaires|official-pl-roadtrip|official-pl-rock,1,false
1d497ad5-bb94-4b53-b675-47eb64221e4c,The Cranberries,Dreams,1992,official-pl-one-hit-wonders,,false
bb6c854a-be99-4cbb-8984-1c1dbe093cd0,The Cranberries,Linger,1993,official-pl-90s|official-pl-90s-easy|official-pl-90s-hard|official-pl-90s-medium|official-pl-90s-mix|official-pl-one-hit-wonders,1,false
eaf737f8-77ca-47d8-b078-4cefa4153982,The Cranberries,Zombie,1994,official-pl-90s|official-pl-90s-easy|official-pl-90s-hard|official-pl-90s-medium|official-pl-90s-mix|official-pl-chants-de-stade|official-pl-halloween|official-pl-intros-legendaires|official-pl-rock,1,false
19e13da1-bff1-4d85-9c93-d0dcf47185cf,The Cult,She Sells Sanctuary,1985,official-pl-80s|official-pl-80s-hard,3,false
b0daff3a-84dc-42a6-8a46-aab52b126376,The Cure,Just Like Heaven,1987,official-pl-80s|official-pl-80s-hard|official-pl-halloween|official-pl-love-international,3,false
23c576e0-6a44-4b67-be7a-1e22f8ee36c5,The Cure,Lovesong,1989,official-pl-80s|official-pl-80s-hard|official-pl-love-international|official-pl-saint-valentin,3,false
d44187eb-468c-4fdc-9afd-6d0e976ec496,The Dandy Warhols,Bohemian Like You,2000,official-pl-roadtrip,,false
ee921d4a-d491-4513-8071-12663821d7da,The Darkness,I Believe in a Thing Called Love,2003,official-pl-one-hit-wonders,,false
195c95db-f51c-4f25-9ccd-7386a63e4eba,The Doobie Brothers,Black Water,1974,official-pl-70s-mix,,false
386154e9-8b67-4852-b060-ffd1cb4dd220,The Doobie Brothers,China Grove,1973,official-pl-70s|official-pl-70s-hard,3,false
20be9369-3b64-4653-8824-73520c06e201,The Doors,Light My Fire,1967,official-pl-60s|official-pl-rock,,false
51ee3b10-ff4a-4d4d-b863-c40e178ad078,The Doors,People Are Strange,1967,official-pl-halloween,,false
57133fc1-df81-420c-80b0-3a12a45d6b30,The Doors,Riders on the Storm,1971,official-pl-70s|official-pl-70s-hard|official-pl-rock,3,true
0cf27d74-9f2b-45ac-9f5a-a29431afcf29,The Fans,"Olé, Olé, Olé (The Name of the Game)",1985,official-pl-chants-de-stade,,true
f7936bc4-056e-485d-a4ea-6d4616631ac6,The Fixx,One Thing Leads to Another,1983,official-pl-80s|official-pl-80s-hard|official-pl-new-wave-synthpop-80s,3,false
143e471f-693a-4e6e-bfc5-e22d5f498a76,The Foundations,Build Me Up Buttercup,1968,official-pl-60s|official-pl-pubs-cultes|official-pl-reprises-celebres,,false
a89e967c-5300-4b74-8cf4-56cd9a8f217f,The Fratellis,Chelsea Dagger,2006,official-pl-2000s|official-pl-2000s-hard|official-pl-chants-de-stade,3,false
59ad551f-77e5-4f00-8b3f-dd182382522f,The Game,Hate It or Love It,2005,official-pl-rap-us,,false
8cc7a14c-95f3-4eff-a748-f3e8c03832db,The Game,How We Do,2005,official-pl-rap-us,,false
e22ebbf7-ef7c-411f-bb60-57a9d8a2cd62,The Go-Go's,Our Lips Are Sealed,1981,official-pl-80s|official-pl-80s-hard,3,false
c98db719-4e97-4d57-8dfb-4521bb17c5ef,The Guess Who,American Woman,1970,official-pl-70s|official-pl-70s-hard,3,false
2a08c884-76b7-4739-942f-53a92e9634cd,The Handsome Family,Far From Any Road (True Detective),2003,official-pl-series-tv,,false
65036ce8-7e59-4148-81e4-cce2e52a10a1,The Hives,Hate to Say I Told You So,2000,official-pl-2000s|official-pl-2000s-hard,3,false
292eef64-92eb-439b-bfb7-56f1bda73a8c,The Hues Corporation,Rock the Boat,1974,official-pl-70s-mix,,false
8b39da72-b0fd-4929-b2a9-9803238d45ea,The Human League,Don't You Want Me,1981,official-pl-80s|official-pl-80s-easy|official-pl-80s-hard|official-pl-80s-medium|official-pl-80s-mix|official-pl-duos-cultes|official-pl-new-wave-synthpop-80s|official-pl-pop,1,false
f70c1490-9d43-473c-aa46-025c60eaefa8,The Ides of March,Vehicle,1970,official-pl-70s-mix,,false
ea0fd478-b4c3-4106-b8f2-f5368df0d98f,The Immortals,Mortal Kombat Theme,1993,official-pl-video-games,,false
f5044c5d-9b0e-49f4-8d83-fd8692123e22,The J. Geils Band,Centerfold,1981,official-pl-80s|official-pl-80s-medium|official-pl-80s-mix,2,false
991f486b-d965-48ab-9dae-45fe8256be7c,The Jackson 5,ABC,1970,official-pl-70s|official-pl-70s-medium|official-pl-70s-mix,2,false
9ecba4cf-53f2-463a-9126-aabf3b05212e,The Jackson 5,I Want You Back,1969,official-pl-70s|official-pl-70s-medium|official-pl-soul-rnb,2,false
18beca10-9759-4d8c-944a-d6957694fec8,The Jimi Hendrix Experience,All Along the Watchtower,1968,official-pl-60s,,false
aaae5065-b486-47e1-bfdb-36102bf3d62d,The Jimi Hendrix Experience,Purple Haze,1967,official-pl-60s,,false
8a7697be-d1cd-4b81-bc7d-7d05d77fd6e0,The Kid LAROI,Without You,2021,official-pl-2020s|official-pl-2020s-medium,2,false
7aa5cc9b-60c2-4b0a-9980-fe307ebcef96,The Kid LAROI & Justin Bieber,Stay,2021,official-pl-2020s|official-pl-2020s-easy|official-pl-2020s-hard|official-pl-2020s-medium|official-pl-2020s-mix|official-pl-tiktok-viral,1,false
a6a775d8-a1e7-4dac-b864-a90f319225cc,The Killers,All These Things That I've Done,2004,official-pl-2000s|official-pl-2000s-medium,2,false
fee16431-65da-4e9b-b68e-162134fb6449,The Killers,Mr. Brightside,2003,official-pl-2000s|official-pl-2000s-easy|official-pl-2000s-hard|official-pl-2000s-medium|official-pl-2000s-mix|official-pl-apero-afterwork|official-pl-chants-de-stade|official-pl-intros-legendaires|official-pl-karaoke|official-pl-karaoke-komptoir|official-pl-punk-rock-90s-2000s|official-pl-roadtrip|official-pl-rock,1,false
dfa854fc-0726-4de0-bd16-270b30383b71,The Killers,Read My Mind,2006,official-pl-2000s|official-pl-2000s-hard,3,false
9ecffb5b-f232-452d-87b0-11f6fb464a0a,The Killers,Somebody Told Me,2004,official-pl-2000s|official-pl-2000s-easy|official-pl-roadtrip,1,false
7962984f-a332-4820-9cdb-040f1775412a,The Kinks,Lola,1970,official-pl-70s|official-pl-70s-hard|official-pl-70s-mix,3,false
40a497c4-ac3b-474b-9cd6-73b739c6fde5,The Kinks,You Really Got Me,1964,official-pl-60s,,false
d8509395-6bc1-4770-ac03-8672dad57701,The Knack,My Sharona,1979,official-pl-70s|official-pl-70s-easy|official-pl-70s-hard|official-pl-70s-medium|official-pl-70s-mix|official-pl-one-hit-wonders|official-pl-un-seul-tube,1,false
bea41760-0689-4f85-bbe5-2b1be5d0b450,The Knife,Heartbeats,2002,official-pl-2000s|official-pl-2000s-hard,3,false
41825550-124c-4b2f-8200-710256804711,The Kooks,Naïve,2006,official-pl-2000s|official-pl-2000s-hard,3,true
f947ae75-a9c4-4aa4-89bc-34f5d0263d63,The La's,There She Goes,1990,official-pl-90s|official-pl-90s-hard|official-pl-90s-medium|official-pl-britpop-90s,2,false
8fdb7239-9538-460a-8167-4e47b5c0a8ba,The Lumineers,Ho Hey,2012,official-pl-2010s|official-pl-2010s-hard|official-pl-2010s-medium|official-pl-2010s-mix|official-pl-apero-afterwork|official-pl-love-international|official-pl-summer-pool|official-pl-wedding,2,false
0aa46d72-fba3-4c81-a8b0-eeca02fcd5b8,The Mamas & the Papas,California Dreamin',1965,official-pl-60s|official-pl-apero-afterwork|official-pl-pop|official-pl-reprises-celebres,,false
568c09b6-7e86-4c1e-aa24-49e1226eaa6f,The Mamas & the Papas,"Monday, Monday",1966,official-pl-60s,,false
b003da2a-0f7f-4dde-9f31-0aa41e4d72f4,The Mighty Mighty Bosstones,The Impression That I Get,1997,official-pl-90s|official-pl-90s-hard|official-pl-one-hit-wonders,3,false
6ba228e7-1547-4840-9355-cc0f192dea80,The Monkees,Daydream Believer,1967,official-pl-60s|official-pl-pop,,false
28edb23b-6527-48de-aac7-7da536fa8740,The Moody Blues,Nights in White Satin,1967,official-pl-70s|official-pl-70s-hard,3,false
3188f307-8d6e-4d88-9df9-65083e7c9f44,The Naked and Famous,Punching in a Dream,2010,official-pl-2010s|official-pl-2010s-hard,3,false
cd599267-01fb-45cc-a19f-71c3ae14e1a5,The Naked and Famous,Young Blood,2010,official-pl-2010s|official-pl-2010s-hard,3,false
1960490b-aad3-4f39-839a-810e5810a315,The Neighbourhood,Afraid,2013,official-pl-2010s|official-pl-2010s-hard,3,false
e682e010-f6b4-4921-bace-30f8dc4b8d6f,The Neighbourhood,Sweater Weather,2013,official-pl-2010s|official-pl-2010s-hard|official-pl-tiktok-viral,3,false
2cbf4aae-e106-46b2-adc4-0204a6d36b83,The Notorious B.I.G.,Hypnotize,1997,official-pl-90s|official-pl-90s-easy|official-pl-rap-us,1,false
baae391b-795d-4b3b-94d3-0d028fab725b,The Notorious B.I.G.,Juicy,1994,official-pl-90s|official-pl-rap-us,,false
c3592772-62a4-4481-b451-ea2822c0898b,The Notorious B.I.G.,Mo Money Mo Problems,1997,official-pl-90s|official-pl-90s-easy|official-pl-90s-mix|official-pl-rap-us,1,false
41e68ea7-60c4-477b-8ea4-c9f625a0376a,The Offspring,Pretty Fly (For a White Guy),1998,official-pl-intros-legendaires|official-pl-punk-rock-90s-2000s,,false
e2adf24e-3c35-4fcc-9587-ddbd2a4f8767,The Offspring,Self Esteem,1994,official-pl-90s|official-pl-punk-rock-90s-2000s|official-pl-rock,,false
2b6bce3e-09c5-4683-961c-8dfe7fc636dc,The Offspring,"You're Gonna Go Far, Kid",2008,official-pl-halloween,,false
b44993ce-e7d2-4646-aa5a-0ea1ecdc4c1e,The Outfield,Your Love,1985,official-pl-80s|official-pl-80s-easy|official-pl-80s-mix,1,false
8fc5e78a-f553-40d3-88fc-4625aa2c4251,The Pharcyde,Passin' Me By,1992,official-pl-rap-us,,false
f22f0ca3-cc3c-4619-b6c7-7aee642b6816,The Pogues & Kirsty MacColl,Fairytale of New York,1987,official-pl-duos-cultes|official-pl-noel,,false
7d809223-fb15-4886-80f4-9ffe5d939363,The Pointer Sisters,I'm So Excited,1982,official-pl-anniversaire|official-pl-disco-dancefloor|official-pl-disco-funk|official-pl-karaoke,,false
3e6a26b1-3011-42a3-92f7-eef432ea3b1b,The Police,Every Breath You Take,1983,official-pl-80s|official-pl-80s-easy|official-pl-80s-hard|official-pl-80s-medium|official-pl-80s-mix|official-pl-intros-legendaires|official-pl-karaoke|official-pl-love-international|official-pl-rock|official-pl-saint-valentin|official-pl-slows-cultes,1,false
7386b6a7-b192-456d-b2c6-903dfbf19f11,The Police,Message in a Bottle,1979,official-pl-70s|official-pl-70s-easy,1,false
d2aa5ece-fd8f-4484-a05a-0f41c31148e4,The Police,Roxanne,1978,official-pl-70s|official-pl-70s-easy|official-pl-70s-medium|official-pl-rock,1,false
678be509-11d7-476b-ad97-06a65b380de9,The Postal Service,Such Great Heights,2003,official-pl-2000s|official-pl-2000s-hard,3,false
0357dcf4-435e-4778-ab27-8ecfb90de3f5,The Postal Service,The District Sleeps Alone Tonight,2003,official-pl-2000s|official-pl-2000s-hard,3,false
4f4c2070-8919-42a4-ad18-2504f662ad92,The Presidents of the United States of America,Lump,1995,official-pl-90s|official-pl-90s-hard,3,false
2c9971b7-4b52-4a7a-897d-d4249f34c476,The Presidents of the United States of America,Peaches,1995,official-pl-90s|official-pl-90s-hard|official-pl-90s-medium|official-pl-90s-mix|official-pl-britpop-90s|official-pl-one-hit-wonders,2,false
7f5c03bb-dae1-4783-89f9-251eaf77b550,The Pretenders,Back on the Chain Gang,1982,official-pl-80s|official-pl-80s-hard,3,true
49b58ef7-4acb-4033-95e7-5686d0d15b9b,The Pretenders,I'll Stand by You,1994,official-pl-wedding,,false
760e290f-6887-4555-8c8e-653bd25bb99d,The Proclaimers,I'm Gonna Be (500 Miles),1988,official-pl-90s|official-pl-90s-easy|official-pl-one-hit-wonders|official-pl-reprises-celebres|official-pl-roadtrip|official-pl-un-seul-tube,1,false
f4c48703-4c4e-4830-b9a7-1f71721e9283,The Prodigy,Breathe,1996,official-pl-90s|official-pl-90s-hard|official-pl-britpop-90s|official-pl-electro-edm|official-pl-french-touch,3,false
02a65a45-cf68-43ab-8612-170b6b45347f,The Prodigy,Firestarter,1996,official-pl-90s|official-pl-90s-hard|official-pl-britpop-90s|official-pl-chants-de-stade|official-pl-electro-edm|official-pl-french-touch|official-pl-new-year-party,3,false
cfb5f31f-3887-4b5c-b089-21965c160573,The Psychedelic Furs,Love My Way,1982,official-pl-80s|official-pl-80s-hard|official-pl-new-wave-synthpop-80s,3,false
6b732150-6534-4119-9944-6fbe81a7f754,The Pussycat Dolls,Buttons,2006,official-pl-2000s|official-pl-2000s-easy|official-pl-2000s-mix,1,false
0fe01713-f416-4a6f-81b5-2c3ba817b237,The Rapture,House of Jealous Lovers,2002,official-pl-2000s|official-pl-2000s-hard,3,false
d3817585-5866-46dd-8f66-29d4273610ab,The Rembrandts,Friends Theme (I'll Be There for You),1994,official-pl-series-tv,,false
469c03ca-8745-4cc9-928d-32f9d110bb10,The Rembrandts,I'll Be There for You,1995,official-pl-90s-mix|official-pl-generiques-films-series|official-pl-karaoke|official-pl-series-tv,,false
53a058ee-3b19-4023-9080-fb8539f133f9,The Righteous Brothers,Unchained Melody,1990,official-pl-60s|official-pl-films-easy|official-pl-love-international|official-pl-musique-film|official-pl-reprises-celebres|official-pl-saint-valentin|official-pl-slows-cultes|official-pl-wedding,1,false
cd6e5329-51f2-4d68-8884-ba5925b11e01,The Righteous Brothers,You've Lost That Lovin' Feelin',1964,official-pl-60s,,false
5a6731c1-ed90-4184-a6e0-ed0245744477,The Rolling Stones,(I Can't Get No) Satisfaction,1965,official-pl-60s,1,false
020ba86e-f006-4d40-b866-e34d70b18ca2,The Rolling Stones,Brown Sugar,1971,official-pl-70s|official-pl-70s-hard|official-pl-70s-medium,2,false
b0c6027f-3d74-4030-9163-02aa20d5f382,The Rolling Stones,Paint It Black,1966,official-pl-60s|official-pl-rock,,false
f4c280fb-1e87-4f89-a5b5-272ee2c342be,The Rolling Stones,Satisfaction,1965,official-pl-chants-de-stade|official-pl-intros-legendaires|official-pl-rock,,false
3a64961d-8e5e-4558-b839-a4042b90b8f0,The Rolling Stones,Start Me Up,1981,official-pl-chants-de-stade|official-pl-rock,,false
675ce3df-8a97-4b8a-a067-93864304fc83,The Rolling Stones,Tumbling Dice,1972,official-pl-70s-mix,,false
129e1bcc-7df8-45ec-afc9-cad4ac7d9770,The Romantics,What I Like About You,1980,official-pl-80s|official-pl-80s-medium|official-pl-hard-rock-80s|official-pl-new-wave-synthpop-80s,2,false
7046ac69-3d51-4630-8bd4-2019f7ace038,The Ronettes,Sleigh Ride,1963,official-pl-noel,,false
9db80068-3ab7-4422-903e-f5acc77c864d,The Script ft. will.i.am,Hall of Fame,2012,official-pl-films-easy|official-pl-musique-film,1,false
761c72dc-07c3-4c1a-b219-539a92c824dc,The Shins,Australia,2007,official-pl-2000s|official-pl-2000s-hard,3,false
68d88555-3e67-4597-8c1f-61cbadc9f281,The Shins,New Slang,2001,official-pl-2000s|official-pl-2000s-hard,3,false
4e08e20e-87b4-49c1-8057-298def79d79e,The Smashing Pumpkins,1979,1995,official-pl-90s|official-pl-90s-hard|official-pl-one-hit-wonders|official-pl-roadtrip|official-pl-rock,3,false
348b06f6-fb57-4bf0-8257-655897974bc7,The Smashing Pumpkins,Bullet with Butterfly Wings,1995,official-pl-90s|official-pl-90s-hard|official-pl-rock,3,false
b2a46a45-f7f1-44ae-969a-3f2a4fd0feb3,The Smiths,How Soon Is Now?,1985,official-pl-80s|official-pl-80s-hard,3,false
bb63693a-4b63-4e24-a8d5-959caa3a98e1,The Smiths,This Charming Man,1983,official-pl-80s|official-pl-80s-hard|official-pl-intros-legendaires|official-pl-rock,3,false
58da3090-cc28-4ce4-ba1a-34ada2ec8b5a,The Specials,Ghost Town,1981,official-pl-reggae,,false
22f68d2f-3873-45cd-9526-e75384af6a5d,The Stranglers,Golden Brown,1981,official-pl-80s|official-pl-80s-hard,3,false
7c9fb509-a8bd-4beb-8ff6-4707e73ad5de,The Strokes,Last Nite,2001,official-pl-2000s|official-pl-2000s-hard|official-pl-intros-legendaires|official-pl-rock,3,false
7c35fb19-55e1-4e4f-995c-7aeaa1b52841,The Strokes,Reptilia,2003,official-pl-2000s|official-pl-2000s-hard|official-pl-rock,3,false
56e91136-1b42-4710-b896-a7cb2d9dd99a,The Supermen Lovers,Starlight,2001,official-pl-french-touch,,false
89c2bf5b-dde8-4103-a201-2e8fb0fe3403,The Temper Trap,Sweet Disposition,2008,official-pl-apero-afterwork,,false
d8757c6e-4a1a-4f68-9a26-aa9f3fba9f11,The Temptations,My Girl,1964,official-pl-60s|official-pl-soul-rnb,,false
5485afa0-1a70-4eaf-acc1-049ae4874ebb,The Toadies,Possum Kingdom,1994,official-pl-90s|official-pl-90s-medium,2,false
21ec3296-9092-4ea3-a018-95eb873ec404,The Tokens,The Lion Sleeps Tonight,1961,official-pl-pubs-cultes,,false
b7ee79a5-27b8-4e8f-8a95-d16047b7ebba,The Trammps,Disco Inferno,1976,official-pl-70s|official-pl-70s-easy|official-pl-70s-medium|official-pl-disco-dancefloor|official-pl-disco-funk,1,false
ef5d35eb-0bfc-4ebc-8898-b037d48af14a,The Troggs,Wild Thing,1966,official-pl-60s,,false
31f46d71-c610-40d5-9f6d-01f71606bc75,The Turtles,Happy Together,1967,official-pl-60s,,false
4215474f-9a96-4c14-8d01-e3846fb862a0,The Vapors,Turning Japanese,1980,official-pl-one-hit-wonders|official-pl-un-seul-tube,,false
328ca637-5301-4571-84c4-c69d41cc3ada,The Verve,Bitter Sweet Symphony,1997,official-pl-90s|official-pl-90s-easy|official-pl-90s-hard|official-pl-90s-medium|official-pl-90s-mix|official-pl-britpop-90s|official-pl-chants-de-stade|official-pl-rock,1,false
f75bc72a-e09c-43eb-9b8c-fee376349f95,The Verve,The Drugs Don't Work,1997,official-pl-90s|official-pl-90s-hard|official-pl-britpop-90s,3,false
8bb6455f-41c7-4428-acf7-c258080de711,The Verve Pipe,The Freshmen,1996,official-pl-90s|official-pl-90s-easy|official-pl-90s-mix,1,false
96639cf6-58d7-4033-b16d-6b2d270a1265,The Waitresses,Christmas Wrapping,1981,official-pl-noel,,false
f0555407-ca52-430c-b17e-a6806a337a88,The Walkmen,The Rat,2004,official-pl-2000s|official-pl-2000s-hard,3,false
4f53bdfe-0f4c-4ac8-9d03-56b4cc1c3b3c,The Wallflowers,One Headlight,1996,official-pl-90s|official-pl-90s-hard|official-pl-90s-medium|official-pl-90s-mix|official-pl-britpop-90s|official-pl-roadtrip|official-pl-rock,2,false
1e67d6bd-2caa-46c2-8a76-1088662c0341,The Waterboys,The Whole of the Moon,1985,official-pl-80s|official-pl-80s-hard,3,false
d6bdd992-af90-4e5a-91b3-2d1afee72d76,The Weather Girls,It's Raining Men,1982,official-pl-80s-mix|official-pl-anniversaire|official-pl-disco-dancefloor|official-pl-disco-funk,,false
6233a761-e068-472c-bf0e-805544b1e5fd,The Weeknd,Blinding Lights,2020,official-pl-2010s-mix|official-pl-2020s|official-pl-2020s-easy|official-pl-2020s-hard|official-pl-2020s-medium|official-pl-2020s-mix|official-pl-pop,1,false
7cdee673-b1d1-4c2e-bbca-13b58d8d1b84,The Weeknd,Can't Feel My Face,2015,official-pl-2010s-mix|official-pl-pop|official-pl-summer-hits-yearly,,false
3278def9-004a-4a1d-8064-a5fe0b9b283e,The Weeknd,Save Your Tears,2021,official-pl-2020s|official-pl-2020s-easy|official-pl-2020s-hard|official-pl-2020s-medium|official-pl-2020s-mix,1,false
ad6536d8-0b36-410d-aae4-131adbb736a6,The Weeknd & Daft Punk,Starboy,2020,official-pl-2020s|official-pl-2020s-medium,2,false
53ee05a5-cdc5-4dfc-b1b5-9a7658a62514,The Weeknd ft. Daft Punk,Starboy,2016,official-pl-2010s-mix|official-pl-2020s|official-pl-2020s-easy,1,false
6172f755-3092-44ca-bc28-7a6a7bec97a3,The White Stripes,Fell in Love with a Girl,2001,official-pl-2000s|official-pl-2000s-hard,3,false
6a17d1a6-68c9-4abb-b6f2-55035befc4be,The White Stripes,Seven Nation Army,2003,official-pl-2000s|official-pl-2000s-easy|official-pl-2000s-hard|official-pl-2000s-medium|official-pl-2000s-mix|official-pl-chants-de-stade|official-pl-intros-legendaires|official-pl-roadtrip|official-pl-rock,1,false
bf62d42a-5bf3-4003-969e-7d9840f9b17d,The Who,Baba O'Riley,1971,official-pl-70s|official-pl-70s-hard|official-pl-70s-medium|official-pl-70s-mix|official-pl-intros-legendaires|official-pl-rock,2,false
606f0bc5-bd5d-4827-8b6d-16fe7a45cf80,The Who,My Generation,1965,official-pl-60s,,false
3ef610ba-0002-4ff3-9f4a-9ba65a895e85,The Who,Won't Get Fooled Again,1971,official-pl-70s|official-pl-70s-hard,3,false
4f1b716e-e1b9-4ccf-a8b6-f7e51251bc71,The Wombats,Let's Dance to Joy Division,2007,official-pl-2000s|official-pl-2000s-hard,3,false
cef64534-0cc3-48e4-8dd2-5d2aee900213,The xx,Crystalised,2010,official-pl-2000s|official-pl-2000s-hard|official-pl-2010s|official-pl-2010s-hard,3,false
03b7a4e2-99b7-4078-bdb9-4ccd6c862d47,Thelma Houston,Don't Leave Me This Way,1976,official-pl-disco-dancefloor|official-pl-disco-funk,,false
9575eae3-4c51-4695-895a-e0e785e3d96b,They Might Be Giants,Istanbul (Not Constantinople),1990,official-pl-pubs-cultes,,false
55f3fd46-99ea-4500-a7b6-39d7bd477434,Thin Lizzy,The Boys Are Back in Town,1976,official-pl-70s|official-pl-70s-hard|official-pl-70s-mix|official-pl-chants-de-stade|official-pl-roadtrip|official-pl-rock,3,false
45bb1872-b29f-40e4-ba7f-fc4a2ced5c0a,Third Eye Blind,Semi-Charmed Life,1997,official-pl-90s|official-pl-90s-easy|official-pl-90s-hard|official-pl-90s-medium|official-pl-90s-mix,1,false
5ce4c44d-6418-44b8-a66b-9fde2edd1c35,Thomas Dolby,She Blinded Me with Science,1982,official-pl-80s|official-pl-80s-medium|official-pl-new-wave-synthpop-80s,2,false
a9463d3d-8b65-4ced-aac5-ff720d1b5af2,Thomas Newman,Any Other Name (American Beauty),1999,official-pl-films-medium|official-pl-musique-film,2,false
69123169-2801-4b54-9f28-b12ac486c4dd,Thomas Rhett,Die a Happy Man,2015,official-pl-country,,false
cd7323a6-3eee-4187-80e9-64b265f47d0d,Three 6 Mafia,Stay Fly,2005,official-pl-rap-us,,false
9db75687-e5b1-4f62-b14c-10cfd65a7208,Three Days Grace,Animal I Have Become,2006,official-pl-halloween,,false
bdcf2012-59df-4b97-9d32-dab1e87e59ce,Three Days Grace,I Hate Everything About You,2003,official-pl-halloween|official-pl-punk-rock-90s-2000s,,false
21ee347d-e420-4aba-aeda-dd8c7e9f9112,Three Days Grace,Pain,2006,official-pl-punk-rock-90s-2000s,,false
50ba48c8-8e2f-443a-88aa-8d0646d0b960,Tiakola,Hasta Luego,2022,official-pl-hiphop-fr-2020s,,true
b2ead46c-9007-4316-aae4-92b7f895005c,Tiakola x Saaro,CABREL (Visual Mixtape),,,,false
b1987449-cb45-43d2-80ed-7846d0952e4a,Tiësto & Charli XCX,Hot in It,2022,official-pl-2020s-mix,,false
904ec70e-5d8b-4139-b30f-5715befadec7,Tiffany,I Think We're Alone Now,1987,official-pl-80s|official-pl-80s-easy|official-pl-reprises-celebres,1,false
55f083bd-b10b-46f8-8a1b-68c7b6a2ca05,Tim Berg,Seek Bromance,2010,official-pl-electro-edm,,false
a76edd6f-de7e-4799-ab68-af5527caed9e,Timbaland,Apologize,2007,official-pl-2000s|official-pl-2000s-easy|official-pl-2000s-medium|official-pl-2000s-mix,1,false
4e38788d-07ff-443c-b616-f52541ae72e1,Timbaland,The Way I Are,2007,official-pl-rap-us,,false
ac8f340e-fcd7-4a2f-aa61-91f280172881,Tina Arena,Aller plus haut,1996,official-pl-fr-90s|official-pl-fr-90s-easy,1,true
d7cadd43-e263-4561-9978-83b61e2968a1,Tina Turner,GoldenEye,1995,official-pl-films-easy|official-pl-generiques-films-series|official-pl-james-bond|official-pl-musique-film,1,false
18d59278-4460-44c5-8777-5a399599511d,Tina Turner,Simply the Best,1989,official-pl-chants-de-stade,,false
9e6940c1-1a22-4fc4-a9ea-5707350fb3f0,Tina Turner,What's Love Got to Do with It,1984,official-pl-80s|official-pl-80s-easy|official-pl-80s-mix|official-pl-soul-rnb,1,false
8ad582c5-f5cc-4842-8c83-15a1e350660e,Tino Rossi,Petit Papa Noël,1946,official-pl-enfants-4-8-ans,,true
e3867614-7179-40ac-bf34-f0e473ddc794,TLC,No Scrubs,1999,official-pl-90s|official-pl-90s-easy|official-pl-90s-medium|official-pl-90s-mix|official-pl-boys-girls-bands|official-pl-karaoke|official-pl-soul-rnb,1,false
a162e7aa-49c6-4f80-a18c-98e9a2fe0274,TLC,Waterfalls,1995,official-pl-90s|official-pl-90s-easy|official-pl-90s-medium|official-pl-90s-mix|official-pl-boys-girls-bands|official-pl-soul-rnb,1,false
67253b1a-e181-48c9-96be-f24256a007d2,Toadies,Possum Kingdom,1994,official-pl-90s|official-pl-90s-hard,3,false
a42b08a6-f8a2-4cd3-8479-3e8a330d230a,Toby Fox,Megalovania (Undertale),2015,official-pl-video-games,,false
fc27aeba-ca08-4227-a4dd-3b0361051b2a,Toby Keith,"Courtesy of the Red, White and Blue",2002,official-pl-country,,false
e9ff3bb3-4547-4c7c-a230-534f3f81bf5a,Tom Cochrane,Life Is a Highway,1991,official-pl-90s|official-pl-90s-medium|official-pl-one-hit-wonders|official-pl-roadtrip,2,false
293bfc99-ac3d-4f37-9cb1-829c482a68b6,Tom Petty,Free Fallin',1989,official-pl-roadtrip,,false
ee3df77b-2f62-460f-9d58-0e0d7a84fb51,Tom Petty,Running Down a Dream,1989,official-pl-roadtrip,,false
2e20046e-b0c0-4eb8-a787-2f7f12040514,Tom Petty and the Heartbreakers,Runnin' Down a Dream,1989,official-pl-hard-rock-80s,3,false
2501e4cd-3a73-48f0-9d3c-1f01ffbda3e1,Tommy James and the Shondells,Crimson and Clover,1968,official-pl-60s|official-pl-one-hit-wonders,,false
dbc083b7-455f-45dd-a06f-5771cfe1d7f7,Tommy Tutone,867-5309/Jenny,1981,official-pl-80s|official-pl-80s-easy|official-pl-one-hit-wonders|official-pl-un-seul-tube,1,false
2a0289cf-241c-4811-bc18-22fce7c68eae,Tone Lōc,Wild Thing,1988,official-pl-rap-us,,false
68452799-f32a-4562-ba43-d5be4d39f0f6,Tones and I,Dance Monkey,2019,official-pl-2010s-mix|official-pl-2020s|official-pl-2020s-easy|official-pl-2020s-medium|official-pl-pop|official-pl-tiktok-viral|official-pl-tubes-de-l-ete|official-pl-un-seul-tube,1,false
656ed9b7-336b-4ffa-acfb-5e6028f57ef1,Toni Basil,Mickey,1981,official-pl-80s|official-pl-80s-easy|official-pl-one-hit-wonders|official-pl-un-seul-tube,1,false
02211245-e1db-43bd-9c44-838e7d7ac989,Toni Braxton,Un-Break My Heart,1996,official-pl-90s|official-pl-90s-easy|official-pl-90s-medium|official-pl-pop-divas|official-pl-soul-rnb,1,true
c190871b-4554-4537-8a33-054fe596c489,Tony Jay,Hellfire,1996,official-pl-disney-en,,false
c41db67e-0024-47a4-8be0-0ab8ca6a224f,Toots & The Maytals,54-46 Was My Number,1968,official-pl-reggae,2,false
99d373db-3b8c-49c1-a935-9c15db7ad40c,Topic & A7S,Breaking Me,2020,official-pl-2020s|official-pl-2020s-medium,2,false
b05f9eab-9776-499e-ad0a-555373187d38,Toto,Africa,1982,official-pl-80s|official-pl-80s-easy|official-pl-80s-medium|official-pl-80s-mix|official-pl-generiques-films-series|official-pl-intros-legendaires|official-pl-karaoke|official-pl-karaoke-komptoir|official-pl-new-wave-synthpop-80s|official-pl-roadtrip|official-pl-rock,1,false
b4827816-d4bc-44b2-b571-86d430926334,Toto,Hold the Line,1978,official-pl-hard-rock-80s|official-pl-roadtrip,,false
0c4821f7-60d7-4736-abdd-4ca8811c7dab,Toto,Rosanna,1982,official-pl-80s|official-pl-80s-easy|official-pl-80s-medium,1,false
621a6d08-eeb9-4592-9a14-d0cf28949614,Toto Cutugno,Insieme: 1992,1990,official-pl-eurovision|official-pl-italie|official-pl-italie-classique,,false
57c88482-df47-45cb-97f0-38bfa7546720,Toto Cutugno,L'italiano,1983,official-pl-italie|official-pl-italie-classique,,false
163aa965-833d-4d4e-8c65-64b618467360,Tove Lo,Habits (Stay High),2014,official-pl-2010s|official-pl-2010s-medium|official-pl-2010s-mix,2,false
ec4ff58a-8ab3-4f81-b589-d00f01a278c9,Toy Story (cast français),Mon meilleur ami (Toy Story),1995,official-pl-disney-fr,,true
3d2c9318-9b15-4fcb-80ab-d70de58f4ce3,Tracy Chapman,Fast Car,1988,official-pl-country|official-pl-roadtrip,,false
05ead094-9164-4864-8d1b-e5fd267e1790,Train,Drops of Jupiter,2001,official-pl-2000s|official-pl-2000s-medium|official-pl-2000s-mix|official-pl-one-hit-wonders,2,false
888e7bd4-5e44-4d35-8df5-228940704144,Train,Hey Soul Sister,2009,official-pl-apero-afterwork,,false
9d74665c-922c-4fd8-b21e-3e3d30152c8b,Train,Marry Me,2010,official-pl-wedding,,false
25aa1093-f81b-4d39-9c4e-866848c6449a,Trapt,Headstrong,2002,official-pl-punk-rock-90s-2000s,,false
346cc8d5-608d-4185-bd5a-9b306fe69037,Travis,Why Does It Always Rain on Me?,1999,official-pl-90s|official-pl-90s-hard|official-pl-britpop-90s,3,true
a9473407-3277-42d7-a722-2f73f0034bd6,Trent Reznor & Atticus Ross,Hand Covers Bruise (The Social Network),2010,official-pl-films-hard|official-pl-musique-film,3,false
64573ccf-abcd-41bc-b7e7-69e614ba2084,Trevor Jones,Promentory (Last of the Mohicans),1992,official-pl-films-medium|official-pl-musique-film,2,false
d12c1725-318b-4e76-a9e9-47296367db43,Trio,Da Da Da,1982,official-pl-80s|official-pl-80s-hard|official-pl-one-hit-wonders|official-pl-un-seul-tube,3,false
3a4b7047-9169-4e70-8f22-76be4ca34eb9,Trust,Antisocial,1980,official-pl-fr-80s|official-pl-fr-80s-hard|official-pl-rock-fr,3,true
c42942f3-53e5-4ef6-9cc4-7dda87be4432,Tryo,Désolé pour hier soir,1998,official-pl-fr-2000s-mix|official-pl-fr-90s|official-pl-fr-90s-medium,2,true
e317c8cd-1ecc-4a69-b02d-25bcd1b09193,Tryo,L'hymne de nos campagnes,1998,official-pl-rock-fr,,true
006b814a-4494-4a99-85a8-ca50f2152fd6,Twenty One Pilots,Ride,2015,official-pl-2010s|official-pl-2010s-easy|official-pl-2010s-hard|official-pl-2010s-mix|official-pl-roadtrip,1,false
bc32a593-6c2f-461d-9787-23f953dfc86a,Twenty One Pilots,Stressed Out,2015,official-pl-2010s|official-pl-2010s-easy|official-pl-2010s-hard|official-pl-2010s-mix,1,false
aab36e4a-be08-4771-b0ff-03bdbf75422a,Twice,What Is Love,2018,official-pl-kpop|official-pl-new-year-party,,false
2e405fe1-b732-4b4a-8f84-a2d42088479e,Twisted Sister,I Wanna Rock,1984,official-pl-hard-rock-80s,3,false
a7fe6844-5140-4a93-a009-ca3fa4f72cb0,Twisted Sister,We're Not Gonna Take It,1984,official-pl-hard-rock-80s|official-pl-intros-legendaires|official-pl-rock|official-pl-un-seul-tube,3,false
597ad9f4-306f-4670-9c57-ae3af1ac7e0f,Two Door Cinema Club,What You Know,2010,official-pl-2010s-mix|official-pl-pop,,false
bc6088d7-5f3f-44e1-a152-ffff270e07d3,Type O Negative,Black No. 1,1993,official-pl-halloween|official-pl-metal,,false
d1de1326-4167-4784-b031-bfc901c38696,U2,Beautiful Day,2000,official-pl-2000s|official-pl-2000s-easy|official-pl-2000s-mix|official-pl-90s|official-pl-90s-easy|official-pl-rock,1,false
83073c10-3275-45de-9620-9ac9295e7cfb,U2,One,1991,official-pl-90s|official-pl-90s-easy|official-pl-90s-mix,1,false
8a6d95be-fba8-465e-b487-7f5c0e0897f4,U2,With or Without You,1987,official-pl-80s|official-pl-80s-medium|official-pl-80s-mix|official-pl-rock|official-pl-slows-cultes,2,false
77989a6c-7e2a-41c1-bfb7-ef8e9ba35d88,UB40,Red Red Wine,1983,official-pl-80s|official-pl-80s-medium|official-pl-reggae|official-pl-reprises-celebres,2,false
311cbddd-a77b-4a2c-a197-bbe63b633bbb,Ultravox,Vienna,1981,official-pl-80s|official-pl-80s-hard|official-pl-pop,3,false
39595c49-9ba4-4cab-adab-9f8f98144a64,Umberto Tozzi,Gloria,1979,official-pl-italie|official-pl-italie-classique,,false
a9bf1fd1-642e-4e5e-8cc1-fe1aaf9e3177,Umberto Tozzi,Ti amo,1977,official-pl-italie|official-pl-italie-classique|official-pl-saint-valentin,,false
9856dd1b-11f8-4bf1-941b-7a9c7f20bf0c,Usher,U Got It Bad,2001,official-pl-love-international|official-pl-soul-rnb,,false
5fce5a5d-0efd-463f-9b79-aa80308f362c,Usher & Alicia Keys,My Boo,2004,official-pl-rap-us,,false
d51a7fbc-45aa-4e05-8cc1-9a206802e2ba,Usher ft. Lil Jon & Ludacris,Yeah!,2004,official-pl-2000s|official-pl-2000s-easy|official-pl-2000s-medium|official-pl-2000s-mix|official-pl-anniversaire|official-pl-chants-de-stade|official-pl-karaoke|official-pl-love-international|official-pl-new-year-party|official-pl-rap-us|official-pl-soul-rnb|official-pl-summer-hits-yearly,1,false
a806d09f-35e2-434d-a20d-10be6b556b6f,Usher ft. will.i.am,OMG,2010,official-pl-2000s|official-pl-2000s-easy|official-pl-summer-hits-yearly,1,false
9833c220-09d0-4799-95c2-1708608dd0c5,Vald,Désaccordé,2017,official-pl-rap-fr|official-pl-rap-fr-culte|official-pl-variete-francaise,,true
ef1edd3e-2664-437a-a1bc-aad37e74838a,Vald,Eurotruck,2022,official-pl-hiphop-fr-2020s,,true
c5e3fbfe-c229-4b94-9c23-c6acf6cc3e14,Vampire Weekend,A-Punk,2008,official-pl-2000s|official-pl-2000s-hard|official-pl-2010s|official-pl-2010s-hard|official-pl-pop,3,false
e3f6fd28-f01e-4eaa-bc84-48d398dbed5e,Vampire Weekend,Oxford Comma,2008,official-pl-2000s|official-pl-2000s-hard,3,false
4284d5e6-e2ef-481e-b863-b4b84521d5e9,Van Halen,Jump,1984,official-pl-80s|official-pl-80s-easy|official-pl-80s-medium|official-pl-anniversaire|official-pl-chants-de-stade|official-pl-hard-rock-80s|official-pl-intros-legendaires|official-pl-roadtrip|official-pl-rock,1,false
334249a6-f635-4bb3-8990-35755a6004bb,Van Halen,You Really Got Me,1978,official-pl-70s|official-pl-70s-hard,3,false
df79199e-5532-41eb-87ad-ddd5b90d660f,Van Morrison,Brown Eyed Girl,1967,official-pl-60s|official-pl-roadtrip,,false
a6bb64b6-125a-4d3d-8be7-242057e85e79,Vance Joy,Riptide,2013,official-pl-2010s|official-pl-2010s-hard|official-pl-2010s-medium|official-pl-2010s-mix|official-pl-apero-afterwork|official-pl-summer-pool|official-pl-tiktok-viral,2,false
94388c87-c9e8-4c17-a43f-425642d0c114,Vanesa,Cat's Eye (Signé Cat's Eyes),1986,official-pl-club-dorothee,,true
8bb5a806-8f1d-4ce9-b39b-4a0d50b50f68,Vanessa Carlton,A Thousand Miles,2002,official-pl-2000s|official-pl-2000s-easy|official-pl-2000s-medium|official-pl-films-easy|official-pl-musique-film|official-pl-one-hit-wonders,1,false
c9f2c2f2-6703-4fae-867c-685c91dd512e,Vanessa Paradis,Joe le taxi,1987,official-pl-chanson-francaise-culte|official-pl-fr-80s|official-pl-fr-80s-easy|official-pl-variete-francaise,1,true
931b758f-cbc7-4823-992b-803e4cee0d7a,Vanessa Paradis,Tandem,1990,official-pl-fr-90s|official-pl-fr-90s-medium,2,true
c4eaf401-8a5c-492e-8d85-8ab41638bdb2,Vanilla Ice,Ice Ice Baby,1990,official-pl-90s|official-pl-90s-easy|official-pl-90s-mix|official-pl-karaoke|official-pl-le-sample|official-pl-one-hit-wonders|official-pl-un-seul-tube,1,false
e73d2627-5c0e-4ab0-aa08-991f77307d10,Vaya Con Dios,Just a Friend of Mine,1988,official-pl-apero-afterwork,,false
8684a969-2621-47cb-adc8-daefbecc6b6e,Vegedream,Ramenez la coupe à la maison,2018,official-pl-anniversaire|official-pl-fr-2010s|official-pl-fr-2010s-hard|official-pl-fr-2010s-mix,3,true
b200cc4e-3c99-4324-a02c-1e62d5023ed3,Vengaboys,"Boom, Boom, Boom, Boom!!",1998,official-pl-eurodance-90s|official-pl-guilty-pleasures|official-pl-new-year-party|official-pl-pubs-cultes,,false
e4a926ef-3c75-4bb9-9ae6-e3cf56400335,Vengaboys,We Like to Party!,1998,official-pl-eurodance-90s|official-pl-guilty-pleasures|official-pl-new-year-party,,false
da875806-202f-403c-ad0a-35dd95aac765,Vertical Horizon,Everything You Want,1999,official-pl-punk-rock-90s-2000s,,false
f4303c1a-768e-42c1-abb0-aa42447e4b6b,Vianney,Pas là,2014,official-pl-fr-2010s|official-pl-fr-2010s-medium|official-pl-variete-francaise,2,true
815e9d96-eb83-438f-8e77-4375e4166acf,Vianney,Tcheu la chance,2018,official-pl-fr-2010s|official-pl-fr-2010s-hard,3,true
90fadb04-61df-4185-a2e2-a98922632882,Vicky Leandros,L'amour est bleu,1967,official-pl-yeye-60s-fr,,true
3391601a-d84a-4c01-ae9f-068bc06023b6,Village People,Macho Man,1978,official-pl-70s-mix|official-pl-disco-dancefloor|official-pl-disco-funk,,false
fa34029b-ce4b-4147-895b-ac9b01c6e714,Village People,Y.M.C.A.,1978,official-pl-70s|official-pl-70s-easy|official-pl-70s-medium|official-pl-70s-mix|official-pl-anniversaire|official-pl-disco-dancefloor|official-pl-disco-funk|official-pl-karaoke-komptoir,1,false
fb5ba160-8d45-46c1-930f-1b7aa7157ee5,Visage,Fade to Grey,1980,official-pl-80s|official-pl-80s-hard|official-pl-new-wave-synthpop-80s|official-pl-pop,3,false
1bd2358c-f94d-4cb8-8c9f-549dafc47e9f,Vitalic,Le frunkp,2005,official-pl-fr-2000s-mix,,true
4ca5103b-7906-47d7-83c6-fc42d5ae6925,Vitalic,Poney Part 1,2005,official-pl-french-touch,,true
a5f6640c-e12e-4b97-abab-8e1d87842b84,Walk the Moon,Anna Sun,2012,official-pl-2010s|official-pl-2010s-hard|official-pl-apero-afterwork,3,false
3535d3b0-8775-4184-8337-6e79c712a190,Walk the Moon,Shut Up and Dance,2014,official-pl-2010s|official-pl-2010s-hard|official-pl-2010s-medium|official-pl-2010s-mix|official-pl-anniversaire|official-pl-apero-afterwork|official-pl-karaoke|official-pl-summer-pool,2,false
9cb0ef8e-6537-4d9a-8a94-37b3eb9a4e0c,Walker Hayes,Fancy Like,2021,official-pl-2020s|official-pl-2020s-medium,2,false
3edb2597-cb58-4a76-a141-c4bfa85bf578,War,Low Rider,1975,official-pl-70s|official-pl-70s-medium|official-pl-70s-mix|official-pl-disco-funk|official-pl-roadtrip,2,false
85d37b2f-6789-4552-8da8-557e2cd1dfd9,Warrant,Cherry Pie,1990,official-pl-hard-rock-80s,3,false
69e4f69c-722a-490a-baa7-09fee51447c5,Warren G & Nate Dogg,Regulate,1994,official-pl-90s-mix,,false
28344839-0562-483e-a22f-ec83408a0161,Warren G ft. Nate Dogg,Regulate,1994,official-pl-90s|official-pl-90s-easy|official-pl-le-sample|official-pl-rap-us,1,false
f9838747-c28e-4b7f-ba2b-92692af307ad,Warren Zevon,Werewolves of London,1978,official-pl-halloween,,false
8bb1889b-d2f6-4264-b828-ff77b8e5f140,Weezer,Beverly Hills,2005,official-pl-2000s|official-pl-2000s-medium,2,false
f1ae3410-e645-490e-a6f5-ea12d5f7d8e9,Weezer,Buddy Holly,1994,official-pl-90s|official-pl-90s-hard|official-pl-rock,3,false
c461a883-706d-4cc6-b504-aa13dc9af627,Weezer,Hash Pipe,2001,official-pl-punk-rock-90s-2000s,,false
09d890cb-c8e9-40d6-a876-da3acff8cab0,Weezer,Island in the Sun,2001,official-pl-apero-afterwork,,false
1d4eb16c-b352-448e-b18e-be5c48995fa6,Werenoi,Bolide allemand,2024,official-pl-hiphop-fr-2020s,,true
c752bfa1-365e-4283-abd2-db8bc90799da,Werenoi,Million Dollar Baby,2024,official-pl-hiphop-fr-2020s,,true
0efce7ed-8af4-4f0b-8df8-602cca4cbeb0,Westlife,Swear It Again,1999,official-pl-boys-girls-bands,,false
c8c9139d-cc14-47b0-b46e-98846298fda3,Westlife,Uptown Girl,2001,official-pl-boys-girls-bands,,false
ec67f917-a00b-4076-bf11-8868d25ed749,Wham!,Last Christmas,1984,official-pl-noel|official-pl-pop,,false
04e3e379-e5a6-479f-b949-bd5aa28989b9,Wham!,Wake Me Up Before You Go-Go,1984,official-pl-80s|official-pl-80s-easy|official-pl-80s-medium|official-pl-80s-mix|official-pl-anniversaire|official-pl-karaoke|official-pl-pop|official-pl-roadtrip,1,false
152e72e9-8873-4bb6-8b23-dde18e2ef6dd,Wheatus,Teenage Dirtbag,2000,official-pl-2000s-mix|official-pl-one-hit-wonders|official-pl-punk-rock-90s-2000s|official-pl-un-seul-tube,,false
f7f53149-906a-4c12-9ff0-e128887d1eec,When in Rome,The Promise,1988,official-pl-80s|official-pl-80s-hard|official-pl-new-wave-synthpop-80s,3,false
0b78381f-a8f1-4783-aff3-cb5dc4a4b3c4,Whigfield,Saturday Night,1994,official-pl-eurodance-90s|official-pl-guilty-pleasures|official-pl-summer-pool,,false
5cf1f372-e53c-4b0a-8b6a-6f9af02b862f,Whiplash Original Soundtrack,Caravan (Whiplash),2014,official-pl-films-hard|official-pl-musique-film,3,false
33f06491-711a-4d20-b0f3-028c210bed9f,White Town,Your Woman,1997,official-pl-one-hit-wonders,,false
fb968afc-2853-4a91-a05c-99584041693f,Whitesnake,Here I Go Again,1987,official-pl-80s|official-pl-80s-easy|official-pl-80s-medium|official-pl-hard-rock-80s|official-pl-intros-legendaires|official-pl-metal|official-pl-rock,1,false
b65c9db2-e570-462b-b95b-85b35bed1f66,Whitney Houston,I Wanna Dance with Somebody,1987,official-pl-80s|official-pl-80s-easy|official-pl-80s-medium|official-pl-80s-mix|official-pl-anniversaire|official-pl-karaoke|official-pl-musicals-us|official-pl-pop-divas|official-pl-soul-rnb,1,false
dcfb615c-693a-4b64-82d7-65789c65dc1b,Whitney Houston,I Will Always Love You,1992,official-pl-90s|official-pl-90s-easy|official-pl-90s-medium|official-pl-90s-mix|official-pl-films-easy|official-pl-generiques-films-series|official-pl-love-international|official-pl-musicals-us|official-pl-musique-film|official-pl-pop-divas|official-pl-reprises-celebres|official-pl-saint-valentin|official-pl-slows-cultes|official-pl-soul-rnb|official-pl-wedding,1,false
549a5269-8251-4a58-adeb-14fa71a19d74,Whitney Houston,The Bodyguard (I Will Always Love You),1992,official-pl-films-medium|official-pl-musique-film,2,false
78509750-dda9-428d-bb90-fb1d72be2629,Wild Cherry,Play That Funky Music,1976,official-pl-70s|official-pl-70s-easy|official-pl-70s-medium|official-pl-70s-mix|official-pl-disco-dancefloor|official-pl-disco-funk|official-pl-one-hit-wonders,1,false
b8cd13ba-2b75-4290-94ea-e949cea070cf,Will Smith,Gettin' Jiggy wit It,1997,official-pl-new-year-party|official-pl-rap-us,,false
e57fa936-9c10-46ff-9a4a-20d5780b0b12,Will Smith,Miami,1998,official-pl-new-year-party,,false
5e27e639-e646-442a-8dee-8c217096f7b9,will.i.am ft. Britney Spears,Scream & Shout,2012,official-pl-electro-edm|official-pl-le-sample,,false
20653878-5a06-423d-8c45-f86b9f31a3a8,Willie Nelson,Always on My Mind,1982,official-pl-country,,true
48e9abd0-9d86-4c4b-bec2-97eb94aa913c,Willie Nelson,On the Road Again,1980,official-pl-country|official-pl-roadtrip,,true
ab06ddc8-f245-46ed-a07f-b651096c1895,Wiz Khalifa,See You Again,2015,official-pl-2010s|official-pl-2010s-easy|official-pl-2010s-mix|official-pl-rap-us|official-pl-summer-hits-yearly,1,false
3dae7054-31aa-4b77-84c7-440ffc0d426b,Wizkid,Bad to Me,2023,official-pl-afrobeats,,false
2a830659-dabb-4160-8275-297f64a40ad6,Wizkid,Essence,2020,official-pl-2020s|official-pl-afrobeats,,false
485efd61-76f0-4619-81f7-b78e25032676,Wizzard,I Wish It Could Be Christmas Everyday,1973,official-pl-noel,,false
16357760-35cb-483e-a14a-ab2a3b717dcd,Woodkid,Iron,2011,official-pl-2010s|official-pl-2010s-hard,3,false
afd4e10f-b84f-42dd-a194-fc587ccbfd61,Woodkid,Run Boy Run,2012,official-pl-2010s|official-pl-2010s-hard,3,false
40f7d2ca-e423-44f0-a938-c4ffe5fd0c4e,Worlds Apart,Je te donne,1996,official-pl-fr-90s-mix,,true
cae099ef-dc4c-4293-90cd-11bda4f38cfe,Wu-Tang Clan,C.R.E.A.M.,1994,official-pl-90s|official-pl-90s-mix|official-pl-le-sample|official-pl-rap-us,,false
4244071d-9b8e-4c1e-af4a-df818be39691,Wu-Tang Clan,Protect Ya Neck,1993,official-pl-rap-us,,false
452a7deb-243b-4aff-9ec4-350fa7fbdd50,Yael Naïm,New Soul,2007,official-pl-fr-2000s|official-pl-fr-2000s-hard|official-pl-french-touch,3,true
54cc8673-e85d-46d1-9236-6f2b961d809a,Yann Tiersen,Comptine d'un autre été,2001,official-pl-films-hard|official-pl-musique-film,3,true
4846a030-d486-4217-99f4-76373866253e,Yann Tiersen,Comptine d'un autre été : L'après-midi,2001,official-pl-cinema-fr-bo|official-pl-variete-francaise,,true
6ea051b7-de66-49d6-8b64-587eefd3ed14,Yann Tiersen,La Valse d'Amélie,2001,official-pl-cinema-fr-bo|official-pl-films-medium|official-pl-musique-film,2,true
1c983dee-8220-426e-b8ae-1c9e5be946d1,Yannick Noah,Angela,2010,official-pl-fr-2010s-mix,,true
e053941b-0638-41ae-b803-7741a60c49fc,Yannick Noah,Aux arbres citoyens,2006,official-pl-fr-2000s|official-pl-fr-2000s-easy,1,true
a3fa6ed2-5a93-45ce-b473-b3f5e6966e30,Yannick Noah,Saga Africa,1991,official-pl-anniversaire|official-pl-fr-90s-mix,,true
b7ef9fd6-d128-4264-9af3-44d09c4dfcc3,Yazoo,Only You,1982,official-pl-80s|official-pl-80s-hard|official-pl-new-wave-synthpop-80s|official-pl-pop,3,false
bc202e4f-add0-405e-a168-353d252da1c9,Yeah Yeah Yeahs,Heads Will Roll,2009,official-pl-2000s-mix|official-pl-chants-de-stade|official-pl-halloween,,false
4de48156-7fab-4bf7-a645-82849fb9a539,Yeah Yeah Yeahs,Maps,2003,official-pl-2000s|official-pl-2000s-hard|official-pl-rock,3,false
188db76d-ad21-424a-8b58-185bf160e611,Years & Years,King,2015,official-pl-2010s|official-pl-2010s-hard,3,false
745457eb-a143-4ff6-ae93-79f286d5f8db,Yelle,À cause des garçons,2007,official-pl-fr-2000s|official-pl-fr-2000s-hard,3,true
7a2f5f78-c936-48c6-81a2-fc1e5b36c53a,Yellowcard,Ocean Avenue,2003,official-pl-2000s|official-pl-2000s-medium|official-pl-punk-rock-90s-2000s,2,false
5954c0af-7977-4800-9a7e-0ac8175c8d05,Yes,Owner of a Lonely Heart,1983,official-pl-80s-mix|official-pl-rock,,false
34576116-7d1c-4983-98f2-5d5eba22347c,Yes,Roundabout,1971,official-pl-70s|official-pl-70s-hard,3,false
ae5dd567-027d-41cd-b8b0-3c245de7967e,Yoko Shimomura,Ryu's Theme (Street Fighter II),1991,official-pl-video-games,,false
4c532628-57a6-4b12-9627-7179cff9ab92,Young MC,Bust a Move,1989,official-pl-rap-us,,false
5d6fcb74-13d6-4523-9fa4-99cd2b7a1739,Yves Duteil,La langue de chez nous,1985,official-pl-enfants-4-8-ans|official-pl-fr-80s-mix,,true
7432d304-be55-4ecd-9160-288d11d08ac3,Yves Duteil,Prendre un enfant par la main,1977,official-pl-enfants-4-8-ans,,true
7d298af1-09ea-4c8c-b099-ec23ca253ec9,Zac Brown Band,Chicken Fried,2008,official-pl-country,,false
863f36e6-1793-4116-9c95-a52d965ec48d,Zara Larsson & MNEK,Never Forget You,2015,official-pl-electro-edm,,false
c8f653bf-fa07-439e-9631-d99ffe347eb0,ZAZ,Je veux,2010,official-pl-fr-2010s|official-pl-fr-2010s-easy|official-pl-variete-francaise,1,true
61229e2f-b381-47f6-ab09-6a3fae4c3999,ZAZ,La fée,2010,official-pl-fr-2010s|official-pl-fr-2010s-hard,3,true
bf2e87b9-e23c-47e4-80f4-ef6ca0574ef9,Zazie,Je suis un homme,2007,official-pl-fr-2000s|official-pl-fr-2000s-medium|official-pl-variete-francaise,2,true
99669cb6-8bfc-4c3a-9e71-333e5b09e24b,Zebda,Tomber la chemise,1998,official-pl-fr-90s|official-pl-fr-90s-easy|official-pl-variete-francaise,1,true
2ad747fb-2b13-42b9-9f30-da978a22695f,Zedd,Clarity,2012,official-pl-2010s|official-pl-2010s-medium|official-pl-electro-edm,2,false
f89dbd53-237a-4dce-81b2-c41b6512c46d,Zedd,Spectrum,2012,official-pl-electro-edm,,false
1e110bb5-721e-4c94-a37b-7fa73bc1f855,Zedd,Stay The Night,2013,official-pl-2010s|official-pl-2010s-medium|official-pl-electro-edm,2,false
8ccedfb7-96ea-4f41-bc95-b78b673a1d5b,Zedd & Alessia Cara,Stay,2017,official-pl-apero-afterwork,,false
7a084332-bac2-4b2d-87d4-1af24124e3d4,Zedd ft. Jon Bellion,Beautiful Now,2015,official-pl-electro-edm,,false
097c469d-ab56-48f2-a80d-08fd2c35f2a9,"Zedd, Maren Morris & Grey",The Middle,2018,official-pl-2010s|official-pl-2010s-easy,1,false
accd1a70-d2a9-465e-9e22-3a2f6a49c999,Zero 7,In the Waiting Line,2001,official-pl-films-hard|official-pl-musique-film,3,false
66f51325-da39-477d-af15-86d67440dfe2,Ziggy Marley,Tomorrow People,1988,official-pl-reggae,,false
dc85092c-9338-41c9-afae-31bae9f2b345,"Ziv Zaifman, Hugh Jackman & Michelle Williams",A Million Dreams,2017,official-pl-musicals-us,2,false
b75d12b8-abad-40d6-a7b5-98bd9f2ee41a,Zombie Nation,Kernkraft 400,1999,official-pl-chants-de-stade|official-pl-french-touch,,false
