group,playlist,artist,title,youtube_id,spotify_track_name,spotify_artist_name,spotify_id,confidence,flag
G1,official-pl-80s-easy,Def Leppard,Pour Some Sugar on Me,0UIB9Y4OFPs,Pour Some Sugar On Me,Def Leppard,1aZLIbKEdsyqxyD6iNcrbA,a1.00 t1.00,auto-ok
G1,official-pl-80s-easy,Journey,Don't Stop Believin',1k8craCGpgs,Don't Stop Believin',Journey,77NNZQSqzLNqh2A9JhLRkg,a1.00 t1.00,auto-ok
G1,official-pl-80s-easy,George Michael,Careless Whisper,izGwDsrQ1eQ,Careless Whisper,George Michael,5WDLRQ3VCdVrKw0njWe5E5,a1.00 t1.00,auto-ok
G1,official-pl-80s-easy,Dolly Parton,Nine to Five,UbxUSsFXYo4,9 to 5,Dolly Parton,4w3tQBXhn5345eUXDGBWZG,a1.00 t0.33,no-match
G1,official-pl-80s-easy,The Bangles,Walk Like an Egyptian,Cv6tuzHUuuk,Walk Like an Egyptian,The Bangles,1Jwc3ODLQxtbnS8M9TflSP,a1.00 t1.00,auto-ok
G1,official-pl-80s-easy,Journey,Separate Ways (Worlds Apart),LatorN4P9aA,Separate Ways (Worlds Apart) [2023 Remaster],Journey,1pTw2cNrp9L3esxLAvWnN2,a1.00 t1.00,auto-ok
G1,official-pl-80s-easy,Duran Duran,Rio,nTizYn3-QN0,Rio - 2009 Remaster,Duran Duran,43eBgYRTmu5BJnCJDBU5Hb,a1.00 t1.00,auto-ok
G1,official-pl-80s-easy,Dire Straits,Money for Nothing,wTP2RUD_cL0,Money For Nothing,Dire Straits,01Txvu3dNthhldq8oR0Pae,a1.00 t1.00,auto-ok
G1,official-pl-80s-easy,Spandau Ballet,True,AR8D2yqgQ1U,True - 2003 Remaster,Spandau Ballet,10I09MLZCY4pK37XxAfkw0,a1.00 t1.00,auto-ok
G1,official-pl-80s-easy,The Police,Every Breath You Take,iOT_zuDHvVk,Every Breath You Take,The Police,1JSTJqkT5qHq8MDJnJbRE1,a1.00 t1.00,auto-ok
G1,official-pl-80s-easy,The Buggles,Video Killed the Radio Star,W8r-tXRLazs,Video Killed The Radio Star,The Buggles,7o7E1nrHWncYY7PY94gCiX,a1.00 t1.00,auto-ok
G1,official-pl-80s-easy,Michael Jackson,Beat It,oRdxUFDoQe0,Beat It,Michael Jackson,3BovdzfaX4jb5KFQwoPfAw,a1.00 t1.00,auto-ok
G1,official-pl-80s-easy,Dexys Midnight Runners,Come On Eileen,GbpnAGajyMc,Come On Eileen,Dexys Midnight Runners,3MrWxJaD2AT0W9DjWF64Vm,a1.00 t1.00,auto-ok
G1,official-pl-80s-easy,Bruce Springsteen,Dancing in the Dark,129kuDCQtHs,Dancing In the Dark,Bruce Springsteen,7FwBtcecmlpc1sLySPXeGE,a1.00 t1.00,auto-ok
G1,official-pl-80s-easy,Pet Shop Boys,West End Girls,p3j2NYZ8FKs,West End Girls,Pet Shop Boys,5Dqik1P9toCJTLj5rEm78s,a1.00 t1.00,auto-ok
G1,official-pl-80s-easy,Nena,99 Luftballons,Fpu5a0Bl8eY,99 Luftballons,Nena,2IJftBfq7pJ43tfnOR0RB3,a1.00 t1.00,auto-ok
G1,official-pl-80s-easy,Tommy Tutone,867-5309/Jenny,6WTdTwcmxyo,867-5309 / Jenny,Tommy Tutone,6iX1f3r7oUJnMbGgQ2gx1j,a1.00 t1.00,auto-ok
G1,official-pl-80s-easy,Toni Basil,Mickey,0aqLwHP4y6Q,Mickey,Toni Basil,5b6v3PGTEXnOEh4hy9aPhS,a1.00 t1.00,auto-ok
G1,official-pl-80s-easy,Olivia Newton-John,Physical,vWz9VN40nCA,Physical (Remastered 2021),Olivia Newton-John,0bB0aRsAB2CTYRCeoMOFHU,a1.00 t1.00,auto-ok
G1,official-pl-80s-easy,Blondie,Call Me,StKVS0eI85I,Call Me,Blondie,7HKxTNVlkHsfMLhigmhC0I,a1.00 t1.00,auto-ok
G1,official-pl-80s-easy,Bonnie Tyler,Holding Out for a Hero,bWcASV2sey0,"Holding Out for a Hero - From ""Footloose"" Soundtrack",Bonnie Tyler,5Hyr47BBGpvOfcykSCcaw9,a1.00 t1.00,auto-ok
G1,official-pl-80s-easy,Belinda Carlisle,Heaven Is a Place on Earth,NOGEyBeoBGM,"Heaven Is a Place on Earth - Promo 7"" Edit",Belinda Carlisle,05yiiw2F3XXoighyveZTDs,a1.00 t1.00,auto-ok
G1,official-pl-80s-easy,The Clash,Should I Stay or Should I Go,BN1WwnEDWAM,Should I Stay or Should I Go - Remastered,The Clash,39shmbIHICJ2Wxnk1fPSdz,a1.00 t1.00,auto-ok
G1,official-pl-80s-easy,A Flock of Seagulls,I Ran (So Far Away),iIpfWORQWhU,I Ran (So Far Away),A Flock Of Seagulls,6vKVuBeExHlEh9cZ8Ppk8t,a1.00 t1.00,auto-ok
G1,official-pl-80s-easy,Toto,Rosanna,qmOLtTGvsbM,Rosanna,TOTO,37BTh5g05cxBIRYMbw8g2T,a1.00 t1.00,auto-ok
G1,official-pl-80s-easy,AC/DC,You Shook Me All Night Long,Lo2qQmj0_h4,You Shook Me All Night Long,AC/DC,2SiXAy7TuUkycRVbbWDEpo,a1.00 t1.00,auto-ok
G1,official-pl-80s-easy,Elton John,I'm Still Standing,ZHwVBirqD2s,I'm Still Standing,Elton John,1jDJFeK9x3OZboIAHsY9k2,a1.00 t1.00,auto-ok
G1,official-pl-80s-easy,Starship,Nothing's Gonna Stop Us Now,3wxyN3z9PL4,Nothing's Gonna Stop Us Now,Starship,3X7uFMzJrEE0sxn62qd8Ch,a1.00 t1.00,auto-ok
G1,official-pl-80s-easy,Tiffany,I Think We're Alone Now,w6Q3mHyzn78,I Think We're Alone Now,Tiffany,4uvjOKsp7mSjrDhWdkLPBY,a1.00 t1.00,auto-ok
G1,official-pl-80s-easy,Roxette,The Look,LlVI7ZNiFlI,The Look,Roxette,4Ln6CP07DElm8ay1RxyYa9,a1.00 t1.00,auto-ok
G1,official-pl-80s-easy,Irene Cara,Flashdance... What a Feeling,ILWSp0m9G2U,Flashdance...What a Feeling - Radio Edit,Irene Cara,3cbV252akVZInSvJk7jAYX,a1.00 t1.00,auto-ok
G1,official-pl-80s-easy,Los Lobos,La Bamba,Jp6j5HJ-Cok,La Bamba,Los Lobos,0uMMLry3hzWGn3q3loqMkm,a1.00 t1.00,auto-ok
G1,official-pl-80s-easy,Whitesnake,Here I Go Again,WyF8RHM1OCg,Here I Go Again - 1987 Version / 2018 Remaster,Whitesnake,58z9sfHe9s9zTvYGKehCWM,a1.00 t1.00,auto-ok
G1,official-pl-80s-easy,Rick Astley,Never Gonna Give You Up,dQw4w9WgXcQ,Never Gonna Give You Up,Rick Astley,4PTG3Z6ehGkBFwjybzWkR8,a1.00 t1.00,auto-ok
G1,official-pl-80s-easy,Peter Gabriel,Sledgehammer,OJWJE0x7T4Q,Sledgehammer,Peter Gabriel,029NqmIySn1kOY305AAhxT,a1.00 t1.00,auto-ok
G1,official-pl-80s-easy,Survivor,Eye of the Tiger,btPJPFnesV4,Eye of the Tiger,Survivor,2HHtWyy5CgaQbC7XSoOb0e,a1.00 t1.00,auto-ok
G1,official-pl-80s-easy,Madonna,Material Girl,6p-lDYPR2P8,Material Girl,Madonna,7bkyXSi4GtVfD7itZRUR3e,a1.00 t1.00,auto-ok
G1,official-pl-80s-easy,Bananarama,Venus,d4-1ASpdT1Y,Venus,Bananarama,4XX1pFUkQOZTYp6Hb6a6Ae,a1.00 t1.00,auto-ok
G1,official-pl-80s-easy,A-ha,Take On Me,MIgK3zOk0zg,Take on Me,a-ha,2WfaOiMkCvy7F5fcp2zZ8L,a1.00 t1.00,auto-ok
G1,official-pl-80s-easy,Eurythmics,Sweet Dreams (Are Made of This),qeMFqkcPYcg,Sweet Dreams (Are Made of This) - 2005 Remaster,Eurythmics / Annie Lennox / Dave Stewart,1TfqLAPs4K3s2rJMoCokcS,a1.00 t1.00,auto-ok
G1,official-pl-80s-easy,Soft Cell,Tainted Love,oGXpDhNAO1Y,Tainted Love,Soft Cell,0cGG2EouYCEEC3xfa0tDFV,a1.00 t1.00,auto-ok
G1,official-pl-80s-easy,Whitney Houston,I Wanna Dance with Somebody,eH3giaIzONA,I Wanna Dance with Somebody (Who Loves Me),Whitney Houston,2tUBqZG2AbRi7Q0BIrVrEj,a1.00 t1.00,auto-ok
G1,official-pl-80s-easy,Toto,Africa,Kb7lAMjFuA0,Africa,TOTO,2374M0fQpWi3dLnB54qaLX,a1.00 t1.00,auto-ok
G1,official-pl-80s-easy,Bon Jovi,Livin' on a Prayer,CuUefy9bT9U,Livin' On A Prayer,Bon Jovi,37ZJ0p5Jm13JPevGcx4SkF,a1.00 t1.00,auto-ok
G1,official-pl-80s-easy,Europe,The Final Countdown,lZzcQ-uQ8R0,The Final Countdown,Europe,3MrRksHupTVEQ7YbA0FsZK,a1.00 t1.00,auto-ok
G1,official-pl-80s-easy,Duran Duran,Hungry Like the Wolf,oJL-lCzEXgI,Hungry Like the Wolf - 2009 Remaster,Duran Duran,39lSeqnyjZJejRuaREfyLL,a1.00 t1.00,auto-ok
G1,official-pl-80s-easy,Van Halen,Jump,SwYN7mTi6HM,Jump,Van Halen,6Fba9RZtC6vTY814JToDtP,a1.00 t1.00,auto-ok
G1,official-pl-80s-easy,Madonna,Like a Virgin,50nag9B6Pps,Like a Virgin,Madonna,1ZPlNanZsJSPK5h9YZZFbZ,a1.00 t1.00,auto-ok
G1,official-pl-80s-easy,Rick Springfield,Jesse's Girl,qYkbTyHXwbs,Jessie's Girl,Rick Springfield,5RsUlxLto4NZbhJpqJbHfN,a1.00 t0.92,auto-ok
G1,official-pl-80s-easy,Foreigner,I Want to Know What Love Is,raNGeq3_DtM,I Want to Know What Love Is - 1999 Remaster,Foreigner,1JLn8RhQzHz3qDqsChcmBl,a1.00 t1.00,auto-ok
G1,official-pl-80s-easy,Technotronic,Pump Up the Jam,9EcjWd-O4jI,Pump Up The Jam,Technotronic,21qnJAMtzC6S5SESuqQLEK,a1.00 t1.00,auto-ok
G1,official-pl-80s-easy,Queen,Don't Stop Me Now,HgzGwKwLmgM,Don't Stop Me Now - Remastered 2011,Queen,5T8EDUDqKcs6OSOwEsfqG7,a1.00 t1.00,auto-ok
G1,official-pl-80s-easy,Tears for Fears,Everybody Wants to Rule the World,aGCdLKXNF3w,Everybody Wants To Rule The World,Tears For Fears,4RvWPyQ5RL0ao9LPZeSouE,a1.00 t1.00,auto-ok
G1,official-pl-80s-easy,Kenny Loggins,Footloose,ltrMfT4Qz5Y,Footloose,Kenny Loggins,6W2VbtvMrDXm5vYeB7amkO,a1.00 t1.00,auto-ok
G1,official-pl-80s-easy,Cyndi Lauper,Time After Time,VdQY7BusJNU,Time After Time,Cyndi Lauper,7o9uu2GDtVDr9nsR7ZRN73,a1.00 t1.00,auto-ok
G1,official-pl-80s-easy,Wham!,Wake Me Up Before You Go-Go,pIgZ7gMze7A,Wake Me Up Before You Go-Go,Wham!,0ikz6tENMONtK6qGkOrU3c,a1.00 t1.00,auto-ok
G1,official-pl-80s-easy,Tina Turner,What's Love Got to Do with It,oGpFcHTxjZs,What's Love Got to Do with It,Tina Turner,4kOfxxnW1ukZdsNbCKY9br,a1.00 t1.00,auto-ok
G1,official-pl-80s-easy,The Bangles,Manic Monday,SsmVgoXDq2w,Manic Monday,The Bangles,7Di7t9yGoxdZRLAt5a4pi0,a1.00 t1.00,auto-ok
G1,official-pl-80s-easy,Men at Work,Down Under,XfR9iY5y94s,Down Under,Men At Work,3ZZq9396zv8pcn5GYVhxUi,a1.00 t1.00,auto-ok
G1,official-pl-80s-easy,Elton John,Nikita,dLHtV_S2HZw,Nikita,Elton John,3G0ENKW9vzV0SuYKaWFflI,a1.00 t1.00,auto-ok
G1,official-pl-80s-easy,Michael Sembello,Maniac,6GCNUeTFSbA,Maniac,Michael Sembello,0QKfiqpEU4h9ycPSzIFwYe,a1.00 t1.00,auto-ok
G1,official-pl-80s-easy,Kool & The Gang,Celebration,3GwjfUFyY6M,Celebration,Kool & The Gang,3K7Q9PHUWPTaknlbFPThn2,a0.31 t1.00,no-match
G1,official-pl-80s-easy,Starship,We Built This City,K1b8AhIsSYQ,We Built This City,Starship,6OnfBiiSc9RGKiBKKtZXgQ,a1.00 t1.00,auto-ok
G1,official-pl-80s-easy,Tears for Fears,Shout,Ye7FKc1JQe4,Shout,Tears For Fears,2gQaQUhDCNGfBVXTvxAmXQ,a1.00 t1.00,auto-ok
G1,official-pl-80s-easy,The Outfield,Your Love,4N1iwQxiHrs,Your Love,The Outfield,5dRQUolXAVX3BbCiIxmSsf,a1.00 t1.00,auto-ok
G1,official-pl-80s-easy,Queen,Another One Bites the Dust,rY0WxgSXdEE,Another One Bites The Dust - Remastered 2011,Queen,5vdp5UmvTsnMEMESIF2Ym7,a1.00 t1.00,auto-ok
G1,official-pl-80s-easy,The B-52's,Love Shack,9SOryJvTAGs,Love Shack,The B-52's,4W4wYHtsrgDiivRASVOINL,a1.00 t1.00,auto-ok
G1,official-pl-80s-easy,Billy Joel,Uptown Girl,hCuMWrfXG4E,Uptown Girl,Billy Joel,5zA8vzDGqPl2AzZkEYQGKh,a1.00 t1.00,auto-ok
G1,official-pl-80s-easy,Simple Minds,Don't You (Forget About Me),CdqoNKCCt7A,Don't You (Forget About Me),Simple Minds,5Y8Rj0s6wuM5DlQdllYiWl,a1.00 t1.00,auto-ok
G1,official-pl-80s-easy,Guns N' Roses,Sweet Child O' Mine,1w7OgIMMRc4,Sweet Child O' Mine,Guns N' Roses,7snQQk1zcKl8gZ92AnueZW,a1.00 t1.00,auto-ok
G1,official-pl-80s-easy,Cyndi Lauper,Girls Just Want to Have Fun,PIb6AZdTr-A,Girls Just Want to Have Fun,Cyndi Lauper,4y1LsJpmMti1PfRQV9AWWe,a1.00 t1.00,auto-ok
G1,official-pl-80s-easy,Michael Jackson,Billie Jean,OZGtRvYF-A4,Billie Jean,Michael Jackson,7J1uxwnxfQLu4APicE5Rnj,a1.00 t1.00,auto-ok
G1,official-pl-80s-easy,Culture Club,Karma Chameleon,JmcA9LIIXWw,Karma Chameleon,Culture Club,3XDeeP9wBZzGhIPZmLfEEx,a1.00 t1.00,auto-ok
G1,official-pl-80s-easy,The Human League,Don't You Want Me,uPudE8nDog0,Don't You Want Me,The Human League,3AIEEEIDJFnqv8rozNVCRZ,a1.00 t1.00,auto-ok
G1,official-pl-80s-easy,Phil Collins,In the Air Tonight,YkADj0TPrJA,In The Air Tonight - 2015 Remastered,Phil Collins,18AXbzPzBS8Y3AkgSxzJPb,a1.00 t1.00,auto-ok
G1,official-pl-80s-easy,Katrina and the Waves,Walking on Sunshine,iPUmE-tne5U,Walking On Sunshine,Katrina & The Waves,05wIrZSwuaVWhcv5FfqeH0,a0.81 t1.00,review
G1,official-pl-80s-easy,Falco,Rock Me Amadeus,cVikZ8Oe_XA,Rock Me Amadeus,Falco,0DfG1ltJnZyq4Tx3ZLL7ZU,a1.00 t1.00,auto-ok
G1,official-pl-80s-easy,New Order,Bizarre Love Triangle,7uEBuqkkQRk,Bizarre Love Triangle,New Order,6wVViUl2xSRoDK2T7dMZbR,a1.00 t1.00,auto-ok
G1,official-pl-80s-easy,James Brown,Living in America,c5BL4RNFr58,Living in America,James Brown,0T1OrvV6bOQVL2vSQiDn6W,a1.00 t1.00,auto-ok
G1,official-pl-80s-easy,Bonnie Tyler,Total Eclipse of the Heart,lcOxhH8N3Bo,Total Eclipse of the Heart,Bonnie Tyler,7wuJGgpTNzbUyn26IOY6rj,a1.00 t1.00,auto-ok
G1,official-pl-karaoke,Rihanna,Umbrella,CvBfHwUxHIk,Umbrella,Rihanna / JAŸ-Z,49FYlytm3dAAraYgpoJZux,a1.00 t1.00,auto-ok
G1,official-pl-karaoke,Blondie,Call Me,StKVS0eI85I,Call Me,Blondie,7HKxTNVlkHsfMLhigmhC0I,a1.00 t1.00,auto-ok
G1,official-pl-karaoke,Alphaville,Forever Young,YHRvDo8rUoQ,Forever Young,Alphaville,4S1VYqwfkLit9mKVY3MXoo,a1.00 t1.00,auto-ok
G1,official-pl-karaoke,a-ha,Take On Me,djV11Xbc914,Take on Me,a-ha,2WfaOiMkCvy7F5fcp2zZ8L,a1.00 t1.00,auto-ok
G1,official-pl-karaoke,Queen,Don't Stop Me Now,HgzGwKwLmgM,Don't Stop Me Now - Remastered 2011,Queen,5T8EDUDqKcs6OSOwEsfqG7,a1.00 t1.00,auto-ok
G1,official-pl-karaoke,Katy Perry,Firework,QGJuMBdaqIw,Firework,Katy Perry,1mXuMM6zjPgjL4asbBsgnt,a1.00 t1.00,auto-ok
G1,official-pl-karaoke,Beyoncé,Crazy in Love,ViwtNLUqkMY,Crazy In Love (feat. JAY-Z),Beyoncé / JAŸ-Z,5IVuqXILoxVWvWEPm82Jxr,a1.00 t1.00,auto-ok
G1,official-pl-karaoke,Miley Cyrus,Party in the U.S.A.,M11SvDtPBhA,Party In The U.S.A.,Miley Cyrus,3E7dfMvvCLUddWissuqMwr,a1.00 t1.00,auto-ok
G1,official-pl-karaoke,Adele,Someone Like You,hLQl3WQQoQ0,Someone Like You,Adele,3bNv3VuUOKgrf5hu3YcuRo,a1.00 t1.00,auto-ok
G1,official-pl-karaoke,Rihanna,We Found Love,tg00YEETFzg,We Found Love,Rihanna / Calvin Harris,0U10zFw4GlBacOy9VDGfGL,a1.00 t1.00,auto-ok
G1,official-pl-karaoke,ABBA,Dancing Queen,xFrGuyw1V8s,Dancing Queen,ABBA,0GjEhVFGZW8afUYGChu3Rr,a1.00 t1.00,auto-ok
G1,official-pl-karaoke,Justin Timberlake,SexyBack,3gOHvDP_vCs,SexyBack (feat. Timbaland),Justin Timberlake / Timbaland,0O45fw2L5vsWpdsOdXwNAR,a1.00 t1.00,auto-ok
G1,official-pl-karaoke,Taylor Swift,Shake It Off,nfWlot6h_JM,Shake It Off,Taylor Swift,0cqRj7pUJDkTCEsJkx8snD,a1.00 t1.00,auto-ok
G1,official-pl-karaoke,Carly Rae Jepsen,Call Me Maybe,fWNaR-rxAic,Call Me Maybe,Carly Rae Jepsen,20I6sIOMTCkB6w7ryavxtO,a1.00 t1.00,auto-ok
G1,official-pl-karaoke,The B-52's,Love Shack,9SOryJvTAGs,Love Shack,The B-52's,4W4wYHtsrgDiivRASVOINL,a1.00 t1.00,auto-ok
G1,official-pl-karaoke,Pharrell Williams,Happy,ZbZSe6N_BXs,"Happy - From ""Despicable Me 2""",Pharrell Williams,60nZcImufyMA1MKQY3dcCH,a1.00 t1.00,auto-ok
G1,official-pl-karaoke,Bryan Adams,Summer of '69,9f06QZCVUHg,Summer Of '69,Bryan Adams,0GONea6G2XdnHWjNZd6zt3,a1.00 t1.00,auto-ok
G1,official-pl-karaoke,Madonna,Vogue,GuJQSAiODqI,Vogue,Madonna,3WFgRhgECxQYyy8Ldhk2PG,a1.00 t1.00,auto-ok
G1,official-pl-karaoke,Usher,Yeah!,GxBSyx85Kp8,Yeah! (feat. Lil Jon & Ludacris),USHER / Lil Jon / Ludacris,5rb9QrpfcKFHM1EUbSIurX,a1.00 t1.00,auto-ok
G1,official-pl-karaoke,4 Non Blondes,What's Up?,6NXnxTNIWkc,What's Up?,4 Non Blondes,0jWgAnTrNZmOGmqgvHhZEm,a1.00 t1.00,auto-ok
G1,official-pl-karaoke,Nirvana,Smells Like Teen Spirit,hTWKbfoikeg,Smells Like Teen Spirit,Nirvana,4CeeEOM32jQcH3eN9Q2dGj,a1.00 t1.00,auto-ok
G1,official-pl-karaoke,Destiny's Child,Survivor,-m9K_Gi55zw,Survivor,Destiny's Child,2Mpj1Ul5OFPyyP4wB62Rvi,a1.00 t1.00,auto-ok
G1,official-pl-karaoke,Kenny Rogers & Dolly Parton,Islands in the Stream,UaNGtgYwSsU,Islands In the Stream,Dolly Parton / Kenny Rogers,6dnco8haegnJYtylV26cBq,a1.00 t1.00,auto-ok
G1,official-pl-karaoke,Hanson,MMMBop,NHozn0YXAeE,MMMBop,Hanson,0lnxrQAd9ZxbhBBe7d8FO8,a1.00 t1.00,auto-ok
G1,official-pl-karaoke,fun.,We Are Young,SlCXgj2bS_A,We Are Young (feat. Janelle Monáe),fun. / Janelle Monáe,5rgy6ghBq1eRApCkeUdJXf,a1.00 t1.00,auto-ok
G1,official-pl-karaoke,"Christina Aguilera, Lil' Kim, Mýa, Pink",Lady Marmalade,RQa7SvVCdZk,"Lady Marmalade - From ""Moulin Rouge"" Soundtrack",Christina Aguilera / Lil' Kim / Mýa / P!nk,7GbqE3MlkKosIaCvf50JRK,a1.00 t1.00,auto-ok
G1,official-pl-karaoke,The Rembrandts,I'll Be There for You,RIjTq_OdFvo,"I'll Be There for You - Theme From ""Friends""",The Rembrandts,15tHagkk8z306XkyOHqiip,a1.00 t1.00,auto-ok
G1,official-pl-karaoke,*NSYNC,Bye Bye Bye,C27NShgTQE4,Bye Bye Bye,*NSYNC,4r8lRYnoOGdEi6YyI5OC1o,a1.00 t1.00,auto-ok
G1,official-pl-karaoke,Backstreet Boys,I Want It That Way,z6Wq59qrdB0,I Want It That Way,Backstreet Boys,47BBI51FKFwOMlIiX6m8ya,a1.00 t1.00,auto-ok
G1,official-pl-karaoke,Lady Gaga,Poker Face,bESGLojNYSo,Poker Face,Lady Gaga,1QV6tiMFM6fSOKOGLMHYYg,a1.00 t1.00,auto-ok
G1,official-pl-karaoke,Taylor Swift,Love Story,8xg3vE8Ie_E,Love Story,Taylor Swift,1D4PL9B8gOg78jiHg3FvBb,a1.00 t1.00,auto-ok
G1,official-pl-karaoke,The Police,Every Breath You Take,OMOGaugKpzs,Every Breath You Take,The Police,1JSTJqkT5qHq8MDJnJbRE1,a1.00 t1.00,auto-ok
G1,official-pl-karaoke,Oasis,Wonderwall,bx1Bh8ZvH84,Wonderwall,Oasis,1qPbGZqppFwLwcBC1JQ6Vr,a1.00 t1.00,auto-ok
G1,official-pl-karaoke,Haddaway,What Is Love,HEXWRTEbj1I,"What Is Love - 7"" Mix",Haddaway,7JkZ2hQdDonRURJjlMuh8q,a1.00 t1.00,auto-ok
G1,official-pl-karaoke,Madonna,Like a Prayer,79fzeNUqQbQ,Like a Prayer,Madonna,2v7ywbUzCgcVohHaKUcacV,a1.00 t1.00,auto-ok
G1,official-pl-karaoke,Neil Diamond,Sweet Caroline,1vhFnTjia_I,Sweet Caroline,Neil Diamond,62AuGbAkt8Ox2IrFFb8GKV,a1.00 t1.00,auto-ok
G1,official-pl-karaoke,Walk the Moon,Shut Up and Dance,6JCLY0Rlx6Q,Shut Up and Dance,WALK THE MOON,4kbj5MwxO1bq9wjT5g9HaA,a1.00 t1.00,auto-ok
G1,official-pl-karaoke,Smash Mouth,All Star,L_jWHffIx5E,All Star,Smash Mouth,3cfOd4CMv2snFaKAnMdnvK,a1.00 t1.00,auto-ok
G1,official-pl-karaoke,OutKast,Hey Ya!,PWgvGjAhvIw,Hey Ya!,Outkast,2PpruBYCo4H7WOBJ7Q2EwM,a1.00 t1.00,auto-ok
G1,official-pl-karaoke,*NSYNC,It's Gonna Be Me,GQMlWwIXg3M,It's Gonna Be Me,*NSYNC,2AW37v0bDyuOzGP3XnmFuA,a1.00 t1.00,auto-ok
G1,official-pl-karaoke,The Black Eyed Peas,I Gotta Feeling,uSD4vsh1zDA,I Gotta Feeling,Black Eyed Peas,4kLLWz7srcuLKA7Et40PQR,a0.79 t1.00,review
G1,official-pl-karaoke,Kelly Clarkson,Since U Been Gone,R7UrFYvl5TE,Since U Been Gone,Kelly Clarkson,6JY1IdkZGeIcPegKxjSKeb,a1.00 t1.00,auto-ok
G1,official-pl-karaoke,Katy Perry,I Kissed a Girl,LbtpaR_1mAQ,I Kissed A Girl,Katy Perry,14iN3o8ptQ8cFVZTEmyQRV,a1.00 t1.00,auto-ok
G1,official-pl-karaoke,fun.,Some Nights,JKbKDEBPEcs,Some Nights,fun.,67WTwafOMgegV6ABnBQxcE,a1.00 t1.00,auto-ok
G1,official-pl-karaoke,Lady Gaga,Bad Romance,qrO4YZeyl0I,Bad Romance,Lady Gaga,0SiywuOBRcynK0uKGWdCnn,a1.00 t1.00,auto-ok
G1,official-pl-karaoke,Britney Spears,Baby One More Time,C-u5WLJ9Yk4,...Baby One More Time,Britney Spears,3MjUtNVVq3C8Fn0MP3zhXa,a1.00 t1.00,auto-ok
G1,official-pl-karaoke,Adele,Rolling in the Deep,rYEDA3JcQqw,Rolling in the Deep,Adele,4OSBTYWVwsQhGLF9NHvIbR,a1.00 t1.00,auto-ok
G1,official-pl-karaoke,Bonnie Tyler,Total Eclipse of the Heart,lcOxhH8N3Bo,Total Eclipse of the Heart,Bonnie Tyler,7wuJGgpTNzbUyn26IOY6rj,a1.00 t1.00,auto-ok
G1,official-pl-karaoke,Journey,Don't Stop Believin',1k8craCGpgs,Don't Stop Believin',Journey,77NNZQSqzLNqh2A9JhLRkg,a1.00 t1.00,auto-ok
G1,official-pl-karaoke,Queen,We Are the Champions,04854XqcfCY,We Are The Champions - Remastered 2011,Queen,1lCRw5FEZ1gPDNPzy1K4zW,a1.00 t1.00,auto-ok
G1,official-pl-karaoke,Spice Girls,Wannabe,gJLIiF15wjQ,Wannabe,Spice Girls,1Je1IMUlBXcx1Fz0WE7oPT,a1.00 t1.00,auto-ok
G1,official-pl-karaoke,TLC,No Scrubs,FrLequ6dUdM,No Scrubs,TLC,1KGi9sZVMeszgZOWivFpxs,a1.00 t1.00,auto-ok
G1,official-pl-karaoke,John Travolta & Olivia Newton-John,You're the One That I Want,7oKPYe53h78,You're The One That I Want - From “Grease”,John Travolta / Olivia Newton-John,0B9x2BRHqj3Qer7biM3pU3,a1.00 t1.00,auto-ok
G1,official-pl-karaoke,Survivor,Eye of the Tiger,btPJPFnesV4,Eye of the Tiger,Survivor,2HHtWyy5CgaQbC7XSoOb0e,a1.00 t1.00,auto-ok
G1,official-pl-karaoke,MC Hammer,U Can't Touch This,otCpCn0l4Wo,U Can't Touch This,MC Hammer,1B75hgRqe7A4fwee3g3Wmu,a1.00 t1.00,auto-ok
G1,official-pl-karaoke,Toto,Africa,FTQbiNvZqaY,Africa,TOTO,2374M0fQpWi3dLnB54qaLX,a1.00 t1.00,auto-ok
G1,official-pl-karaoke,Rick Springfield,Jessie's Girl,qYkbTyHXwbs,Jessie's Girl,Rick Springfield,5RsUlxLto4NZbhJpqJbHfN,a1.00 t1.00,auto-ok
G1,official-pl-karaoke,Spice Girls,Spice Up Your Life,NG2i4d8xOMo,Spice Up Your Life,Spice Girls,5qGwqO0lkbBXw4xNfzT7SF,a1.00 t1.00,auto-ok
G1,official-pl-karaoke,ABBA,Mamma Mia,unfzfe8f9NI,Mamma Mia,ABBA,2TxCwUlqaOH3TIyJqGgR91,a1.00 t1.00,auto-ok
G1,official-pl-karaoke,The Pointer Sisters,I'm So Excited,8iwBM_YB1sE,I'm So Excited,The Pointer Sisters,1ot6jEe4w4hYnsOPjd3xKQ,a1.00 t1.00,auto-ok
G1,official-pl-karaoke,Justin Timberlake,Can't Stop the Feeling!,ru0K8uYEZWw,"CAN'T STOP THE FEELING! (from DreamWorks Animation's ""TROLLS"")",Justin Timberlake,6JV2JOEocMgcZxYSZelKcc,a1.00 t1.00,auto-ok
G1,official-pl-karaoke,Kenny Loggins,Footloose,ltrMfT4Qz5Y,Footloose,Kenny Loggins,6W2VbtvMrDXm5vYeB7amkO,a1.00 t1.00,auto-ok
G1,official-pl-karaoke,Cyndi Lauper,Girls Just Want to Have Fun,PIb6AZdTr-A,Girls Just Want to Have Fun,Cyndi Lauper,4y1LsJpmMti1PfRQV9AWWe,a1.00 t1.00,auto-ok
G1,official-pl-karaoke,Britney Spears,Oops!... I Did It Again,Ene9uJmOBV0,Oops!...I Did It Again,Britney Spears,6naxalmIoLFWR0siv8dnQQ,a1.00 t1.00,auto-ok
G1,official-pl-karaoke,Shaggy,It Wasn't Me,2g5Hz17C4is,It Wasn't Me,Shaggy / Rik Rok,3WkibOpDF7cQ5xntM1epyf,a1.00 t1.00,auto-ok
G1,official-pl-karaoke,Bill Medley & Jennifer Warnes,(I've Had) The Time of My Life,4BQLE_RrTSU,"(I've Had) The Time Of My Life - From ""Dirty Dancing"" Soundtrack",Bill Medley / Jennifer Warnes,6W7ztLBiRzBN46ZaPAcQ0F,a1.00 t1.00,auto-ok
G1,official-pl-karaoke,Michael Jackson,Billie Jean,Zi_XLOBDo_Y,Billie Jean,Michael Jackson,7J1uxwnxfQLu4APicE5Rnj,a1.00 t1.00,auto-ok
G1,official-pl-karaoke,Vanilla Ice,Ice Ice Baby,rog8ou-ZepE,Ice Ice Baby,Vanilla Ice,3XVozq1aeqsJwpXrEZrDJ9,a1.00 t1.00,auto-ok
G1,official-pl-karaoke,Guns N' Roses,Sweet Child O' Mine,1w7OgIMMRc4,Sweet Child O' Mine,Guns N' Roses,7snQQk1zcKl8gZ92AnueZW,a1.00 t1.00,auto-ok
G1,official-pl-karaoke,Beyoncé,Single Ladies (Put a Ring on It),4m1EFMoRFvY,Single Ladies (Put a Ring on It),Beyoncé,557un1HgwYMuqfWGSTmnxw,a1.00 t1.00,auto-ok
G1,official-pl-karaoke,C+C Music Factory,Everybody Dance Now,LaTGrV58wec,Robi-Rob's Boriqua Anthem,C & C Music Factory,6FILwyPbXeky71RrwByhQq,a1.00 t0.16,no-match
G1,official-pl-karaoke,Destiny's Child,Say My Name,sQgd6MccwZc,Say My Name,Destiny's Child,7H6ev70Weq6DdpZyyTmUXk,a1.00 t1.00,auto-ok
G1,official-pl-karaoke,Katrina and the Waves,Walking on Sunshine,iPUmE-tne5U,Walking On Sunshine,Katrina & The Waves,05wIrZSwuaVWhcv5FfqeH0,a0.81 t1.00,review
G1,official-pl-karaoke,Whitney Houston,I Wanna Dance with Somebody,eH3giaIzONA,I Wanna Dance with Somebody (Who Loves Me),Whitney Houston,2tUBqZG2AbRi7Q0BIrVrEj,a1.00 t1.00,auto-ok
G1,official-pl-karaoke,Wham!,Wake Me Up Before You Go-Go,pIgZ7gMze7A,Wake Me Up Before You Go-Go,Wham!,0ikz6tENMONtK6qGkOrU3c,a1.00 t1.00,auto-ok
G1,official-pl-karaoke,Mark Ronson ft. Bruno Mars,Uptown Funk,OPf0YbXqDm0,Uptown Funk (feat. Bruno Mars),Mark Ronson / Bruno Mars,32OlwWuMpZ6b0aN2RZOeMS,a1.00 t1.00,auto-ok
G1,official-pl-karaoke,"Earth, Wind & Fire",September,Gs069dndIYk,September,"Earth, Wind & Fire",2grjqo0Frpf2okIBiifQKs,a0.33 t1.00,no-match
G1,official-pl-karaoke,Gnarls Barkley,Crazy,bd2B6SjMh_w,Crazy,Gnarls Barkley / CeeLo Green / Danger Mouse,1vxw6aYJls2oq3gW0DujAo,a1.00 t1.00,auto-ok
G1,official-pl-karaoke,Bon Jovi,Livin' on a Prayer,lDK9QqIzhwk,Livin' On A Prayer,Bon Jovi,37ZJ0p5Jm13JPevGcx4SkF,a1.00 t1.00,auto-ok
G1,official-pl-karaoke,The Killers,Mr. Brightside,gGdGFtwCNBE,Mr. Brightside,The Killers,003vvx7Niy0yvhvHt4a68B,a1.00 t1.00,auto-ok
G1,official-pl-90s-easy,Destiny's Child,Say My Name,sQgd6MccwZc,Say My Name,Destiny's Child,7H6ev70Weq6DdpZyyTmUXk,a1.00 t1.00,auto-ok
G1,official-pl-90s-easy,TLC,No Scrubs,rmOd7z8Edrg,No Scrubs,TLC,1KGi9sZVMeszgZOWivFpxs,a1.00 t1.00,auto-ok
G1,official-pl-90s-easy,Ricky Martin,Livin' la Vida Loca,CN5hQOI__10,Livin' la Vida Loca,Ricky Martin,0Ph6L4l8dYUuXFmb71Ajnd,a1.00 t1.00,auto-ok
G1,official-pl-90s-easy,Blackstreet,No Diggity,3KL9mRus19o,No Diggity,Blackstreet / Dr. Dre / Queen Pen,5tzDYbMDhomaADt9hKhANt,a1.00 t1.00,auto-ok
G1,official-pl-90s-easy,Shania Twain,Man! I Feel Like a Woman!,ZJL4UGSbeFg,Man! I Feel Like A Woman!,Shania Twain,6sxptembJVty4sNtcPMAVz,a1.00 t1.00,auto-ok
G1,official-pl-90s-easy,Sinéad O'Connor,Nothing Compares 2 U,0-EF60neguk,Nothing Compares 2 U,Sinéad O'Connor,5GHY1DFWKz3Prg2V0Iodqo,a1.00 t1.00,auto-ok
G1,official-pl-90s-easy,TLC,Waterfalls,8WEtxJ4-sh4,Waterfalls,TLC,6qspW4YKycviDFjHBOaqUY,a1.00 t1.00,auto-ok
G1,official-pl-90s-easy,No Doubt,Don't Speak,TR3Vdo5etCQ,Don't Speak,No Doubt,6urCAbunOQI4bLhmGpX7iS,a1.00 t1.00,auto-ok
G1,official-pl-90s-easy,Alanis Morissette,Ironic,Jne9t8sHpUc,Ironic,Alanis Morissette,29YBihzQOmat0U74k4ukdx,a1.00 t1.00,auto-ok
G1,official-pl-90s-easy,Lauryn Hill,Doo Wop (That Thing),T6QKqFPRZSA,Doo Wop (That Thing),Ms. Lauryn Hill,0uEp9E98JB5awlA084uaIg,a0.79 t1.00,review
G1,official-pl-90s-easy,Metallica,Enter Sandman,CD-E-LDc384,Enter Sandman - Remastered 2021,Metallica,3DwQ7AH3xGD9h65ezslm6q,a1.00 t1.00,auto-ok
G1,official-pl-90s-easy,U2,One,ftjEcrrf7r0,One,U2,3G69vJMWsX6ZohTykad2AU,a1.00 t1.00,auto-ok
G1,official-pl-90s-easy,Ice Cube,It Was a Good Day,h4UqMyldS7Q,It Was A Good Day,Ice Cube,2ywSzBCUc4lSW2AiOZf4Tx,a1.00 t1.00,auto-ok
G1,official-pl-90s-easy,*NSYNC,It's Gonna Be Me,GQMlWwIXg3M,It's Gonna Be Me,*NSYNC,2AW37v0bDyuOzGP3XnmFuA,a1.00 t1.00,auto-ok
G1,official-pl-90s-easy,Boyz II Men,End of the Road,zDKO6XYXioc,End Of The Road,Boyz II Men,3l3xTXsUXeWlkPqzMs7mPD,a1.00 t1.00,auto-ok
G1,official-pl-90s-easy,Chumbawamba,Tubthumping,2H5uWRjFsGc,Tubthumping,Chumbawamba,5YScXJKtefsgdskIy60N7A,a1.00 t1.00,auto-ok
G1,official-pl-90s-easy,Puff Daddy ft. Faith Evans,I'll Be Missing You,NKMtZm2YuBE,"I'll Be Missing You (feat. Faith Evans, 112)",Diddy / Faith Evans / 112,3QHONiXGMGU3z68mQInncF,a0.40 t1.00,no-match
G1,official-pl-90s-easy,Spin Doctors,Two Princes,wsdy_rct6uo,Two Princes,Spin Doctors,4ePP9So5xRzspjLFVVbj90,a1.00 t1.00,auto-ok
G1,official-pl-90s-easy,Third Eye Blind,Semi-Charmed Life,beINamVRGy4,Semi-Charmed Life,Third Eye Blind,42et6fnHCw1HIPSrdPprMl,a1.00 t1.00,auto-ok
G1,official-pl-90s-easy,Janet Jackson,Together Again,b7k0a5hYnSI,Together Again,Janet Jackson,1aJnGme5ZRltYTp8FJ52eZ,a1.00 t1.00,auto-ok
G1,official-pl-90s-easy,Mark Morrison,Return of the Mack,uB1D9wWxd2w,Return of the Mack,Mark Morrison,3jDdpx9PMlfMBS5tOBHFm9,a1.00 t1.00,auto-ok
G1,official-pl-90s-easy,The Notorious B.I.G.,Hypnotize,glEiPXAYE-U,Hypnotize - 2007 Remaster,The Notorious B.I.G.,6Tsu3OsuMz4KEGKbOYd6A0,a1.00 t1.00,auto-ok
G1,official-pl-90s-easy,Natalie Imbruglia,Torn,VV1XWJN3nJo,Torn,Natalie Imbruglia,1Jaah2tmN9Hv81A87KZ1MU,a1.00 t1.00,auto-ok
G1,official-pl-90s-easy,Lou Bega,Mambo No. 5,EK_LN3XEcnw,Mambo No. 5 (a Little Bit of...),Lou Bega,6x4tKaOzfNJpEJHySoiJcs,a1.00 t1.00,auto-ok
G1,official-pl-90s-easy,Spice Girls,Wannabe,tTZDHlnTgR0,Wannabe,Spice Girls,1Je1IMUlBXcx1Fz0WE7oPT,a1.00 t1.00,auto-ok
G1,official-pl-90s-easy,Los del Río,Macarena,2zvd1JQ0EKY,Macarena,Los Del Rio,6mhw2fEPH4fMF0wolNm96e,a1.00 t1.00,auto-ok
G1,official-pl-90s-easy,Oasis,Wonderwall,PoJh4JNedns,Wonderwall,Oasis,1qPbGZqppFwLwcBC1JQ6Vr,a1.00 t1.00,auto-ok
G1,official-pl-90s-easy,Céline Dion,My Heart Will Go On,mNsm2P0l_7Y,"My Heart Will Go On - Love Theme from ""Titanic""",Céline Dion,33LC84JgLvK2KuW43MfaNq,a1.00 t1.00,auto-ok
G1,official-pl-90s-easy,Madonna,Vogue,GuJQSAiODqI,Vogue,Madonna,3WFgRhgECxQYyy8Ldhk2PG,a1.00 t1.00,auto-ok
G1,official-pl-90s-easy,Boyz II Men,I'll Make Love to You,fV8vB1BB2qc,I'll Make Love To You,Boyz II Men,7dfl9X38RhIvB3oSmmneq3,a1.00 t1.00,auto-ok
G1,official-pl-90s-easy,Eiffel 65,Blue (Da Ba Dee),zA52uNzx7Y4,Blue (Da Ba Dee) - Gabry Ponte Video Edit,Eiffel 65 / Gabry Ponte,7lMIJ4EFWRVoAIPDpeGyM3,a1.00 t1.00,auto-ok
G1,official-pl-90s-easy,Goo Goo Dolls,Iris,NdYWuo9OFAw,Iris,The Goo Goo Dolls,6Qyc6fS4DsZjB2mRW9DsQs,a0.76 t1.00,review
G1,official-pl-90s-easy,Rednex,Cotton Eye Joe,mOYZaiDZ7BM,Cotton Eye Joe,Rednex,06hsdMbBxWGqBO0TV0Zrkf,a1.00 t1.00,auto-ok
G1,official-pl-90s-easy,Smash Mouth,All Star,L_jWHffIx5E,All Star,Smash Mouth,3cfOd4CMv2snFaKAnMdnvK,a1.00 t1.00,auto-ok
G1,official-pl-90s-easy,U2,Beautiful Day,co6WMzDOh1o,Beautiful Day,U2,0gzqZ9d1jIKo9psEIthwXe,a1.00 t1.00,auto-ok
G1,official-pl-90s-easy,Snap!,Rhythm Is a Dancer,WMPM1q_Uyxc,Rhythm Is a Dancer,SNAP!,5uFYYOyT3EclOVhiFzPJSz,a1.00 t1.00,auto-ok
G1,official-pl-90s-easy,Britney Spears,...Baby One More Time,hitIxB22QcI,...Baby One More Time,Britney Spears,3MjUtNVVq3C8Fn0MP3zhXa,a1.00 t1.00,auto-ok
G1,official-pl-90s-easy,Whitney Houston,I Will Always Love You,T9Ybsvw_0p4,I Will Always Love You,Whitney Houston,4eHbdreAnSOrDDsFfc4Fpm,a1.00 t1.00,auto-ok
G1,official-pl-90s-easy,Nirvana,Smells Like Teen Spirit,hTWKbfoikeg,Smells Like Teen Spirit,Nirvana,4CeeEOM32jQcH3eN9Q2dGj,a1.00 t1.00,auto-ok
G1,official-pl-90s-easy,Santana ft. Rob Thomas,Smooth,6Whgn_iE5uc,Smooth (feat. Rob Thomas),Santana / Rob Thomas,0n2SEXB2qoRQg171q7XqeW,a1.00 t1.00,auto-ok
G1,official-pl-90s-easy,Aqua,Barbie Girl,eLXXFVNFKww,Barbie Girl,Aqua,5ZrDlcxIDZyjOzHdYW1ydr,a1.00 t1.00,auto-ok
G1,official-pl-90s-easy,Technotronic,Pump Up the Jam,9EcjWd-O4jI,Pump Up The Jam,Technotronic,21qnJAMtzC6S5SESuqQLEK,a1.00 t1.00,auto-ok
G1,official-pl-90s-easy,Blind Melon,No Rain,3qVPNONdF58,No Rain,Blind Melon,6txWz9UapYHVxEd7dDIHXT,a1.00 t1.00,auto-ok
G1,official-pl-90s-easy,Haddaway,What Is Love,HEXWRTEbj1I,"What Is Love - 7"" Mix",Haddaway,7JkZ2hQdDonRURJjlMuh8q,a1.00 t1.00,auto-ok
G1,official-pl-90s-easy,R.E.M.,Losing My Religion,xwtdhWltSIg,Losing My Religion,R.E.M.,31AOj9sFz2gM0O3hMARRBx,a1.00 t1.00,auto-ok
G1,official-pl-90s-easy,The Cranberries,Zombie,6Ejga4kJUts,Zombie,The Cranberries,49wOjOkS4pBK3PQnPnNYjb,a1.00 t1.00,auto-ok
G1,official-pl-90s-easy,Vanilla Ice,Ice Ice Baby,rog8ou-ZepE,Ice Ice Baby,Vanilla Ice,3XVozq1aeqsJwpXrEZrDJ9,a1.00 t1.00,auto-ok
G1,official-pl-90s-easy,Divinyls,I Touch Myself,wv-34w8kGPM,I Touch Myself,Divinyls,6oNvmplQGUkmAh441Teows,a1.00 t1.00,auto-ok
G1,official-pl-90s-easy,Hanson,MMMBop,NHozn0YXAeE,MMMBop,Hanson,0lnxrQAd9ZxbhBBe7d8FO8,a1.00 t1.00,auto-ok
G1,official-pl-90s-easy,Ace of Base,The Sign,iqu132vTl5Y,The Sign,Ace of Base,0hrBpAOgrt8RXigk83LLNE,a1.00 t1.00,auto-ok
G1,official-pl-90s-easy,Radiohead,Creep,XFkzRNyygfk,Creep,Radiohead,70LcF31zb1H0PyJoS1Sx1r,a1.00 t1.00,auto-ok
G1,official-pl-90s-easy,The Verve,Bitter Sweet Symphony,1lyu1KKwC74,Bitter Sweet Symphony - Remastered 2016,The Verve,57iDDD9N9tTWe75x6qhStw,a1.00 t1.00,auto-ok
G1,official-pl-90s-easy,The Notorious B.I.G.,Mo Money Mo Problems,gUhRKVIjJtw,Mo Money Mo Problems (feat. Puff Daddy & Mase) - 2014 Remaster,The Notorious B.I.G. / Mase / Diddy,4INDiWSKvqSKDEu7mh8HFz,a1.00 t1.00,auto-ok
G1,official-pl-90s-easy,*NSYNC,Tearin' Up My Heart,Eo-KmOd3i7s,Tearin' up My Heart - Radio Edit,*NSYNC,73q3FpQVXWk5eSUnyo83E4,a1.00 t1.00,auto-ok
G1,official-pl-90s-easy,Alanis Morissette,You Oughta Know,NPcyTyilmYY,You Oughta Know,Alanis Morissette,17ZAZ24Eyh5fKqQ06u4R3d,a1.00 t1.00,auto-ok
G1,official-pl-90s-easy,Seal,Kiss From a Rose,AMD2TwRvuoU,Kiss from a Rose,Seal,3YKptz29AsOlm7WAVnztBh,a1.00 t1.00,auto-ok
G1,official-pl-90s-easy,2Pac ft. Dr. Dre,California Love,J7_bMdYfSws,California Love - Original Version,2Pac / Roger / Dr. Dre,3ia3dJETSOllPsv3LJkE35,a1.00 t1.00,auto-ok
G1,official-pl-90s-easy,4 Non Blondes,What's Up?,6NXnxTNIWkc,What's Up?,4 Non Blondes,0jWgAnTrNZmOGmqgvHhZEm,a1.00 t1.00,auto-ok
G1,official-pl-90s-easy,Warren G ft. Nate Dogg,Regulate,1plPyJdXKIY,Regulate,Warren G / Nate Dogg,7nYvUtkQMx1v80S2FH2s9J,a1.00 t1.00,auto-ok
G1,official-pl-90s-easy,Backstreet Boys,I Want It That Way,4fndeDfaWCg,I Want It That Way,Backstreet Boys,47BBI51FKFwOMlIiX6m8ya,a1.00 t1.00,auto-ok
G1,official-pl-90s-easy,B*Witched,C'est la Vie,UvjLgjtJKsc,C'est la Vie,B*Witched,0SHmApKzT0EWhbFKBjsOex,a1.00 t1.00,auto-ok
G1,official-pl-90s-easy,Right Said Fred,I'm Too Sexy,P5mtclwloEQ,I'm Too Sexy,Right Said Fred,76gbXfMpFoZJGkPgxgzvFt,a1.00 t1.00,auto-ok
G1,official-pl-90s-easy,Sir Mix-a-Lot,Baby Got Back,X53ZSxkQ3Ho,Baby Got Back,Sir Mix-A-Lot,2P6M8GbSXWkHXRf7S642PJ,a1.00 t1.00,auto-ok
G1,official-pl-90s-easy,The Verve Pipe,The Freshmen,1umEXpGHc0E,The Freshmen,The Verve Pipe,21jEuMn2lf37715rwjow2M,a1.00 t1.00,auto-ok
G1,official-pl-90s-easy,Deep Blue Something,Breakfast at Tiffany's,1ClCpfeIELw,Breakfast At Tiffany's,Deep Blue Something,1uzWOoJdADfstQuFtQFTUn,a1.00 t1.00,auto-ok
G1,official-pl-90s-easy,Soundgarden,Black Hole Sun,3mbBbFH9fAg,Black Hole Sun,Soundgarden,2EoOZnxNgtmZaD8uUmz2nD,a1.00 t1.00,auto-ok
G1,official-pl-90s-easy,Eagle-Eye Cherry,Save Tonight,Nntd2fgMUYw,Save Tonight,Eagle-Eye Cherry,0smyCrJiibi2uwCiq5R1vj,a1.00 t1.00,auto-ok
G1,official-pl-90s-easy,EMF,Unbelievable,sfCLt0kTd5E,Unbelievable,EMF,5VYTKiOnHw4iTrB9pG3yum,a1.00 t1.00,auto-ok
G1,official-pl-90s-easy,The Proclaimers,I'm Gonna Be (500 Miles),tbNlMtqrYS0,I'm Gonna Be (500 Miles),The Proclaimers,67iAlVNDDdddxqSD2EZhFs,a1.00 t1.00,auto-ok
G1,official-pl-90s-easy,The Cranberries,Linger,G6Kspj3OO0s,Linger - Remastered 2026,The Cranberries,1WYrTfvKjQYaYfVziGG1ET,a1.00 t1.00,auto-ok
G1,official-pl-90s-easy,Guns N' Roses,November Rain,lRmJZIQfjbo,November Rain,Guns N' Roses,3YRCqOhFifThpSRFJ1VWFM,a1.00 t1.00,auto-ok
G1,official-pl-90s-easy,Cher,Believe,n7wvAEDOxAs,Believe,Cher,2goLsvvODILDzeeiT4dAoR,a1.00 t1.00,auto-ok
G1,official-pl-90s-easy,Madonna,Ray of Light,x3ov9USxVxY,Ray of Light,Madonna,4Fpsa3pYc3gozrxHRRPvR6,a1.00 t1.00,auto-ok
G1,official-pl-90s-easy,Coolio,Gangsta's Paradise,fPO76Jlnz6c,Gangsta's Paradise,Coolio / L.V.,1DIXPcTDzTj8ZMHt3PDt8p,a1.00 t1.00,auto-ok
G1,official-pl-90s-easy,MC Hammer,U Can't Touch This,otCpCn0l4Wo,U Can't Touch This,MC Hammer,1B75hgRqe7A4fwee3g3Wmu,a1.00 t1.00,auto-ok
G1,official-pl-90s-easy,Toni Braxton,Un-Break My Heart,p2Rch6WvPJE,Un-Break My Heart,Toni Braxton,5Ihd9HrPvOADyVoonH9ZjB,a1.00 t1.00,auto-ok
G1,official-pl-90s-easy,Fugees,Killing Me Softly,8iATPHyiBEI,Killing Me Softly With His Song,Fugees / Ms. Lauryn Hill,0Q0IVlqMV64kNLlwjPj0Hl,a1.00 t1.00,auto-ok
G1,official-pl-90s-easy,Shania Twain,That Don't Impress Me Much,mqFLXayD6e8,That Don't Impress Me Much,Shania Twain,4FUfoWMypAyWbOavmYyeNu,a1.00 t1.00,auto-ok
G1,official-pl-90s-easy,Michael Jackson,Black or White,F2AitTPI5U0,Black or White,Michael Jackson,7EsjkelQuoUlJXEw7SeVV4,a1.00 t1.00,auto-ok
G1,official-pl-90s-easy,Christina Aguilera,Genie in a Bottle,kIDWgqDBNXA,Genie In a Bottle,Christina Aguilera,11mwFrKvLXCbcVGNxffGyP,a1.00 t1.00,auto-ok
G1,official-pl-80s-mix,George Michael,Careless Whisper,izGwDsrQ1eQ,Careless Whisper,George Michael,5WDLRQ3VCdVrKw0njWe5E5,a1.00 t1.00,auto-ok
G1,official-pl-80s-mix,Pet Shop Boys,West End Girls,p3j2NYZ8FKs,West End Girls,Pet Shop Boys,5Dqik1P9toCJTLj5rEm78s,a1.00 t1.00,auto-ok
G1,official-pl-80s-mix,Bonnie Tyler,Holding Out for a Hero,CPK2HwYzjkA,"Holding Out for a Hero - From ""Footloose"" Soundtrack",Bonnie Tyler,5Hyr47BBGpvOfcykSCcaw9,a1.00 t1.00,auto-ok
G1,official-pl-80s-mix,Starship,Nothing's Gonna Stop Us Now,3wxyN3z9PL4,Nothing's Gonna Stop Us Now,Starship,3X7uFMzJrEE0sxn62qd8Ch,a1.00 t1.00,auto-ok
G1,official-pl-80s-mix,Journey,Separate Ways (Worlds Apart),LatorN4P9aA,Separate Ways (Worlds Apart) [2023 Remaster],Journey,1pTw2cNrp9L3esxLAvWnN2,a1.00 t1.00,auto-ok
G1,official-pl-80s-mix,Journey,Don't Stop Believin',1k8craCGpgs,Don't Stop Believin',Journey,77NNZQSqzLNqh2A9JhLRkg,a1.00 t1.00,auto-ok
G1,official-pl-80s-mix,Blondie,Call Me,StKVS0eI85I,Call Me,Blondie,7HKxTNVlkHsfMLhigmhC0I,a1.00 t1.00,auto-ok
G1,official-pl-80s-mix,Michael Jackson,Billie Jean,Zi_XLOBDo_Y,Billie Jean,Michael Jackson,7J1uxwnxfQLu4APicE5Rnj,a1.00 t1.00,auto-ok
G1,official-pl-80s-mix,Dexys Midnight Runners,Come On Eileen,oc-P8oDuS0Q,Come On Eileen,Dexys Midnight Runners,3MrWxJaD2AT0W9DjWF64Vm,a1.00 t1.00,auto-ok
G1,official-pl-80s-mix,Dire Straits,Money for Nothing,wTP2RUD_cL0,Money For Nothing,Dire Straits,01Txvu3dNthhldq8oR0Pae,a1.00 t1.00,auto-ok
G1,official-pl-80s-mix,The Weather Girls,It's Raining Men,l5aZJBLAu1E,It's Raining Men,The Weather Girls,2IvetNzSZMH5gwjInoyr18,a1.00 t1.00,auto-ok
G1,official-pl-80s-mix,The Police,Every Breath You Take,OMOGaugKpzs,Every Breath You Take,The Police,1JSTJqkT5qHq8MDJnJbRE1,a1.00 t1.00,auto-ok
G1,official-pl-80s-mix,The Bangles,Manic Monday,SsmVgoXDq2w,Manic Monday,The Bangles,7Di7t9yGoxdZRLAt5a4pi0,a1.00 t1.00,auto-ok
G1,official-pl-80s-mix,Tina Turner,What's Love Got to Do with It,oGpFcHTxjZs,What's Love Got to Do with It,Tina Turner,4kOfxxnW1ukZdsNbCKY9br,a1.00 t1.00,auto-ok
G1,official-pl-80s-mix,Queen,Another One Bites the Dust,rY0WxgSXdEE,Another One Bites The Dust - Remastered 2011,Queen,5vdp5UmvTsnMEMESIF2Ym7,a1.00 t1.00,auto-ok
G1,official-pl-80s-mix,Madonna,Open Your Heart,snsTmi9N9Gs,Open Your Heart,Madonna,6poribUG9PSY1eudyCjJTS,a1.00 t1.00,auto-ok
G1,official-pl-80s-mix,Duran Duran,Rio,nTizYn3-QN0,Rio - 2009 Remaster,Duran Duran,43eBgYRTmu5BJnCJDBU5Hb,a1.00 t1.00,auto-ok
G1,official-pl-80s-mix,Falco,Rock Me Amadeus,cVikZ8Oe_XA,Rock Me Amadeus,Falco,0DfG1ltJnZyq4Tx3ZLL7ZU,a1.00 t1.00,auto-ok
G1,official-pl-80s-mix,The B-52's,Love Shack,9SOryJvTAGs,Love Shack,The B-52's,4W4wYHtsrgDiivRASVOINL,a1.00 t1.00,auto-ok
G1,official-pl-80s-mix,Billy Joel,Uptown Girl,hCuMWrfXG4E,Uptown Girl,Billy Joel,5zA8vzDGqPl2AzZkEYQGKh,a1.00 t1.00,auto-ok
G1,official-pl-80s-mix,Laura Branigan,Self Control,RP0_8J7uxhs,Self Control,Laura Branigan,6JNJERZGJwDVgkmbohBw7u,a1.00 t1.00,auto-ok
G1,official-pl-80s-mix,Kenny Loggins,Danger Zone,siwpn14IE7E,"Danger Zone - From ""Top Gun"" Original Soundtrack",Kenny Loggins,34x6hEJgGAOQvmlMql5Ige,a1.00 t1.00,auto-ok
G1,official-pl-80s-mix,Bryan Adams,Summer of '69,1i0i5lG6Ojc,Summer Of '69,Bryan Adams,0GONea6G2XdnHWjNZd6zt3,a1.00 t1.00,auto-ok
G1,official-pl-80s-mix,George Michael,Faith,6Cs3Pvmmv0E,Faith - Remastered,George Michael,0HEmnAUT8PHznIAAmVXqFJ,a1.00 t1.00,auto-ok
G1,official-pl-80s-mix,Don Henley,The Boys of Summer,6RUIeX6UCT8,The Boys Of Summer - Remastered 2024,Don Henley,4Q3ERWBrb4lhDvAPyANjY5,a1.00 t1.00,auto-ok
G1,official-pl-80s-mix,Yes,Owner of a Lonely Heart,7LLzPPFc21o,Owner of a Lonely Heart,Yes,0GTK6TesV108Jj5D3MHsYb,a1.00 t1.00,auto-ok
G1,official-pl-80s-mix,The Cars,Drive,D2_oJJUhseA,Drive,The Cars,3wfujdbamR3Z46F4xav7LM,a1.00 t1.00,auto-ok
G1,official-pl-80s-mix,Europe,The Final Countdown,9jK-NcRmVcw,The Final Countdown,Europe,3MrRksHupTVEQ7YbA0FsZK,a1.00 t1.00,auto-ok
G1,official-pl-80s-mix,Duran Duran,Hungry Like the Wolf,oJL-lCzEXgI,Hungry Like the Wolf - 2009 Remaster,Duran Duran,39lSeqnyjZJejRuaREfyLL,a1.00 t1.00,auto-ok
G1,official-pl-80s-mix,Phil Collins,In the Air Tonight,YkADj0TPrJA,In The Air Tonight - 2015 Remastered,Phil Collins,18AXbzPzBS8Y3AkgSxzJPb,a1.00 t1.00,auto-ok
G1,official-pl-80s-mix,Blondie,Heart of Glass,WGU_4-5RaxU,Heart Of Glass,Blondie,41AE8ODX2JETBCa6muhSLY,a1.00 t1.00,auto-ok
G1,official-pl-80s-mix,The Bangles,Eternal Flame,PSoOFn3wQV4,Eternal Flame,The Bangles / Susanna Hoffs,5MoDQWMDMaAGDEiWsJfeCi,a1.00 t1.00,auto-ok
G1,official-pl-80s-mix,Foreigner,I Want to Know What Love Is,raNGeq3_DtM,I Want to Know What Love Is - 1999 Remaster,Foreigner,1JLn8RhQzHz3qDqsChcmBl,a1.00 t1.00,auto-ok
G1,official-pl-80s-mix,Madonna,Like a Prayer,79fzeNUqQbQ,Like a Prayer,Madonna,2v7ywbUzCgcVohHaKUcacV,a1.00 t1.00,auto-ok
G1,official-pl-80s-mix,Katrina and the Waves,Walking on Sunshine,iPUmE-tne5U,Walking On Sunshine,Katrina & The Waves,05wIrZSwuaVWhcv5FfqeH0,a0.81 t1.00,review
G1,official-pl-80s-mix,Los Lobos,La Bamba,nLAWPrCUQQ0,La Bamba,Los Lobos,0uMMLry3hzWGn3q3loqMkm,a1.00 t1.00,auto-ok
G1,official-pl-80s-mix,Run-DMC,Walk This Way,e1ereiiBaiQ,Walk This Way (feat. Aerosmith),Run–D.M.C. / Aerosmith,6qUEOWqOzu1rLPUPQ1ECpx,a0.78 t1.00,review
G1,official-pl-80s-mix,Kenny Loggins,Footloose,ltrMfT4Qz5Y,Footloose,Kenny Loggins,6W2VbtvMrDXm5vYeB7amkO,a1.00 t1.00,auto-ok
G1,official-pl-80s-mix,David Bowie,Let's Dance,VbD_kBJc_gI,Let's Dance - 2018 Remaster,David Bowie,3ix6K4wZY29bCujrSznwFZ,a1.00 t1.00,auto-ok
G1,official-pl-80s-mix,Bryan Adams,Heaven,vf3zFvcKQkw,Heaven,Bryan Adams,7Ewz6bJ97vUqk5HdkvguFQ,a1.00 t1.00,auto-ok
G1,official-pl-80s-mix,The J. Geils Band,Centerfold,BqDjMZKf-wg,Centerfold,The J. Geils Band,1ynmMEK1fkyiZ6Z6F3ThEt,a1.00 t1.00,auto-ok
G1,official-pl-80s-mix,Rick Springfield,Jessie's Girl,qYkbTyHXwbs,Jessie's Girl,Rick Springfield,5RsUlxLto4NZbhJpqJbHfN,a1.00 t1.00,auto-ok
G1,official-pl-80s-mix,The Clash,Should I Stay or Should I Go,BN1WwnEDWAM,Should I Stay or Should I Go - Remastered,The Clash,39shmbIHICJ2Wxnk1fPSdz,a1.00 t1.00,auto-ok
G1,official-pl-80s-mix,Men at Work,Down Under,XfR9iY5y94s,Down Under,Men At Work,3ZZq9396zv8pcn5GYVhxUi,a1.00 t1.00,auto-ok
G1,official-pl-80s-mix,David Bowie,Ashes to Ashes,HyMm4rJemtI,Ashes to Ashes - 2017 Remaster,David Bowie,37CRPk0L5ZpfPeePEPwE0t,a1.00 t1.00,auto-ok
G1,official-pl-80s-mix,Frankie Goes to Hollywood,Relax,Yem_iEHiyJ0,Relax,Frankie Goes To Hollywood,5WJ92b9eMC0xZ7BaukU1E4,a1.00 t1.00,auto-ok
G1,official-pl-80s-mix,Nena,99 Luftballons,Fpu5a0Bl8eY,99 Luftballons,Nena,2IJftBfq7pJ43tfnOR0RB3,a1.00 t1.00,auto-ok
G1,official-pl-80s-mix,Soft Cell,Tainted Love,XZVpR3Pk-r8,Tainted Love,Soft Cell,0cGG2EouYCEEC3xfa0tDFV,a1.00 t1.00,auto-ok
G1,official-pl-80s-mix,Toto,Africa,FTQbiNvZqaY,Africa,TOTO,2374M0fQpWi3dLnB54qaLX,a1.00 t1.00,auto-ok
G1,official-pl-80s-mix,Elton John,I'm Still Standing,ZHwVBirqD2s,I'm Still Standing,Elton John,1jDJFeK9x3OZboIAHsY9k2,a1.00 t1.00,auto-ok
G1,official-pl-80s-mix,Starship,We Built This City,K1b8AhIsSYQ,We Built This City,Starship,6OnfBiiSc9RGKiBKKtZXgQ,a1.00 t1.00,auto-ok
G1,official-pl-80s-mix,Bon Jovi,Livin' on a Prayer,lDK9QqIzhwk,Livin' On A Prayer,Bon Jovi,37ZJ0p5Jm13JPevGcx4SkF,a1.00 t1.00,auto-ok
G1,official-pl-80s-mix,Guns N' Roses,Sweet Child O' Mine,1w7OgIMMRc4,Sweet Child O' Mine,Guns N' Roses,7snQQk1zcKl8gZ92AnueZW,a1.00 t1.00,auto-ok
G1,official-pl-80s-mix,The Buggles,Video Killed the Radio Star,W8r-tXRLazs,Video Killed The Radio Star,The Buggles,7o7E1nrHWncYY7PY94gCiX,a1.00 t1.00,auto-ok
G1,official-pl-80s-mix,a-ha,Take On Me,djV11Xbc914,Take on Me,a-ha,2WfaOiMkCvy7F5fcp2zZ8L,a1.00 t1.00,auto-ok
G1,official-pl-80s-mix,Spandau Ballet,True,AR8D2yqgQ1U,True - 2003 Remaster,Spandau Ballet,10I09MLZCY4pK37XxAfkw0,a1.00 t1.00,auto-ok
G1,official-pl-80s-mix,The Outfield,Your Love,4N1iwQxiHrs,Your Love,The Outfield,5dRQUolXAVX3BbCiIxmSsf,a1.00 t1.00,auto-ok
G1,official-pl-80s-mix,Culture Club,Karma Chameleon,JmcA9LIIXWw,Karma Chameleon,Culture Club,3XDeeP9wBZzGhIPZmLfEEx,a1.00 t1.00,auto-ok
G1,official-pl-80s-mix,Kim Carnes,Bette Davis Eyes,EPOIS5taqA8,Bette Davis Eyes,Kim Carnes,0odIT9B9BvOCnXfS0e4lB5,a1.00 t1.00,auto-ok
G1,official-pl-80s-mix,Cyndi Lauper,Girls Just Want to Have Fun,PIb6AZdTr-A,Girls Just Want to Have Fun,Cyndi Lauper,4y1LsJpmMti1PfRQV9AWWe,a1.00 t1.00,auto-ok
G1,official-pl-80s-mix,Survivor,Eye of the Tiger,btPJPFnesV4,Eye of the Tiger,Survivor,2HHtWyy5CgaQbC7XSoOb0e,a1.00 t1.00,auto-ok
G1,official-pl-80s-mix,Bonnie Tyler,Total Eclipse of the Heart,lcOxhH8N3Bo,Total Eclipse of the Heart,Bonnie Tyler,7wuJGgpTNzbUyn26IOY6rj,a1.00 t1.00,auto-ok
G1,official-pl-80s-mix,Wham!,Wake Me Up Before You Go-Go,pIgZ7gMze7A,Wake Me Up Before You Go-Go,Wham!,0ikz6tENMONtK6qGkOrU3c,a1.00 t1.00,auto-ok
G1,official-pl-80s-mix,Rick Astley,Never Gonna Give You Up,dQw4w9WgXcQ,Never Gonna Give You Up,Rick Astley,4PTG3Z6ehGkBFwjybzWkR8,a1.00 t1.00,auto-ok
G1,official-pl-80s-mix,Pat Benatar,Love Is a Battlefield,IGVZOLV9SPo,Love Is A Battlefield,Pat Benatar,4p1PizAGdglm2sVvPuFPWs,a1.00 t1.00,auto-ok
G1,official-pl-80s-mix,Phil Collins,Against All Odds (Take a Look at Me Now),uVjEcIANv1o,Against All Odds (Take a Look at Me Now) - 2016 Remaster,Phil Collins,63CHa6rmamv9OsehkRD8oz,a1.00 t1.00,auto-ok
G1,official-pl-80s-mix,Billy Joel,We Didn't Start the Fire,eFTLKWw542g,We Didn't Start the Fire,Billy Joel,3Cx4yrFaX8CeHwBMReOWXI,a1.00 t1.00,auto-ok
G1,official-pl-80s-mix,Irene Cara,Flashdance... What a Feeling,IYKsjdkdRbw,Flashdance...What a Feeling - Radio Edit,Irene Cara,3cbV252akVZInSvJk7jAYX,a1.00 t1.00,auto-ok
G1,official-pl-80s-mix,Bananarama,Cruel Summer,l9ml3nyww80,Cruel Summer,Bananarama,2EGaDf0cPX789H3LNeB03D,a1.00 t1.00,auto-ok
G1,official-pl-80s-mix,Mötley Crüe,"Girls, Girls, Girls",d2XdmyBtCRQ,"Girls, Girls, Girls",Mötley Crüe,3439OLNIeD3y68kVuoZUO5,a1.00 t1.00,auto-ok
G1,official-pl-80s-mix,U2,With or Without You,ujNeHIo7oTE,With Or Without You,U2,4N0fzRX3T7QkOecp3pkWpp,a1.00 t1.00,auto-ok
G1,official-pl-80s-mix,Whitney Houston,I Wanna Dance with Somebody,eH3giaIzONA,I Wanna Dance with Somebody (Who Loves Me),Whitney Houston,2tUBqZG2AbRi7Q0BIrVrEj,a1.00 t1.00,auto-ok
G1,official-pl-80s-mix,Eurythmics,Sweet Dreams (Are Made of This),qeMFqkcPYcg,Sweet Dreams (Are Made of This) - 2005 Remaster,Eurythmics / Annie Lennox / Dave Stewart,1TfqLAPs4K3s2rJMoCokcS,a1.00 t1.00,auto-ok
G1,official-pl-80s-mix,Tears for Fears,Shout,Ye7FKc1JQe4,Shout,Tears For Fears,2gQaQUhDCNGfBVXTvxAmXQ,a1.00 t1.00,auto-ok
G1,official-pl-80s-mix,Crowded House,Don't Dream It's Over,J9gKyRmic20,Don't Dream It's Over,Crowded House,56GbZVwxMdf1DENCluYS8A,a1.00 t1.00,auto-ok
G1,official-pl-80s-mix,Simple Minds,Don't You (Forget About Me),CdqoNKCCt7A,Don't You (Forget About Me),Simple Minds,5Y8Rj0s6wuM5DlQdllYiWl,a1.00 t1.00,auto-ok
G1,official-pl-80s-mix,Bon Jovi,You Give Love a Bad Name,KrZHPOeOxQQ,You Give Love A Bad Name,Bon Jovi,0rmGAIH9LNJewFw7nKzZnc,a1.00 t1.00,auto-ok
G1,official-pl-80s-mix,The Human League,Don't You Want Me,uPudE8nDog0,Don't You Want Me,The Human League,3AIEEEIDJFnqv8rozNVCRZ,a1.00 t1.00,auto-ok
G1,official-pl-80s-mix,Michael Jackson,Beat It,ftCalx6_pYA,Beat It,Michael Jackson,3BovdzfaX4jb5KFQwoPfAw,a1.00 t1.00,auto-ok
G1,official-pl-80s-mix,Cyndi Lauper,Time After Time,F1mqrCTFoz4,Time After Time,Cyndi Lauper,7o9uu2GDtVDr9nsR7ZRN73,a1.00 t1.00,auto-ok
G1,official-pl-80s-medium,Pet Shop Boys,West End Girls,p3j2NYZ8FKs,West End Girls,Pet Shop Boys,5Dqik1P9toCJTLj5rEm78s,a1.00 t1.00,auto-ok
G1,official-pl-80s-medium,Nena,99 Luftballons,Fpu5a0Bl8eY,99 Luftballons,Nena,2IJftBfq7pJ43tfnOR0RB3,a1.00 t1.00,auto-ok
G1,official-pl-80s-medium,Dire Straits,Money for Nothing,qmRzbKNbTsY,Money For Nothing,Dire Straits,01Txvu3dNthhldq8oR0Pae,a1.00 t1.00,auto-ok
G1,official-pl-80s-medium,Dexys Midnight Runners,Come On Eileen,oc-P8oDuS0Q,Come On Eileen,Dexys Midnight Runners,3MrWxJaD2AT0W9DjWF64Vm,a1.00 t1.00,auto-ok
G1,official-pl-80s-medium,Rick Astley,Never Gonna Give You Up,dQw4w9WgXcQ,Never Gonna Give You Up,Rick Astley,4PTG3Z6ehGkBFwjybzWkR8,a1.00 t1.00,auto-ok
G1,official-pl-80s-medium,Madonna,Material Girl,6p-lDYPR2P8,Material Girl,Madonna,7bkyXSi4GtVfD7itZRUR3e,a1.00 t1.00,auto-ok
G1,official-pl-80s-medium,Guns N' Roses,Sweet Child O' Mine,1w7OgIMMRc4,Sweet Child O' Mine,Guns N' Roses,7snQQk1zcKl8gZ92AnueZW,a1.00 t1.00,auto-ok
G1,official-pl-80s-medium,Spandau Ballet,True,AR8D2yqgQ1U,True - 2003 Remaster,Spandau Ballet,10I09MLZCY4pK37XxAfkw0,a1.00 t1.00,auto-ok
G1,official-pl-80s-medium,The Police,Every Breath You Take,OMOGaugKpzs,Every Breath You Take,The Police,1JSTJqkT5qHq8MDJnJbRE1,a1.00 t1.00,auto-ok
G1,official-pl-80s-medium,Journey,Don't Stop Believin',1k8craCGpgs,Don't Stop Believin',Journey,77NNZQSqzLNqh2A9JhLRkg,a1.00 t1.00,auto-ok
G1,official-pl-80s-medium,Michael Jackson,Billie Jean,Zi_XLOBDo_Y,Billie Jean,Michael Jackson,7J1uxwnxfQLu4APicE5Rnj,a1.00 t1.00,auto-ok
G1,official-pl-80s-medium,Peter Gabriel,Sledgehammer,OJWJE0x7T4Q,Sledgehammer,Peter Gabriel,029NqmIySn1kOY305AAhxT,a1.00 t1.00,auto-ok
G1,official-pl-80s-medium,Wham!,Wake Me Up Before You Go-Go,pIgZ7gMze7A,Wake Me Up Before You Go-Go,Wham!,0ikz6tENMONtK6qGkOrU3c,a1.00 t1.00,auto-ok
G1,official-pl-80s-medium,Rick Springfield,Jessie's Girl,qYkbTyHXwbs,Jessie's Girl,Rick Springfield,5RsUlxLto4NZbhJpqJbHfN,a1.00 t1.00,auto-ok
G1,official-pl-80s-medium,Bonnie Tyler,Holding Out for a Hero,bWcASV2sey0,"Holding Out for a Hero - From ""Footloose"" Soundtrack",Bonnie Tyler,5Hyr47BBGpvOfcykSCcaw9,a1.00 t1.00,auto-ok
G1,official-pl-80s-medium,Devo,Whip It,j_QLzthSkfM,Whip It,DEVO,6QG0wcgoCsa9pqFyTg0rRO,a1.00 t1.00,auto-ok
G1,official-pl-80s-medium,Bon Jovi,You Give Love a Bad Name,KrZHPOeOxQQ,You Give Love A Bad Name,Bon Jovi,0rmGAIH9LNJewFw7nKzZnc,a1.00 t1.00,auto-ok
G1,official-pl-80s-medium,Cameo,Word Up!,MZjAantupsA,Word Up,Cameo,7LoGfKBAaOl0nxhodJ1240,a1.00 t1.00,auto-ok
G1,official-pl-80s-medium,Toto,Rosanna,qmOLtTGvsbM,Rosanna,TOTO,37BTh5g05cxBIRYMbw8g2T,a1.00 t1.00,auto-ok
G1,official-pl-80s-medium,Corey Hart,Sunglasses at Night,X2LTL8KgKv8,Sunglasses At Night,Corey Hart,5uRsBdLhn91AYcsTCOGNOC,a1.00 t1.00,auto-ok
G1,official-pl-80s-medium,Alphaville,Forever Young,t1TcDHrkQYg,Forever Young,Alphaville,4S1VYqwfkLit9mKVY3MXoo,a1.00 t1.00,auto-ok
G1,official-pl-80s-medium,Van Halen,Jump,SwYN7mTi6HM,Jump,Van Halen,6Fba9RZtC6vTY814JToDtP,a1.00 t1.00,auto-ok
G1,official-pl-80s-medium,Bananarama,Venus,d4-1ASpdT1Y,Venus,Bananarama,4XX1pFUkQOZTYp6Hb6a6Ae,a1.00 t1.00,auto-ok
G1,official-pl-80s-medium,Frankie Goes to Hollywood,Relax,Leyn-oS5ASI,Relax,Frankie Goes To Hollywood,5WJ92b9eMC0xZ7BaukU1E4,a1.00 t1.00,auto-ok
G1,official-pl-80s-medium,Prince,When Doves Cry,UG3VcCAlUgE,When Doves Cry,Prince,6sby78fghipoXHQLeeZFFH,a1.00 t1.00,auto-ok
G1,official-pl-80s-medium,Robert Palmer,Addicted to Love,XcATvu5f9vE,Addicted To Love,Robert Palmer / Eric 'ET' Thorngren,5izGeTxueiFX1UPFGohY9w,a1.00 t1.00,auto-ok
G1,official-pl-80s-medium,Survivor,Eye of the Tiger,btPJPFnesV4,Eye of the Tiger,Survivor,2HHtWyy5CgaQbC7XSoOb0e,a1.00 t1.00,auto-ok
G1,official-pl-80s-medium,Foreigner,I Want to Know What Love Is,raNGeq3_DtM,I Want to Know What Love Is - 1999 Remaster,Foreigner,1JLn8RhQzHz3qDqsChcmBl,a1.00 t1.00,auto-ok
G1,official-pl-80s-medium,Soft Cell,Tainted Love,XZVpR3Pk-r8,Tainted Love,Soft Cell,0cGG2EouYCEEC3xfa0tDFV,a1.00 t1.00,auto-ok
G1,official-pl-80s-medium,Belinda Carlisle,Heaven Is a Place on Earth,KHk-266zAbk,"Heaven Is a Place on Earth - Promo 7"" Edit",Belinda Carlisle,05yiiw2F3XXoighyveZTDs,a1.00 t1.00,auto-ok
G1,official-pl-80s-medium,U2,With or Without You,O-kWo5N1E3s,With Or Without You,U2,4N0fzRX3T7QkOecp3pkWpp,a1.00 t1.00,auto-ok
G1,official-pl-80s-medium,Depeche Mode,Just Can't Get Enough,_6FBfAQ-NDE,Just Can't Get Enough,Depeche Mode,0qi4b1l0eT3jpzeNHeFXDT,a1.00 t1.00,auto-ok
G1,official-pl-80s-medium,Michael Jackson,Smooth Criminal,tOgftEf7UDg,Smooth Criminal - 2012 Remaster,Michael Jackson,2bCQHF9gdG5BNDVuEIEnNk,a1.00 t1.00,auto-ok
G1,official-pl-80s-medium,Bon Jovi,Livin' on a Prayer,lDK9QqIzhwk,Livin' On A Prayer,Bon Jovi,37ZJ0p5Jm13JPevGcx4SkF,a1.00 t1.00,auto-ok
G1,official-pl-80s-medium,Europe,The Final Countdown,9jK-NcRmVcw,The Final Countdown,Europe,3MrRksHupTVEQ7YbA0FsZK,a1.00 t1.00,auto-ok
G1,official-pl-80s-medium,Duran Duran,Hungry Like the Wolf,oJL-lCzEXgI,Hungry Like the Wolf - 2009 Remaster,Duran Duran,39lSeqnyjZJejRuaREfyLL,a1.00 t1.00,auto-ok
G1,official-pl-80s-medium,Huey Lewis & The News,The Power of Love,ZpW80qf7NzE,The Power Of Love,Huey Lewis & The News,2olVm1lHicpveMAo4AUDRB,a0.53 t1.00,no-match
G1,official-pl-80s-medium,George Michael,Careless Whisper,izGwDsrQ1eQ,Careless Whisper,George Michael,5WDLRQ3VCdVrKw0njWe5E5,a1.00 t1.00,auto-ok
G1,official-pl-80s-medium,Starship,Nothing's Gonna Stop Us Now,3wxyN3z9PL4,Nothing's Gonna Stop Us Now,Starship,3X7uFMzJrEE0sxn62qd8Ch,a1.00 t1.00,auto-ok
G1,official-pl-80s-medium,Toto,Africa,FTQbiNvZqaY,Africa,TOTO,2374M0fQpWi3dLnB54qaLX,a1.00 t1.00,auto-ok
G1,official-pl-80s-medium,Simple Minds,Don't You (Forget About Me),CdqoNKCCt7A,Don't You (Forget About Me),Simple Minds,5Y8Rj0s6wuM5DlQdllYiWl,a1.00 t1.00,auto-ok
G1,official-pl-80s-medium,Michael Sembello,Maniac,vKWfu2xbLCs,Maniac,Michael Sembello,0QKfiqpEU4h9ycPSzIFwYe,a1.00 t1.00,auto-ok
G1,official-pl-80s-medium,The Bangles,Manic Monday,ZFQ8mrdkH_0,Manic Monday,The Bangles,7Di7t9yGoxdZRLAt5a4pi0,a1.00 t1.00,auto-ok
G1,official-pl-80s-medium,a-ha,Take On Me,djV11Xbc914,Take on Me,a-ha,2WfaOiMkCvy7F5fcp2zZ8L,a1.00 t1.00,auto-ok
G1,official-pl-80s-medium,Whitney Houston,I Wanna Dance with Somebody,eH3giaIzONA,I Wanna Dance with Somebody (Who Loves Me),Whitney Houston,2tUBqZG2AbRi7Q0BIrVrEj,a1.00 t1.00,auto-ok
G1,official-pl-80s-medium,Elton John,I'm Still Standing,ZHwVBirqD2s,I'm Still Standing,Elton John,1jDJFeK9x3OZboIAHsY9k2,a1.00 t1.00,auto-ok
G1,official-pl-80s-medium,Culture Club,Karma Chameleon,JmcA9LIIXWw,Karma Chameleon,Culture Club,3XDeeP9wBZzGhIPZmLfEEx,a1.00 t1.00,auto-ok
G1,official-pl-80s-medium,Duran Duran,Rio,nTizYn3-QN0,Rio - 2009 Remaster,Duran Duran,43eBgYRTmu5BJnCJDBU5Hb,a1.00 t1.00,auto-ok
G1,official-pl-80s-medium,Eurythmics,Sweet Dreams (Are Made of This),qeMFqkcPYcg,Sweet Dreams (Are Made of This) - 2005 Remaster,Eurythmics / Annie Lennox / Dave Stewart,1TfqLAPs4K3s2rJMoCokcS,a1.00 t1.00,auto-ok
G1,official-pl-80s-medium,The Romantics,What I Like About You,Rqnw5IfbZOU,What I Like About You,The Romantics,6NdcSEhpGGAYXNnnhGS2s6,a1.00 t1.00,auto-ok
G1,official-pl-80s-medium,Queen & David Bowie,Under Pressure,a01QQZyl-_I,Under Pressure,Queen / David Bowie,6suU8oBlW4O2pg88tOXgHo,a1.00 t1.00,auto-ok
G1,official-pl-80s-medium,Tears for Fears,Shout,Ye7FKc1JQe4,Shout,Tears For Fears,2gQaQUhDCNGfBVXTvxAmXQ,a1.00 t1.00,auto-ok
G1,official-pl-80s-medium,Kool & The Gang,Celebration,3GwjfUFyY6M,Celebration,Kool & The Gang,3K7Q9PHUWPTaknlbFPThn2,a0.31 t1.00,no-match
G1,official-pl-80s-medium,Madness,Our House,KwIe_sjKeAY,Our House,Madness,5HrtZ0YLAcKIRx4tdQoHWc,a1.00 t1.00,auto-ok
G1,official-pl-80s-medium,Peter Schilling,Major Tom (Coming Home),N1Hs2AQwDgA,Major Tom (Coming Home),Peter Schilling,709ffFK4o4MtG1NKoLvOma,a1.00 t1.00,auto-ok
G1,official-pl-80s-medium,Starship,We Built This City,K1b8AhIsSYQ,We Built This City,Starship,6OnfBiiSc9RGKiBKKtZXgQ,a1.00 t1.00,auto-ok
G1,official-pl-80s-medium,Cyndi Lauper,Time After Time,VdQY7BusJNU,Time After Time,Cyndi Lauper,7o9uu2GDtVDr9nsR7ZRN73,a1.00 t1.00,auto-ok
G1,official-pl-80s-medium,The Buggles,Video Killed the Radio Star,W8r-tXRLazs,Video Killed The Radio Star,The Buggles,7o7E1nrHWncYY7PY94gCiX,a1.00 t1.00,auto-ok
G1,official-pl-80s-medium,Madonna,Open Your Heart,snsTmi9N9Gs,Open Your Heart,Madonna,6poribUG9PSY1eudyCjJTS,a1.00 t1.00,auto-ok
G1,official-pl-80s-medium,The B-52's,Love Shack,9SOryJvTAGs,Love Shack,The B-52's,4W4wYHtsrgDiivRASVOINL,a1.00 t1.00,auto-ok
G1,official-pl-80s-medium,Whitesnake,Here I Go Again,WyF8RHM1OCg,Here I Go Again - 1987 Version / 2018 Remaster,Whitesnake,58z9sfHe9s9zTvYGKehCWM,a1.00 t1.00,auto-ok
G1,official-pl-80s-medium,Paula Abdul,Straight Up,El1kgCqD7Xk,Straight Up,Paula Abdul,5xl5582IihbEZAnfj0xyso,a1.00 t1.00,auto-ok
G1,official-pl-80s-medium,Thomas Dolby,She Blinded Me with Science,V83JR2IoI8k,She Blinded Me With Science,Thomas Dolby,4RkKf3UBRxF2kn2Vh0ww8l,a1.00 t1.00,auto-ok
G1,official-pl-80s-medium,Olivia Newton-John,Physical,vWz9VN40nCA,Physical (Remastered 2021),Olivia Newton-John,0bB0aRsAB2CTYRCeoMOFHU,a1.00 t1.00,auto-ok
G1,official-pl-80s-medium,A Flock of Seagulls,I Ran (So Far Away),iIpfWORQWhU,I Ran (So Far Away),A Flock Of Seagulls,6vKVuBeExHlEh9cZ8Ppk8t,a1.00 t1.00,auto-ok
G1,official-pl-80s-medium,Talking Heads,Burning Down the House,_3eC35LoF4U,Burning Down the House,Talking Heads,2VNfJpwdEQBLyXajaa6LWT,a1.00 t1.00,auto-ok
G1,official-pl-80s-medium,Living in a Box,Living in a Box,mHzfhU8t5i8,Living in a Box,Living In A Box,4j2non7vSAI1dZwsBIdGLz,a1.00 t1.00,auto-ok
G1,official-pl-80s-medium,Fine Young Cannibals,She Drives Me Crazy,UtvmTu4zAMg,She Drives Me Crazy,Fine Young Cannibals,4d6eqRtpDX7tydHJGDZUBQ,a1.00 t1.00,auto-ok
G1,official-pl-80s-medium,UB40,Red Red Wine,zXt56MB-3vc,Red Red Wine,UB40,4uOKFydzAejjSFqYbv1XPt,a1.00 t1.00,auto-ok
G1,official-pl-80s-medium,Talking Heads,Once in a Lifetime,5IsSpAOD6K8,Once in a Lifetime,Talking Heads,1Tr4K5MU5XYE44umXGDndd,a1.00 t1.00,auto-ok
G1,official-pl-80s-medium,Men at Work,Down Under,XfR9iY5y94s,Down Under,Men At Work,3ZZq9396zv8pcn5GYVhxUi,a1.00 t1.00,auto-ok
G1,official-pl-80s-medium,Billy Idol,White Wedding,DP8A3ZfwYj0,White Wedding - Pt. 1,Billy Idol,1gzIbdFnGJ226LTl0Cn2SX,a1.00 t1.00,auto-ok
G1,official-pl-80s-medium,The J. Geils Band,Centerfold,BqDjMZKf-wg,Centerfold,The J. Geils Band,1ynmMEK1fkyiZ6Z6F3ThEt,a1.00 t1.00,auto-ok
G1,official-pl-80s-medium,Crowded House,Don't Dream It's Over,J9gKyRmic20,Don't Dream It's Over,Crowded House,56GbZVwxMdf1DENCluYS8A,a1.00 t1.00,auto-ok
G1,official-pl-80s-medium,The Human League,Don't You Want Me,uPudE8nDog0,Don't You Want Me,The Human League,3AIEEEIDJFnqv8rozNVCRZ,a1.00 t1.00,auto-ok
G1,official-pl-80s-medium,Cyndi Lauper,Girls Just Want to Have Fun,PIb6AZdTr-A,Girls Just Want to Have Fun,Cyndi Lauper,4y1LsJpmMti1PfRQV9AWWe,a1.00 t1.00,auto-ok
G1,official-pl-80s-medium,After the Fire,Der Kommissar,vBfFDTPPlaM,"Der Kommissar - 7"" Version",After The Fire,2wjCYgpCMywSDkds2c8Rq6,a1.00 t1.00,auto-ok
G1,official-pl-80s-medium,Tears for Fears,Everybody Wants to Rule the World,aGCdLKXNF3w,Everybody Wants To Rule The World,Tears For Fears,4RvWPyQ5RL0ao9LPZeSouE,a1.00 t1.00,auto-ok
G1,official-pl-80s-medium,Katrina and the Waves,Walking on Sunshine,iPUmE-tne5U,Walking On Sunshine,Katrina & The Waves,05wIrZSwuaVWhcv5FfqeH0,a0.81 t1.00,review
G1,official-pl-80s-medium,Bonnie Tyler,Total Eclipse of the Heart,LSYGIljR6sQ,Total Eclipse of the Heart,Bonnie Tyler,7wuJGgpTNzbUyn26IOY6rj,a1.00 t1.00,auto-ok
G1,official-pl-90s-mix,Soundgarden,Black Hole Sun,3mbBbFH9fAg,Black Hole Sun,Soundgarden,2EoOZnxNgtmZaD8uUmz2nD,a1.00 t1.00,auto-ok
G1,official-pl-90s-mix,TLC,Waterfalls,8WEtxJ4-sh4,Waterfalls,TLC,6qspW4YKycviDFjHBOaqUY,a1.00 t1.00,auto-ok
G1,official-pl-90s-mix,Spice Girls,Wannabe,gJLIiF15wjQ,Wannabe,Spice Girls,1Je1IMUlBXcx1Fz0WE7oPT,a1.00 t1.00,auto-ok
G1,official-pl-90s-mix,Ricky Martin,Livin' la Vida Loca,p47fEXGabaY,Livin' la Vida Loca,Ricky Martin,0Ph6L4l8dYUuXFmb71Ajnd,a1.00 t1.00,auto-ok
G1,official-pl-90s-mix,Oasis,Wonderwall,bx1Bh8ZvH84,Wonderwall,Oasis,1qPbGZqppFwLwcBC1JQ6Vr,a1.00 t1.00,auto-ok
G1,official-pl-90s-mix,Backstreet Boys,I Want It That Way,4fndeDfaWCg,I Want It That Way,Backstreet Boys,47BBI51FKFwOMlIiX6m8ya,a1.00 t1.00,auto-ok
G1,official-pl-90s-mix,Blind Melon,No Rain,3qVPNONdF58,No Rain,Blind Melon,6txWz9UapYHVxEd7dDIHXT,a1.00 t1.00,auto-ok
G1,official-pl-90s-mix,Metallica,Enter Sandman,CD-E-LDc384,Enter Sandman - Remastered 2021,Metallica,3DwQ7AH3xGD9h65ezslm6q,a1.00 t1.00,auto-ok
G1,official-pl-90s-mix,U2,One,ftjEcrrf7r0,One,U2,3G69vJMWsX6ZohTykad2AU,a1.00 t1.00,auto-ok
G1,official-pl-90s-mix,Mark Morrison,Return of the Mack,uB1D9wWxd2w,Return of the Mack,Mark Morrison,3jDdpx9PMlfMBS5tOBHFm9,a1.00 t1.00,auto-ok
G1,official-pl-90s-mix,Hanson,MMMBop,NHozn0YXAeE,MMMBop,Hanson,0lnxrQAd9ZxbhBBe7d8FO8,a1.00 t1.00,auto-ok
G1,official-pl-90s-mix,Elastica,Connection,ilKcXIFi-Rc,Connection,Elastica,53LZqMzQEnjBkFXPqOq0cD,a1.00 t1.00,auto-ok
G1,official-pl-90s-mix,The Presidents of the United States of America,Peaches,wvAnQqVJ3XQ,Peaches,The Presidents Of The United States Of America,750wm5pwuAQfnSLX8mxa5f,a1.00 t1.00,auto-ok
G1,official-pl-90s-mix,Ace of Base,The Sign,iqu132vTl5Y,The Sign,Ace of Base,0hrBpAOgrt8RXigk83LLNE,a1.00 t1.00,auto-ok
G1,official-pl-90s-mix,Salt-N-Pepa,Shoop,4vaN01VLYSQ,Shoop,Salt-N-Pepa,0Pu71wxadDlB8fJXfjIjeJ,a1.00 t1.00,auto-ok
G1,official-pl-90s-mix,NSYNC,Tearin' Up My Heart,GQMlWwIXg3M,Tearin' up My Heart - Radio Edit,*NSYNC,73q3FpQVXWk5eSUnyo83E4,a1.00 t1.00,auto-ok
G1,official-pl-90s-mix,2Pac,California Love,J7_bMdYfSws,California Love - Original Version,2Pac / Roger / Dr. Dre,3ia3dJETSOllPsv3LJkE35,a1.00 t1.00,auto-ok
G1,official-pl-90s-mix,Foo Fighters,Everlong,eBG7P-K-r1Y,Everlong,Foo Fighters,5UWwZ5lm5PKu6eKsHAGxOk,a1.00 t1.00,auto-ok
G1,official-pl-90s-mix,Nirvana,Come as You Are,vabnZ9-ex7o,Come As You Are,Nirvana,2RsAajgo0g7bMCHxwH3Sk0,a1.00 t1.00,auto-ok
G1,official-pl-90s-mix,Green Day,Basket Case,NUTGr5t3MoY,Basket Case,Green Day,6L89mwZXSOwYl76YXfX13s,a1.00 t1.00,auto-ok
G1,official-pl-90s-mix,Spin Doctors,Two Princes,wsdy_rct6uo,Two Princes,Spin Doctors,4ePP9So5xRzspjLFVVbj90,a1.00 t1.00,auto-ok
G1,official-pl-90s-mix,4 Non Blondes,What's Up?,6NXnxTNIWkc,What's Up?,4 Non Blondes,0jWgAnTrNZmOGmqgvHhZEm,a1.00 t1.00,auto-ok
G1,official-pl-90s-mix,Whitney Houston,I Will Always Love You,3JWTaaS7LdU,I Will Always Love You,Whitney Houston,4eHbdreAnSOrDDsFfc4Fpm,a1.00 t1.00,auto-ok
G1,official-pl-90s-mix,The Chemical Brothers,Block Rockin' Beats,iTxOKsyZ0Lw,Block Rockin' Beats,The Chemical Brothers,1FNvrp5K02oThumS6gllzp,a1.00 t1.00,auto-ok
G1,official-pl-90s-mix,Robin S.,Show Me Love,Ps2Jc28tQrw,Show Me Love,Robin S,4t0UsYzmmmZRMTWn77jiGF,a1.00 t1.00,auto-ok
G1,official-pl-90s-mix,Sinéad O'Connor,Nothing Compares 2 U,0-EF60neguk,Nothing Compares 2 U,Sinéad O'Connor,5GHY1DFWKz3Prg2V0Iodqo,a1.00 t1.00,auto-ok
G1,official-pl-90s-mix,R.E.M.,Losing My Religion,xwtdhWltSIg,Losing My Religion,R.E.M.,31AOj9sFz2gM0O3hMARRBx,a1.00 t1.00,auto-ok
G1,official-pl-90s-mix,Cher,Believe,nZXRV4MezEw,Believe,Cher,2goLsvvODILDzeeiT4dAoR,a1.00 t1.00,auto-ok
G1,official-pl-90s-mix,The Cranberries,Linger,gPFP8bdQKJY,Linger - Remastered 2026,The Cranberries,1WYrTfvKjQYaYfVziGG1ET,a1.00 t1.00,auto-ok
G1,official-pl-90s-mix,Vanilla Ice,Ice Ice Baby,GOQtzxPnoY0,Ice Ice Baby,Vanilla Ice,3XVozq1aeqsJwpXrEZrDJ9,a1.00 t1.00,auto-ok
G1,official-pl-90s-mix,MC Hammer,U Can't Touch This,_NNYI8VbFyY,U Can't Touch This,MC Hammer,1B75hgRqe7A4fwee3g3Wmu,a1.00 t1.00,auto-ok
G1,official-pl-90s-mix,Alanis Morissette,Ironic,Jne9t8sHpUc,Ironic,Alanis Morissette,29YBihzQOmat0U74k4ukdx,a1.00 t1.00,auto-ok
G1,official-pl-90s-mix,Fatboy Slim,Praise You,1BoXlv-TV2c,Praise You,Fatboy Slim,1FS21kclHQ2vVi3U1ZxETc,a1.00 t1.00,auto-ok
G1,official-pl-90s-mix,Daft Punk,Around the World,dwDns8x3Jb4,Around the World,Daft Punk,1pKYYY0dkg23sQQXi0Q5zN,a1.00 t1.00,auto-ok
G1,official-pl-90s-mix,Massive Attack,Unfinished Sympathy,ZWmrfgj0MZI,Unfinished Sympathy - 2012 Mix/Master,Massive Attack / Shara Nelson,0j5FJJOmmnXPd0XajFWkMF,a1.00 t1.00,auto-ok
G1,official-pl-90s-mix,Smash Mouth,All Star,SWFA0d2vIUk,All Star,Smash Mouth,3cfOd4CMv2snFaKAnMdnvK,a1.00 t1.00,auto-ok
G1,official-pl-90s-mix,Nirvana,Smells Like Teen Spirit,hTWKbfoikeg,Smells Like Teen Spirit,Nirvana,4CeeEOM32jQcH3eN9Q2dGj,a1.00 t1.00,auto-ok
G1,official-pl-90s-mix,Technotronic,Pump Up the Jam,9EcjWd-O4jI,Pump Up The Jam,Technotronic,21qnJAMtzC6S5SESuqQLEK,a1.00 t1.00,auto-ok
G1,official-pl-90s-mix,Haddaway,What Is Love,HEXWRTEbj1I,"What Is Love - 7"" Mix",Haddaway,7JkZ2hQdDonRURJjlMuh8q,a1.00 t1.00,auto-ok
G1,official-pl-90s-mix,The Verve,Bitter Sweet Symphony,1lyu1KKwC74,Bitter Sweet Symphony - Remastered 2016,The Verve,57iDDD9N9tTWe75x6qhStw,a1.00 t1.00,auto-ok
G1,official-pl-90s-mix,Right Said Fred,I'm Too Sexy,P5mtclwloEQ,I'm Too Sexy,Right Said Fred,76gbXfMpFoZJGkPgxgzvFt,a1.00 t1.00,auto-ok
G1,official-pl-90s-mix,Blackstreet,No Diggity,3KL9mRus19o,No Diggity,Blackstreet / Dr. Dre / Queen Pen,5tzDYbMDhomaADt9hKhANt,a1.00 t1.00,auto-ok
G1,official-pl-90s-mix,Rednex,Cotton Eye Joe,mOYZaiDZ7BM,Cotton Eye Joe,Rednex,06hsdMbBxWGqBO0TV0Zrkf,a1.00 t1.00,auto-ok
G1,official-pl-90s-mix,Stone Temple Pilots,Plush,V5UOC0C0x8Q,Plush,Stone Temple Pilots,3jJZVeExYzVYiV6Y9Fl3DX,a1.00 t1.00,auto-ok
G1,official-pl-90s-mix,Semisonic,Closing Time,xGytDsqkQY8,Closing Time,Semisonic,1A5V1sxyCLpKJezp75tUXn,a1.00 t1.00,auto-ok
G1,official-pl-90s-mix,"Earth, Wind & Fire",September,Gs069dndIYk,September,"Earth, Wind & Fire",2grjqo0Frpf2okIBiifQKs,a0.33 t1.00,no-match
G1,official-pl-90s-mix,Natalie Imbruglia,Torn,VV1XWJN3nJo,Torn,Natalie Imbruglia,1Jaah2tmN9Hv81A87KZ1MU,a1.00 t1.00,auto-ok
G1,official-pl-90s-mix,TLC,No Scrubs,FrLequ6dUdM,No Scrubs,TLC,1KGi9sZVMeszgZOWivFpxs,a1.00 t1.00,auto-ok
G1,official-pl-90s-mix,Britney Spears,Baby One More Time,C-u5WLJ9Yk4,...Baby One More Time,Britney Spears,3MjUtNVVq3C8Fn0MP3zhXa,a1.00 t1.00,auto-ok
G1,official-pl-90s-mix,Madonna,Vogue,GuJQSAiODqI,Vogue,Madonna,3WFgRhgECxQYyy8Ldhk2PG,a1.00 t1.00,auto-ok
G1,official-pl-90s-mix,Ace of Base,All That She Wants,d73tiBBzvFM,All That She Wants,Ace of Base,6kWJvPfC4DgUpRsXKNa9z9,a1.00 t1.00,auto-ok
G1,official-pl-90s-mix,C+C Music Factory,Gonna Make You Sweat (Everybody Dance Now),LaTGrV58wec,Gonna Make You Sweat (Everybody Dance Now) (feat. Freedom Williams),C & C Music Factory / Freedom Williams,7eheoW4hxrH51ww2QePVwF,a1.00 t1.00,auto-ok
G1,official-pl-90s-mix,The Rembrandts,I'll Be There for You,q-9kPks0IfE,"I'll Be There for You - Theme From ""Friends""",The Rembrandts,15tHagkk8z306XkyOHqiip,a1.00 t1.00,auto-ok
G1,official-pl-90s-mix,Pearl Jam,Even Flow,tkbgtVFlyCQ,Even Flow,Pearl Jam,6QewNVIDKdSl8Y3ycuHIei,a1.00 t1.00,auto-ok
G1,official-pl-90s-mix,Cypress Hill,Insane in the Brain,RijB8wnJCN0,Insane in the Brain,Cypress Hill,1oTHteQbmJw15rPxPVXUTv,a1.00 t1.00,auto-ok
G1,official-pl-90s-mix,Eagle-Eye Cherry,Save Tonight,Nntd2fgMUYw,Save Tonight,Eagle-Eye Cherry,0smyCrJiibi2uwCiq5R1vj,a1.00 t1.00,auto-ok
G1,official-pl-90s-mix,The Verve Pipe,The Freshmen,1umEXpGHc0E,The Freshmen,The Verve Pipe,21jEuMn2lf37715rwjow2M,a1.00 t1.00,auto-ok
G1,official-pl-90s-mix,The Wallflowers,One Headlight,Zzyfcys1aLM,One Headlight,The Wallflowers,0z1b34WikhOH9ZxU8QDWcv,a1.00 t1.00,auto-ok
G1,official-pl-90s-mix,Deep Blue Something,Breakfast at Tiffany's,1ClCpfeIELw,Breakfast At Tiffany's,Deep Blue Something,1uzWOoJdADfstQuFtQFTUn,a1.00 t1.00,auto-ok
G1,official-pl-90s-mix,Third Eye Blind,Semi-Charmed Life,beINamVRGy4,Semi-Charmed Life,Third Eye Blind,42et6fnHCw1HIPSrdPprMl,a1.00 t1.00,auto-ok
G1,official-pl-90s-mix,House of Pain,Jump Around,XhzpxjuwZy0,Jump Around,House Of Pain,6JymsaWDHk2Yj4e0yNBIFH,a1.00 t1.00,auto-ok
G1,official-pl-90s-mix,Jane's Addiction,Jane Says,xh-5FI21s6M,Jane Says,Jane's Addiction,7c1Dar0pIAW7w5TzaGjt9t,a1.00 t1.00,auto-ok
G1,official-pl-90s-mix,Green Day,Good Riddance (Time of Your Life),CnQ8N1KacJc,Good Riddance (Time of Your Life),Green Day,6ORqU0bHbVCRjXm9AjyHyZ,a1.00 t1.00,auto-ok
G1,official-pl-90s-mix,Soul Asylum,Runaway Train,NRtvqT_wMeY,Runaway Train,Soul Asylum,3Ib3SJV8ZXuLvDiDb2w1As,a1.00 t1.00,auto-ok
G1,official-pl-90s-mix,Seal,Kiss from a Rose,AMD2TwRvuoU,Kiss from a Rose,Seal,3YKptz29AsOlm7WAVnztBh,a1.00 t1.00,auto-ok
G1,official-pl-90s-mix,The Notorious B.I.G.,Mo Money Mo Problems,gUhRKVIjJtw,Mo Money Mo Problems (feat. Puff Daddy & Mase) - 2014 Remaster,The Notorious B.I.G. / Mase / Diddy,4INDiWSKvqSKDEu7mh8HFz,a1.00 t1.00,auto-ok
G1,official-pl-90s-mix,Spice Girls,2 Become 1,FA5jsa1lR9c,2 Become 1,Spice Girls,36AWdhZIGLUTkWpJDhe7va,a1.00 t1.00,auto-ok
G1,official-pl-90s-mix,Christina Aguilera,Genie in a Bottle,kIDWgqDBNXA,Genie In a Bottle,Christina Aguilera,11mwFrKvLXCbcVGNxffGyP,a1.00 t1.00,auto-ok
G1,official-pl-90s-mix,Warren G & Nate Dogg,Regulate,1plPyJdXKIY,Regulate,Warren G / Nate Dogg,7nYvUtkQMx1v80S2FH2s9J,a1.00 t1.00,auto-ok
G1,official-pl-90s-mix,Stone Temple Pilots,Interstate Love Song,yjJL9DGU7Gg,Interstate Love Song,Stone Temple Pilots,600s08VdbjiyAjDGDjYSFI,a1.00 t1.00,auto-ok
G1,official-pl-90s-mix,Oasis,Champagne Supernova,VGfDg7wju6M,Champagne Supernova,Oasis,6EMynpZ10GVcwVqiLZj6Ye,a1.00 t1.00,auto-ok
G1,official-pl-90s-mix,Radiohead,Creep,fAuT8_dboWo,Creep,Radiohead,70LcF31zb1H0PyJoS1Sx1r,a1.00 t1.00,auto-ok
G1,official-pl-90s-mix,Fine Young Cannibals,She Drives Me Crazy,UtvmTu4zAMg,She Drives Me Crazy,Fine Young Cannibals,4d6eqRtpDX7tydHJGDZUBQ,a1.00 t1.00,auto-ok
G1,official-pl-90s-mix,Wu-Tang Clan,C.R.E.A.M.,PBwAxmrE194,C.R.E.A.M. (Cash Rules Everything Around Me),Wu-Tang Clan,119c93MHjrDLJTApCVGpvx,a1.00 t1.00,auto-ok
G1,official-pl-90s-mix,Red Hot Chili Peppers,Under the Bridge,lwlogyj7nFE,Under the Bridge,Red Hot Chili Peppers,3d9DChrdc6BOeFsbrZ3Is0,a1.00 t1.00,auto-ok
G1,official-pl-90s-mix,Portishead,Glory Box,4qQyUi4zfDs,Glory Box,Portishead,3Ty7OTBNSigGEpeW2PqcsC,a1.00 t1.00,auto-ok
G1,official-pl-90s-mix,Lisa Loeb,Stay (I Missed You),i9HGwRbMiVY,Stay (I Missed You),Walk off the Earth / Lisa Loeb,0x7GBUMRiX4O3xy9prrsgU,a1.00 t1.00,auto-ok
G1,official-pl-90s-mix,Live,Lightning Crashes,qlbW9mlm7io,Lightning Crashes,Live,48iWbsOaBUAGzMdoSmqyg1,a1.00 t1.00,auto-ok
G1,official-pl-90s-mix,The Cranberries,Zombie,6Ejga4kJUts,Zombie,The Cranberries,49wOjOkS4pBK3PQnPnNYjb,a1.00 t1.00,auto-ok
G1,official-pl-90s-mix,Scatman John,Scatman (Ski-Ba-Bop-Ba-Dop-Bop),Hy8kmNEo1i8,Scatman (ski-ba-bop-ba-dop-bop),Scatman John,623rRTKwGmgjH6sjE9uWLh,a1.00 t1.00,auto-ok
G1,official-pl-90s-medium,Spice Girls,Wannabe,gJLIiF15wjQ,Wannabe,Spice Girls,1Je1IMUlBXcx1Fz0WE7oPT,a1.00 t1.00,auto-ok
G1,official-pl-90s-medium,Blur,Song 2,SSbBvKaM6sk,Song 2,Blur,3GfOAdcoc3X5GPiiXmpBjK,a1.00 t1.00,auto-ok
G1,official-pl-90s-medium,Alice Deejay,Better Off Alone,Lgs9QUtWc3M,Better Off Alone,Alice Deejay,5XVjNRubJUW0iPhhSWpLCj,a1.00 t1.00,auto-ok
G1,official-pl-90s-medium,Blackstreet,No Diggity,3KL9mRus19o,No Diggity,Blackstreet / Dr. Dre / Queen Pen,5tzDYbMDhomaADt9hKhANt,a1.00 t1.00,auto-ok
G1,official-pl-90s-medium,Lou Bega,Mambo No. 5,EK_LN3XEcnw,Mambo No. 5 (a Little Bit of...),Lou Bega,6x4tKaOzfNJpEJHySoiJcs,a1.00 t1.00,auto-ok
G1,official-pl-90s-medium,Cher,Believe,nZXRV4MezEw,Believe,Cher,2goLsvvODILDzeeiT4dAoR,a1.00 t1.00,auto-ok
G1,official-pl-90s-medium,The Cranberries,Linger,G6Kspj3OO0s,Linger - Remastered 2026,The Cranberries,1WYrTfvKjQYaYfVziGG1ET,a1.00 t1.00,auto-ok
G1,official-pl-90s-medium,Nirvana,Smells Like Teen Spirit,hTWKbfoikeg,Smells Like Teen Spirit,Nirvana,4CeeEOM32jQcH3eN9Q2dGj,a1.00 t1.00,auto-ok
G1,official-pl-90s-medium,Pulp,Common People,yuTMWgOduFM,Common People,Pulp,3SzP7yEGRSbfnkkNVMxxYa,a1.00 t1.00,auto-ok
G1,official-pl-90s-medium,Toni Braxton,Un-Break My Heart,p2Rch6WvPJE,Un-Break My Heart,Toni Braxton,5Ihd9HrPvOADyVoonH9ZjB,a1.00 t1.00,auto-ok
G1,official-pl-90s-medium,Smash Mouth,All Star,L_jWHffIx5E,All Star,Smash Mouth,3cfOd4CMv2snFaKAnMdnvK,a1.00 t1.00,auto-ok
G1,official-pl-90s-medium,Aqua,Barbie Girl,ZyhrYis509A,Barbie Girl,Aqua,5ZrDlcxIDZyjOzHdYW1ydr,a1.00 t1.00,auto-ok
G1,official-pl-90s-medium,Lit,My Own Worst Enemy,sc5iTNVEOAg,My Own Worst Enemy,Lit,33iv3wnGMrrDugd7GBso1z,a1.00 t1.00,auto-ok
G1,official-pl-90s-medium,Pearl Jam,Even Flow,tkbgtVFlyCQ,Even Flow,Pearl Jam,6QewNVIDKdSl8Y3ycuHIei,a1.00 t1.00,auto-ok
G1,official-pl-90s-medium,Tom Cochrane,Life Is a Highway,U3sMjm9Eloo,Life Is A Highway,Tom Cochrane,7jIFGkTBIK1UwWaEXMW2Nh,a1.00 t1.00,auto-ok
G1,official-pl-90s-medium,Space,Female of the Species,F1NBpVKWh_c,Female of the Species,Space,5beiMMlsINDI5fxRdF0D42,a1.00 t1.00,auto-ok
G1,official-pl-90s-medium,Pulp,Disco 2000,qJS3xnD7Mus,Disco 2000,Pulp,48nfjq644cod3jFR0gpSuU,a1.00 t1.00,auto-ok
G1,official-pl-90s-medium,Semisonic,Closing Time,xGytDsqkQY8,Closing Time,Semisonic,1A5V1sxyCLpKJezp75tUXn,a1.00 t1.00,auto-ok
G1,official-pl-90s-medium,No Doubt,Don't Speak,1leInEAlbjY,Don't Speak,No Doubt,6urCAbunOQI4bLhmGpX7iS,a1.00 t1.00,auto-ok
G1,official-pl-90s-medium,TLC,No Scrubs,FrLequ6dUdM,No Scrubs,TLC,1KGi9sZVMeszgZOWivFpxs,a1.00 t1.00,auto-ok
G1,official-pl-90s-medium,Eagle-Eye Cherry,Save Tonight,Nntd2fgMUYw,Save Tonight,Eagle-Eye Cherry,0smyCrJiibi2uwCiq5R1vj,a1.00 t1.00,auto-ok
G1,official-pl-90s-medium,Hanson,MMM Bop,NHozn0YXAeE,MMMBop,Hanson,0lnxrQAd9ZxbhBBe7d8FO8,a1.00 t0.86,auto-ok
G1,official-pl-90s-medium,The Cranberries,Zombie,6Ejga4kJUts,Zombie,The Cranberries,49wOjOkS4pBK3PQnPnNYjb,a1.00 t1.00,auto-ok
G1,official-pl-90s-medium,Robin S.,Show Me Love,7HP9Z_3exGE,Show Me Love,Robin S,4t0UsYzmmmZRMTWn77jiGF,a1.00 t1.00,auto-ok
G1,official-pl-90s-medium,Coolio,Gangsta's Paradise,fPO76Jlnz6c,Gangsta's Paradise,Coolio / L.V.,1DIXPcTDzTj8ZMHt3PDt8p,a1.00 t1.00,auto-ok
G1,official-pl-90s-medium,Goo Goo Dolls,Iris,zDOILKOOUCo,Iris,The Goo Goo Dolls,6Qyc6fS4DsZjB2mRW9DsQs,a0.76 t1.00,review
G1,official-pl-90s-medium,The Wallflowers,One Headlight,Zzyfcys1aLM,One Headlight,The Wallflowers,0z1b34WikhOH9ZxU8QDWcv,a1.00 t1.00,auto-ok
G1,official-pl-90s-medium,Chumbawamba,Tubthumping,OQhbt2c8JqU,Tubthumping,Chumbawamba,5YScXJKtefsgdskIy60N7A,a1.00 t1.00,auto-ok
G1,official-pl-90s-medium,TLC,Waterfalls,8WEtxJ4-sh4,Waterfalls,TLC,6qspW4YKycviDFjHBOaqUY,a1.00 t1.00,auto-ok
G1,official-pl-90s-medium,Elastica,Connection,ilKcXIFi-Rc,Connection,Elastica,53LZqMzQEnjBkFXPqOq0cD,a1.00 t1.00,auto-ok
G1,official-pl-90s-medium,4 Non Blondes,What's Up?,LRx8_mdaAg8,What's Up?,4 Non Blondes,0jWgAnTrNZmOGmqgvHhZEm,a1.00 t1.00,auto-ok
G1,official-pl-90s-medium,Whitney Houston,I Will Always Love You,3JWTaaS7LdU,I Will Always Love You,Whitney Houston,4eHbdreAnSOrDDsFfc4Fpm,a1.00 t1.00,auto-ok
G1,official-pl-90s-medium,Green Day,Basket Case,NUTGr5t3MoY,Basket Case,Green Day,6L89mwZXSOwYl76YXfX13s,a1.00 t1.00,auto-ok
G1,official-pl-90s-medium,Mark Morrison,Return of the Mack,uB1D9wWxd2w,Return of the Mack,Mark Morrison,3jDdpx9PMlfMBS5tOBHFm9,a1.00 t1.00,auto-ok
G1,official-pl-90s-medium,Oasis,Wonderwall,bx1Bh8ZvH84,Wonderwall,Oasis,1qPbGZqppFwLwcBC1JQ6Vr,a1.00 t1.00,auto-ok
G1,official-pl-90s-medium,Santana ft. Rob Thomas,Smooth,6Whgn_iE5uc,Smooth (feat. Rob Thomas),Santana / Rob Thomas,0n2SEXB2qoRQg171q7XqeW,a1.00 t1.00,auto-ok
G1,official-pl-90s-medium,Haddaway,What Is Love,HEXWRTEbj1I,"What Is Love - 7"" Mix",Haddaway,7JkZ2hQdDonRURJjlMuh8q,a1.00 t1.00,auto-ok
G1,official-pl-90s-medium,Harvey Danger,Flagpole Sitta,wYsMjEeEg4g,Flagpole Sitta,Harvey Danger,23UPb5fN5X6dMwIK6Sl2Wz,a1.00 t1.00,auto-ok
G1,official-pl-90s-medium,Eve 6,Inside Out,T8Xb_7YDroQ,Inside Out,Eve 6,4GiVcDqNQI0fc0yYuRGH9m,a1.00 t1.00,auto-ok
G1,official-pl-90s-medium,Savage Garden,Truly Madly Deeply,WQnAxOQxQIU,Truly Madly Deeply,Savage Garden,013AWvizllIUEC2FOBzOnh,a1.00 t1.00,auto-ok
G1,official-pl-90s-medium,The Verve,Bitter Sweet Symphony,1lyu1KKwC74,Bitter Sweet Symphony - Remastered 2016,The Verve,57iDDD9N9tTWe75x6qhStw,a1.00 t1.00,auto-ok
G1,official-pl-90s-medium,Aerosmith,I Don't Want to Miss a Thing,WC6lEMYmxR8,"I Don't Want to Miss a Thing - From ""Armageddon"" Soundtrack",Aerosmith,225xvV8r1yKMHErSWivnow,a1.00 t1.00,auto-ok
G1,official-pl-90s-medium,Stone Temple Pilots,Plush,V5UOC0C0x8Q,Plush,Stone Temple Pilots,3jJZVeExYzVYiV6Y9Fl3DX,a1.00 t1.00,auto-ok
G1,official-pl-90s-medium,Britney Spears,Baby One More Time,C-u5WLJ9Yk4,...Baby One More Time,Britney Spears,3MjUtNVVq3C8Fn0MP3zhXa,a1.00 t1.00,auto-ok
G1,official-pl-90s-medium,Ricky Martin,Livin' la Vida Loca,p47fEXGabaY,Livin' la Vida Loca,Ricky Martin,0Ph6L4l8dYUuXFmb71Ajnd,a1.00 t1.00,auto-ok
G1,official-pl-90s-medium,Rednex,Cotton Eye Joe,mOYZaiDZ7BM,Cotton Eye Joe,Rednex,06hsdMbBxWGqBO0TV0Zrkf,a1.00 t1.00,auto-ok
G1,official-pl-90s-medium,Radiohead,Creep,XFkzRNyygfk,Creep,Radiohead,70LcF31zb1H0PyJoS1Sx1r,a1.00 t1.00,auto-ok
G1,official-pl-90s-medium,Sugar Ray,Fly,zUtnwcv-quE,Fly,Sugar Ray,3uPfVXcjnpOjyzI3jb3js4,a1.00 t1.00,auto-ok
G1,official-pl-90s-medium,Blind Melon,No Rain,3qVPNONdF58,No Rain,Blind Melon,6txWz9UapYHVxEd7dDIHXT,a1.00 t1.00,auto-ok
G1,official-pl-90s-medium,Mariah Carey,Fantasy,qq09UkPRdFY,Fantasy,Mariah Carey,6xkryXuiZU360Lngd4sx13,a1.00 t1.00,auto-ok
G1,official-pl-90s-medium,Darude,Sandstorm,y6120QOlsfU,Sandstorm,Darude,6Sy9BUbgFse0n0LPA5lwy5,a1.00 t1.00,auto-ok
G1,official-pl-90s-medium,Blur,Girls & Boys,WDswiT87oo8,Girls & Boys,Blur,5CeL9C3bsoe4yzYS1Qz8cw,a1.00 t1.00,auto-ok
G1,official-pl-90s-medium,Jamiroquai,Virtual Insanity,4JkIs37a2JE,Virtual Insanity - Remastered 2013,Jamiroquai,2Bxt2qamL6iu0XN0Td484J,a1.00 t1.00,auto-ok
G1,official-pl-90s-medium,Bloodhound Gang,The Bad Touch,xat1GVnl8-k,The Bad Touch,Bloodhound Gang,5EYdTPdJD74r9EVZBztqGG,a1.00 t1.00,auto-ok
G1,official-pl-90s-medium,The Presidents of the United States of America,Peaches,wvAnQqVJ3XQ,Peaches,The Presidents Of The United States Of America,750wm5pwuAQfnSLX8mxa5f,a1.00 t1.00,auto-ok
G1,official-pl-90s-medium,Destiny's Child,Say My Name,sQgd6MccwZc,Say My Name,Destiny's Child,7H6ev70Weq6DdpZyyTmUXk,a1.00 t1.00,auto-ok
G1,official-pl-90s-medium,Primitive Radio Gods,Standing Outside a Broken Phone Booth with Money in My Hand,4XJxFAoiWSY,Standing Outside a Broken Phone Booth with Money in My Hand,Primitive Radio Gods,5hcer4MP5GeHqtSjDYx5AC,a1.00 t1.00,auto-ok
G1,official-pl-90s-medium,Spin Doctors,Two Princes,wsdy_rct6uo,Two Princes,Spin Doctors,4ePP9So5xRzspjLFVVbj90,a1.00 t1.00,auto-ok
G1,official-pl-90s-medium,OMC,How Bizarre,C2cMG33mWVY,How Bizarre,OMC,46q5BtHso0ECuTKeq70ZhW,a1.00 t1.00,auto-ok
G1,official-pl-90s-medium,Alice in Chains,Man in the Box,TAqZb52sgpU,Man in the Box,Alice In Chains,6gZVQvQZOFpzIy3HblJ20F,a1.00 t1.00,auto-ok
G1,official-pl-90s-medium,Stone Temple Pilots,Interstate Love Song,yjJL9DGU7Gg,Interstate Love Song,Stone Temple Pilots,600s08VdbjiyAjDGDjYSFI,a1.00 t1.00,auto-ok
G1,official-pl-90s-medium,The Toadies,Possum Kingdom,EkwD5rQ-_d4,Possum Kingdom,Toadies,56SkdBKyR2zOkjk6wVFI9s,a0.64 t1.00,review
G1,official-pl-90s-medium,Nirvana,Come As You Are,vabnZ9-ex7o,Come As You Are,Nirvana,2RsAajgo0g7bMCHxwH3Sk0,a1.00 t1.00,auto-ok
G1,official-pl-90s-medium,Backstreet Boys,I Want It That Way,4fndeDfaWCg,I Want It That Way,Backstreet Boys,47BBI51FKFwOMlIiX6m8ya,a1.00 t1.00,auto-ok
G1,official-pl-90s-medium,Natalie Imbruglia,Torn,UOJkzcJigGI,Torn,Natalie Imbruglia,1Jaah2tmN9Hv81A87KZ1MU,a1.00 t1.00,auto-ok
G1,official-pl-90s-medium,Lauryn Hill,Doo Wop (That Thing),T6QKqFPRZSA,Doo Wop (That Thing),Ms. Lauryn Hill,0uEp9E98JB5awlA084uaIg,a0.79 t1.00,review
G1,official-pl-90s-medium,Bush,Glycerine,hOllF3TgAsM,Glycerine - Remastered,Bush,5buITai6eMzU8rJonMEI6e,a1.00 t1.00,auto-ok
G1,official-pl-90s-medium,Green Day,Good Riddance (Time of Your Life),CnQ8N1KacJc,Good Riddance (Time of Your Life),Green Day,6ORqU0bHbVCRjXm9AjyHyZ,a1.00 t1.00,auto-ok
G1,official-pl-90s-medium,Seal,Kiss from a Rose,3-Yh6rnOchs,Kiss from a Rose,Seal,3YKptz29AsOlm7WAVnztBh,a1.00 t1.00,auto-ok
G1,official-pl-90s-medium,Soundgarden,Black Hole Sun,efc7njKAfgo,Black Hole Sun,Soundgarden,2EoOZnxNgtmZaD8uUmz2nD,a1.00 t1.00,auto-ok
G1,official-pl-90s-medium,Christina Aguilera,Genie in a Bottle,dMm90NTa1T4,Genie In a Bottle,Christina Aguilera,11mwFrKvLXCbcVGNxffGyP,a1.00 t1.00,auto-ok
G1,official-pl-90s-medium,Ace of Base,The Sign,iqu132vTl5Y,The Sign,Ace of Base,0hrBpAOgrt8RXigk83LLNE,a1.00 t1.00,auto-ok
G1,official-pl-90s-medium,Eiffel 65,Blue (Da Ba Dee),zA52uNzx7Y4,Blue (Da Ba Dee) - Gabry Ponte Video Edit,Eiffel 65 / Gabry Ponte,7lMIJ4EFWRVoAIPDpeGyM3,a1.00 t1.00,auto-ok
G1,official-pl-90s-medium,Deep Blue Something,Breakfast at Tiffany's,1ClCpfeIELw,Breakfast At Tiffany's,Deep Blue Something,1uzWOoJdADfstQuFtQFTUn,a1.00 t1.00,auto-ok
G1,official-pl-90s-medium,Madonna,Vogue,GuJQSAiODqI,Vogue,Madonna,3WFgRhgECxQYyy8Ldhk2PG,a1.00 t1.00,auto-ok
G1,official-pl-90s-medium,Cornershop,Brimful of Asha,lM7H0ooV_o8,Brimful of Asha,Cornershop,3RNUFPrfUVeOhd6wcKnf6z,a1.00 t1.00,auto-ok
G1,official-pl-90s-medium,Third Eye Blind,Semi-Charmed Life,beINamVRGy4,Semi-Charmed Life,Third Eye Blind,42et6fnHCw1HIPSrdPprMl,a1.00 t1.00,auto-ok
G1,official-pl-90s-medium,Destiny's Child,"Bills, Bills, Bills",NiF6-0UTqtc,"Bills, Bills, Bills",Destiny's Child,1Oi2zpmL81Q0yScF1zxaC0,a1.00 t1.00,auto-ok
G1,official-pl-90s-medium,The La's,There She Goes,eu2iv-vMKT8,There She Goes,The La's,4c6vZqYHFur11FbWATIJ9P,a1.00 t1.00,auto-ok
G1,official-pl-90s-medium,Scatman John,Scatman (Ski-Ba-Bop-Ba-Dop-Bop),Hy8kmNEo1i8,Scatman (ski-ba-bop-ba-dop-bop),Scatman John,623rRTKwGmgjH6sjE9uWLh,a1.00 t1.00,auto-ok
G1,official-pl-2000s-easy,Bowling for Soup,1985,K38xNqZvBJI,1985,Bowling For Soup,5oQcOu1omDykbIPSdSQQNJ,a1.00 t1.00,auto-ok
G1,official-pl-2000s-easy,U2,Beautiful Day,co6WMzDOh1o,Beautiful Day,U2,0gzqZ9d1jIKo9psEIthwXe,a1.00 t1.00,auto-ok
G1,official-pl-2000s-easy,Amy Winehouse,Rehab,KUmZp8pR1uc,Rehab,Amy Winehouse,1L5tZi0izXsi5Kk5OJf4W0,a1.00 t1.00,auto-ok
G1,official-pl-2000s-easy,Lady Gaga,Poker Face,bESGLojNYSo,Poker Face,Lady Gaga,1QV6tiMFM6fSOKOGLMHYYg,a1.00 t1.00,auto-ok
G1,official-pl-2000s-easy,Avril Lavigne,Complicated,5NPBIwQyPWE,Complicated,Avril Lavigne,5xEM5hIgJ1jjgcEBfpkt2F,a1.00 t1.00,auto-ok
G1,official-pl-2000s-easy,Shakira,Hips Don't Lie,DUT5rEU6pqM,Hips Don't Lie (feat. Wyclef Jean),Shakira / Wyclef Jean,3d0WouFnFmr0K3kjeza3fF,a1.00 t1.00,auto-ok
G1,official-pl-2000s-easy,Natasha Bedingfield,Unwritten,b7k0a5hYnSI,Unwritten,Natasha Bedingfield,3U5JVgI2x4rDyHGObzJfNf,a1.00 t1.00,auto-ok
G1,official-pl-2000s-easy,Kanye West,Gold Digger,6vwNcNOTVzY,Gold Digger,Kanye West / Jamie Foxx,1PS1QMdUqOal0ai3Gt7sDQ,a1.00 t1.00,auto-ok
G1,official-pl-2000s-easy,Gwen Stefani,Hollaback Girl,Kgjkth6BRRY,Hollaback Girl,Gwen Stefani,0eqH0ALoDQevq59YcQ53KE,a1.00 t1.00,auto-ok
G1,official-pl-2000s-easy,Timbaland,Apologize,ZSM3w1v-A_Y,Apologize,Timbaland / OneRepublic,6q3zC9dDD4lUNk8nfUztXy,a1.00 t1.00,auto-ok
G1,official-pl-2000s-easy,Nelly,Dilemma,8WYHDfJDPDc,Dilemma,Nelly / Kelly Rowland,0ARK753YaiJbpLUk7z5yIM,a1.00 t1.00,auto-ok
G1,official-pl-2000s-easy,P!nk,So What,FJfFZqTlWrQ,So What,P!nk,0JiY190vktuhSGN6aqJdrt,a1.00 t1.00,auto-ok
G1,official-pl-2000s-easy,Flo Rida,Low,U2waT9TxPU0,Low (feat. T-Pain),Flo Rida / T-Pain,0CAfXk7DXMnon4gLudAp7J,a1.00 t1.00,auto-ok
G1,official-pl-2000s-easy,Bon Jovi,It's My Life,vx2u5uUu3DE,It's My Life,Bon Jovi,0v1XpBHnsbkCn7iJ9Ucr1l,a1.00 t1.00,auto-ok
G1,official-pl-2000s-easy,T.I.,Whatever You Like,nQJACVmankY,Whatever You Like,T.I.,1IAzD1muglOxOcPbUHs70R,a1.00 t1.00,auto-ok
G1,official-pl-2000s-easy,Jason Mraz,I'm Yours,EkHTsc9PU2A,I'm Yours,Jason Mraz,1EzrEOXmMH3G43AXT1y7pA,a1.00 t1.00,auto-ok
G1,official-pl-2000s-easy,Adele,Rolling in the Deep,rYEDA3JcQqw,Rolling in the Deep,Adele,4OSBTYWVwsQhGLF9NHvIbR,a1.00 t1.00,auto-ok
G1,official-pl-2000s-easy,Fountains of Wayne,Stacy's Mom,dZLfasMPOU4,Stacy's Mom,Fountains Of Wayne,27L8sESb3KR79asDUBu8nW,a1.00 t1.00,auto-ok
G1,official-pl-2000s-easy,Owl City,Fireflies,psuRGfAaju4,Fireflies,Owl City,3DamFFqW32WihKkTVlwTYQ,a1.00 t1.00,auto-ok
G1,official-pl-2000s-easy,50 Cent,In da Club,5qm8PH4xAss,In Da Club,50 Cent,7iL6o9tox1zgHpKUfh9vuC,a1.00 t1.00,auto-ok
G1,official-pl-2000s-easy,Akon,Smack That,bKDdT_nyP54,Smack That,Akon / Eminem,2kQuhkFX7uSVepCD3h29g5,a1.00 t1.00,auto-ok
G1,official-pl-2000s-easy,Kelly Clarkson,Because of You,Ra-Om7UMSJc,Because of You,Kelly Clarkson,0gJvqi9QyASOCtJu99tytc,a1.00 t1.00,auto-ok
G1,official-pl-2000s-easy,Coldplay,Clocks,d020hcWA_Wg,Clocks,Coldplay,0BCPKOYdS2jbQ8iyB56Zns,a1.00 t1.00,auto-ok
G1,official-pl-2000s-easy,Katy Perry,Hot N Cold,kTHNpusq654,Hot N Cold,Katy Perry,0iGckQFyv6svOfAbAY9aWJ,a1.00 t1.00,auto-ok
G1,official-pl-2000s-easy,The Killers,Mr. Brightside,l7MaKmKJqoc,Mr. Brightside,The Killers,003vvx7Niy0yvhvHt4a68B,a1.00 t1.00,auto-ok
G1,official-pl-2000s-easy,Linkin Park,In the End,ZieDWVxm7tE,In the End,Linkin Park,60a0Rd6pjrkxjPbaKzXjfq,a1.00 t1.00,auto-ok
G1,official-pl-2000s-easy,OutKast,Hey Ya!,PWgvGjAhvIw,Hey Ya!,Outkast,2PpruBYCo4H7WOBJ7Q2EwM,a1.00 t1.00,auto-ok
G1,official-pl-2000s-easy,Beyoncé,Single Ladies (Put a Ring on It),4m1EFMoRFvY,Single Ladies (Put a Ring on It),Beyoncé,557un1HgwYMuqfWGSTmnxw,a1.00 t1.00,auto-ok
G1,official-pl-2000s-easy,Beyoncé,Crazy in Love,ViwtNLUqkMY,Crazy In Love (feat. JAY-Z),Beyoncé / JAŸ-Z,5IVuqXILoxVWvWEPm82Jxr,a1.00 t1.00,auto-ok
G1,official-pl-2000s-easy,Jay-Z,Empire State of Mind,183mZ-wj7eA,Empire State Of Mind,JAŸ-Z / Alicia Keys,2igwFfvr1OAGX9SKDCPBwO,a1.00 t1.00,auto-ok
G1,official-pl-2000s-easy,Rihanna,Don't Stop the Music,yd8jh9QYfEs,Don't Stop The Music,Rihanna,0ByMNEPAPpOR5H69DVrTNy,a1.00 t1.00,auto-ok
G1,official-pl-2000s-easy,Kings of Leon,Use Somebody,gnhXHvRoUd0,Use Somebody,Kings of Leon,5VGlqQANWDKJFl0MBG3sg2,a1.00 t1.00,auto-ok
G1,official-pl-2000s-easy,Usher,Yeah!,GxBSyx85Kp8,Yeah! (feat. Lil Jon & Ludacris),USHER / Lil Jon / Ludacris,5rb9QrpfcKFHM1EUbSIurX,a1.00 t1.00,auto-ok
G1,official-pl-2000s-easy,Eminem,Lose Yourself,_Yhyp-_hX2s,Lose Yourself,Eminem,7MJQ9Nfxzh8LPZ9e9u68Fq,a1.00 t1.00,auto-ok
G1,official-pl-2000s-easy,Linkin Park,Numb,kXYiU_JCYtU,Numb,Linkin Park,2nLtzopw4rPReszdYBJU6h,a1.00 t1.00,auto-ok
G1,official-pl-2000s-easy,Alicia Keys,No One,rywUS-ohqeE,No One,Alicia Keys,6IwKcFdiRQZOWeYNhUiWIv,a1.00 t1.00,auto-ok
G1,official-pl-2000s-easy,Justin Timberlake,Cry Me a River,DksSPZTZES0,Cry Me a River,Justin Timberlake,7Lf7oSEVdzZqTA0kEDSlS5,a1.00 t1.00,auto-ok
G1,official-pl-2000s-easy,Evanescence,Bring Me to Life,3YxaaGgTQYM,Bring Me To Life,Evanescence,0COqiPhxzoWICwFCS4eZcp,a1.00 t1.00,auto-ok
G1,official-pl-2000s-easy,Jimmy Eat World,The Middle,oKsxPW6i3pM,The Middle,Jimmy Eat World,6GG73Jik4jUlQCkKg9JuGO,a1.00 t1.00,auto-ok
G1,official-pl-2000s-easy,The Black Eyed Peas,Where Is the Love?,WpYeekQkAdc,Where Is The Love?,Black Eyed Peas,0xmjwnQ3FNE6HuWCt2nHdZ,a0.79 t1.00,review
G1,official-pl-2000s-easy,Coldplay,Viva la Vida,dvgZkm1xWPE,Viva La Vida,Coldplay,1mea3bSkSGXuIRvnydlB5b,a1.00 t1.00,auto-ok
G1,official-pl-2000s-easy,Christina Aguilera,Beautiful,eAfyFTzZDMM,Beautiful,Christina Aguilera,3TCauNPqFiniaYHBvEVoHG,a1.00 t1.00,auto-ok
G1,official-pl-2000s-easy,Miley Cyrus,Party in the U.S.A.,M11SvDtPBhA,Party In The U.S.A.,Miley Cyrus,3E7dfMvvCLUddWissuqMwr,a1.00 t1.00,auto-ok
G1,official-pl-2000s-easy,OutKast,Ms. Jackson,MYxAiK6VnXw,Ms. Jackson,Outkast,0I3q5fE6wg7LIfHGngUTnV,a1.00 t1.00,auto-ok
G1,official-pl-2000s-easy,M.I.A.,Paper Planes,ewRjZoRtu0Y,Paper Planes,M.I.A.,1ixbwbeBi5ufN4noUKmW5a,a1.00 t1.00,auto-ok
G1,official-pl-2000s-easy,Nelly Furtado,Promiscuous,0J2QdDbelmY,Promiscuous,Nelly Furtado / Timbaland,2gam98EZKrF9XuOkU13ApN,a1.00 t1.00,auto-ok
G1,official-pl-2000s-easy,Sean Kingston,Beautiful Girls,MrTz5xjmso4,Beautiful Girls,Sean Kingston,67D9O4Oau629qirRXtTWCS,a1.00 t1.00,auto-ok
G1,official-pl-2000s-easy,Justin Timberlake,SexyBack,3gOHvDP_vCs,SexyBack (feat. Timbaland),Justin Timberlake / Timbaland,0O45fw2L5vsWpdsOdXwNAR,a1.00 t1.00,auto-ok
G1,official-pl-2000s-easy,Hoobastank,The Reason,fV4DiAyExN0,The Reason,Hoobastank,5B5eTk7DF8KVp1zpQoY1XY,a1.00 t1.00,auto-ok
G1,official-pl-2000s-easy,Gorillaz,Feel Good Inc.,HyHNuVaZJ-k,Feel Good Inc.,Gorillaz / De La Soul,0d28khcov6AiegSCpG5TuT,a1.00 t1.00,auto-ok
G1,official-pl-2000s-easy,Plain White T's,Hey There Delilah,h_m-BjrxmgI,Hey There Delilah,Plain White T's,4RCWB3V8V0dignt99LZ8vH,a1.00 t1.00,auto-ok
G1,official-pl-2000s-easy,Taylor Swift,Love Story,8xg3vE8Ie_E,Love Story,Taylor Swift,1D4PL9B8gOg78jiHg3FvBb,a1.00 t1.00,auto-ok
G1,official-pl-2000s-easy,Vanessa Carlton,A Thousand Miles,Cwkej79U3ek,A Thousand Miles,Vanessa Carlton,4w1lzcaoZ1IC2K5TwjalRP,a1.00 t1.00,auto-ok
G1,official-pl-2000s-easy,Usher,OMG,1RnPB76mjxI,OMG (feat. will.i.am),USHER / will.i.am,1bM50INir8voAkVoKuvEUI,a1.00 t1.00,auto-ok
G1,official-pl-2000s-easy,Nickelback,How You Remind Me,1cQh1ccqu8M,How You Remind Me,Nickelback,0gmbgwZ8iqyMPmXefof8Yf,a1.00 t1.00,auto-ok
G1,official-pl-2000s-easy,Lifehouse,Hanging by a Moment,tPnK39ax_AM,Hanging By A Moment,Lifehouse,6jWLyg8AuMQ9LtIB2UlfOF,a1.00 t1.00,auto-ok
G1,official-pl-2000s-easy,Taylor Swift,You Belong with Me,VuNIsY6JdUw,You Belong With Me,Taylor Swift,1GEBsLDvJGw7kviySRI6GX,a1.00 t1.00,auto-ok
G1,official-pl-2000s-easy,P!nk,Get the Party Started,mW1dbiD_zDk,Get the Party Started,P!nk,02jcEwywffn3Tsb48fXmlW,a1.00 t1.00,auto-ok
G1,official-pl-2000s-easy,The Killers,Somebody Told Me,Y5fBdpreJiU,Somebody Told Me,The Killers,6PwjJ58I4t7Mae9xfZ9l9v,a1.00 t1.00,auto-ok
G1,official-pl-2000s-easy,Corinne Bailey Rae,Put Your Records On,rjOhZZyn30k,Put Your Records On,Corinne Bailey Rae,5f5YqZZe34nsabun39eqo8,a1.00 t1.00,auto-ok
G1,official-pl-2000s-easy,Feist,"1, 2, 3, 4",ABYnqp-bxvg,"1, 2, 3, 4 (Van She Tech Remix) - Mixed",Feist / Van She Tech,3EjunV64KClOUVAY5bh1br,a1.00 t1.00 !DANGER,review
G1,official-pl-2000s-easy,Leona Lewis,Bleeding Love,7_weSk0BonM,Bleeding Love,Leona Lewis,7wZUrN8oemZfsEd1CGkbXE,a1.00 t1.00,auto-ok
G1,official-pl-2000s-easy,Alicia Keys,Fallin',Urdlvw0SSEc,Fallin',Alicia Keys,0KQx6HOpJueiSkztcS0r7D,a1.00 t1.00,auto-ok
G1,official-pl-2000s-easy,Sean Paul,Temperature,dW2MmuA1nI4,Temperature,Sean Paul,0k2GOhqsrxDTAbFFSdNJjT,a1.00 t1.00,auto-ok
G1,official-pl-2000s-easy,Green Day,American Idiot,Ee_uujKuJMI,American Idiot,Green Day,6nTiIhLmQ3FWhvrGafw2zj,a1.00 t1.00,auto-ok
G1,official-pl-2000s-easy,Fergie,Fergalicious,5T0utQ-XWGY,Fergalicious,Fergie / will.i.am,6Q44rxzH39y2tjic98Spo5,a1.00 t1.00,auto-ok
G1,official-pl-2000s-easy,Kylie Minogue,Can't Get You Out of My Head,YPwtJ89jes4,Can't Get You out of My Head,Kylie Minogue,3E7ZwUMJFqpsDOJzEkBrQ7,a1.00 t1.00,auto-ok
G1,official-pl-2000s-easy,Avril Lavigne,Sk8er Boi,TIy3n2b7V9k,Sk8er Boi,Avril Lavigne,00Mb3DuaIH1kjrwOku9CGU,a1.00 t1.00,auto-ok
G1,official-pl-2000s-easy,Britney Spears,Toxic,LOZuxwVk7TU,Toxic,Britney Spears,6I9VzXrHxO9rA9A5euc8Ak,a1.00 t1.00,auto-ok
G1,official-pl-2000s-easy,The White Stripes,Seven Nation Army,3ObXzrR1zhA,Seven Nation Army,The White Stripes,3dPQuX8Gs42Y7b454ybpMR,a1.00 t1.00,auto-ok
G1,official-pl-2000s-easy,Franz Ferdinand,Take Me Out,Ijk4j-r7qPA,Take Me Out,Franz Ferdinand,20I8RduZC2PWMWTDCZuuAN,a1.00 t1.00,auto-ok
G1,official-pl-2000s-easy,The Pussycat Dolls,Buttons,VCLxJd1d84s,Buttons,The Pussycat Dolls,314QzMOrpNUqWBUozYshf6,a1.00 t1.00,auto-ok
G1,official-pl-2000s-easy,Kings of Leon,Sex on Fire,RF0HhrwIwp0,Sex on Fire,Kings of Leon,0ntQJM78wzOLVeCUAW7Y45,a1.00 t1.00,auto-ok
G1,official-pl-2000s-easy,Rihanna,Umbrella,CvBfHwUxHIk,Umbrella,Rihanna / JAŸ-Z,49FYlytm3dAAraYgpoJZux,a1.00 t1.00,auto-ok
G1,official-pl-2000s-easy,Snow Patrol,Chasing Cars,GemKqzILV4w,Chasing Cars,Snow Patrol,5hnyJvgoWiQUYZttV4wXy6,a1.00 t1.00,auto-ok
G1,official-pl-2000s-easy,Chris Brown,With You,nmcdLOjGVzw,With You,Chris Brown,5Lgcn7u07bHuqbOtXkN62u,a1.00 t1.00,auto-ok
G1,official-pl-2000s-easy,Lady Gaga,Bad Romance,qrO4YZeyl0I,Bad Romance,Lady Gaga,0SiywuOBRcynK0uKGWdCnn,a1.00 t1.00,auto-ok
G1,official-pl-2000s-easy,The Black Eyed Peas,I Gotta Feeling,uSD4vsh1zDA,I Gotta Feeling,Black Eyed Peas,4kLLWz7srcuLKA7Et40PQR,a0.79 t1.00,review
G1,official-pl-2000s-easy,Kelly Clarkson,Since U Been Gone,R7UrFYvl5TE,Since U Been Gone,Kelly Clarkson,6JY1IdkZGeIcPegKxjSKeb,a1.00 t1.00,auto-ok
G1,official-pl-2000s-easy,T-Pain,Buy U a Drank,dBrRBZy8OTs,Buy U a Drank (Shawty Snappin') (feat. Yung Joc),T-Pain / Yung Joc,1tkMs9wDPknQ3ZHcKDw1ES,a1.00 t1.00,auto-ok
G1,official-pl-2000s-mix,Franz Ferdinand,Take Me Out,GhCXAiNz9Jo,Take Me Out,Franz Ferdinand,20I8RduZC2PWMWTDCZuuAN,a1.00 t1.00,auto-ok
G1,official-pl-2000s-mix,The Pussycat Dolls,Buttons,VCLxJd1d84s,Buttons,The Pussycat Dolls,314QzMOrpNUqWBUozYshf6,a1.00 t1.00,auto-ok
G1,official-pl-2000s-mix,The Killers,Mr. Brightside,gGdGFtwCNBE,Mr. Brightside,The Killers,003vvx7Niy0yvhvHt4a68B,a1.00 t1.00,auto-ok
G1,official-pl-2000s-mix,Chris Brown,With You,nmcdLOjGVzw,With You,Chris Brown,5Lgcn7u07bHuqbOtXkN62u,a1.00 t1.00,auto-ok
G1,official-pl-2000s-mix,P!nk,Get the Party Started,mW1dbiD_zDk,Get the Party Started,P!nk,02jcEwywffn3Tsb48fXmlW,a1.00 t1.00,auto-ok
G1,official-pl-2000s-mix,OutKast,Hey Ya!,PWgvGjAhvIw,Hey Ya!,Outkast,2PpruBYCo4H7WOBJ7Q2EwM,a1.00 t1.00,auto-ok
G1,official-pl-2000s-mix,MGMT,Electric Feel,MmZexg8sxyk,Electric Feel,MGMT,3FtYbEfBqAlGO46NUDQSAt,a1.00 t1.00,auto-ok
G1,official-pl-2000s-mix,Nelly Furtado,Promiscuous,0J3vgcE5i2o,Promiscuous,Nelly Furtado / Timbaland,2gam98EZKrF9XuOkU13ApN,a1.00 t1.00,auto-ok
G1,official-pl-2000s-mix,Sean Kingston,Beautiful Girls,MrTz5xjmso4,Beautiful Girls,Sean Kingston,67D9O4Oau629qirRXtTWCS,a1.00 t1.00,auto-ok
G1,official-pl-2000s-mix,The Black Eyed Peas,I Gotta Feeling,uSD4vsh1zDA,I Gotta Feeling,Black Eyed Peas,4kLLWz7srcuLKA7Et40PQR,a0.79 t1.00,review
G1,official-pl-2000s-mix,Rihanna,Umbrella,CvBfHwUxHIk,Umbrella,Rihanna / JAŸ-Z,49FYlytm3dAAraYgpoJZux,a1.00 t1.00,auto-ok
G1,official-pl-2000s-mix,Amy Winehouse,Rehab,KUmZp8pR1uc,Rehab,Amy Winehouse,1L5tZi0izXsi5Kk5OJf4W0,a1.00 t1.00,auto-ok
G1,official-pl-2000s-mix,Alicia Keys,Fallin',Urdlvw0SSEc,Fallin',Alicia Keys,0KQx6HOpJueiSkztcS0r7D,a1.00 t1.00,auto-ok
G1,official-pl-2000s-mix,Kelly Clarkson,Since U Been Gone,R7UrFYvl5TE,Since U Been Gone,Kelly Clarkson,6JY1IdkZGeIcPegKxjSKeb,a1.00 t1.00,auto-ok
G1,official-pl-2000s-mix,Feist,1234,ABYnqp-bxvg,,,,,no-match
G1,official-pl-2000s-mix,Sean Paul,Get Busy,oPQ3o14ksaM,,,,,no-match
G1,official-pl-2000s-mix,Sean Paul,Temperature,dW2MmuA1nI4,,,,,no-match
G1,official-pl-2000s-mix,Papa Roach,Last Resort,j0lSpNtjPM8,,,,,no-match
G1,official-pl-2000s-mix,blink-182,All the Small Things,9Ht5RZpzPqw,,,,,no-match
G1,official-pl-2000s-mix,P!nk,So What,FJfFZqTlWrQ,,,,,no-match
G1,official-pl-2000s-mix,Linkin Park,In the End,eVTXPUF4Oz4,,,,,no-match
G1,official-pl-2000s-mix,Kanye West,Gold Digger,6vwNcNOTVzY,,,,,no-match
G1,official-pl-2000s-mix,Gwen Stefani,Hollaback Girl,Kgjkth6BRRY,,,,,no-match
G1,official-pl-2000s-mix,Journey,Don't Stop Believin',1k8craCGpgs,,,,,no-match
G1,official-pl-2000s-mix,50 Cent,In da Club,5qm8PH4xAss,,,,,no-match
G1,official-pl-2000s-mix,Christina Aguilera,Beautiful,eAfyFTzZDMM,,,,,no-match
G1,official-pl-2000s-mix,Justin Timberlake,SexyBack,3gOHvDP_vCs,,,,,no-match
G1,official-pl-2000s-mix,Daniel Powter,Bad Day,gH476CxJxfg,,,,,no-match
G1,official-pl-2000s-mix,O-Zone,Dragostea Din Tei,YnopHCL1Jk8,,,,,no-match
G1,official-pl-2000s-mix,Green Day,American Idiot,Ee_uujKuJMI,,,,,no-match
G1,official-pl-2000s-mix,Linkin Park,Numb,kXYiU_JCYtU,,,,,no-match
G1,official-pl-2000s-medium,50 Cent,In Da Club,z8BYGMdHDQ0,In Da Club,50 Cent,7iL6o9tox1zgHpKUfh9vuC,a1.00 t1.00,auto-ok
G1,official-pl-2000s-medium,Lady Gaga,Poker Face,bESGLojNYSo,Poker Face,Lady Gaga,1QV6tiMFM6fSOKOGLMHYYg,a1.00 t1.00,auto-ok
G1,official-pl-2000s-medium,The White Stripes,Seven Nation Army,0J2QdDbelmY,Seven Nation Army,The White Stripes,3dPQuX8Gs42Y7b454ybpMR,a1.00 t1.00,auto-ok
G1,official-pl-2000s-medium,Plain White T's,Hey There Delilah,h_m-BjrxmgI,Hey There Delilah,Plain White T's,4RCWB3V8V0dignt99LZ8vH,a1.00 t1.00,auto-ok
G1,official-pl-2000s-medium,Christina Aguilera,Beautiful,eAfyFTzZDMM,Beautiful,Christina Aguilera,3TCauNPqFiniaYHBvEVoHG,a1.00 t1.00,auto-ok
G1,official-pl-2000s-medium,Kings of Leon,Use Somebody,gnhXHvRoUd0,Use Somebody,Kings of Leon,5VGlqQANWDKJFl0MBG3sg2,a1.00 t1.00,auto-ok
G1,official-pl-2000s-medium,The Killers,Mr. Brightside,gGdGFtwCNBE,Mr. Brightside,The Killers,003vvx7Niy0yvhvHt4a68B,a1.00 t1.00,auto-ok
G1,official-pl-2000s-medium,Rihanna,Umbrella,CvBfHwUxHIk,Umbrella,Rihanna / JAŸ-Z,49FYlytm3dAAraYgpoJZux,a1.00 t1.00,auto-ok
G1,official-pl-2000s-medium,Kings of Leon,Sex on Fire,RF0HhrwIwp0,Sex on Fire,Kings of Leon,0ntQJM78wzOLVeCUAW7Y45,a1.00 t1.00,auto-ok
G1,official-pl-2000s-medium,System of a Down,Chop Suey!,CSvFpBOe8eY,Chop Suey!,System Of A Down,2DlHlPMa4M17kufBvI2lEN,a1.00 t1.00,auto-ok
G1,official-pl-2000s-medium,Eminem,Lose Yourself,_Yhyp-_hX2s,Lose Yourself,Eminem,7MJQ9Nfxzh8LPZ9e9u68Fq,a1.00 t1.00,auto-ok
G1,official-pl-2000s-medium,Kanye West,Gold Digger,6vwNcNOTVzY,Gold Digger,Kanye West / Jamie Foxx,1PS1QMdUqOal0ai3Gt7sDQ,a1.00 t1.00,auto-ok
G1,official-pl-2000s-medium,Britney Spears,Toxic,LOZuxwVk7TU,Toxic,Britney Spears,6I9VzXrHxO9rA9A5euc8Ak,a1.00 t1.00,auto-ok
G1,official-pl-2000s-medium,P!nk,Get the Party Started,mW1dbiD_zDk,Get the Party Started,P!nk,02jcEwywffn3Tsb48fXmlW,a1.00 t1.00,auto-ok
G1,official-pl-2000s-medium,Avril Lavigne,Complicated,5NPBIwQyPWE,Complicated,Avril Lavigne,5xEM5hIgJ1jjgcEBfpkt2F,a1.00 t1.00,auto-ok
G1,official-pl-2000s-medium,Gwen Stefani,Hollaback Girl,Kgjkth6BRRY,Hollaback Girl,Gwen Stefani,0eqH0ALoDQevq59YcQ53KE,a1.00 t1.00,auto-ok
G1,official-pl-2000s-medium,The Calling,Wherever You Will Go,iAP9AF6DCu4,Wherever You Will Go,The Calling,5QpaGzWp0hwB5faV8dkbAz,a1.00 t1.00,auto-ok
G1,official-pl-2000s-medium,3 Doors Down,Kryptonite,xPU8OAjjS4k,Kryptonite,3 Doors Down,6ZOBP3NvffbU4SZcrnt1k6,a1.00 t1.00,auto-ok
G1,official-pl-2000s-medium,Paramore,Decode,RvnkAtWcKYg,Decode - Twilight Soundtrack Version,Paramore,4IDfVjI1TlB1UwlC01T4Bm,a1.00 t1.00,auto-ok
G1,official-pl-2000s-medium,Maroon 5,This Love,XPpTgCho5ZA,This Love,Maroon 5,6ECp64rv50XVz93WvxXMGF,a1.00 t1.00,auto-ok
G1,official-pl-2000s-medium,Gorillaz,Feel Good Inc.,HyHNuVaZJ-k,Feel Good Inc.,Gorillaz / De La Soul,0d28khcov6AiegSCpG5TuT,a1.00 t1.00,auto-ok
G1,official-pl-2000s-medium,Bowling for Soup,1985,K38xNqZvBJI,1985,Bowling For Soup,5oQcOu1omDykbIPSdSQQNJ,a1.00 t1.00,auto-ok
G1,official-pl-2000s-medium,The Black Eyed Peas,I Gotta Feeling,uSD4vsh1zDA,I Gotta Feeling,Black Eyed Peas,4kLLWz7srcuLKA7Et40PQR,a0.79 t1.00,review
G1,official-pl-2000s-medium,Beyoncé,Crazy in Love,ViwtNLUqkMY,Crazy In Love (feat. JAY-Z),Beyoncé / JAŸ-Z,5IVuqXILoxVWvWEPm82Jxr,a1.00 t1.00,auto-ok
G1,official-pl-2000s-medium,Chris Brown,With You,nmcdLOjGVzw,With You,Chris Brown,5Lgcn7u07bHuqbOtXkN62u,a1.00 t1.00,auto-ok
G1,official-pl-2000s-medium,Jet,Are You Gonna Be My Girl,mvdTk4ZyQbk,Are You Gonna Be My Girl,Jet,72zZfHPYx43shcP3eKkYi5,a1.00 t1.00,auto-ok
G1,official-pl-2000s-medium,Coldplay,Clocks,PFW2uSCZ0uE,Clocks,Coldplay,0BCPKOYdS2jbQ8iyB56Zns,a1.00 t1.00,auto-ok
G1,official-pl-2000s-medium,Nelly,Hot in Herre,y8vLMHeO_5s,Hot In Herre,Nelly,04KTF78FFg8sOHC1BADqbY,a1.00 t1.00,auto-ok
G1,official-pl-2000s-medium,Coldplay,Yellow,tdVAqxNLXiw,Yellow,Coldplay,3AJwUDP919kvQ9QcozQPxg,a1.00 t1.00,auto-ok
G1,official-pl-2000s-medium,Weezer,Beverly Hills,HL_WvOly7mY,Beverly Hills,Weezer,1yKu2MhpwzDXXH2tzG6xoa,a1.00 t1.00,auto-ok
G1,official-pl-2000s-medium,Train,Drops of Jupiter,Etr6BrGaJkY,Drops of Jupiter (Tell Me),Train,2hKdd3qO7cWr2Jo0Bcs0MA,a1.00 t1.00,auto-ok
G1,official-pl-2000s-medium,Santana ft. Rob Thomas,Smooth,6Whgn_iE5uc,Smooth (feat. Rob Thomas),Santana / Rob Thomas,0n2SEXB2qoRQg171q7XqeW,a1.00 t1.00,auto-ok
G1,official-pl-2000s-medium,Timbaland ft. OneRepublic,Apologize,ZSM3w1v-A_Y,Apologize,Timbaland / OneRepublic,6q3zC9dDD4lUNk8nfUztXy,a1.00 t1.00,auto-ok
G1,official-pl-2000s-medium,Nelly ft. Kelly Rowland,Dilemma,8WYHDfJDPDc,Dilemma,Nelly / Kelly Rowland,0ARK753YaiJbpLUk7z5yIM,a1.00 t1.00,auto-ok
G1,official-pl-2000s-medium,Alicia Keys,No One,rywUS-ohqeE,No One,Alicia Keys,6IwKcFdiRQZOWeYNhUiWIv,a1.00 t1.00,auto-ok
G1,official-pl-2000s-medium,Maroon 5,She Will Be Loved,nIjVuRTm-dc,She Will Be Loved,Maroon 5,7sapKrjDij2fpDVj0GxP66,a1.00 t1.00,auto-ok
G1,official-pl-2000s-medium,Fountains of Wayne,Stacy's Mom,dZLfasMPOU4,Stacy's Mom,Fountains Of Wayne,27L8sESb3KR79asDUBu8nW,a1.00 t1.00,auto-ok
G1,official-pl-2000s-medium,Blink-182,All the Small Things,9Ht5RZpzPqw,All The Small Things,blink-182,2m1hi0nfMR9vdGC8UcrnwU,a1.00 t1.00,auto-ok
G1,official-pl-2000s-medium,Linkin Park,In the End,eVTXPUF4Oz4,In the End,Linkin Park,60a0Rd6pjrkxjPbaKzXjfq,a1.00 t1.00,auto-ok
G1,official-pl-2000s-medium,Jimmy Eat World,The Middle,oKsxPW6i3pM,The Middle,Jimmy Eat World,6GG73Jik4jUlQCkKg9JuGO,a1.00 t1.00,auto-ok
G1,official-pl-2000s-medium,Fall Out Boy,"Sugar, We're Goin Down",uhG-vLZrb-g,"Sugar, We're Goin Down",Fall Out Boy,2TfSHkHiFO4gRztVIkggkE,a1.00 t1.00,auto-ok
G1,official-pl-2000s-medium,OutKast,Ms. Jackson,MYxAiK6VnXw,Ms. Jackson,Outkast,0I3q5fE6wg7LIfHGngUTnV,a1.00 t1.00,auto-ok
G1,official-pl-2000s-medium,Lifehouse,Hanging by a Moment,tPnK39ax_AM,Hanging By A Moment,Lifehouse,6jWLyg8AuMQ9LtIB2UlfOF,a1.00 t1.00,auto-ok
G1,official-pl-2000s-medium,P!nk,So What,FJfFZqTlWrQ,So What,P!nk,0JiY190vktuhSGN6aqJdrt,a1.00 t1.00,auto-ok
G1,official-pl-2000s-medium,Vanessa Carlton,A Thousand Miles,Cwkej79U3ek,A Thousand Miles,Vanessa Carlton,4w1lzcaoZ1IC2K5TwjalRP,a1.00 t1.00,auto-ok
G1,official-pl-2000s-medium,Avril Lavigne,Sk8er Boi,TIy3n2b7V9k,Sk8er Boi,Avril Lavigne,00Mb3DuaIH1kjrwOku9CGU,a1.00 t1.00,auto-ok
G1,official-pl-2000s-medium,Yellowcard,Ocean Avenue,X9fLbfzCqWw,Ocean Avenue,Yellowcard,23oxJmDc1V9uLUSmN2LIvx,a1.00 t1.00,auto-ok
G1,official-pl-2000s-medium,Papa Roach,Last Resort,j0lSpNtjPM8,Last Resort,Papa Roach,5W8YXBz9MTIDyrpYaCg2Ky,a1.00 t1.00,auto-ok
G1,official-pl-2000s-medium,Justin Timberlake,SexyBack,3gOHvDP_vCs,SexyBack (feat. Timbaland),Justin Timberlake / Timbaland,0O45fw2L5vsWpdsOdXwNAR,a1.00 t1.00,auto-ok
G1,official-pl-2000s-medium,Smash Mouth,All Star,L_jWHffIx5E,All Star,Smash Mouth,3cfOd4CMv2snFaKAnMdnvK,a1.00 t1.00,auto-ok
G1,official-pl-2000s-medium,The All-American Rejects,Move Along,XleOkGsYgO8,Move Along,The All-American Rejects,58HpsDKeYoLtNhXFQyQmz5,a1.00 t1.00,auto-ok
G1,official-pl-2000s-medium,Modest Mouse,Float On,CTAud5O7Qqk,Float On,Modest Mouse,2lwwrWVKdf3LR9lbbhnr6R,a1.00 t1.00,auto-ok
G1,official-pl-2000s-medium,Linkin Park,Numb,8qJcbeO3Ajs,Numb,Linkin Park,2nLtzopw4rPReszdYBJU6h,a1.00 t1.00,auto-ok
G1,official-pl-2000s-medium,The Black Eyed Peas,Where Is the Love?,WpYeekQkAdc,Where Is The Love?,Black Eyed Peas,0xmjwnQ3FNE6HuWCt2nHdZ,a0.79 t1.00,review
G1,official-pl-2000s-medium,Franz Ferdinand,Take Me Out,GhCXAiNz9Jo,Take Me Out,Franz Ferdinand,20I8RduZC2PWMWTDCZuuAN,a1.00 t1.00,auto-ok
G1,official-pl-2000s-medium,Leona Lewis,Bleeding Love,7_weSk0BonM,Bleeding Love,Leona Lewis,7wZUrN8oemZfsEd1CGkbXE,a1.00 t1.00,auto-ok
G1,official-pl-2000s-medium,Missy Elliott,Get Ur Freak On,FPoKiGQzbSQ,Get Ur Freak On,Missy Elliott,6zsk6uF3MxfIeHPlubKBvR,a1.00 t1.00,auto-ok
G1,official-pl-2000s-medium,Fergie,Big Girls Don't Cry,agrXgrAgQ0U,Big Girls Don't Cry (Personal),Fergie,6dgWWAs5yhWPOtvE1zuoQ1,a1.00 t1.00,auto-ok
G1,official-pl-2000s-medium,Snoop Dogg,Drop It Like It's Hot,GtUVQei3nX4,Drop It Like It's Hot,Snoop Dogg / Pharrell Williams,2NBQmPrOEEjA8VbeWOQGxO,a1.00 t1.00,auto-ok
G1,official-pl-2000s-medium,Gwen Stefani,Sweet Escape,O0lf_fE3HwA,The Sweet Escape,Gwen Stefani / Akon,07K4GcCDSTiXUF5ssyTRUM,a1.00 t0.75,review
G1,official-pl-2000s-medium,Lady Gaga,Just Dance,2Abk1jAONjw,Just Dance,Lady Gaga / Colby O'Donis,1dzQoRqT5ucxXVaAhTcT0J,a1.00 t1.00,auto-ok
G1,official-pl-2000s-medium,Green Day,Boulevard of Broken Dreams,Soa3gO7tL-c,Boulevard of Broken Dreams,Green Day,1hwJKpe0BPUsq6UUrwBWTw,a1.00 t1.00,auto-ok
G1,official-pl-2000s-medium,Rihanna,Shut Up and Drive,up7pvPqNkuU,Shut Up And Drive,Rihanna,4Tn2llBm1g0UlWctmgPL8Z,a1.00 t1.00,auto-ok
G1,official-pl-2000s-medium,3OH!3,Don't Trust Me,mdB3Oyd5HtU,Don't Trust Me,3OH!3,6bCJDetmBqdBpEJqJl9hqS,a1.00 t1.00,auto-ok
G1,official-pl-2000s-medium,Fall Out Boy,Thnks fr th Mmrs,onzL0EM1pKY,Thnks fr th Mmrs,Fall Out Boy,3Zwu2K0Qa5sT6teCCHPShP,a1.00 t1.00,auto-ok
G1,official-pl-2000s-medium,The Killers,All These Things That I've Done,sZTpLvsYYHw,All These Things That I've Done,The Killers,5vollujufHY0jMZxx77VWr,a1.00 t1.00,auto-ok
G1,official-pl-2000s-medium,Missy Elliott,Work It,cjIvu7e6Wq8,Work It,Missy Elliott,3jagJCUbdqhDSPuxP8cAqF,a1.00 t1.00,auto-ok
G1,official-pl-2000s-medium,My Chemical Romance,I'm Not Okay (I Promise),dhZTNgAs4Fc,I'm Not Okay (I Promise),My Chemical Romance,7lRlq939cDG4SzWOF4VAnd,a1.00 t1.00,auto-ok
G1,official-pl-2000s-medium,Green Day,American Idiot,co_-cIa7Wlo,American Idiot,Green Day,6nTiIhLmQ3FWhvrGafw2zj,a1.00 t1.00,auto-ok
G1,official-pl-2000s-medium,KT Tunstall,Suddenly I See,Wh2AEwOtFHA,Suddenly I See,KT Tunstall,5p9XWUdvbUzmPCukOmwoU3,a1.00 t1.00,auto-ok
G1,official-pl-2000s-medium,Eminem,Without Me,fsG39JgqTmo,Without Me,Eminem,7lQ8MOhq6IN2w8EYcFNSUk,a1.00 t1.00,auto-ok
G1,official-pl-2000s-medium,My Chemical Romance,Welcome to the Black Parade,RRKJiM9Njr8,Welcome to the Black Parade,My Chemical Romance,5wQnmLuC1W7ATsArWACrgW,a1.00 t1.00,auto-ok
G1,official-pl-2000s-medium,Evanescence,Bring Me to Life,i3MKTm-49uI,Bring Me To Life,Evanescence,0COqiPhxzoWICwFCS4eZcp,a1.00 t1.00,auto-ok
G1,official-pl-2000s-medium,OutKast,Hey Ya!,PWgvGjAhvIw,Hey Ya!,Outkast,2PpruBYCo4H7WOBJ7Q2EwM,a1.00 t1.00,auto-ok
G1,official-pl-2000s-medium,Amy Winehouse,Rehab,KUmZp8pR1uc,Rehab,Amy Winehouse,1L5tZi0izXsi5Kk5OJf4W0,a1.00 t1.00,auto-ok
G1,official-pl-2000s-medium,Kelly Clarkson,Since U Been Gone,R7UrFYvl5TE,Since U Been Gone,Kelly Clarkson,6JY1IdkZGeIcPegKxjSKeb,a1.00 t1.00,auto-ok
G1,official-pl-2000s-medium,Usher ft. Lil Jon & Ludacris,Yeah!,GxBSyx85Kp8,Yeah! (feat. Lil Jon & Ludacris),USHER / Lil Jon / Ludacris,5rb9QrpfcKFHM1EUbSIurX,a1.00 t1.00,auto-ok
G1,official-pl-2000s-medium,Arctic Monkeys,I Bet You Look Good on the Dancefloor,CYpn8yUnX_c,I Bet You Look Good On The Dancefloor,Arctic Monkeys,3DQVgcqaP3iSMbaKsd57l5,a1.00 t1.00,auto-ok
G1,official-pl-2000s-medium,Nickelback,How You Remind Me,Aiay8I5IPB8,How You Remind Me,Nickelback,0gmbgwZ8iqyMPmXefof8Yf,a1.00 t1.00,auto-ok
G1,official-pl-2000s-medium,Gnarls Barkley,Crazy,Qe500eIK1oA,Crazy,Gnarls Barkley / CeeLo Green / Danger Mouse,1vxw6aYJls2oq3gW0DujAo,a1.00 t1.00,auto-ok
G2,official-pl-2010s-easy,Justin Bieber,Sorry,fRh_vgS2dFE,Sorry,Justin Bieber,09CtPGIpYB4BrO8qb1RGsF,a1.00 t1.00,auto-ok
G2,official-pl-2010s-easy,DJ Snake ft. Justin Bieber,Let Me Love You,euCqAq6BRa4,Let Me Love You,DJ Snake / Justin Bieber,0lYBSQXN6rCTvUZvg9S0lU,a1.00 t1.00,auto-ok
G2,official-pl-2010s-easy,Macklemore & Ryan Lewis,Thrift Shop,QK8mJJJvaes,Thrift Shop (feat. Wanz),Macklemore & Ryan Lewis / Macklemore / Ryan Lewis / Wanz,7bYZBVrnRfqeaPbhRyEvK3,a1.00 t1.00,auto-ok
G2,official-pl-2010s-easy,Pitbull ft. Ke$ha,Timber,hHUbLv4ThOo,Timber,Pitbull / Kesha,3cHyrEgdyYRjgJKSOiOtcS,a1.00 t1.00,auto-ok
G2,official-pl-2010s-easy,Sia,Chandelier,2vjPBrBU-TM,Chandelier,Sia,4VrWlk8IQxevMvERoX08iC,a1.00 t1.00,auto-ok
G2,official-pl-2010s-easy,Bruno Mars,Just the Way You Are,LjhCEhWiKXk,Just the Way You Are,Bruno Mars,47Slg6LuqLaX0VodpSCvPt,a1.00 t1.00,auto-ok
G2,official-pl-2010s-easy,Hozier,Take Me to Church,PVjiKRfKpPI,Take Me To Church,Hozier,3dYD57lRAUcMHufyqn9GcI,a1.00 t1.00,auto-ok
G2,official-pl-2010s-easy,Fifth Harmony ft. Ty Dolla $ign,Work from Home,5GL9JoH4Sws,Work from Home (feat. Ty Dolla $ign),Fifth Harmony / Ty Dolla $ign,4tCtwWceOPWzenK2HAIJSb,a1.00 t1.00,auto-ok
G2,official-pl-2010s-easy,Maroon 5,Sugar,09R8_2nJtjg,Sugar,Maroon 5,2iuZJX9X9P0GKaE93xcPjk,a1.00 t1.00,auto-ok
G2,official-pl-2010s-easy,Dua Lipa,IDGAF,Mgfe5tIwOj0,IDGAF,Dua Lipa,76cy1WJvNGJTj78UqeA5zr,a1.00 t1.00,auto-ok
G2,official-pl-2010s-easy,Twenty One Pilots,Stressed Out,pXRviuL6vMY,Stressed Out,Twenty One Pilots,3CRDbSIZ4r5MsZ0YwxuEkn,a1.00 t1.00,auto-ok
G2,official-pl-2010s-easy,Charlie Puth,Attention,nfs8NYg7yQM,Attention,Charlie Puth,5cF0dROlMOK5uNZtivgu50,a1.00 t1.00,auto-ok
G2,official-pl-2010s-easy,Imagine Dragons,Demons,mWRsgZuwf_8,Demons,Imagine Dragons,5qaEfEh1AtSdrdrByCP7qR,a1.00 t1.00,auto-ok
G2,official-pl-2010s-easy,The Chainsmokers ft. Daya,Don't Let Me Down,Io0fBr1XBUA,Don't Let Me Down,The Chainsmokers / Daya,1i1fxkWeaMmKEB4T7zqbzK,a1.00 t1.00,auto-ok
G2,official-pl-2010s-easy,Maroon 5 ft. Wiz Khalifa,Payphone,KRaWnd3LJfs,Payphone,Maroon 5 / Wiz Khalifa,1XGmzt0PVuFgQYYnV2It7A,a1.00 t1.00,auto-ok
G2,official-pl-2010s-easy,Dua Lipa,New Rules,k2qgadSvNyU,New Rules,Dua Lipa,2ekn2ttSfGqwhhate0LSR0,a1.00 t1.00,auto-ok
G2,official-pl-2010s-easy,Lukas Graham,7 Years,LHCob76kigA,7 Years,Lukas Graham,5kqIPrATaCc2LqxVWzQGbk,a1.00 t1.00,auto-ok
G2,official-pl-2010s-easy,Shawn Mendes,Treat You Better,lY2yjAdbvdQ,Treat You Better,Shawn Mendes,3QGsuHI8jO1Rx4JWLUh9jd,a1.00 t1.00,auto-ok
G2,official-pl-2010s-easy,Bebe Rexha & Florida Georgia Line,Meant to Be,zDo0H8Fm7d0,Meant to Be (feat. Florida Georgia Line),Bebe Rexha / Florida Georgia Line,7iDa6hUg2VgEL1o1HjmfBn,a1.00 t1.00,auto-ok
G2,official-pl-2010s-easy,Marshmello & Bastille,Happier,m7Bc3pLyij0,Happier,Marshmello / Bastille,7BqHUALzNBTanL6OvsqmC1,a1.00 t1.00,auto-ok
G2,official-pl-2010s-easy,Drake,God's Plan,xpVfcZ0ZcFM,God's Plan,Drake,6DCZcSspjsKoFjzjrWoCdn,a1.00 t1.00,auto-ok
G2,official-pl-2010s-easy,"Zedd, Maren Morris & Grey",The Middle,M3N06KyK3s0,The Middle,Zedd / Maren Morris / Grey,09IStsImFySgyp0pIQdqAc,a1.00 t1.00,auto-ok
G2,official-pl-2010s-easy,Billie Eilish,Bad Guy,DyDfgMOUjCI,bad guy,Billie Eilish,2Fxmhks0bxGSBdJ92vM42m,a1.00 t1.00,auto-ok
G2,official-pl-2010s-easy,Katy Perry,Roar,CevxZvSJLk8,Roar,Katy Perry,6F5c58TMEs1byxUstkzVeM,a1.00 t1.00,auto-ok
G2,official-pl-2010s-easy,Lil Nas X,Old Town Road,r7qovpFAGrQ,Old Town Road,Lil Nas X,0F7FA14euOIX8KcbEturGH,a1.00 t1.00,auto-ok
G2,official-pl-2010s-easy,Carly Rae Jepsen,Call Me Maybe,fWNaR-rxAic,Call Me Maybe,Carly Rae Jepsen,20I6sIOMTCkB6w7ryavxtO,a1.00 t1.00,auto-ok
G2,official-pl-2010s-easy,Ed Sheeran,Shape of You,liTfD88dbCo,Shape of You,Ed Sheeran,7qiZfU4dY1lWllzX7mPBI3,a1.00 t1.00,auto-ok
G2,official-pl-2010s-easy,Daft Punk,Get Lucky,5NV6Rdv1a3I,Get Lucky (feat. Pharrell Williams and Nile Rodgers),Daft Punk / Pharrell Williams / Nile Rodgers,69kOkLUCkxIZYexIgSG8rq,a1.00 t1.00,auto-ok
G2,official-pl-2010s-easy,Post Malone,Sunflower,UYwF-jdcVjY,Sunflower - Spider-Man: Into the Spider-Verse,Post Malone / Swae Lee,3KkXRkHbMCARz0aVfEt68P,a1.00 t1.00,auto-ok
G2,official-pl-2010s-easy,Lorde,Royals,f2JuxM-snGc,Royals,Lorde,4SDWMFvYJKtK1QPhIOeZhd,a1.00 t1.00,auto-ok
G2,official-pl-2010s-easy,Camila Cabello ft. Young Thug,Havana,HCjNJDNzw8Y,Havana (feat. Young Thug),Camila Cabello / Young Thug,1rfofaqEpACxVEHIZBJe6W,a1.00 t1.00,auto-ok
G2,official-pl-2010s-easy,Foster the People,Pumped Up Kicks,SDTZ7iX4vTQ,Pumped Up Kicks,Foster The People,7w87IxuO7BDcJ3YUqCyMTT,a1.00 t1.00,auto-ok
G2,official-pl-2010s-easy,Sia,Cheap Thrills,nYh-n7EOtMA,Cheap Thrills (feat. Sean Paul),Sia / Sean Paul,378iszndTZAR4dH8kwsLC6,a1.00 t1.00,auto-ok
G2,official-pl-2010s-easy,"Robin Thicke ft. T.I., Pharrell",Blurred Lines,yyDUC1LUXSU,Blurred Lines,Robin Thicke / T.I. / Pharrell Williams,0n4bITAu0Y0nigrz3MFJMb,a1.00 t1.00,auto-ok
G2,official-pl-2010s-easy,James Arthur,Say You Won't Let Go,0yW7w8F2TVA,Say You Won't Let Go,James Arthur,5uCax9HTNlzGybIStD3vDh,a1.00 t1.00,auto-ok
G2,official-pl-2010s-easy,Rihanna ft. Calvin Harris,We Found Love,tg00YEETFzg,We Found Love,Rihanna / Calvin Harris,0U10zFw4GlBacOy9VDGfGL,a1.00 t1.00,auto-ok
G2,official-pl-2010s-easy,Clean Bandit ft. Jess Glynne,Rather Be,m-M1AtrxztU,Rather Be (feat. Jess Glynne),Clean Bandit / Jess Glynne,3s4U7OHV7gnj42VV72eSZ6,a1.00 t1.00,auto-ok
G2,official-pl-2010s-easy,PSY,Gangnam Style,9bZkp7q19f0,Gangnam Style (강남스타일),PSY,03UrZgTINDqvnUMbbIMhql,a1.00 t1.00,auto-ok
G2,official-pl-2010s-easy,Portugal. The Man,Feel It Still,pBkHHoOIIn8,Feel It Still,Portugal. The Man,6QgjcU0zLnzq5OrUoSZ3OK,a1.00 t1.00,auto-ok
G2,official-pl-2010s-easy,The Chainsmokers & Coldplay,Something Just Like This,FM7MFYoylVs,Something Just Like This,The Chainsmokers / Coldplay,1dNIEtp7AY3oDAKCGg2XkH,a1.00 t1.00,auto-ok
G2,official-pl-2010s-easy,The Chainsmokers ft. Halsey,Closer,PT2_F-1esPk,Closer,The Chainsmokers / Halsey,7BKLCZ1jbUBVqRi2FVlTVw,a1.00 t1.00,auto-ok
G2,official-pl-2010s-easy,Major Lazer & DJ Snake ft. MØ,Lean On,YqeW9_5kURI,Lean On,Major Lazer / MØ / DJ Snake,4UKJUbcuStnnxLeJmVJsSc,a1.00 t1.00,auto-ok
G2,official-pl-2010s-easy,John Legend,All of Me,450p7goxZqg,All of Me,John Legend,3U4isOIWM3VvDubwSI3y7a,a1.00 t1.00,auto-ok
G2,official-pl-2010s-easy,Ed Sheeran,Thinking Out Loud,lp-EO5I60KA,Thinking out Loud,Ed Sheeran,34gCuhDGsG4bRPIf9bb02f,a1.00 t1.00,auto-ok
G2,official-pl-2010s-easy,Pharrell Williams,Happy,ZbZSe6N_BXs,"Happy - From ""Despicable Me 2""",Pharrell Williams,60nZcImufyMA1MKQY3dcCH,a1.00 t1.00,auto-ok
G2,official-pl-2010s-easy,Avicii,Wake Me Up,IcrbM1l_BoI,Wake Me Up,Avicii,0nrRP2bk19rLc0orkWPQk2,a1.00 t1.00,auto-ok
G2,official-pl-2010s-easy,Lewis Capaldi,Someone You Loved,zABLecsR5UE,Someone You Loved,Lewis Capaldi,7qEHsqek33rTcFNT9PFqLf,a1.00 t1.00,auto-ok
G2,official-pl-2010s-easy,Maroon 5,Animals,qpgTC9MDx1o,Animals,Maroon 5,2bL2gyO6kBdLkNSkxXNh6x,a1.00 t1.00,auto-ok
G2,official-pl-2010s-easy,Ariana Grande,"thank u, next",gl1aHhXnN1k,"thank u, next",Ariana Grande,3e9HZxeyfWwjeyPAMmWSSQ,a1.00 t1.00,auto-ok
G2,official-pl-2010s-easy,"Cardi B, Bad Bunny & J Balvin",I Like It,xTlNMmZKwpA,I Like It,Cardi B / Bad Bunny / J Balvin,58q2HKrzhC3ozto2nDdN4z,a1.00 t1.00,auto-ok
G2,official-pl-2010s-easy,Twenty One Pilots,Ride,Pw-0pbY9JeU,Ride,Twenty One Pilots,2Z8WuEywRWYTKe1NybPQEW,a1.00 t1.00,auto-ok
G2,official-pl-2010s-easy,Katy Perry,Firework,QGJuMBdaqIw,Firework,Katy Perry,1mXuMM6zjPgjL4asbBsgnt,a1.00 t1.00,auto-ok
G2,official-pl-2010s-easy,Miley Cyrus,Wrecking Ball,My2FRPA3Gf8,Wrecking Ball,Miley Cyrus,2vwlzO0Qp8kfEtzTsCXfyE,a1.00 t1.00,auto-ok
G2,official-pl-2010s-easy,Katy Perry ft. Juicy J,Dark Horse,0KSOMA3QBU0,Dark Horse,Katy Perry / Juicy J,5jrdCoLpJSvHHorevXBATy,a1.00 t1.00,auto-ok
G2,official-pl-2010s-easy,Clean Bandit ft. Sean Paul & Anne-Marie,Rockabye,papuvlVeZg8,Rockabye (feat. Sean Paul & Anne-Marie),Clean Bandit / Anne-Marie / Sean Paul,3fvY2U1AzW0diYF0hnBbKt,a1.00 t1.00,auto-ok
G2,official-pl-2010s-easy,fun. ft. Janelle Monáe,We Are Young,Sv6dMFF_yts,We Are Young (feat. Janelle Monáe),fun. / Janelle Monáe,5rgy6ghBq1eRApCkeUdJXf,a1.00 t1.00,auto-ok
G2,official-pl-2010s-easy,Justin Bieber,What Do You Mean?,DK_0jXPuIr0,What Do You Mean?,Justin Bieber,4B0JvthVoAAuygILe3n4Bs,a1.00 t1.00,auto-ok
G2,official-pl-2010s-easy,Miley Cyrus,We Can't Stop,LrUvu1mlWco,We Can't Stop,Miley Cyrus,2y4lAQpi5VTNLu2ldeTdUH,a1.00 t1.00,auto-ok
G2,official-pl-2010s-easy,Maroon 5 ft. Christina Aguilera,Moves Like Jagger,iEPTlhBmwRg,Moves Like Jagger,Maroon 5 / Christina Aguilera,1r299qCKBLgUS9XJ9m1kEx,a1.00 t1.00,auto-ok
G2,official-pl-2010s-easy,Charlie Puth,How Long,CwfoyVa980U,How Long,Charlie Puth,6wmAHw1szh5RCKSRjiXhPe,a1.00 t1.00,auto-ok
G2,official-pl-2010s-easy,Panic! At The Disco,High Hopes,IPXIgEAGe4U,High Hopes,Panic! At The Disco,1rqqCSm0Qe4I9rUvWncaom,a1.00 t1.00,auto-ok
G2,official-pl-2010s-easy,David Guetta ft. Sia,Titanium,JRfuAukYTKg,Titanium (feat. Sia),David Guetta / Sia,0TDLuuLlV54CkRRUOahJb4,a1.00 t1.00,auto-ok
G2,official-pl-2010s-easy,Calvin Harris ft. Rihanna,This Is What You Came For,kOkQ4T5WO9E,This Is What You Came For,Calvin Harris / Rihanna,0azC730Exh71aQlOt9Zj3y,a1.00 t1.00,auto-ok
G2,official-pl-2010s-easy,Major Lazer ft. Justin Bieber & MØ,Cold Water,a59gmGkq_pw,Cold Water (feat. Justin Bieber & MØ),Major Lazer / Justin Bieber / MØ,6Bjtr3tPdto5nyuLYf61sN,a1.00 t1.00,auto-ok
G2,official-pl-2010s-easy,Gotye ft. Kimbra,Somebody That I Used to Know,8UVNT4wvIGY,Somebody That I Used to Know,Gotye / Kimbra,62oaDoBveZxvZb94ziiMXi,a1.00 t1.00,auto-ok
G2,official-pl-2010s-easy,Wiz Khalifa ft. Charlie Puth,See You Again,RgKAFK5djSk,See You Again (feat. Charlie Puth),Wiz Khalifa / Charlie Puth,2JzZzZUQj3Qff7wapcbKjc,a1.00 t1.00,auto-ok
G2,official-pl-2010s-easy,Maroon 5 ft. Cardi B,Girls Like You,aJOTlE1K90k,Girls Like You,Maroon 5,7npLlaPu9Mfno8hjk5OagD,a1.00 t1.00,auto-ok
G2,official-pl-2010s-easy,Ariana Grande,No Tears Left to Cry,ffxKSjUwKdU,no tears left to cry,Ariana Grande,2qT1uLXPVPzGgFOx4jtEuo,a1.00 t1.00,auto-ok
G2,official-pl-2010s-easy,OneRepublic,Counting Stars,hT_nvWreIhg,Counting Stars,OneRepublic,2tpWsVSb9UEmDRxAl1zhX1,a1.00 t1.00,auto-ok
G2,official-pl-2010s-easy,Taylor Swift,Blank Space,e-ORhEE9VVg,Blank Space,Taylor Swift,1u8c2t2Cy7UBoG4ArRcF5g,a1.00 t1.00,auto-ok
G2,official-pl-2010s-easy,Maroon 5 ft. SZA,What Lovers Do,5Wiio4KoGe8,What Lovers Do (feat. SZA),Maroon 5 / SZA,0GxQ1A5L9xnMOytbP6eKBG,a1.00 t1.00,auto-ok
G2,official-pl-2010s-easy,Bruno Mars,Grenade,SR6iYWJxHqs,Grenade,Bruno Mars,4lLtanYk6tkMvooU0tWzG8,a1.00 t1.00,auto-ok
G2,official-pl-2010s-easy,Justin Timberlake,Can't Stop the Feeling!,ru0K8uYEZWw,"CAN'T STOP THE FEELING! (from DreamWorks Animation's ""TROLLS"")",Justin Timberlake,6JV2JOEocMgcZxYSZelKcc,a1.00 t1.00,auto-ok
G2,official-pl-2010s-easy,Taylor Swift,Shake It Off,nfWlot6h_JM,Shake It Off,Taylor Swift,0cqRj7pUJDkTCEsJkx8snD,a1.00 t1.00,auto-ok
G2,official-pl-2010s-easy,LMFAO,Party Rock Anthem,3JDHlCcn-UY,Party Rock Anthem,LMFAO / Lauren Bennett / GoonRock,7mitXLIMCflkhZiD34uEQI,a1.00 t1.00,auto-ok
G2,official-pl-2010s-easy,Imagine Dragons,Radioactive,ktvTqknDobU,Radioactive,Imagine Dragons,62yJjFtgkhUrXktIoSjgP2,a1.00 t1.00,auto-ok
G2,official-pl-2010s-easy,Mark Ronson,Uptown Funk,OPf0YbXqDm0,Uptown Funk (feat. Bruno Mars),Mark Ronson / Bruno Mars,32OlwWuMpZ6b0aN2RZOeMS,a1.00 t1.00,auto-ok
G2,official-pl-2010s-easy,DJ Snake & Lil Jon,Turn Down for What,HMUDVMiITOU,Turn Down for What,DJ Snake / Lil Jon,67awxiNHNyjMXhVgsHuIrs,a1.00 t1.00,auto-ok
G2,official-pl-2010s-easy,Adele,Rolling in the Deep,bDtjO-R0QSo,Rolling in the Deep,Adele,4OSBTYWVwsQhGLF9NHvIbR,a1.00 t1.00,auto-ok
G2,official-pl-2010s-easy,Luis Fonsi,Despacito,kJQP7kiw5Fk,Despacito,Luis Fonsi / Daddy Yankee,6habFhsOp2NvshLv26DqMb,a1.00 t1.00,auto-ok
G2,official-pl-2010s-mix,Taylor Swift,Blank Space,e-ORhEE9VVg,Blank Space,Taylor Swift,1u8c2t2Cy7UBoG4ArRcF5g,a1.00 t1.00,auto-ok
G2,official-pl-2010s-mix,Justin Bieber,Sorry,8ELbX5CMomE,Sorry,Justin Bieber,09CtPGIpYB4BrO8qb1RGsF,a1.00 t1.00,auto-ok
G2,official-pl-2010s-mix,Tones and I,Dance Monkey,q0hyYWKXF0Q,Dance Monkey,Tones And I,2XU0oxnq2qxCpomAAuJY8K,a1.00 t1.00,auto-ok
G2,official-pl-2010s-mix,John Legend,All of Me,450p7goxZqg,All of Me,John Legend,3U4isOIWM3VvDubwSI3y7a,a1.00 t1.00,auto-ok
G2,official-pl-2010s-mix,Bastille,Pompeii,F90Cw4l-8NY,Pompeii,Bastille,6fNhZRFEkBfgW39W3wKARJ,a1.00 t1.00,auto-ok
G2,official-pl-2010s-mix,Katy Perry,Roar,CevxZvSJLk8,Roar,Katy Perry,6F5c58TMEs1byxUstkzVeM,a1.00 t1.00,auto-ok
G2,official-pl-2010s-mix,Vance Joy,Riptide,uJ_1HMAGb4k,Riptide,Vance Joy,7yq4Qj7cqayVTp3FF9CWbm,a1.00 t1.00,auto-ok
G2,official-pl-2010s-mix,Tove Lo,Habits (Stay High),oh2LWWORoiM,Habits (Stay High),Tove Lo,18AJRdgUoO9EYn11N7xzaT,a1.00 t1.00,auto-ok
G2,official-pl-2010s-mix,The Lumineers,Ho Hey,zvCBSSwgtg4,Ho Hey,The Lumineers,0DwClY2t9YAWHBROMIgrXb,a1.00 t1.00,auto-ok
G2,official-pl-2010s-mix,OneRepublic,Counting Stars,hT_nvWreIhg,Counting Stars,OneRepublic,2tpWsVSb9UEmDRxAl1zhX1,a1.00 t1.00,auto-ok
G2,official-pl-2010s-mix,Ed Sheeran,Thinking Out Loud,lp-EO5I60KA,Thinking out Loud,Ed Sheeran,34gCuhDGsG4bRPIf9bb02f,a1.00 t1.00,auto-ok
G2,official-pl-2010s-mix,Avicii,Wake Me Up,IcrbM1l_BoI,Wake Me Up,Avicii,0nrRP2bk19rLc0orkWPQk2,a1.00 t1.00,auto-ok
G2,official-pl-2010s-mix,Maroon 5,Sugar,09R8_2nJtjg,Sugar,Maroon 5,2iuZJX9X9P0GKaE93xcPjk,a1.00 t1.00,auto-ok
G2,official-pl-2010s-mix,Hozier,Take Me to Church,PVjiKRfKpPI,Take Me To Church,Hozier,3dYD57lRAUcMHufyqn9GcI,a1.00 t1.00,auto-ok
G2,official-pl-2010s-mix,Lorde,Royals,nlcIKh6sBtc,Royals,Lorde,4SDWMFvYJKtK1QPhIOeZhd,a1.00 t1.00,auto-ok
G2,official-pl-2010s-mix,Ed Sheeran,Shape of You,JGwWNGJdvx8,Shape of You,Ed Sheeran,7qiZfU4dY1lWllzX7mPBI3,a1.00 t1.00,auto-ok
G2,official-pl-2010s-mix,Luis Fonsi ft. Daddy Yankee,Despacito,kJQP7kiw5Fk,Despacito,Luis Fonsi / Daddy Yankee,6habFhsOp2NvshLv26DqMb,a1.00 t1.00,auto-ok
G2,official-pl-2010s-mix,Justin Timberlake,Can't Stop the Feeling!,ru0K8uYEZWw,"CAN'T STOP THE FEELING! (from DreamWorks Animation's ""TROLLS"")",Justin Timberlake,6JV2JOEocMgcZxYSZelKcc,a1.00 t1.00,auto-ok
G2,official-pl-2010s-mix,David Guetta ft. Sia,Titanium,JRfuAukYTKg,Titanium (feat. Sia),David Guetta / Sia,0TDLuuLlV54CkRRUOahJb4,a1.00 t1.00,auto-ok
G2,official-pl-2010s-mix,Justin Bieber,Love Yourself,oyEuk8j8imI,Love Yourself,Justin Bieber,50kpGaPAhYJ3sGmk6vplg0,a1.00 t1.00,auto-ok
G2,official-pl-2010s-mix,Halsey,Without Me,ZAfAud_M_mg,Without Me,Halsey,6FZDfxM3a3UCqtzo5pxSLZ,a1.00 t1.00,auto-ok
G2,official-pl-2010s-mix,Lewis Capaldi,Someone You Loved,zABLecsR5UE,Someone You Loved,Lewis Capaldi,7qEHsqek33rTcFNT9PFqLf,a1.00 t1.00,auto-ok
G2,official-pl-2010s-mix,Camila Cabello ft. Young Thug,Havana,HCjNJDNzw8Y,Havana (feat. Young Thug),Camila Cabello / Young Thug,1rfofaqEpACxVEHIZBJe6W,a1.00 t1.00,auto-ok
G2,official-pl-2010s-mix,Billie Eilish,Bury a Friend,HUHC9tYz8ik,bury a friend,Billie Eilish,4SSnFejRGlZikf02HLewEF,a1.00 t1.00,auto-ok
G2,official-pl-2010s-mix,Arctic Monkeys,Do I Wanna Know?,bpOSxM0rNPM,Do I Wanna Know?,Arctic Monkeys,5FVd6KXrgO9B3JPmC8OPst,a1.00 t1.00,auto-ok
G2,official-pl-2010s-mix,MAGIC!,Rude,PIh2xe4jnpk,Rude,MAGIC!,6RtPijgfPKROxEzTHNRiDp,a1.00 t1.00,auto-ok
G2,official-pl-2010s-mix,Lizzo,Truth Hurts,P00HMxdsVZI,Truth Hurts,Lizzo,3HWzoMvoF3TQfYg4UPszDq,a1.00 t1.00,auto-ok
G2,official-pl-2010s-mix,Billie Eilish,bad guy,DyDfgMOUjCI,bad guy,Billie Eilish,2Fxmhks0bxGSBdJ92vM42m,a1.00 t1.00,auto-ok
G2,official-pl-2010s-mix,Major Lazer,Lean On,rn9AQoI7mYU,Lean On,Major Lazer / MØ / DJ Snake,4UKJUbcuStnnxLeJmVJsSc,a1.00 t1.00,auto-ok
G2,official-pl-2010s-mix,R. City,Locked Away,YQY9BZBrZds,Locked Away (feat. Adam Levine),R. City / Adam Levine,7x5xYW5W42OGPAdHUyyguy,a1.00 t1.00,auto-ok
G2,official-pl-2010s-mix,Lady Gaga,Shallow,SlWBJ7MTV8M,Shallow,Lady Gaga / Bradley Cooper,2VxeLyX666F8uXCJ0dZF8B,a1.00 t1.00,auto-ok
G2,official-pl-2010s-mix,FKA twigs,Two Weeks,3yDP9MKVhZc,Two Weeks,FKA twigs,6V0LX0hP1S0qH513CChAKt,a1.00 t1.00,auto-ok
G2,official-pl-2010s-mix,Harry Styles,From the Dining Table,1ZxF_nA1SxQ,From the Dining Table,Harry Styles,1IF5UcqRO42D12vYwceOY6,a1.00 t1.00,auto-ok
G2,official-pl-2010s-mix,Post Malone & Swae Lee,Sunflower,ApXoWvfEYVU,Sunflower - Spider-Man: Into the Spider-Verse,Post Malone / Swae Lee,3KkXRkHbMCARz0aVfEt68P,a1.00 t1.00,auto-ok
G2,official-pl-2010s-mix,Sia,Cheap Thrills,nYh-n7EOtMA,Cheap Thrills (feat. Sean Paul),Sia / Sean Paul,378iszndTZAR4dH8kwsLC6,a1.00 t1.00,auto-ok
G2,official-pl-2010s-mix,Mark Ronson ft. Bruno Mars,Uptown Funk,OPf0YbXqDm0,Uptown Funk (feat. Bruno Mars),Mark Ronson / Bruno Mars,32OlwWuMpZ6b0aN2RZOeMS,a1.00 t1.00,auto-ok
G2,official-pl-2010s-mix,Adele,Rolling in the Deep,rYEDA3JcQqw,Rolling in the Deep,Adele,4OSBTYWVwsQhGLF9NHvIbR,a1.00 t1.00,auto-ok
G2,official-pl-2010s-mix,Pharrell Williams,Happy,ZbZSe6N_BXs,"Happy - From ""Despicable Me 2""",Pharrell Williams,60nZcImufyMA1MKQY3dcCH,a1.00 t1.00,auto-ok
G2,official-pl-2010s-mix,Daft Punk ft. Pharrell Williams,Get Lucky,5NV6Rdv1a3I,Get Lucky (feat. Pharrell Williams and Nile Rodgers),Daft Punk / Pharrell Williams / Nile Rodgers,69kOkLUCkxIZYexIgSG8rq,a1.00 t1.00,auto-ok
G2,official-pl-2010s-mix,Adele,Someone Like You,hLQl3WQQoQ0,Someone Like You,Adele,3bNv3VuUOKgrf5hu3YcuRo,a1.00 t1.00,auto-ok
G2,official-pl-2010s-mix,Sam Smith,Stay with Me,pB-5XG-DbAA,Stay With Me,Sam Smith,5Nm9ERjJZ5oyfXZTECKmRt,a1.00 t1.00,auto-ok
G2,official-pl-2010s-mix,Clean Bandit ft. Jess Glynne,Rather Be,m-M1AtrxztU,Rather Be (feat. Jess Glynne),Clean Bandit / Jess Glynne,3s4U7OHV7gnj42VV72eSZ6,a1.00 t1.00,auto-ok
G2,official-pl-2010s-mix,Foster the People,Pumped Up Kicks,SDTZ7iX4vTQ,Pumped Up Kicks,Foster The People,7w87IxuO7BDcJ3YUqCyMTT,a1.00 t1.00,auto-ok
G2,official-pl-2010s-mix,The Chainsmokers ft. Halsey,Closer,PT2_F-1esPk,Closer,The Chainsmokers / Halsey,7BKLCZ1jbUBVqRi2FVlTVw,a1.00 t1.00,auto-ok
G2,official-pl-2010s-mix,Imagine Dragons,Radioactive,ktvTqknDobU,Radioactive,Imagine Dragons,62yJjFtgkhUrXktIoSjgP2,a1.00 t1.00,auto-ok
G2,official-pl-2010s-mix,Portugal. The Man,Feel It Still,pBkHHoOIIn8,Feel It Still,Portugal. The Man,6QgjcU0zLnzq5OrUoSZ3OK,a1.00 t1.00,auto-ok
G2,official-pl-2010s-mix,Katy Perry,Firework,QGJuMBdaqIw,Firework,Katy Perry,1mXuMM6zjPgjL4asbBsgnt,a1.00 t1.00,auto-ok
G2,official-pl-2010s-mix,Rihanna ft. Calvin Harris,We Found Love,tg00YEETFzg,We Found Love,Rihanna / Calvin Harris,0U10zFw4GlBacOy9VDGfGL,a1.00 t1.00,auto-ok
G2,official-pl-2010s-mix,Walk the Moon,Shut Up and Dance,6JCLY0Rlx6Q,Shut Up and Dance,WALK THE MOON,4kbj5MwxO1bq9wjT5g9HaA,a1.00 t1.00,auto-ok
G2,official-pl-2010s-mix,Lana Del Rey,Summertime Sadness,TdrL3QxjyVw,Summertime Sadness,Lana Del Rey,3BJe4B8zGnqEdQPMvfVjuS,a1.00 t1.00,auto-ok
G2,official-pl-2010s-mix,Of Monsters and Men,Mountain Sound,qt7ox1M_XG4,Mountain Sound,Of Monsters and Men,3SPVZJzf1Hs30rB6yXVf2y,a1.00 t1.00,auto-ok
G2,official-pl-2010s-mix,The Weeknd ft. Daft Punk,Starboy,34Na4j8AVgA,Starboy,The Weeknd / Daft Punk,7MXVkk9YMctZqd1Srtv4MB,a1.00 t1.00,auto-ok
G2,official-pl-2010s-mix,Passenger,Let Her Go,RBumgq5yVrA,Let Her Go - Anniversary Edition,Passenger / Ed Sheeran,2Pnsm3hJtTb43aPPSPCtGU,a1.00 t1.00,auto-ok
G2,official-pl-2010s-mix,Fall Out Boy,Immortals,l9PxOanFjxQ,Immortals,Fall Out Boy,3Te8uLyit6X3ncNW8Fp3K2,a1.00 t1.00,auto-ok
G2,official-pl-2010s-mix,The Weeknd,Can't Feel My Face,KEI4qSrkPAs,Can't Feel My Face,The Weeknd,22VdIZQfgXJea34mQxlt81,a1.00 t1.00,auto-ok
G2,official-pl-2010s-mix,Fun. ft. Janelle Monáe,We Are Young,Sv6dMFF_yts,We Are Young (feat. Janelle Monáe),fun. / Janelle Monáe,5rgy6ghBq1eRApCkeUdJXf,a1.00 t1.00,auto-ok
G2,official-pl-2010s-mix,Wiz Khalifa ft. Charlie Puth,See You Again,RgKAFK5djSk,See You Again (feat. Charlie Puth),Wiz Khalifa / Charlie Puth,2JzZzZUQj3Qff7wapcbKjc,a1.00 t1.00,auto-ok
G2,official-pl-2010s-mix,Sia,Chandelier,2vjPBrBU-TM,Chandelier,Sia,4VrWlk8IQxevMvERoX08iC,a1.00 t1.00,auto-ok
G2,official-pl-2010s-mix,The Chainsmokers ft. Daya,Don't Let Me Down,Io0fBr1XBUA,Don't Let Me Down,The Chainsmokers / Daya,1i1fxkWeaMmKEB4T7zqbzK,a1.00 t1.00,auto-ok
G2,official-pl-2010s-mix,Calvin Harris ft. Rihanna,This Is What You Came For,kOkQ4T5WO9E,This Is What You Came For,Calvin Harris / Rihanna,0azC730Exh71aQlOt9Zj3y,a1.00 t1.00,auto-ok
G2,official-pl-2010s-mix,"Jessie J, Ariana Grande, Nicki Minaj",Bang Bang,0HDdjwpPM3Y,Bang Bang,Jessie J / Ariana Grande / Nicki Minaj,0puf9yIluy9W0vpMEUoAnN,a1.00 t1.00,auto-ok
G2,official-pl-2010s-mix,Ariana Grande ft. Iggy Azalea,Problem,iS1g8G_njx8,Problem,Ariana Grande / Iggy Azalea,7vS3Y0IKjde7Xg85LWIEdP,a1.00 t1.00,auto-ok
G2,official-pl-2010s-mix,Twenty One Pilots,Ride,Pw-0pbY9JeU,Ride,Twenty One Pilots,2Z8WuEywRWYTKe1NybPQEW,a1.00 t1.00,auto-ok
G2,official-pl-2010s-mix,Imagine Dragons,Believer,7wtfhZwyrcc,Believer,Imagine Dragons,0pqnGHJpmpxLKifKRmU6WP,a1.00 t1.00,auto-ok
G2,official-pl-2010s-mix,The Weeknd,Blinding Lights,4NRXx6U8ABQ,Blinding Lights,The Weeknd,0VjIjW4GlUZAMYd2vXMi3b,a1.00 t1.00,auto-ok
G2,official-pl-2010s-mix,Gotye ft. Kimbra,Somebody That I Used to Know,8UVNT4wvIGY,Somebody That I Used to Know,Gotye / Kimbra,62oaDoBveZxvZb94ziiMXi,a1.00 t1.00,auto-ok
G2,official-pl-2010s-mix,AWOLNATION,Sail,tgIqecROs5M,Sail,AWOLNATION,7ueP5u2qkdZbIPN2YA6LR0,a1.00 t1.00,auto-ok
G2,official-pl-2010s-mix,Jonas Brothers,Sucker,CnAmeh0-E-U,Sucker,Jonas Brothers,22vgEDb5hykfaTwLuskFGD,a1.00 t1.00,auto-ok
G2,official-pl-2010s-mix,Maroon 5 ft. Christina Aguilera,Moves Like Jagger,iEPTlhBmwRg,Moves Like Jagger,Maroon 5 / Christina Aguilera,1r299qCKBLgUS9XJ9m1kEx,a1.00 t1.00,auto-ok
G2,official-pl-2010s-mix,Ariana Grande,No Tears Left to Cry,ffxKSjUwKdU,no tears left to cry,Ariana Grande,2qT1uLXPVPzGgFOx4jtEuo,a1.00 t1.00,auto-ok
G2,official-pl-2010s-mix,Kendrick Lamar,HUMBLE.,tvTRZJ-4EyI,HUMBLE.,Kendrick Lamar,7KXjTSCq5nL1LoYtL7XAwS,a1.00 t1.00,auto-ok
G2,official-pl-2010s-mix,Taylor Swift,Style,66TQBtlRKc4,Style,Taylor Swift,0ug5NqcwcFR2xrfTkc7k8e,a1.00 t1.00,auto-ok
G2,official-pl-2010s-mix,Avicii,The Nights,XmIgg9De9hY,The Nights,Avicii,0ct6r3EGTcMLPtrXHDvVjc,a1.00 t1.00,auto-ok
G2,official-pl-2010s-mix,Cigarettes After Sex,Apocalypse,sElE_BfQ67s,Apocalypse,Cigarettes After Sex,1oAwsWBovWRIp7qLMGPIet,a1.00 t1.00,auto-ok
G2,official-pl-2010s-mix,Two Door Cinema Club,What You Know,_Ys8gLkfW6M,What You Know,Two Door Cinema Club,4JHg4nNYUJQ5HULcCmI18R,a1.00 t1.00,auto-ok
G2,official-pl-2010s-mix,Maroon 5,Memories,qZjYggYSzc8,Memories,Maroon 5,4cktbXiXOapiLBMprHFErI,a1.00 t1.00,auto-ok
G2,official-pl-2010s-mix,Twenty One Pilots,Stressed Out,Gc4sY98Jn9I,Stressed Out,Twenty One Pilots,3CRDbSIZ4r5MsZ0YwxuEkn,a1.00 t1.00,auto-ok
G2,official-pl-2010s-mix,Dua Lipa,New Rules,k2qgadSvNyU,New Rules,Dua Lipa,2ekn2ttSfGqwhhate0LSR0,a1.00 t1.00,auto-ok
G2,official-pl-2010s-mix,Lukas Graham,7 Years,nwkgrqFnzvE,7 Years,Lukas Graham,5kqIPrATaCc2LqxVWzQGbk,a1.00 t1.00,auto-ok
G2,official-pl-2010s-mix,Carly Rae Jepsen,Call Me Maybe,fWNaR-rxAic,Call Me Maybe,Carly Rae Jepsen,20I6sIOMTCkB6w7ryavxtO,a1.00 t1.00,auto-ok
G2,official-pl-2010s-medium,Imagine Dragons,Believer,IhP3J0j9JmY,Believer,Imagine Dragons,0pqnGHJpmpxLKifKRmU6WP,a1.00 t1.00,auto-ok
G2,official-pl-2010s-medium,Ed Sheeran,Thinking Out Loud,lp-EO5I60KA,Thinking out Loud,Ed Sheeran,34gCuhDGsG4bRPIf9bb02f,a1.00 t1.00,auto-ok
G2,official-pl-2010s-medium,Shawn Mendes,Stitches,VbfpW0pbvaU,Stitches,Shawn Mendes,5jsw9uXEGuKyJzs0boZ1bT,a1.00 t1.00,auto-ok
G2,official-pl-2010s-medium,Sia,Chandelier,2vjPBrBU-TM,Chandelier,Sia,4VrWlk8IQxevMvERoX08iC,a1.00 t1.00,auto-ok
G2,official-pl-2010s-medium,fun.,We Are Young,Sv6dMFF_yts,We Are Young (feat. Janelle Monáe),fun. / Janelle Monáe,5rgy6ghBq1eRApCkeUdJXf,a1.00 t1.00,auto-ok
G2,official-pl-2010s-medium,Lukas Graham,7 Years,LHCob76kigA,7 Years,Lukas Graham,5kqIPrATaCc2LqxVWzQGbk,a1.00 t1.00,auto-ok
G2,official-pl-2010s-medium,Avicii,Wake Me Up,IcrbM1l_BoI,Wake Me Up,Avicii,0nrRP2bk19rLc0orkWPQk2,a1.00 t1.00,auto-ok
G2,official-pl-2010s-medium,Elle King,Ex's & Oh's,0uLI6BnVh6w,Ex's & Oh's,Elle King,70eDxAyAraNTiD6lx2ZEnH,a1.00 t1.00,auto-ok
G2,official-pl-2010s-medium,Calvin Harris,Feel So Close,dGghkjpNCQ8,Feel So Close - Radio Edit,Calvin Harris,1gihuPhrLraKYrJMAEONyc,a1.00 t1.00,auto-ok
G2,official-pl-2010s-medium,Vance Joy,Riptide,uJ_1HMAGb4k,Riptide,Vance Joy,7yq4Qj7cqayVTp3FF9CWbm,a1.00 t1.00,auto-ok
G2,official-pl-2010s-medium,Bastille,Pompeii,F90Cw4l-8NY,Pompeii,Bastille,6fNhZRFEkBfgW39W3wKARJ,a1.00 t1.00,auto-ok
G2,official-pl-2010s-medium,fun.,Some Nights,qQkBeOisNM0,Some Nights,fun.,67WTwafOMgegV6ABnBQxcE,a1.00 t1.00,auto-ok
G2,official-pl-2010s-medium,Maroon 5,Animals,qpgTC9MDx1o,Animals,Maroon 5,2bL2gyO6kBdLkNSkxXNh6x,a1.00 t1.00,auto-ok
G2,official-pl-2010s-medium,Passenger,Let Her Go,RBumgq5yVrA,Let Her Go - Anniversary Edition,Passenger / Ed Sheeran,2Pnsm3hJtTb43aPPSPCtGU,a1.00 t1.00,auto-ok
G2,official-pl-2010s-medium,Justin Bieber,Sorry,fRh_vgS2dFE,Sorry,Justin Bieber,09CtPGIpYB4BrO8qb1RGsF,a1.00 t1.00,auto-ok
G2,official-pl-2010s-medium,Lorde,Team,f2JuxM-snGc,Team,Lorde,3G6hD9B2ZHOsgf4WfNu7X1,a1.00 t1.00,auto-ok
G2,official-pl-2010s-medium,Nico & Vinz,Am I Wrong,bg1sT4ILG0w,Am I Wrong,Nico & Vinz,1fidCEsYlaVE3pHwKCvpFZ,a0.44 t1.00,no-match
G2,official-pl-2010s-medium,Tove Lo,Habits (Stay High),oh2LWWORoiM,Habits (Stay High),Tove Lo,18AJRdgUoO9EYn11N7xzaT,a1.00 t1.00,auto-ok
G2,official-pl-2010s-medium,Labrinth,Earthquake,u0fk6syQ7iY,Earthquake (feat. Tinie Tempah),Labrinth / Tinie Tempah,3SxiAdI8dP9AaaEz1Z24mn,a1.00 t1.00,auto-ok
G2,official-pl-2010s-medium,John Legend,All of Me,450p7goxZqg,All of Me,John Legend,3U4isOIWM3VvDubwSI3y7a,a1.00 t1.00,auto-ok
G2,official-pl-2010s-medium,Carly Rae Jepsen,Call Me Maybe,fWNaR-rxAic,Call Me Maybe,Carly Rae Jepsen,20I6sIOMTCkB6w7ryavxtO,a1.00 t1.00,auto-ok
G2,official-pl-2010s-medium,Owl City,Good Time,H7HmzwI67ec,Good Time,Owl City / Carly Rae Jepsen,1kPpge9JDLpcj15qgrPbYX,a1.00 t1.00,auto-ok
G2,official-pl-2010s-medium,John Newman,Love Me Again,CfihYWRWRTQ,Love Me Again,John Newman,5TbzAWWc5eJaANpA9kfGCd,a1.00 t1.00,auto-ok
G2,official-pl-2010s-medium,Fifth Harmony,Worth It,YBHQbu5rbdQ,Worth It (feat. Kid Ink),Fifth Harmony / Kid Ink,41Fflg7qHiVOD6dEPvsCzO,a1.00 t1.00,auto-ok
G2,official-pl-2010s-medium,Major Lazer,Cold Water,a59gmGkq_pw,Cold Water (feat. Justin Bieber & MØ),Major Lazer / Justin Bieber / MØ,6Bjtr3tPdto5nyuLYf61sN,a1.00 t1.00,auto-ok
G2,official-pl-2010s-medium,Gym Class Heroes,Stereo Hearts,T3E9Wjbq44E,Stereo Hearts (feat. Adam Levine),Gym Class Heroes / Adam Levine,0qOnSQQF0yzuPWsXrQ9paz,a1.00 t1.00,auto-ok
G2,official-pl-2010s-medium,Arctic Monkeys,Do I Wanna Know?,bpOSxM0rNPM,Do I Wanna Know?,Arctic Monkeys,5FVd6KXrgO9B3JPmC8OPst,a1.00 t1.00,auto-ok
G2,official-pl-2010s-medium,AWOLNATION,Sail,tgIqecROs5M,Sail,AWOLNATION,7ueP5u2qkdZbIPN2YA6LR0,a1.00 t1.00,auto-ok
G2,official-pl-2010s-medium,Passion Pit,Take a Walk,dZX6Q-Bj_xg,Take a Walk,Passion Pit,4Sfa7hdVkqlM8UW5LsSY3F,a1.00 t1.00,auto-ok
G2,official-pl-2010s-medium,Sam Smith,Stay With Me,3szpaphXiqE,Stay With Me,Sam Smith,5Nm9ERjJZ5oyfXZTECKmRt,a1.00 t1.00,auto-ok
G2,official-pl-2010s-medium,Swedish House Mafia,Don't You Worry Child,r1MN4pR5wXM,Don't You Worry Child - Radio Edit,Swedish House Mafia / John Martin,2V65y3PX4DkRhy1djlxd9p,a1.00 t1.00,auto-ok
G2,official-pl-2010s-medium,Bruno Mars,Locked Out of Heaven,OK_b2-w0u60,Locked out of Heaven,Bruno Mars,3w3y8KPTfNeOKPiqUTakBh,a1.00 t1.00,auto-ok
G2,official-pl-2010s-medium,Lana Del Rey,Summertime Sadness,TdrL3QxjyVw,Summertime Sadness,Lana Del Rey,3BJe4B8zGnqEdQPMvfVjuS,a1.00 t1.00,auto-ok
G2,official-pl-2010s-medium,George Ezra,Budapest,VHrLPs3_1Fs,Budapest,George Ezra,2ixsaeFioXJmMgkkbd4uj1,a1.00 t1.00,auto-ok
G2,official-pl-2010s-medium,Capital Cities,Safe and Sound,47dtFZ8CFo8,Safe and Sound,Capital Cities,5JVbvCHX10U2pLa5DEqGav,a1.00 t1.00,auto-ok
G2,official-pl-2010s-medium,Kygo,Firestone,9Sc-ir2UwGU,Firestone,Kygo / Conrad Sewell,1I8tHoNBFTuoJAlh4hfVVE,a1.00 t1.00,auto-ok
G2,official-pl-2010s-medium,Clean Bandit,Rather Be,m-M1AtrxztU,Rather Be (feat. Jess Glynne),Clean Bandit / Jess Glynne,3s4U7OHV7gnj42VV72eSZ6,a1.00 t1.00,auto-ok
G2,official-pl-2010s-medium,American Authors,Best Day of My Life,Y66j_BUCBMY,Best Day Of My Life,American Authors,5Hroj5K7vLpIG4FNCRIjbP,a1.00 t1.00,auto-ok
G2,official-pl-2010s-medium,Disclosure,Latch,93ASUImTedo,Latch,Disclosure / Sam Smith,51ODNNDZm21HU7wI7cccRr,a1.00 t1.00,auto-ok
G2,official-pl-2010s-medium,Ellie Goulding,Love Me Like You Do,AJtDXIazrMo,"Love Me Like You Do - From ""Fifty Shades Of Grey""",Ellie Goulding,3zHq9ouUJQFQRf3cm1rRLu,a1.00 t1.00,auto-ok
G2,official-pl-2010s-medium,Major Lazer,Lean On,YqeW9_5kURI,Lean On,Major Lazer / MØ / DJ Snake,4UKJUbcuStnnxLeJmVJsSc,a1.00 t1.00,auto-ok
G2,official-pl-2010s-medium,Milky Chance,Stolen Dance,iX-QaNzd-0Y,Stolen Dance,Milky Chance,34xGLuxM0rkxhCVyMSqwJO,a1.00 t1.00,auto-ok
G2,official-pl-2010s-medium,Foster the People,Pumped Up Kicks,ls2U_bgH2F8,Pumped Up Kicks,Foster The People,7w87IxuO7BDcJ3YUqCyMTT,a1.00 t1.00,auto-ok
G2,official-pl-2010s-medium,Fifth Harmony,Work from Home,5GL9JoH4Sws,Work from Home (feat. Ty Dolla $ign),Fifth Harmony / Ty Dolla $ign,4tCtwWceOPWzenK2HAIJSb,a1.00 t1.00,auto-ok
G2,official-pl-2010s-medium,The Chainsmokers,Something Just Like This,FM7MFYoylVs,Something Just Like This,The Chainsmokers / Coldplay,1dNIEtp7AY3oDAKCGg2XkH,a1.00 t1.00,auto-ok
G2,official-pl-2010s-medium,Walk the Moon,Shut Up and Dance,6JCLY0Rlx6Q,Shut Up and Dance,WALK THE MOON,4kbj5MwxO1bq9wjT5g9HaA,a1.00 t1.00,auto-ok
G2,official-pl-2010s-medium,Sia,Cheap Thrills,J1b22l1kFKY,Cheap Thrills (feat. Sean Paul),Sia / Sean Paul,378iszndTZAR4dH8kwsLC6,a1.00 t1.00,auto-ok
G2,official-pl-2010s-medium,Gotye,Somebody That I Used to Know,8UVNT4wvIGY,Somebody That I Used to Know,Gotye / Kimbra,62oaDoBveZxvZb94ziiMXi,a1.00 t1.00,auto-ok
G2,official-pl-2010s-medium,Justin Bieber,Love Yourself,oyEuk8j8imI,Love Yourself,Justin Bieber,50kpGaPAhYJ3sGmk6vplg0,a1.00 t1.00,auto-ok
G2,official-pl-2010s-medium,Alan Walker,Faded,60ItHLz5WEA,Faded,Alan Walker,7gHs73wELdeycvS48JfIos,a1.00 t1.00,auto-ok
G2,official-pl-2010s-medium,Skrillex and Diplo,Where Are Ü Now,nntGTK2Fhb0,Where Are Ü Now (with Justin Bieber),Jack Ü / Skrillex / Diplo / Justin Bieber,66hayvUbTotekKU3H4ta1f,a0.44 t1.00,no-match
G2,official-pl-2010s-medium,Katy Perry,Roar,CevxZvSJLk8,Roar,Katy Perry,6F5c58TMEs1byxUstkzVeM,a1.00 t1.00,auto-ok
G2,official-pl-2010s-medium,Shawn Mendes,Treat You Better,lY2yjAdbvdQ,Treat You Better,Shawn Mendes,3QGsuHI8jO1Rx4JWLUh9jd,a1.00 t1.00,auto-ok
G2,official-pl-2010s-medium,Ellie Goulding,Burn,CGyEd0aKWZE,Burn,Ellie Goulding,2GgxS8bUT5G25QJTsfSv0R,a1.00 t1.00,auto-ok
G2,official-pl-2010s-medium,Birdy,Skinny Love,aNzCDt2eidg,Skinny Love,Birdy,4RL77hMWUq35NYnPLXBpih,a1.00 t1.00,auto-ok
G2,official-pl-2010s-medium,Kygo,Stole the Show,BgfcToAjfdc,Stole the Show,Kygo / Parson James,5masKPHeAOVNgxdLebIcK7,a1.00 t1.00,auto-ok
G2,official-pl-2010s-medium,Zedd,Clarity,IxxstCcJlsc,Clarity,Zedd / Foxes,60wwxj6Dd9NJlirf84wr2c,a1.00 t1.00,auto-ok
G2,official-pl-2010s-medium,Katy Perry,Dark Horse,0KSOMA3QBU0,Dark Horse,Katy Perry / Juicy J,5jrdCoLpJSvHHorevXBATy,a1.00 t1.00,auto-ok
G2,official-pl-2010s-medium,Zedd,Stay The Night,i-gyZ35074k,Stay The Night - Featuring Hayley Williams Of Paramore,Zedd / Hayley Williams,4bT2zLVv2T4GiK9q9KtI0v,a1.00 t1.00,auto-ok
G2,official-pl-2010s-medium,Lorde,Royals,nlcIKh6sBtc,Royals,Lorde,4SDWMFvYJKtK1QPhIOeZhd,a1.00 t1.00,auto-ok
G2,official-pl-2010s-medium,David Guetta,Titanium,JRfuAukYTKg,Titanium (feat. Sia),David Guetta / Sia,0TDLuuLlV54CkRRUOahJb4,a1.00 t1.00,auto-ok
G2,official-pl-2010s-medium,Ed Sheeran,Photograph,nSDgHBxUbVQ,Photograph,Ed Sheeran,1HNkqx9Ahdgi1Ixy2xkKkL,a1.00 t1.00,auto-ok
G2,official-pl-2010s-medium,Magic!,Rude,PIh2xe4jnpk,Rude,MAGIC!,6RtPijgfPKROxEzTHNRiDp,a1.00 t1.00,auto-ok
G2,official-pl-2010s-medium,David Guetta,Without You,jUe8uoKdHao,Without You (feat. Usher),David Guetta / USHER,3UN6cIn3VIyg0z1LCuFSum,a1.00 t1.00,auto-ok
G2,official-pl-2010s-medium,Sam Smith,I'm Not the Only One,nCkpzqqog4k,I'm Not The Only One,Sam Smith,7795WJLVKJoAyVoOtCWqXN,a1.00 t1.00,auto-ok
G2,official-pl-2010s-medium,Nicki Minaj,Starships,SeIJmciN8mo,Starships,Nicki Minaj,2EBCVPNAG46nbgs6jXPGvv,a1.00 t1.00,auto-ok
G2,official-pl-2010s-medium,Drake,Hotline Bling,uxpDa-c-4Mc,Hotline Bling,Drake,0wwPcA6wtMf6HUMpIRdeP7,a1.00 t1.00,auto-ok
G2,official-pl-2010s-medium,Kesha,Die Young,NOubzHCUt48,Die Young,Kesha,7EQGXaVSyEDsCWKmUcfpLk,a1.00 t1.00,auto-ok
G2,official-pl-2010s-medium,Rihanna,Stay,JF8BRvqGCNs,Stay,Rihanna / Mikky Ekko,0GNI8K3VATWBABQFAzBAYe,a1.00 t1.00,auto-ok
G2,official-pl-2010s-medium,Coldplay,Adventure of a Lifetime,hZPXL9TB68Q,Adventure of a Lifetime,Coldplay,69uxyAqqPIsUyTO8txoP2M,a1.00 t1.00,auto-ok
G2,official-pl-2010s-medium,The Chainsmokers,Closer,5XggbNWy3NA,Closer,The Chainsmokers / Halsey,7BKLCZ1jbUBVqRi2FVlTVw,a1.00 t1.00,auto-ok
G2,official-pl-2010s-medium,Arctic Monkeys,R U Mine?,ngzC_8zqInk,R U Mine?,Arctic Monkeys,2AT8iROs4FQueDv2c8q2KE,a1.00 t1.00,auto-ok
G2,official-pl-2010s-medium,Maroon 5,Moves Like Jagger,wuVciLD3_jQ,Moves Like Jagger,Maroon 5 / Christina Aguilera,1r299qCKBLgUS9XJ9m1kEx,a1.00 t1.00,auto-ok
G2,official-pl-2010s-medium,OneRepublic,Counting Stars,hT_nvWreIhg,Counting Stars,OneRepublic,2tpWsVSb9UEmDRxAl1zhX1,a1.00 t1.00,auto-ok
G2,official-pl-2010s-medium,Macklemore,Thrift Shop,QK8mJJJvaes,Thrift Shop (feat. Wanz),Macklemore & Ryan Lewis / Macklemore / Ryan Lewis / Wanz,7bYZBVrnRfqeaPbhRyEvK3,a1.00 t1.00,auto-ok
G2,official-pl-2010s-medium,The Lumineers,Ho Hey,EJN-rzytlYI,Ho Hey,The Lumineers,0DwClY2t9YAWHBROMIgrXb,a1.00 t1.00,auto-ok
G2,official-pl-2010s-medium,Imagine Dragons,Radioactive,ktvTqknDobU,Radioactive,Imagine Dragons,62yJjFtgkhUrXktIoSjgP2,a1.00 t1.00,auto-ok
G2,official-pl-2010s-medium,Hozier,Take Me to Church,MYSVMgRr6pw,Take Me To Church,Hozier,3dYD57lRAUcMHufyqn9GcI,a1.00 t1.00,auto-ok
G2,official-pl-2010s-medium,Florence + The Machine,Shake It Out,WbN0nX61rIs,Shake It Out,Florence + The Machine,71iSmEeF0qRVyULABxP75P,a1.00 t1.00,auto-ok
G2,official-pl-2010s-medium,Of Monsters and Men,Little Talks,ghb6eDopW8I,Little Talks,Of Monsters and Men,2ihCaVdNZmnHZWt0fvAM7B,a1.00 t1.00,auto-ok
G2,official-pl-summer-pool,Technotronic,Pump Up the Jam,9EcjWd-O4jI,Pump Up The Jam,Technotronic,21qnJAMtzC6S5SESuqQLEK,a1.00 t1.00,auto-ok
G2,official-pl-summer-pool,Calvin Harris ft. John Newman,Blame,IgGjUjQRAxw,Blame (feat. John Newman),Calvin Harris / John Newman,07nH4ifBxUB4lZcsf44Brn,a1.00 t1.00,auto-ok
G2,official-pl-summer-pool,Calvin Harris,Summer,ebXbLfLACGM,Summer,Calvin Harris,6YUTL4dYpB9xZO5qExPf05,a1.00 t1.00,auto-ok
G2,official-pl-summer-pool,Sean Kingston,Beautiful Girls,MrTz5xjmso4,Beautiful Girls,Sean Kingston,67D9O4Oau629qirRXtTWCS,a1.00 t1.00,auto-ok
G2,official-pl-summer-pool,Shakira,Waka Waka (This Time for Africa),pRpeEdMmmQ0,Waka Waka (This Time for Africa) - K-Mix,Shakira,63Tl9k1sH8tznn3bqoMuyF,a1.00 t1.00,auto-ok
G2,official-pl-summer-pool,Jason Mraz,I'm Yours,EkHTsc9PU2A,I'm Yours,Jason Mraz,1EzrEOXmMH3G43AXT1y7pA,a1.00 t1.00,auto-ok
G2,official-pl-summer-pool,Los Lobos,La Bamba,Jp6j5HJ-Cok,La Bamba,Los Lobos,0uMMLry3hzWGn3q3loqMkm,a1.00 t1.00,auto-ok
G2,official-pl-summer-pool,Avicii,Wake Me Up,IcrbM1l_BoI,Wake Me Up,Avicii,0nrRP2bk19rLc0orkWPQk2,a1.00 t1.00,auto-ok
G2,official-pl-summer-pool,Aqua,Barbie Girl,ZyhrYis509A,Barbie Girl,Aqua,5ZrDlcxIDZyjOzHdYW1ydr,a1.00 t1.00,auto-ok
G2,official-pl-summer-pool,Baha Men,Who Let the Dogs Out,Qkuu0Lwb5EM,Who Let The Dogs Out,Baha Men,1H5tvpoApNDxvxDexoaAUo,a1.00 t1.00,auto-ok
G2,official-pl-summer-pool,ATC,Around the World,IRvGZffXhfk,Around the World (La La La La La),A Touch Of Class / Pete Konemann,7CvOnbFdnIoXMQ4eFCo5lB,a0.19 t1.00,no-match
G2,official-pl-summer-pool,Michel Teló,Ai Se Eu Te Pego,hcm55lU9knw,Ai Se Eu Te Pego,Michel Teló,0INaMqjJJe1BZpnWuCxDzt,a1.00 t1.00,auto-ok
G2,official-pl-summer-pool,Jack Johnson,Banana Pancakes,OkyrIRyrRdY,Banana Pancakes,Jack Johnson,0BgbobvykXxEvxo2HhCuvM,a1.00 t1.00,auto-ok
G2,official-pl-summer-pool,Farruko,Pepas,OSUxrSe5GbI,Pepas,Farruko,5fwSHlTEWpluwOM0Sxnh5k,a1.00 t1.00,auto-ok
G2,official-pl-summer-pool,Deee-Lite,Groove Is in the Heart,etviGf1uWlg,Groove Is in the Heart,Deee-Lite,2He3NOyqtLNE3RQPpeDdSb,a1.00 t1.00,auto-ok
G2,official-pl-summer-pool,Imagine Dragons,Radioactive,ktvTqknDobU,Radioactive,Imagine Dragons,62yJjFtgkhUrXktIoSjgP2,a1.00 t1.00,auto-ok
G2,official-pl-summer-pool,Vance Joy,Riptide,uJ_1HMAGb4k,Riptide,Vance Joy,7yq4Qj7cqayVTp3FF9CWbm,a1.00 t1.00,auto-ok
G2,official-pl-summer-pool,Alexandra Stan,Mr. Saxobeat,nwsewSMWIas,Mr. Saxobeat - Radio Edit,Alexandra Stan,3LWDPEXEaLBRGNLbdcbwBR,a1.00 t1.00,auto-ok
G2,official-pl-summer-pool,fun.,Some Nights,qQkBeOisNM0,Some Nights,fun.,67WTwafOMgegV6ABnBQxcE,a1.00 t1.00,auto-ok
G2,official-pl-summer-pool,George Ezra,Budapest,VHrLPs3_1Fs,Budapest,George Ezra,2ixsaeFioXJmMgkkbd4uj1,a1.00 t1.00,auto-ok
G2,official-pl-summer-pool,Mark Ronson ft. Bruno Mars,Uptown Funk,OPf0YbXqDm0,Uptown Funk (feat. Bruno Mars),Mark Ronson / Bruno Mars,32OlwWuMpZ6b0aN2RZOeMS,a1.00 t1.00,auto-ok
G2,official-pl-summer-pool,Katrina and the Waves,Walking on Sunshine,iPUmE-tne5U,Walking On Sunshine,Katrina & The Waves,05wIrZSwuaVWhcv5FfqeH0,a0.81 t1.00,review
G2,official-pl-summer-pool,Juanes,La Camisa Negra,kRt2sRyup6A,La Camisa Negra,Juanes,2EM9zpAc7PVeoAydmbfVIL,a1.00 t1.00,auto-ok
G2,official-pl-summer-pool,Whigfield,Saturday Night,8DNQRtmIMxk,Saturday Night,Whigfield,7DRm8WnYYJcNgovTZVZDwl,a1.00 t1.00,auto-ok
G2,official-pl-summer-pool,Ricky Martin,The Cup of Life,JEF4fCo0bRI,"The Cup of Life (La Copa De La Vida) [The Official Song of the World Cup, France '98][English]",Ricky Martin,7aUCLXZ4D4UD5sCgIgxqjl,a1.00 t1.00,auto-ok
G2,official-pl-summer-pool,Sak Noel,Loca People,vZLd81IHGQw,Loca People,Sak Noel,3FdSxXDfoi8shdseXln7B3,a1.00 t1.00,auto-ok
G2,official-pl-summer-pool,Calvin Harris,Feel So Close,dGghkjpNCQ8,Feel So Close - Radio Edit,Calvin Harris,1gihuPhrLraKYrJMAEONyc,a1.00 t1.00,auto-ok
G2,official-pl-summer-pool,Kygo,Firestone,f8kJa6JYK9Q,Firestone,Kygo / Conrad Sewell,1I8tHoNBFTuoJAlh4hfVVE,a1.00 t1.00,auto-ok
G2,official-pl-summer-pool,Ricky Martin,Livin' la Vida Loca,p47fEXGabaY,Livin' la Vida Loca,Ricky Martin,0Ph6L4l8dYUuXFmb71Ajnd,a1.00 t1.00,auto-ok
G2,official-pl-summer-pool,Shakira,"Whenever, Wherever",weRHyjj34ZE,"Whenever, Wherever",Shakira,2lnzGkdtDj5mtlcOW2yRtG,a1.00 t1.00,auto-ok
G2,official-pl-summer-pool,Luis Fonsi ft. Daddy Yankee,Despacito,kJQP7kiw5Fk,Despacito,Luis Fonsi / Daddy Yankee,6habFhsOp2NvshLv26DqMb,a1.00 t1.00,auto-ok
G2,official-pl-summer-pool,Enrique Iglesias,Bailando,NUsoVlDFqZg,Bailando - Spanish Version,Enrique Iglesias / Descemer Bueno / Gente De Zona,6PSKhwo0mVcOdjUOhVJd5p,a1.00 t1.00,auto-ok
G2,official-pl-summer-pool,Bob Marley & The Wailers,Could You Be Loved,g3t6YDnGXAc,Could You Be Loved,Bob Marley & The Wailers,5O4erNlJ74PIF6kGol1ZrC,a0.45 t1.00,no-match
G2,official-pl-summer-pool,Eiffel 65,Blue (Da Ba Dee),zA52uNzx7Y4,Blue (Da Ba Dee) - Gabry Ponte Video Edit,Eiffel 65 / Gabry Ponte,7lMIJ4EFWRVoAIPDpeGyM3,a1.00 t1.00,auto-ok
G2,official-pl-summer-pool,Las Ketchup,Aserejé (The Ketchup Song),5llcBScGuAE,The Ketchup Song (Aserejé) - Spanglish Version,Las Ketchup,6UEfyhyfhYQsyipxOd95Ie,a1.00 t0.13,no-match
G2,official-pl-summer-pool,Snap!,Rhythm Is a Dancer,WMPM1q_Uyxc,Rhythm Is a Dancer,SNAP!,5uFYYOyT3EclOVhiFzPJSz,a1.00 t1.00,auto-ok
G2,official-pl-summer-pool,Len,Steal My Sunshine,E1fzJ_AYajA,Steal My Sunshine,LEN,4agp6oHofabdUedr0B1krj,a1.00 t1.00,auto-ok
G2,official-pl-summer-pool,DJ Snake & Lil Jon,Turn Down for What,HMUDVMiITOU,Turn Down for What,DJ Snake / Lil Jon,67awxiNHNyjMXhVgsHuIrs,a1.00 t1.00,auto-ok
G2,official-pl-summer-pool,Snow,Informer,TSffz_bl6zo,Informer,Snow,2LjiPAQOVazT8sRyXL3XRs,a1.00 t1.00,auto-ok
G2,official-pl-summer-pool,Scatman John,Scatman (Ski-Ba-Bop-Ba-Dop-Bop),Hy8kmNEo1i8,Scatman (ski-ba-bop-ba-dop-bop),Scatman John,623rRTKwGmgjH6sjE9uWLh,a1.00 t1.00,auto-ok
G2,official-pl-summer-pool,Swedish House Mafia ft. John Martin,Don't You Worry Child,1y6smkh6c-0,Don't You Worry Child - Radio Edit,Swedish House Mafia / John Martin,2V65y3PX4DkRhy1djlxd9p,a1.00 t1.00,auto-ok
G2,official-pl-summer-pool,Mark Morrison,Return of the Mack,uB1D9wWxd2w,Return of the Mack,Mark Morrison,3jDdpx9PMlfMBS5tOBHFm9,a1.00 t1.00,auto-ok
G2,official-pl-summer-pool,Camila Cabello ft. Young Thug,Havana,HCjNJDNzw8Y,Havana (feat. Young Thug),Camila Cabello / Young Thug,1rfofaqEpACxVEHIZBJe6W,a1.00 t1.00,auto-ok
G2,official-pl-summer-pool,Don Omar ft. Lucenzo,Danza Kuduro,7zp1TbLFPp8,Danza Kuduro,Don Omar / Lucenzo,2aopmM5RlENG9JYZAhe16M,a1.00 t1.00,auto-ok
G2,official-pl-summer-pool,Haddaway,What Is Love,HEXWRTEbj1I,"What Is Love - 7"" Mix",Haddaway,7JkZ2hQdDonRURJjlMuh8q,a1.00 t1.00,auto-ok
G2,official-pl-summer-pool,Bob Marley & The Wailers,Three Little Birds,zaGUr6wzyT8,Three Little Birds,Bob Marley & The Wailers,7vggqxNKwd6xdRoYS0pQtM,a0.45 t1.00,no-match
G2,official-pl-summer-pool,Kaoma,Lambada,iyLdoQGBchQ,Lambada - Original Version 1989,Kaoma,6xepovPqjvrkEw9Y5AMmTm,a1.00 t1.00,auto-ok
G2,official-pl-summer-pool,Enrique Iglesias,Bailamos,vCEvCXuglqo,Bailamos,Enrique Iglesias,2bbeNsFmjZqdoDhjLsKNWe,a1.00 t1.00,auto-ok
G2,official-pl-summer-pool,Lou Bega,Mambo No. 5,EK_LN3XEcnw,Mambo No. 5 (a Little Bit of...),Lou Bega,6x4tKaOzfNJpEJHySoiJcs,a1.00 t1.00,auto-ok
G2,official-pl-summer-pool,Sean Paul,Get Busy,qs7f3ssuEjA,Get Busy,Sean Paul,6bK9BH9Ts8Gj5JFvnQkzak,a1.00 t1.00,auto-ok
G2,official-pl-summer-pool,Shakira ft. Wyclef Jean,Hips Don't Lie,DUT5rEU6pqM,Hips Don't Lie (feat. Wyclef Jean),Shakira / Wyclef Jean,3d0WouFnFmr0K3kjeza3fF,a1.00 t1.00,auto-ok
G2,official-pl-summer-pool,"J Balvin, Willy William",Mi Gente,wnJ6LuUFpMo,Mi Gente,J Balvin / Willy William,6Nox5U3W0Bf9U0anGZz8f2,a1.00 t1.00,auto-ok
G2,official-pl-summer-pool,Avicii,Hey Brother,YxIiPLVR6NA,Hey Brother,Avicii,4lhqb6JvbHId48OUJGwymk,a1.00 t1.00,auto-ok
G2,official-pl-summer-pool,Shaggy,Shaggy - It Wasn't Me,T_x6QmuJdms,Angel,Shaggy / Rayvon,7FDV5ELOJHCGLe52AnttEd,a1.00 t0.17,no-match
G2,official-pl-summer-pool,The Lumineers,Ho Hey,zvCBSSwgtg4,Ho Hey,The Lumineers,0DwClY2t9YAWHBROMIgrXb,a1.00 t1.00,auto-ok
G2,official-pl-summer-pool,Daft Punk ft. Pharrell Williams,Get Lucky,5NV6Rdv1a3I,Get Lucky (feat. Pharrell Williams and Nile Rodgers),Daft Punk / Pharrell Williams / Nile Rodgers,69kOkLUCkxIZYexIgSG8rq,a1.00 t1.00,auto-ok
G2,official-pl-summer-pool,Rednex,Cotton Eye Joe,mOYZaiDZ7BM,Cotton Eye Joe,Rednex,06hsdMbBxWGqBO0TV0Zrkf,a1.00 t1.00,auto-ok
G2,official-pl-summer-pool,Miami Sound Machine,Conga,g8v6cZ21vlc,Conga!,Miami Sound Machine / Gloria Estefan,3FdHgoJbH3DXNtGLh56pFu,a1.00 t1.00,auto-ok
G2,official-pl-summer-pool,Sia ft. Sean Paul,Cheap Thrills,nYh-n7EOtMA,Cheap Thrills (feat. Sean Paul),Sia / Sean Paul,378iszndTZAR4dH8kwsLC6,a1.00 t1.00,auto-ok
G2,official-pl-summer-pool,Daddy Yankee,Gasolina,CCF1_jI8Prk,Gasolina,Daddy Yankee,5YoITs1m0q8UOQ4AW7N5ga,a1.00 t1.00,auto-ok
G2,official-pl-summer-pool,Bastille,Pompeii,F90Cw4l-8NY,Pompeii,Bastille,6fNhZRFEkBfgW39W3wKARJ,a1.00 t1.00,auto-ok
G2,official-pl-summer-pool,Capital Cities,Safe and Sound,47dtFZ8CFo8,Safe and Sound,Capital Cities,5JVbvCHX10U2pLa5DEqGav,a1.00 t1.00,auto-ok
G2,official-pl-summer-pool,"DJ Snake ft. Selena Gomez, Ozuna, Cardi B",Taki Taki,ixkoVwKQaJg,"Taki Taki (with Selena Gomez, Ozuna & Cardi B)",DJ Snake / Selena Gomez / Ozuna / Cardi B,4w8niZpiMy6qz1mntFA5uM,a1.00 t1.00,auto-ok
G2,official-pl-summer-pool,Fool's Garden,Lemon Tree,wCQfkEkePx8,Lemon Tree,Fools Garden,2epbL7s3RFV81K5UhTgZje,a0.92 t1.00,auto-ok
G2,official-pl-summer-pool,Sergio Mendes,Magalenha,ijnujobdJ4c,Magalenha,Sérgio Mendes,36SJ7ZFx8J1f1RsewmUwMX,a1.00 t1.00,auto-ok
G2,official-pl-summer-pool,OMI,Cheerleader,aMk-SZoU_f4,Cheerleader,OMI,5ByIHT8s38diBQf6dkEWbt,a1.00 t1.00,auto-ok
G2,official-pl-summer-pool,Bob Marley vs Funkstar De Luxe,Sun Is Shining,9kPQV64eNrk,Sun Is Shining - De Luxe Edit,Funkstar De Luxe,1Fka6XCbSxs4ElXQOe28xf,a0.53 t1.00,no-match
G2,official-pl-summer-pool,DJ Jazzy Jeff & The Fresh Prince,Summertime,Kr0tTbTbmVA,Summertime,DJ Jazzy Jeff & The Fresh Prince,20XdEFyaUR9C7aDIdq2OAd,a0.43 t1.00,no-match
G2,official-pl-summer-pool,Eddy Grant,Gimme Hope Jo'anna,MpMgzWBpu2o,Gimme Hope Jo'anna,Eddy Grant,4gS3ZgBNvWGkVXKVPYiLCH,a1.00 t1.00,auto-ok
G2,official-pl-summer-pool,American Authors,Best Day of My Life,Y66j_BUCBMY,Best Day Of My Life,American Authors,5Hroj5K7vLpIG4FNCRIjbP,a1.00 t1.00,auto-ok
G2,official-pl-summer-pool,Major Lazer & DJ Snake ft. MØ,Lean On,YqeW9_5kURI,Lean On,Major Lazer / MØ / DJ Snake,4UKJUbcuStnnxLeJmVJsSc,a1.00 t1.00,auto-ok
G2,official-pl-summer-pool,Pharrell Williams,Happy,ZbZSe6N_BXs,"Happy - From ""Despicable Me 2""",Pharrell Williams,60nZcImufyMA1MKQY3dcCH,a1.00 t1.00,auto-ok
G2,official-pl-summer-pool,Clean Bandit ft. Jess Glynne,Rather Be,m-M1AtrxztU,Rather Be (feat. Jess Glynne),Clean Bandit / Jess Glynne,3s4U7OHV7gnj42VV72eSZ6,a1.00 t1.00,auto-ok
G2,official-pl-summer-pool,George Ezra,Shotgun,v_B3qkp4nO4,Shotgun,George Ezra,4ofwffwvvnbSkrMSCKQDaC,a1.00 t1.00,auto-ok
G2,official-pl-summer-pool,Arrow,Hot Hot Hot,M7AinOxULrU,Hot Hot Hot,Arrow,6crugCWXWcKcdwfht3taFT,a1.00 t1.00,auto-ok
G2,official-pl-summer-pool,"Earth, Wind & Fire",September,Gs069dndIYk,September,"Earth, Wind & Fire",2grjqo0Frpf2okIBiifQKs,a0.33 t1.00,no-match
G2,official-pl-summer-pool,Sean Paul,Temperature,dW2MmuA1nI4,Temperature,Sean Paul,0k2GOhqsrxDTAbFFSdNJjT,a1.00 t1.00,auto-ok
G2,official-pl-summer-pool,"Robin Thicke ft. T.I., Pharrell",Blurred Lines,yyDUC1LUXSU,Blurred Lines,Robin Thicke / T.I. / Pharrell Williams,0n4bITAu0Y0nigrz3MFJMb,a1.00 t1.00,auto-ok
G2,official-pl-summer-pool,Walk the Moon,Shut Up and Dance,6JCLY0Rlx6Q,Shut Up and Dance,WALK THE MOON,4kbj5MwxO1bq9wjT5g9HaA,a1.00 t1.00,auto-ok
G2,official-pl-summer-pool,Rihanna,We Found Love,GchEVSx9XEA,We Found Love,Rihanna / Calvin Harris,0U10zFw4GlBacOy9VDGfGL,a1.00 t1.00,auto-ok
G2,official-pl-new-year-party,Scissor Sisters,I Don't Feel Like Dancin',4H5I6y1Qvz0,I Don't Feel Like Dancin',Scissor Sisters,1q9l6c8bAzqWcvO3DM6FsR,a1.00 t1.00,auto-ok
G2,official-pl-new-year-party,S Club 7,Reach,47pzFNkTMcI,Reach,S Club,6MnWfOgKRkQtY1pRgoTwB1,a0.75 t1.00,review
G2,official-pl-new-year-party,Technotronic,Pump Up the Jam,7ZQQZ5B72gQ,Pump Up The Jam,Technotronic,21qnJAMtzC6S5SESuqQLEK,a1.00 t1.00,auto-ok
G2,official-pl-new-year-party,Calvin Harris ft. John Newman,Blame,IxxstCcJlsc,Blame (feat. John Newman),Calvin Harris / John Newman,07nH4ifBxUB4lZcsf44Brn,a1.00 t1.00,auto-ok
G2,official-pl-new-year-party,Swedish House Mafia,Don't You Worry Child,1y6smkh6c-0,Don't You Worry Child - Radio Edit,Swedish House Mafia / John Martin,2V65y3PX4DkRhy1djlxd9p,a1.00 t1.00,auto-ok
G2,official-pl-new-year-party,Reel 2 Real,I Like to Move It,vuo8kD5zF5I,"I Like to Move It (feat. The Mad Stuntman) - Erick ""More"" Album Mix",Reel 2 Real / Erick Morillo / The Mad Stuntman,4l2ljvyXOCVNbD5ff7NpM7,a1.00 t1.00,auto-ok
G2,official-pl-new-year-party,Darude,Sandstorm,UdWRghH6EzY,Sandstorm,Darude,6Sy9BUbgFse0n0LPA5lwy5,a1.00 t1.00,auto-ok
G2,official-pl-new-year-party,Fatman Scoop,Be Faithful,SmnEhmjgZ9s,Be Faithful,Fatman Scoop / The Crooklyn Clan,2jGUAB6hKlzK0pZmZpQ02g,a1.00 t1.00,auto-ok
G2,official-pl-new-year-party,DJ Fresh,Hot Right Now,N7OPZOBJZyI,Hot Right Now - Radio Edit,DJ Fresh / Rita Ora,3FsdYAv9VAUsDGDVgzTurN,a1.00 t1.00,auto-ok
G2,official-pl-new-year-party,Vengaboys,We Like to Party!,VaGOFlw-E4M,We Like To Party! (The Vengabus),Vengaboys,73ljrkSg4A0q3ByU0Cu7mw,a1.00 t1.00,auto-ok
G2,official-pl-new-year-party,ABBA,Dancing Queen,xFrGuyw1V8s,Dancing Queen,ABBA,0GjEhVFGZW8afUYGChu3Rr,a1.00 t1.00,auto-ok
G2,official-pl-new-year-party,Pharrell Williams,Happy,ZbZSe6N_BXs,"Happy - From ""Despicable Me 2""",Pharrell Williams,60nZcImufyMA1MKQY3dcCH,a1.00 t1.00,auto-ok
G2,official-pl-new-year-party,Lou Bega,Mambo No. 5,EK_LN3XEcnw,Mambo No. 5 (a Little Bit of...),Lou Bega,6x4tKaOzfNJpEJHySoiJcs,a1.00 t1.00,auto-ok
G2,official-pl-new-year-party,Robin S.,Show Me Love,Ps2Jc28tQrw,Show Me Love,Robin S,4t0UsYzmmmZRMTWn77jiGF,a1.00 t1.00,auto-ok
G2,official-pl-new-year-party,Kris Kross,Jump,010KyIQjkTk,Jump,Kris Kross,27AHAtAirQapVldIm4c9ZX,a1.00 t1.00,auto-ok
G2,official-pl-new-year-party,Haddaway,What Is Love,HEXWRTEbj1I,"What Is Love - 7"" Mix",Haddaway,7JkZ2hQdDonRURJjlMuh8q,a1.00 t1.00,auto-ok
G2,official-pl-new-year-party,Enrique Iglesias,Bailando,NUsoVlDFqZg,Bailando - Spanish Version,Enrique Iglesias / Descemer Bueno / Gente De Zona,6PSKhwo0mVcOdjUOhVJd5p,a1.00 t1.00,auto-ok
G2,official-pl-new-year-party,Pitbull ft. Kesha,Timber,hHUbLv4ThOo,Timber,Pitbull / Kesha,3cHyrEgdyYRjgJKSOiOtcS,a1.00 t1.00,auto-ok
G2,official-pl-new-year-party,Ricky Martin,Livin' la Vida Loca,p47fEXGabaY,Livin' la Vida Loca,Ricky Martin,0Ph6L4l8dYUuXFmb71Ajnd,a1.00 t1.00,auto-ok
G2,official-pl-new-year-party,Calvin Harris,Summer,ebXbLfLACGM,Summer,Calvin Harris,6YUTL4dYpB9xZO5qExPf05,a1.00 t1.00,auto-ok
G2,official-pl-new-year-party,Taio Cruz,Dynamite,Vysgv7qVYTo,Dynamite,Taio Cruz,2CEgGE6aESpnmtfiZwYlbV,a1.00 t1.00,auto-ok
G2,official-pl-new-year-party,Scatman John,Scatman (Ski-Ba-Bop-Ba-Dop-Bop),Hy8kmNEo1i8,Scatman (ski-ba-bop-ba-dop-bop),Scatman John,623rRTKwGmgjH6sjE9uWLh,a1.00 t1.00,auto-ok
G2,official-pl-new-year-party,Kesha,Tik Tok,iP6XpLQM2Cs,TiK ToK,Kesha,0HPD5WQqrq7wPWR7P7Dw1i,a1.00 t1.00,auto-ok
G2,official-pl-new-year-party,Eric Prydz,Call on Me,qetW6R9Jxs4,Call on Me - Radio Mix,Eric Prydz,1xNcBAoUw8Hz6LqK2jt4Ff,a1.00 t1.00,auto-ok
G2,official-pl-new-year-party,Beyoncé,Single Ladies (Put a Ring on It),4m1EFMoRFvY,Single Ladies (Put a Ring on It),Beyoncé,557un1HgwYMuqfWGSTmnxw,a1.00 t1.00,auto-ok
G2,official-pl-new-year-party,Pitbull ft. Christina Aguilera,Feel This Moment,5jlI4uzZGjU,Feel This Moment (feat. Christina Aguilera),Pitbull / Christina Aguilera,0Hf4aIJpsN4Os2f0y0VqWl,a1.00 t1.00,auto-ok
G2,official-pl-new-year-party,David Guetta ft. Kelly Rowland,When Love Takes Over,zudbz4hOcbc,When Love Takes Over (feat. Kelly Rowland),David Guetta / Kelly Rowland,0GWGZA5mxo9nHuSyrj70uo,a1.00 t1.00,auto-ok
G2,official-pl-new-year-party,Will Smith,Miami,IwBS6QGsH_4,Miami,Will Smith,6e8Ou0wiqAzIpWb2eSxll8,a1.00 t1.00,auto-ok
G2,official-pl-new-year-party,Avicii,Wake Me Up,IcrbM1l_BoI,Wake Me Up,Avicii,0nrRP2bk19rLc0orkWPQk2,a1.00 t1.00,auto-ok
G2,official-pl-new-year-party,Alice Deejay,Better Off Alone,Lgs9QUtWc3M,Better Off Alone,Alice Deejay,5XVjNRubJUW0iPhhSWpLCj,a1.00 t1.00,auto-ok
G2,official-pl-new-year-party,MC Hammer,U Can't Touch This,otCpCn0l4Wo,U Can't Touch This,MC Hammer,1B75hgRqe7A4fwee3g3Wmu,a1.00 t1.00,auto-ok
G2,official-pl-new-year-party,Queen,Don't Stop Me Now,HgzGwKwLmgM,Don't Stop Me Now - Remastered 2011,Queen,5T8EDUDqKcs6OSOwEsfqG7,a1.00 t1.00,auto-ok
G2,official-pl-new-year-party,OutKast,Hey Ya!,PWgvGjAhvIw,Hey Ya!,Outkast,2PpruBYCo4H7WOBJ7Q2EwM,a1.00 t1.00,auto-ok
G2,official-pl-new-year-party,Beyoncé ft. Jay-Z,Crazy in Love,ViwtNLUqkMY,Crazy In Love (feat. JAY-Z),Beyoncé / JAŸ-Z,5IVuqXILoxVWvWEPm82Jxr,a1.00 t1.00,auto-ok
G2,official-pl-new-year-party,Major Lazer & DJ Snake,Lean On,YqeW9_5kURI,Lean On,Major Lazer / MØ / DJ Snake,4UKJUbcuStnnxLeJmVJsSc,a1.00 t1.00,auto-ok
G2,official-pl-new-year-party,Usher,Yeah!,GxBSyx85Kp8,Yeah! (feat. Lil Jon & Ludacris),USHER / Lil Jon / Ludacris,5rb9QrpfcKFHM1EUbSIurX,a1.00 t1.00,auto-ok
G2,official-pl-new-year-party,Shakira,Hips Don't Lie,DUT5rEU6pqM,Hips Don't Lie (feat. Wyclef Jean),Shakira / Wyclef Jean,3d0WouFnFmr0K3kjeza3fF,a1.00 t1.00,auto-ok
G2,official-pl-new-year-party,ATC,Around the World,IRvGZffXhfk,Around the World (La La La La La),A Touch Of Class / Pete Konemann,7CvOnbFdnIoXMQ4eFCo5lB,a0.19 t1.00,no-match
G2,official-pl-new-year-party,Daft Punk,Get Lucky,5NV6Rdv1a3I,Get Lucky (feat. Pharrell Williams and Nile Rodgers),Daft Punk / Pharrell Williams / Nile Rodgers,69kOkLUCkxIZYexIgSG8rq,a1.00 t1.00,auto-ok
G2,official-pl-new-year-party,Rednex,Cotton Eye Joe,mOYZaiDZ7BM,Cotton Eye Joe,Rednex,06hsdMbBxWGqBO0TV0Zrkf,a1.00 t1.00,auto-ok
G2,official-pl-new-year-party,Daddy Yankee,Gasolina,CCF1_jI8Prk,Gasolina,Daddy Yankee,5YoITs1m0q8UOQ4AW7N5ga,a1.00 t1.00,auto-ok
G2,official-pl-new-year-party,Kaoma,Lambada,iyLdoQGBchQ,Lambada - Original Version 1989,Kaoma,6xepovPqjvrkEw9Y5AMmTm,a1.00 t1.00,auto-ok
G2,official-pl-new-year-party,Shakira,Waka Waka (This Time for Africa),pRpeEdMmmQ0,Waka Waka (This Time for Africa) - K-Mix,Shakira,63Tl9k1sH8tznn3bqoMuyF,a1.00 t1.00,auto-ok
G2,official-pl-new-year-party,50 Cent,In Da Club,5qm8PH4xAss,In Da Club,50 Cent,7iL6o9tox1zgHpKUfh9vuC,a1.00 t1.00,auto-ok
G2,official-pl-new-year-party,Daft Punk,One More Time,FGBhQbmPwH8,One More Time,Daft Punk,0DiWol3AO6WpXZgp0goxAV,a1.00 t1.00,auto-ok
G2,official-pl-new-year-party,Luis Fonsi ft. Daddy Yankee,Despacito,kJQP7kiw5Fk,Despacito,Luis Fonsi / Daddy Yankee,6habFhsOp2NvshLv26DqMb,a1.00 t1.00,auto-ok
G2,official-pl-new-year-party,DJ Snake & Lil Jon,Turn Down for What,HMUDVMiITOU,Turn Down for What,DJ Snake / Lil Jon,67awxiNHNyjMXhVgsHuIrs,a1.00 t1.00,auto-ok
G2,official-pl-new-year-party,Jennifer Lopez ft. Pitbull,On the Floor,t4H_Zoh7G5A,On The Floor,Jennifer Lopez / Pitbull,3C0nOe05EIt1390bVABLyN,a1.00 t1.00,auto-ok
G2,official-pl-new-year-party,Culture Beat,Mr. Vain,ZMtf_ouMTHw,Mr. Vain,Culture Beat,2rTYgHxgcndkUrRoU7x0Sv,a1.00 t1.00,auto-ok
G2,official-pl-new-year-party,Kool & The Gang,Celebration,wUlf7rEKb-A,Celebration,Kool & The Gang,3K7Q9PHUWPTaknlbFPThn2,a0.31 t1.00,no-match
G2,official-pl-new-year-party,Scissor Sisters,Let's Have a Kiki,eGCD4xb-Tr8,Let's Have A Kiki,Scissor Sisters,4Q6K6M0HSiRboY3C97AxD4,a1.00 t1.00,auto-ok
G2,official-pl-new-year-party,Prince,1999,4BQx0p1nVzg,1999,Prince,2H7PHVdQ3mXqEHXcvclTB0,a1.00 t1.00,auto-ok
G2,official-pl-new-year-party,Ini Kamoze,Here Comes the Hotstepper,15UffN8eilI,Here Comes the Hotstepper - Heartical Mix,iNi Kamoze / Salaam Remi,3QRM0qZB7oMYavveH0iEqx,a1.00 t1.00,auto-ok
G2,official-pl-new-year-party,Bobby McFerrin,"Don't Worry, Be Happy",d-diB65scQU,Don't Worry Be Happy,Bobby McFerrin,5YbgcwHjQhdT1BYQ4rxWlD,a1.00 t1.00,auto-ok
G2,official-pl-new-year-party,The Black Eyed Peas,The Time (Dirty Bit),JwQZQygg3Lk,The Time (Dirty Bit),Black Eyed Peas,7vWFaMq63AwkFDhS2OAg5u,a0.79 t1.00,review
G2,official-pl-new-year-party,Will Smith,Gettin' Jiggy wit It,3JcmQONgXJM,Gettin' Jiggy Wit It,Will Smith,0weAUscowxeqDtpCgtbpgp,a1.00 t1.00,auto-ok
G2,official-pl-new-year-party,David Guetta ft. Akon,Sexy Chick,mIIN_SGQy9c,Sexy Chick (feat. Akon),David Guetta / Akon,7zc3J2gTnGj9AQrO9xxPqP,a1.00 t1.00,auto-ok
G2,official-pl-new-year-party,Martin Garrix,Animals,gCYcHz2k5x0,Animals,Martin Garrix,0A9mHc7oYUoCECqByV8cQR,a1.00 t1.00,auto-ok
G2,official-pl-new-year-party,LMFAO,Sexy and I Know It,wyx6JDQCslE,Sexy And I Know It,LMFAO,70Vdd1gx5tn84jkAU31ASv,a1.00 t1.00,auto-ok
G2,official-pl-new-year-party,Avicii,Levels,_ovdm2yX4MA,Levels - Radio Edit,Avicii,5UqCQaDshqbIk3pkhy4Pjg,a1.00 t1.00,auto-ok
G2,official-pl-new-year-party,Gala,Freed from Desire,p3l7fgvrEKM,Freed From Desire,Gala / Molella / Phil Jay,3u5N55tHf7hXATSQrjBh2q,a1.00 t1.00,auto-ok
G2,official-pl-new-year-party,The Prodigy,Firestarter,wmin5WkOuPw,Firestarter,The Prodigy,79CUrU5o2KAVDTNm4x3eGU,a1.00 t1.00,auto-ok
G2,official-pl-new-year-party,Twice,What Is Love,i0p1bmr0EmE,What is Love?,TWICE,54mnwt3kO0uYsy0ceg14JP,a1.00 t1.00,auto-ok
G2,official-pl-new-year-party,David Guetta ft. Sia,Titanium,JRfuAukYTKg,Titanium (feat. Sia),David Guetta / Sia,0TDLuuLlV54CkRRUOahJb4,a1.00 t1.00,auto-ok
G2,official-pl-new-year-party,Calvin Harris ft. Rihanna,This Is What You Came For,kOkQ4T5WO9E,This Is What You Came For,Calvin Harris / Rihanna,0azC730Exh71aQlOt9Zj3y,a1.00 t1.00,auto-ok
G2,official-pl-new-year-party,Gotye,Somebody That I Used to Know,8UVNT4wvIGY,Somebody That I Used to Know,Gotye / Kimbra,62oaDoBveZxvZb94ziiMXi,a1.00 t1.00,auto-ok
G2,official-pl-new-year-party,Vengaboys,"Boom, Boom, Boom, Boom!!",llyiQ4I-mcQ,"Boom, Boom, Boom, Boom!!",Vengaboys,5N6M8yDiMV32T6Rkzh8EbW,a1.00 t1.00,auto-ok
G2,official-pl-new-year-party,C+C Music Factory,Everybody Dance Now,LaTGrV58wec,"Here We Go, Let's Rock & Roll (feat. Freedom Williams & Zelma Davis)",C & C Music Factory / Freedom Williams / Zelma Davis,7Aw400xYfxX0tDLC4dV7CI,a1.00 t0.27,no-match
G2,official-pl-new-year-party,Pitbull ft. John Ryan,Fireball,HMqgVXSvwGo,Fireball (feat. John Ryan),Pitbull / John Ryan,4Y7XAxTANhu3lmnLAzhWJW,a1.00 t1.00,auto-ok
G2,official-pl-new-year-party,O-Zone,Dragostea Din Tei,YnopHCL1Jk8,Dragostea din tei,O-Zone,52Zr0sinhWTCRrQhRRY4EP,a1.00 t1.00,auto-ok
G2,official-pl-new-year-party,David Guetta ft. Flo Rida,Where Them Girls At,p4kVWCSzfK4,Where Them Girls At (feat. Nicki Minaj & Flo Rida),David Guetta / Flo Rida / Nicki Minaj,7ks6AZmFcm3Y6PGGxGSmlB,a1.00 t1.00,auto-ok
G2,official-pl-new-year-party,Justin Timberlake,Can't Stop the Feeling!,ru0K8uYEZWw,"CAN'T STOP THE FEELING! (from DreamWorks Animation's ""TROLLS"")",Justin Timberlake,6JV2JOEocMgcZxYSZelKcc,a1.00 t1.00,auto-ok
G2,official-pl-new-year-party,Eiffel 65,Blue (Da Ba Dee),zA52uNzx7Y4,Blue (Da Ba Dee) - Gabry Ponte Video Edit,Eiffel 65 / Gabry Ponte,7lMIJ4EFWRVoAIPDpeGyM3,a1.00 t1.00,auto-ok
G2,official-pl-new-year-party,Aqua,Barbie Girl,ZyhrYis509A,Barbie Girl,Aqua,5ZrDlcxIDZyjOzHdYW1ydr,a1.00 t1.00,auto-ok
G2,official-pl-new-year-party,The Black Eyed Peas,I Gotta Feeling,uSD4vsh1zDA,I Gotta Feeling,Black Eyed Peas,4kLLWz7srcuLKA7Et40PQR,a0.79 t1.00,review
G2,official-pl-new-year-party,Edward Maya,Stereo Love,p-Z3YrHJ1sU,Stereo Love,Edward Maya / Vika Jigulina,0gBfLS4aqbrr1ZvVv8dqWB,a1.00 t1.00,auto-ok
G2,official-pl-new-year-party,Mark Ronson ft. Bruno Mars,Uptown Funk,OPf0YbXqDm0,Uptown Funk (feat. Bruno Mars),Mark Ronson / Bruno Mars,32OlwWuMpZ6b0aN2RZOeMS,a1.00 t1.00,auto-ok
G2,official-pl-new-year-party,"Earth, Wind & Fire",September,Gs069dndIYk,September,"Earth, Wind & Fire",2grjqo0Frpf2okIBiifQKs,a0.33 t1.00,no-match
G2,official-pl-new-year-party,Michel Teló,Ai Se Eu Te Pego,hcm55lU9knw,Ai Se Eu Te Pego,Michel Teló,0INaMqjJJe1BZpnWuCxDzt,a1.00 t1.00,auto-ok
G2,official-pl-new-year-party,Rihanna ft. Calvin Harris,We Found Love,tg00YEETFzg,We Found Love,Rihanna / Calvin Harris,0U10zFw4GlBacOy9VDGfGL,a1.00 t1.00,auto-ok
G2,official-pl-one-hit-wonders,Tommy Tutone,867-5309/Jenny,0BYL_wHg3Oc,867-5309 / Jenny,Tommy Tutone,6iX1f3r7oUJnMbGgQ2gx1j,a1.00 t1.00,auto-ok
G2,official-pl-one-hit-wonders,Toni Basil,Mickey,3E-Zrg9CB_Q,Mickey,Toni Basil,5b6v3PGTEXnOEh4hy9aPhS,a1.00 t1.00,auto-ok
G2,official-pl-one-hit-wonders,The Buggles,Video Killed the Radio Star,W8r-tXRLazs,Video Killed The Radio Star,The Buggles,7o7E1nrHWncYY7PY94gCiX,a1.00 t1.00,auto-ok
G2,official-pl-one-hit-wonders,Trio,Da Da Da,xqTBlft8gQA,Da Da Da ich lieb dich nicht du liebst mich nicht Aha Aha Aha - Lange Version,Trio,4HCdu48LScraIfJ7Ik7EhE,a1.00 t1.00,auto-ok
G2,official-pl-one-hit-wonders,Joan Osborne,One of Us,aDdOnl0bHO4,One Of Us,Joan Osborne,1xNmF1Uep5OGutizZSbKvd,a1.00 t1.00,auto-ok
G2,official-pl-one-hit-wonders,Gary Numan,Cars,99fRdfVIOr4,Cars,Gary Numan,4QQEzkxcONBthDLfzqIh9S,a1.00 t1.00,auto-ok
G2,official-pl-one-hit-wonders,Divinyls,I Touch Myself,wv-34w8kGPM,I Touch Myself,Divinyls,6oNvmplQGUkmAh441Teows,a1.00 t1.00,auto-ok
G2,official-pl-one-hit-wonders,Melanie,Brand New Key,lKcpodt0YCU,Brand New Key,Melanie,3tm6LVXZJg0lG4hQm5ytrT,a1.00 t1.00,auto-ok
G2,official-pl-one-hit-wonders,Devo,Whip It,j_QLzthSkfM,Whip It,DEVO,6QG0wcgoCsa9pqFyTg0rRO,a1.00 t1.00,auto-ok
G2,official-pl-one-hit-wonders,Lipps Inc.,Funkytown,Z6dqIYKIBSU,Funkytown,Lipps Inc.,2XVQdI3m0giGxNrwUhV3yP,a1.00 t1.00,auto-ok
G2,official-pl-one-hit-wonders,Semisonic,Closing Time,xGytDsqkQY8,Closing Time,Semisonic,1A5V1sxyCLpKJezp75tUXn,a1.00 t1.00,auto-ok
G2,official-pl-one-hit-wonders,Wheatus,Teenage Dirtbag,FC3y9llDXuM,Teenage Dirtbag,Wheatus,25FTMokYEbEWHEdss5JLZS,a1.00 t1.00,auto-ok
G2,official-pl-one-hit-wonders,Haddaway,What Is Love,HEXWRTEbj1I,"What Is Love - 7"" Mix",Haddaway,7JkZ2hQdDonRURJjlMuh8q,a1.00 t1.00,auto-ok
G2,official-pl-one-hit-wonders,Nena,99 Luftballons,Fpu5a0Bl8eY,99 Luftballons,Nena,2IJftBfq7pJ43tfnOR0RB3,a1.00 t1.00,auto-ok
G2,official-pl-one-hit-wonders,Chumbawamba,Tubthumping,2H5uWRjFsGc,Tubthumping,Chumbawamba,5YScXJKtefsgdskIy60N7A,a1.00 t1.00,auto-ok
G2,official-pl-one-hit-wonders,Hanson,MMMBop,NHozn0YXAeE,MMMBop,Hanson,0lnxrQAd9ZxbhBBe7d8FO8,a1.00 t1.00,auto-ok
G2,official-pl-one-hit-wonders,Meredith Brooks,Bitch,_ivt_N2Zcts,Bitch,Meredith Brooks,3i6qNxyVgIdUZTTi5m25EM,a1.00 t1.00,auto-ok
G2,official-pl-one-hit-wonders,Modest Mouse,Float On,CTAud5O7Qqk,Float On,Modest Mouse,2lwwrWVKdf3LR9lbbhnr6R,a1.00 t1.00,auto-ok
G2,official-pl-one-hit-wonders,Aqua,Barbie Girl,ZyhrYis509A,Barbie Girl,Aqua,5ZrDlcxIDZyjOzHdYW1ydr,a1.00 t1.00,auto-ok
G2,official-pl-one-hit-wonders,OMC,How Bizarre,C2cMG33mWVY,How Bizarre,OMC,46q5BtHso0ECuTKeq70ZhW,a1.00 t1.00,auto-ok
G2,official-pl-one-hit-wonders,Counting Crows,Mr. Jones,-oqAU5VxFWs,Mr. Jones,Counting Crows,5DiXcVovI0FcY2s0icWWUu,a1.00 t1.00,auto-ok
G2,official-pl-one-hit-wonders,White Town,Your Woman,lVL-zZnD3VU,Your Woman,White Town,3UBItNVbFQiVC5hBQlBvnr,a1.00 t1.00,auto-ok
G2,official-pl-one-hit-wonders,The Cranberries,Dreams,Yam5uK6e-bQ,Dreams - Remastered 2026,The Cranberries,458JkK5eJhh4C4s6nTuz7g,a1.00 t1.00,auto-ok
G2,official-pl-one-hit-wonders,The Vapors,Turning Japanese,IWWwM2wwMww,Turning Japanese,The Vapors,30cHDhxUqgnHq78hv5UjMx,a1.00 t1.00,auto-ok
G2,official-pl-one-hit-wonders,Bloodhound Gang,The Bad Touch,xat1GVnl8-k,The Bad Touch,Bloodhound Gang,5EYdTPdJD74r9EVZBztqGG,a1.00 t1.00,auto-ok
G2,official-pl-one-hit-wonders,O-Zone,Dragostea Din Tei,YnopHCL1Jk8,Dragostea din tei,O-Zone,52Zr0sinhWTCRrQhRRY4EP,a1.00 t1.00,auto-ok
G2,official-pl-one-hit-wonders,Smash Mouth,Walkin' on the Sun,LQj--Kjn0z8,Walkin' On The Sun,Smash Mouth,4TQeNHx85xcP9YRkvJC6K1,a1.00 t1.00,auto-ok
G2,official-pl-one-hit-wonders,Fastball,The Way,X5jlTlUTWfQ,The Way,Fastball,7IsEXPk6qqt30FfQv4SZMa,a1.00 t1.00,auto-ok
G2,official-pl-one-hit-wonders,The Presidents of the United States of America,Peaches,wvAnQqVJ3XQ,Peaches,The Presidents Of The United States Of America,750wm5pwuAQfnSLX8mxa5f,a1.00 t1.00,auto-ok
G2,official-pl-one-hit-wonders,Len,Steal My Sunshine,6sfu5QtTQzU,Steal My Sunshine,LEN,4agp6oHofabdUedr0B1krj,a1.00 t1.00,auto-ok
G2,official-pl-one-hit-wonders,Baha Men,Who Let the Dogs Out,ojULkWEUsPs,Who Let The Dogs Out,Baha Men,1H5tvpoApNDxvxDexoaAUo,a1.00 t1.00,auto-ok
G2,official-pl-one-hit-wonders,Rednex,Cotton Eye Joe,mOYZaiDZ7BM,Cotton Eye Joe,Rednex,06hsdMbBxWGqBO0TV0Zrkf,a1.00 t1.00,auto-ok
G2,official-pl-one-hit-wonders,Mark Morrison,Return of the Mack,uB1D9wWxd2w,Return of the Mack,Mark Morrison,3jDdpx9PMlfMBS5tOBHFm9,a1.00 t1.00,auto-ok
G2,official-pl-one-hit-wonders,Eve 6,Inside Out,T8Xb_7YDroQ,Inside Out,Eve 6,4GiVcDqNQI0fc0yYuRGH9m,a1.00 t1.00,auto-ok
G2,official-pl-one-hit-wonders,Deee-Lite,Groove Is in the Heart,etviGf1uWlg,Groove Is in the Heart,Deee-Lite,2He3NOyqtLNE3RQPpeDdSb,a1.00 t1.00,auto-ok
G2,official-pl-one-hit-wonders,Eiffel 65,Blue (Da Ba Dee),zA52uNzx7Y4,Blue (Da Ba Dee) - Gabry Ponte Video Edit,Eiffel 65 / Gabry Ponte,7lMIJ4EFWRVoAIPDpeGyM3,a1.00 t1.00,auto-ok
G2,official-pl-one-hit-wonders,Vanessa Carlton,A Thousand Miles,Cwkej79U3ek,A Thousand Miles,Vanessa Carlton,4w1lzcaoZ1IC2K5TwjalRP,a1.00 t1.00,auto-ok
G2,official-pl-one-hit-wonders,Sixpence None the Richer,Kiss Me,8N-qO3sPMjc,Kiss Me,Sixpence None The Richer,754kgU5rWscRTfvlsuEwFp,a1.00 t1.00,auto-ok
G2,official-pl-one-hit-wonders,Lou Bega,Mambo No. 5 (A Little Bit of...),EK_LN3XEcnw,Mambo No. 5 (a Little Bit of...),Lou Bega,6x4tKaOzfNJpEJHySoiJcs,a1.00 t1.00,auto-ok
G2,official-pl-one-hit-wonders,Smash Mouth,All Star,L_jWHffIx5E,All Star,Smash Mouth,3cfOd4CMv2snFaKAnMdnvK,a1.00 t1.00,auto-ok
G2,official-pl-one-hit-wonders,Barenaked Ladies,One Week,fC_q9KPczAg,One Week,Barenaked Ladies,29hBRadFZf9QTGRHZmxm65,a1.00 t1.00,auto-ok
G2,official-pl-one-hit-wonders,New Radicals,You Get What You Give,DL7-CKirWZE,You Get What You Give,New Radicals,1Cwsd5xI8CajJz795oy4XF,a1.00 t1.00,auto-ok
G2,official-pl-one-hit-wonders,M,Pop Muzik,gPoiv0sZ4s4,Pop Muzik,M / Robin Scott / Robin Scott,6z3HAUZpAyJ0ctsbAwAiw3,a0.08 t1.00,no-match
G2,official-pl-one-hit-wonders,Rupert Holmes,Escape (The Piña Colada Song),TazHNpt6OTo,Escape (The Pina Colada Song),Rupert Holmes,5I9zIwGB6f0edpjO5oX2b9,a1.00 t1.00,auto-ok
G2,official-pl-one-hit-wonders,Fountains of Wayne,Stacy's Mom,dZLfasMPOU4,Stacy's Mom,Fountains Of Wayne,27L8sESb3KR79asDUBu8nW,a1.00 t1.00,auto-ok
G2,official-pl-one-hit-wonders,The Mighty Mighty Bosstones,The Impression That I Get,NIGMUAMevH0,The Impression That I Get,The Mighty Mighty Bosstones,3a3EDrWejkryzeGFkPypOR,a1.00 t1.00,auto-ok
G2,official-pl-one-hit-wonders,The Darkness,I Believe in a Thing Called Love,tKjZuykKY1I,I Believe in a Thing Called Love,The Darkness,756CJtQRFSxEx9jV4P9hpA,a1.00 t1.00,auto-ok
G2,official-pl-one-hit-wonders,The Smashing Pumpkins,1979,4aeETEoNfOg,1979,The Smashing Pumpkins,3h5zik31hTTat9jmpCZZNC,a1.00 t1.00,auto-ok
G2,official-pl-one-hit-wonders,The Proclaimers,I'm Gonna Be (500 Miles),tbNlMtqrYS0,I'm Gonna Be (500 Miles),The Proclaimers,67iAlVNDDdddxqSD2EZhFs,a1.00 t1.00,auto-ok
G2,official-pl-one-hit-wonders,Jamiroquai,Virtual Insanity,4JkIs37a2JE,Virtual Insanity - Remastered 2013,Jamiroquai,2Bxt2qamL6iu0XN0Td484J,a1.00 t1.00,auto-ok
G2,official-pl-one-hit-wonders,Matchbox Twenty,Unwell,WziA88-n02k,Unwell,Matchbox Twenty,6Bm6qUCSatPAqkQllFL7oA,a1.00 t1.00,auto-ok
G2,official-pl-one-hit-wonders,Mungo Jerry,In the Summertime,wvUQcnfwUUM,In the Summertime,Mungo Jerry,2uzlv8PjqsVvF1DhEahyhy,a1.00 t1.00,auto-ok
G2,official-pl-one-hit-wonders,Crazy Town,Butterfly,6FEDrU85FLE,Butterfly,Crazy Town,4BggEwLhGfrbrl7JBhC8EC,a1.00 t1.00,auto-ok
G2,official-pl-one-hit-wonders,4 Non Blondes,What's Up?,6NXnxTNIWkc,What's Up?,4 Non Blondes,0jWgAnTrNZmOGmqgvHhZEm,a1.00 t1.00,auto-ok
G2,official-pl-one-hit-wonders,Tom Cochrane,Life Is a Highway,U3sMjm9Eloo,Life Is A Highway,Tom Cochrane,7jIFGkTBIK1UwWaEXMW2Nh,a1.00 t1.00,auto-ok
G2,official-pl-one-hit-wonders,Norman Greenbaum,Spirit in the Sky,AZQxH_8raCI,Spirit In The Sky - Deluxe Edition,Norman Greenbaum,0jvN7eQJJt4nxQzgQfZ1SP,a1.00 t1.00,auto-ok
G2,official-pl-one-hit-wonders,Soft Cell,Tainted Love,XZVpR3Pk-r8,Tainted Love,Soft Cell,0cGG2EouYCEEC3xfa0tDFV,a1.00 t1.00,auto-ok
G2,official-pl-one-hit-wonders,Vanilla Ice,Ice Ice Baby,rog8ou-ZepE,Ice Ice Baby,Vanilla Ice,3XVozq1aeqsJwpXrEZrDJ9,a1.00 t1.00,auto-ok
G2,official-pl-one-hit-wonders,Wild Cherry,Play That Funky Music,MDZsNksbw2Q,Play That Funky Music,Wild Cherry,5uuJruktM9fMdN9Va0DUMl,a1.00 t1.00,auto-ok
G2,official-pl-one-hit-wonders,Dexys Midnight Runners,Come On Eileen,GbpnAGajyMc,Come On Eileen,Dexys Midnight Runners,3MrWxJaD2AT0W9DjWF64Vm,a1.00 t1.00,auto-ok
G2,official-pl-one-hit-wonders,Natalie Imbruglia,Torn,VV1XWJN3nJo,Torn,Natalie Imbruglia,1Jaah2tmN9Hv81A87KZ1MU,a1.00 t1.00,auto-ok
G2,official-pl-one-hit-wonders,Tommy James and the Shondells,Crimson and Clover,GpGEeneO-t0,Crimson and Clover (Single Version),Tommy James & The Shondells,74ohdXevc7VsXl96ofi3Kn,a0.86 t1.00,auto-ok
G2,official-pl-one-hit-wonders,a-ha,Take On Me,djV11Xbc914,Take on Me,a-ha,2WfaOiMkCvy7F5fcp2zZ8L,a1.00 t1.00,auto-ok
G2,official-pl-one-hit-wonders,A Flock of Seagulls,I Ran (So Far Away),iIpfWORQWhU,I Ran (So Far Away),A Flock Of Seagulls,6vKVuBeExHlEh9cZ8Ppk8t,a1.00 t1.00,auto-ok
G2,official-pl-one-hit-wonders,The Knack,My Sharona,bbr60I0u2Ng,My Sharona,The Knack,1HOMkjp0nHMaTnfAkslCQj,a1.00 t1.00,auto-ok
G2,official-pl-one-hit-wonders,Babylon Zoo,Spaceman,XCbAEkfXSDE,Spaceman,Babylon Zoo,0uQcP7QVoLvaFsORsdrgNh,a1.00 t1.00,auto-ok
G2,official-pl-one-hit-wonders,Fine Young Cannibals,She Drives Me Crazy,UtvmTu4zAMg,She Drives Me Crazy,Fine Young Cannibals,4d6eqRtpDX7tydHJGDZUBQ,a1.00 t1.00,auto-ok
G2,official-pl-one-hit-wonders,James,Laid,g_qZ5B-yioU,Laid,James,2CdS3DRqWR5LAhy4hM5X9W,a1.00 t1.00,auto-ok
G2,official-pl-one-hit-wonders,Spin Doctors,Two Princes,wsdy_rct6uo,Two Princes,Spin Doctors,4ePP9So5xRzspjLFVVbj90,a1.00 t1.00,auto-ok
G2,official-pl-one-hit-wonders,Deep Blue Something,Breakfast at Tiffany's,1ClCpfeIELw,Breakfast At Tiffany's,Deep Blue Something,1uzWOoJdADfstQuFtQFTUn,a1.00 t1.00,auto-ok
G2,official-pl-one-hit-wonders,Train,Drops of Jupiter,7Xf-Lesrkuc,Drops of Jupiter (Tell Me),Train,2hKdd3qO7cWr2Jo0Bcs0MA,a1.00 t1.00,auto-ok
G2,official-pl-one-hit-wonders,Sugar Ray,Fly,zUtnwcv-quE,Fly,Sugar Ray,3uPfVXcjnpOjyzI3jb3js4,a1.00 t1.00,auto-ok
G2,official-pl-one-hit-wonders,Spice Girls,Wannabe,gJLIiF15wjQ,Wannabe,Spice Girls,1Je1IMUlBXcx1Fz0WE7oPT,a1.00 t1.00,auto-ok
G2,official-pl-one-hit-wonders,Eagle-Eye Cherry,Save Tonight,Nntd2fgMUYw,Save Tonight,Eagle-Eye Cherry,0smyCrJiibi2uwCiq5R1vj,a1.00 t1.00,auto-ok
G2,official-pl-one-hit-wonders,Harvey Danger,Flagpole Sitta,wYsMjEeEg4g,Flagpole Sitta,Harvey Danger,23UPb5fN5X6dMwIK6Sl2Wz,a1.00 t1.00,auto-ok
G2,official-pl-one-hit-wonders,Blues Traveler,Run-Around,ousaiByU1ko,Run-Around,Blues Traveler,500Tkm3vJmVtdUwdCVxCTb,a1.00 t1.00,auto-ok
G2,official-pl-one-hit-wonders,The Bangles,Walk Like an Egyptian,Cv6tuzHUuuk,Walk Like an Egyptian,The Bangles,1Jwc3ODLQxtbnS8M9TflSP,a1.00 t1.00,auto-ok
G2,official-pl-one-hit-wonders,The Cranberries,Linger,G6Kspj3OO0s,Linger,The Cranberries,3HHehSGzW9dhs2V7Sod4jX,a1.00 t1.00,auto-ok
G2,official-pl-one-hit-wonders,Cornershop,Brimful of Asha,lM7H0ooV_o8,Brimful of Asha,Cornershop,3RNUFPrfUVeOhd6wcKnf6z,a1.00 t1.00,auto-ok
G2,official-pl-one-hit-wonders,Frankie Goes to Hollywood,Relax,Yem_iEHiyJ0,Relax,Frankie Goes To Hollywood,5WJ92b9eMC0xZ7BaukU1E4,a1.00 t1.00,auto-ok
G2,official-pl-pubs-cultes,Bonnie Tyler,Holding Out for a Hero,CPK2HwYzjkA,"Holding Out for a Hero - From ""Footloose"" Soundtrack",Bonnie Tyler,5Hyr47BBGpvOfcykSCcaw9,a1.00 t1.00,auto-ok
G2,official-pl-pubs-cultes,Ramones,I Wanna Be Sedated,Y0L0jVe0duc,I Wanna Be Sedated,Ramones,5NoQvINZLBV1wMYPdNmReL,a1.00 t1.00,auto-ok
G2,official-pl-pubs-cultes,Bobby McFerrin,"Don't Worry, Be Happy",d-diB65scQU,Don't Worry Be Happy,Bobby McFerrin,5YbgcwHjQhdT1BYQ4rxWlD,a1.00 t1.00,auto-ok
G2,official-pl-pubs-cultes,The Foundations,Build Me Up Buttercup,iol0B-clFFM,Build Me Up Buttercup - Mono,The Foundations,1tfZtA15BfJHQTUy3dqTKC,a1.00 t1.00,auto-ok
G2,official-pl-pubs-cultes,Blondie,Heart of Glass,WGU_4-5RaxU,Heart Of Glass,Blondie,41AE8ODX2JETBCa6muhSLY,a1.00 t1.00,auto-ok
G2,official-pl-pubs-cultes,Soft Cell,Tainted Love,XZVpR3Pk-r8,Tainted Love,Soft Cell,0cGG2EouYCEEC3xfa0tDFV,a1.00 t1.00,auto-ok
G2,official-pl-pubs-cultes,Chumbawamba,Tubthumping,2H5uWRjFsGc,Tubthumping,Chumbawamba,5YScXJKtefsgdskIy60N7A,a1.00 t1.00,auto-ok
G2,official-pl-pubs-cultes,Corey Hart,Sunglasses at Night,tfcZYVYBdGc,Sunglasses At Night,Corey Hart,5uRsBdLhn91AYcsTCOGNOC,a1.00 t1.00,auto-ok
G2,official-pl-pubs-cultes,Katrina & The Waves,Walking on Sunshine,iPUmE-tne5U,Walking On Sunshine,Katrina & The Waves,05wIrZSwuaVWhcv5FfqeH0,a0.41 t1.00,no-match
G2,official-pl-pubs-cultes,Survivor,Eye of the Tiger,btPJPFnesV4,Eye of the Tiger,Survivor,2HHtWyy5CgaQbC7XSoOb0e,a1.00 t1.00,auto-ok
G2,official-pl-pubs-cultes,Pharrell Williams,Happy,ZbZSe6N_BXs,"Happy - From ""Despicable Me 2""",Pharrell Williams,60nZcImufyMA1MKQY3dcCH,a1.00 t1.00,auto-ok
G2,official-pl-pubs-cultes,James Brown,I Feel Good,U5TqIdff_DQ,I Feel Good (I Got You),James Brown / James Brown & The Famous Flames,4ZZhgq5RtXEu4RUsgV0a7g,a1.00 t1.00,auto-ok
G2,official-pl-pubs-cultes,Rednex,Cotton Eye Joe,mOYZaiDZ7BM,Cotton Eye Joe,Rednex,06hsdMbBxWGqBO0TV0Zrkf,a1.00 t1.00,auto-ok
G2,official-pl-pubs-cultes,The Beach Boys,Good Vibrations,Eab_beh07HU,Good Vibrations,The Beach Boys,6aU6a9tdn2vHhnPGlboFZX,a1.00 t1.00,auto-ok
G2,official-pl-pubs-cultes,Kenny Loggins,Footloose,ltrMfT4Qz5Y,Footloose,Kenny Loggins,6W2VbtvMrDXm5vYeB7amkO,a1.00 t1.00,auto-ok
G2,official-pl-pubs-cultes,Queen,We Are the Champions,04854XqcfCY,We Are The Champions - Remastered 2011,Queen,1lCRw5FEZ1gPDNPzy1K4zW,a1.00 t1.00,auto-ok
G2,official-pl-pubs-cultes,Starship,We Built This City,K1b8AhIsSYQ,We Built This City,Starship,6OnfBiiSc9RGKiBKKtZXgQ,a1.00 t1.00,auto-ok
G2,official-pl-pubs-cultes,Marvin Gaye,Sexual Healing,rjlSiASsUIs,Sexual Healing,Marvin Gaye,3VZmChrnVW8JK6ano4gSED,a1.00 t1.00,auto-ok
G2,official-pl-pubs-cultes,Fatboy Slim,Praise You,ruAi4VBoBSM,Praise You,Fatboy Slim,1FS21kclHQ2vVi3U1ZxETc,a1.00 t1.00,auto-ok
G2,official-pl-pubs-cultes,Cameo,Word Up!,MZjAantupsA,Word Up,Cameo,7LoGfKBAaOl0nxhodJ1240,a1.00 t1.00,auto-ok
G2,official-pl-pubs-cultes,Blur,Song 2,SSbBvKaM6sk,Song 2,Blur,3GfOAdcoc3X5GPiiXmpBjK,a1.00 t1.00,auto-ok
G2,official-pl-pubs-cultes,Stevie Wonder,Sir Duke,s6fPN5aQVDI,Sir Duke,Stevie Wonder,4pNiE4LCVV74vfIBaUHm1b,a1.00 t1.00,auto-ok
G2,official-pl-pubs-cultes,O-Zone,Dragostea Din Tei,YnopHCL1Jk8,Dragostea din tei,O-Zone,52Zr0sinhWTCRrQhRRY4EP,a1.00 t1.00,auto-ok
G2,official-pl-pubs-cultes,Madonna,Vogue,GuJQSAiODqI,Vogue,Madonna,3WFgRhgECxQYyy8Ldhk2PG,a1.00 t1.00,auto-ok
G2,official-pl-pubs-cultes,Cyndi Lauper,Time After Time,VdQY7BusJNU,Time After Time,Cyndi Lauper,7o9uu2GDtVDr9nsR7ZRN73,a1.00 t1.00,auto-ok
G2,official-pl-pubs-cultes,Gorillaz,Clint Eastwood,1V_xRb0x9aw,Clint Eastwood,Gorillaz / Del The Funky Homosapien,1RKUoGiLEbcXN4GY4spQDx,a1.00 t1.00,auto-ok
G2,official-pl-pubs-cultes,4 Non Blondes,What's Up?,6NXnxTNIWkc,What's Up?,4 Non Blondes,0jWgAnTrNZmOGmqgvHhZEm,a1.00 t1.00,auto-ok
G2,official-pl-pubs-cultes,Smash Mouth,All Star,L_jWHffIx5E,All Star,Smash Mouth,3cfOd4CMv2snFaKAnMdnvK,a1.00 t1.00,auto-ok
G2,official-pl-pubs-cultes,Aqua,Barbie Girl,ZyhrYis509A,Barbie Girl,Aqua,5ZrDlcxIDZyjOzHdYW1ydr,a1.00 t1.00,auto-ok
G2,official-pl-pubs-cultes,Irene Cara,Flashdance... What a Feeling,ILWSp0m9G2U,Flashdance...What a Feeling - Radio Edit,Irene Cara,3cbV252akVZInSvJk7jAYX,a1.00 t1.00,auto-ok
G2,official-pl-pubs-cultes,Haddaway,What Is Love,HEXWRTEbj1I,"What Is Love - 7"" Mix",Haddaway,7JkZ2hQdDonRURJjlMuh8q,a1.00 t1.00,auto-ok
G2,official-pl-pubs-cultes,Technotronic,Pump Up the Jam,9EcjWd-O4jI,Pump Up The Jam,Technotronic,21qnJAMtzC6S5SESuqQLEK,a1.00 t1.00,auto-ok
G2,official-pl-pubs-cultes,Gorillaz,Feel Good Inc.,HyHNuVaZJ-k,Feel Good Inc.,Gorillaz / De La Soul,0d28khcov6AiegSCpG5TuT,a1.00 t1.00,auto-ok
G2,official-pl-pubs-cultes,Nena,99 Luftballons,Fpu5a0Bl8eY,99 Luftballons,Nena,2IJftBfq7pJ43tfnOR0RB3,a1.00 t1.00,auto-ok
G2,official-pl-pubs-cultes,Eiffel 65,Blue (Da Ba Dee),zA52uNzx7Y4,Blue (Da Ba Dee) - Gabry Ponte Video Edit,Eiffel 65 / Gabry Ponte,7lMIJ4EFWRVoAIPDpeGyM3,a1.00 t1.00,auto-ok
G2,official-pl-pubs-cultes,Madonna,Like a Prayer,79fzeNUqQbQ,Like a Prayer,Madonna,2v7ywbUzCgcVohHaKUcacV,a1.00 t1.00,auto-ok
G2,official-pl-pubs-cultes,Ben E. King,Stand by Me,hwZNL7QVJjE,Stand By Me,Ben E. King,3SdTKo2uVsxFblQjpScoHy,a1.00 t1.00,auto-ok
G2,official-pl-pubs-cultes,Deee-Lite,Groove Is in the Heart,etviGf1uWlg,Groove Is in the Heart,Deee-Lite,2He3NOyqtLNE3RQPpeDdSb,a1.00 t1.00,auto-ok
G2,official-pl-pubs-cultes,Cyndi Lauper,Girls Just Want to Have Fun,PIb6AZdTr-A,Girls Just Want to Have Fun,Cyndi Lauper,4y1LsJpmMti1PfRQV9AWWe,a1.00 t1.00,auto-ok
G2,official-pl-pubs-cultes,Bob Marley & The Wailers,Three Little Birds,zaGUr6wzyT8,Three Little Birds,Bob Marley & The Wailers,7vggqxNKwd6xdRoYS0pQtM,a0.45 t1.00,no-match
G2,official-pl-pubs-cultes,Dexys Midnight Runners,Come On Eileen,GbpP3Sxp-1U,Come On Eileen,Dexys Midnight Runners,3MrWxJaD2AT0W9DjWF64Vm,a1.00 t1.00,auto-ok
G2,official-pl-pubs-cultes,Blue Swede,Hooked on a Feeling,NrI-UBIB8Jk,Hooked On A Feeling,Blue Swede / Björn Skifs,6Ac4NVYYl2U73QiTt11ZKd,a1.00 t1.00,auto-ok
G2,official-pl-pubs-cultes,Run-DMC & Aerosmith,Walk This Way,4B_UYYPb-Gk,Walk This Way (feat. Aerosmith),Run–D.M.C. / Aerosmith,6qUEOWqOzu1rLPUPQ1ECpx,a0.78 t1.00,review
G2,official-pl-pubs-cultes,C+C Music Factory,Gonna Make You Sweat (Everybody Dance Now),LaTGrV58wec,Gonna Make You Sweat (Everybody Dance Now) (feat. Freedom Williams),C & C Music Factory / Freedom Williams,7eheoW4hxrH51ww2QePVwF,a1.00 t1.00,auto-ok
G2,official-pl-pubs-cultes,Frank Sinatra,Fly Me to the Moon,JYuyWrkwpok,Fly Me To The Moon - 2008 Remastered,Frank Sinatra / Count Basie,7FXj7Qg3YorUxdrzvrcY25,a1.00 t1.00,auto-ok
G2,official-pl-pubs-cultes,Imagination,Just an Illusion,uY4cVhXxW64,Just an Illusion,Imagination,4QT3YKobBj4BI7xCYRLr9u,a1.00 t1.00,auto-ok
G2,official-pl-pubs-cultes,The Tokens,The Lion Sleeps Tonight,OQlByoPdG6c,The Lion Sleeps Tonight (Wimoweh),The Tokens,2F4FNcz68howQWD4zaGJSi,a1.00 t1.00,auto-ok
G2,official-pl-pubs-cultes,Salt-N-Pepa,Push It,vCadcBR95oU,Push It,Salt-N-Pepa,6sT9MWlJManry3EQwf4V80,a1.00 t1.00,auto-ok
G2,official-pl-pubs-cultes,Paul Simon,You Can Call Me Al,uq-gYOrU8bA,You Can Call Me Al,Paul Simon,0qxYx4F3vm1AOnfux6dDxP,a1.00 t1.00,auto-ok
G2,official-pl-pubs-cultes,Tag Team,Whoomp! (There It Is),Z-FPimCmbX8,Whoomp! There It Is - Radio Edit,Tag Team,3oWXoSkjdbTlQlteizN7Hb,a1.00 t1.00,auto-ok
G2,official-pl-pubs-cultes,David Bowie,Starman,tRcPA7Fzebw,Starman - 2012 Remaster,David Bowie,0pQskrTITgmCMyr85tb9qq,a1.00 t1.00,auto-ok
G2,official-pl-pubs-cultes,Bob Marley & The Wailers,Is This Love,69RdQFDuYPI,Is This Love,Bob Marley & The Wailers,6JRLFiX9NJSoRRKxowlBYr,a0.45 t1.00,no-match
G2,official-pl-pubs-cultes,Kool & The Gang,Celebration,3GwjfUFyY6M,Celebration,Kool & The Gang,3K7Q9PHUWPTaknlbFPThn2,a0.31 t1.00,no-match
G2,official-pl-pubs-cultes,Stevie Wonder,Superstition,0CFuCYNx-1g,Superstition,Stevie Wonder,4N0TP4Rmj6QQezWV88ARNJ,a1.00 t1.00,auto-ok
G2,official-pl-pubs-cultes,Peter Gabriel,Sledgehammer,OJWJE0x7T4Q,Sledgehammer,Peter Gabriel,029NqmIySn1kOY305AAhxT,a1.00 t1.00,auto-ok
G2,official-pl-pubs-cultes,Fatboy Slim,"Right Here, Right Now",ub747pprmJ8,"Right Here, Right Now",Fatboy Slim,5Sh9v7RwibuV34tdjscwx5,a1.00 t1.00,auto-ok
G2,official-pl-pubs-cultes,A Flock of Seagulls,I Ran (So Far Away),iIpfWORQWhU,I Ran (So Far Away),A Flock Of Seagulls,6vKVuBeExHlEh9cZ8Ppk8t,a1.00 t1.00,auto-ok
G2,official-pl-pubs-cultes,Electric Light Orchestra,Mr. Blue Sky,aQUlA8Hcv4s,Mr. Blue Sky,Electric Light Orchestra,2RlgNHKcydI9sayD2Df2xp,a1.00 t1.00,auto-ok
G2,official-pl-pubs-cultes,Roxette,The Look,LlVI7ZNiFlI,The Look,Roxette,4Ln6CP07DElm8ay1RxyYa9,a1.00 t1.00,auto-ok
G2,official-pl-pubs-cultes,Alphaville,Forever Young,t1TcDHrkQYg,Forever Young,Alphaville,4S1VYqwfkLit9mKVY3MXoo,a1.00 t1.00,auto-ok
G2,official-pl-pubs-cultes,Eurythmics,Sweet Dreams (Are Made of This),qeMFqkcPYcg,Sweet Dreams (Are Made of This) - 2005 Remaster,Eurythmics / Annie Lennox / Dave Stewart,1TfqLAPs4K3s2rJMoCokcS,a1.00 t1.00,auto-ok
G2,official-pl-pubs-cultes,Queen,We Will Rock You,-tJYN-eG1zk,We Will Rock You - Remastered 2011,Queen,4pbJqGIASGPr0ZpGpnWkDn,a1.00 t1.00,auto-ok
G2,official-pl-pubs-cultes,New Order,Bizarre Love Triangle,7uEBuqkkQRk,Bizarre Love Triangle,New Order,6wVViUl2xSRoDK2T7dMZbR,a1.00 t1.00,auto-ok
G2,official-pl-pubs-cultes,Vengaboys,Boom Boom Boom Boom!!,llyiQ4I-mcQ,"Boom, Boom, Boom, Boom!!",Vengaboys,5N6M8yDiMV32T6Rkzh8EbW,a1.00 t1.00,auto-ok
G2,official-pl-pubs-cultes,Queen & David Bowie,Under Pressure,a01QQZyl-_I,Under Pressure,Queen / David Bowie,6suU8oBlW4O2pg88tOXgHo,a1.00 t1.00,auto-ok
G2,official-pl-pubs-cultes,A-ha,Take On Me,djV11Xbc914,Take on Me,a-ha,2WfaOiMkCvy7F5fcp2zZ8L,a1.00 t1.00,auto-ok
G2,official-pl-pubs-cultes,Men Without Hats,Safety Dance,0QDKLglEP5Y,The Safety Dance,Men Without Hats,5O4NFbDqJ8SOfbjnIhdPDt,a1.00 t0.75,review
G2,official-pl-pubs-cultes,Bill Withers,Lovely Day,bEeaS6fuUoA,Lovely Day,Bill Withers,0bRXwKfigvpKZUurwqAlEh,a1.00 t1.00,auto-ok
G2,official-pl-pubs-cultes,They Might Be Giants,Istanbul (Not Constantinople),vsQrKZcYtqg,Istanbul (Not Constantinople),They Might Be Giants,63vL5oxWrlvaJ0ayNaQnbX,a1.00 t1.00,auto-ok
G2,official-pl-pubs-cultes,Gnarls Barkley,Crazy,bd2B6SjMh_w,Crazy,Gnarls Barkley / CeeLo Green / Danger Mouse,1vxw6aYJls2oq3gW0DujAo,a1.00 t1.00,auto-ok
G2,official-pl-pubs-cultes,Marvin Gaye,I Heard It Through the Grapevine,hajBdDM2qdg,I Heard It Through The Grapevine,Marvin Gaye,1tqT6DhmsrtQgyCKUwotiw,a1.00 t1.00,auto-ok
G2,official-pl-pubs-cultes,MC Hammer,U Can't Touch This,otCpCn0l4Wo,U Can't Touch This,MC Hammer,1B75hgRqe7A4fwee3g3Wmu,a1.00 t1.00,auto-ok
G2,official-pl-pubs-cultes,Europe,The Final Countdown,9jK-NcRmVcw,The Final Countdown,Europe,3MrRksHupTVEQ7YbA0FsZK,a1.00 t1.00,auto-ok
G2,official-pl-pubs-cultes,Spin Doctors,Two Princes,wsdy_rct6uo,Two Princes,Spin Doctors,4ePP9So5xRzspjLFVVbj90,a1.00 t1.00,auto-ok
G2,official-pl-pubs-cultes,Cornershop,Brimful of Asha,5LBnMRWeV-E,Brimful of Asha,Cornershop,3RNUFPrfUVeOhd6wcKnf6z,a1.00 t1.00,auto-ok
G2,official-pl-pubs-cultes,Mark Ronson ft. Bruno Mars,Uptown Funk,OPf0YbXqDm0,Uptown Funk (feat. Bruno Mars),Mark Ronson / Bruno Mars,32OlwWuMpZ6b0aN2RZOeMS,a1.00 t1.00,auto-ok
G2,official-pl-pubs-cultes,"Earth, Wind & Fire",September,Gs069dndIYk,September,"Earth, Wind & Fire",2grjqo0Frpf2okIBiifQKs,a0.33 t1.00,no-match
G2,official-pl-pubs-cultes,Lou Bega,Mambo No. 5,EK_LN3XEcnw,Mambo No. 5 (a Little Bit of...),Lou Bega,6x4tKaOzfNJpEJHySoiJcs,a1.00 t1.00,auto-ok
G2,official-pl-pubs-cultes,Eddy Grant,Electric Avenue,vtPk5IUbdH0,Electric Avenue,Eddy Grant,55AMcB2JAUr7wmM3Z9Vgqc,a1.00 t1.00,auto-ok
G2,official-pl-pubs-cultes,Iggy Pop,Lust for Life,HuBU3pzy7is,Lust For Life,Iggy Pop,21YxK0klhpfLW8budkJaMF,a1.00 t1.00,auto-ok
G2,official-pl-roadtrip,The Clash,Should I Stay or Should I Go,BN1WwnEDWAM,Should I Stay or Should I Go - Remastered,The Clash,39shmbIHICJ2Wxnk1fPSdz,a1.00 t1.00,auto-ok
G2,official-pl-roadtrip,Wham!,Wake Me Up Before You Go-Go,pIgZ7gMze7A,Wake Me Up Before You Go-Go,Wham!,0ikz6tENMONtK6qGkOrU3c,a1.00 t1.00,auto-ok
G2,official-pl-roadtrip,Willie Nelson,On the Road Again,dBN86y30Ufc,On the Road Again,Willie Nelson,2GyH5rvdnfkjzsTFaWrrov,a1.00 t1.00,auto-ok
G2,official-pl-roadtrip,Van Morrison,Brown Eyed Girl,UfmkgQRmmeE,Brown Eyed Girl,Van Morrison,4CNL4GBNTdVIU5Nk6hB4LC,a1.00 t1.00,auto-ok
G2,official-pl-roadtrip,Stone Temple Pilots,Interstate Love Song,yjJL9DGU7Gg,Interstate Love Song,Stone Temple Pilots,600s08VdbjiyAjDGDjYSFI,a1.00 t1.00,auto-ok
G2,official-pl-roadtrip,Neil Diamond,Sweet Caroline,4F_RCWVoL4s,Sweet Caroline,Neil Diamond,62AuGbAkt8Ox2IrFFb8GKV,a1.00 t1.00,auto-ok
G2,official-pl-roadtrip,John Denver,"Take Me Home, Country Roads",1vrEljMfXYo,"Take Me Home, Country Roads",John Denver,1QbOvACeYanja5pbnJbAmk,a1.00 t1.00,auto-ok
G2,official-pl-roadtrip,Incubus,Drive,fgT9zGkiLig,Drive,Incubus,7nnWIPM5hwE3DaUBkvOIpy,a1.00 t1.00,auto-ok
G2,official-pl-roadtrip,Prince,Little Red Corvette,v0KpfrJE4zw,Little Red Corvette,Prince,4iozhXt27eMl39W5z7R8H6,a1.00 t1.00,auto-ok
G2,official-pl-roadtrip,Thin Lizzy,The Boys Are Back in Town,hQo1HIcSVtg,The Boys Are Back In Town,Thin Lizzy,43DeSV93pJPT4lCZaWZ6b1,a1.00 t1.00,auto-ok
G2,official-pl-roadtrip,Kenny Loggins,Footloose,ltrMfT4Qz5Y,Footloose,Kenny Loggins,6W2VbtvMrDXm5vYeB7amkO,a1.00 t1.00,auto-ok
G2,official-pl-roadtrip,Survivor,Eye of the Tiger,btPJPFnesV4,Eye of the Tiger,Survivor,2HHtWyy5CgaQbC7XSoOb0e,a1.00 t1.00,auto-ok
G2,official-pl-roadtrip,a-ha,Take on Me,djV11Xbc914,Take on Me,a-ha,2WfaOiMkCvy7F5fcp2zZ8L,a1.00 t1.00,auto-ok
G2,official-pl-roadtrip,Redbone,Come and Get Your Love,bc0KhhjJP98,Come and Get Your Love - Single Version,Redbone,7GVUmCP00eSsqc4tzj1sDD,a1.00 t1.00,auto-ok
G2,official-pl-roadtrip,Blue Swede,Hooked on a Feeling,NrI-UBIB8Jk,Hooked On A Feeling,Blue Swede / Björn Skifs,6Ac4NVYYl2U73QiTt11ZKd,a1.00 t1.00,auto-ok
G2,official-pl-roadtrip,Oasis,Wonderwall,bx1Bh8ZvH84,Wonderwall,Oasis,1qPbGZqppFwLwcBC1JQ6Vr,a1.00 t1.00,auto-ok
G2,official-pl-roadtrip,David Bowie,Heroes,lXgkuM2NhYI,"""Heroes"" - 2017 Remaster",David Bowie,7Jh1bpe76CNTCgdgAdBw4Z,a1.00 t1.00,auto-ok
G2,official-pl-roadtrip,Twenty One Pilots,Ride,Pw-0pbY9JeU,Ride,Twenty One Pilots,2Z8WuEywRWYTKe1NybPQEW,a1.00 t1.00,auto-ok
G2,official-pl-roadtrip,Bon Jovi,Living on a Prayer,lDK9QqIzhwk,Livin' On A Prayer,Bon Jovi,37ZJ0p5Jm13JPevGcx4SkF,a1.00 t0.94,auto-ok
G2,official-pl-roadtrip,Smash Mouth,All Star,L_jWHffIx5E,All Star,Smash Mouth,3cfOd4CMv2snFaKAnMdnvK,a1.00 t1.00,auto-ok
G2,official-pl-roadtrip,"Earth, Wind & Fire",September,Gs069dndIYk,September,"Earth, Wind & Fire",2grjqo0Frpf2okIBiifQKs,a0.33 t1.00,no-match
G2,official-pl-roadtrip,Spin Doctors,Two Princes,wsdy_rct6uo,Two Princes,Spin Doctors,4ePP9So5xRzspjLFVVbj90,a1.00 t1.00,auto-ok
G2,official-pl-roadtrip,OutKast,Hey Ya!,PWgvGjAhvIw,Hey Ya!,Outkast,2PpruBYCo4H7WOBJ7Q2EwM,a1.00 t1.00,auto-ok
G2,official-pl-roadtrip,The White Stripes,Seven Nation Army,0J2QdDbelmY,Seven Nation Army,The White Stripes,3dPQuX8Gs42Y7b454ybpMR,a1.00 t1.00,auto-ok
G2,official-pl-roadtrip,Tom Petty,Free Fallin',SccggMlZQtw,Free Fallin',Tom Petty,5tVA6TkbaAH9QMITTQRrNv,a1.00 t1.00,auto-ok
G2,official-pl-roadtrip,Goo Goo Dolls,Iris,NdYWuo9OFAw,Iris,The Goo Goo Dolls,6Qyc6fS4DsZjB2mRW9DsQs,a0.76 t1.00,review
G2,official-pl-roadtrip,Rusted Root,Send Me on My Way,IGMabBGydC0,Send Me On My Way,Rusted Root,6XK6Zw6JkFsHXzAcMWNiIr,a1.00 t1.00,auto-ok
G2,official-pl-roadtrip,Bruce Springsteen,Born to Run,IxuThNgl3YA,Born to Run,Bruce Springsteen,6hTcuIQa0sxrrByu9wTD7s,a1.00 t1.00,auto-ok
G2,official-pl-roadtrip,Blink-182,All the Small Things,9Ht5RZpzPqw,All The Small Things,blink-182,2m1hi0nfMR9vdGC8UcrnwU,a1.00 t1.00,auto-ok
G2,official-pl-roadtrip,Pharrell Williams,Happy,ZbZSe6N_BXs,"Happy - From ""Despicable Me 2""",Pharrell Williams,60nZcImufyMA1MKQY3dcCH,a1.00 t1.00,auto-ok
G2,official-pl-roadtrip,Daft Punk,Get Lucky,5NV6Rdv1a3I,Get Lucky (feat. Pharrell Williams and Nile Rodgers),Daft Punk / Pharrell Williams / Nile Rodgers,69kOkLUCkxIZYexIgSG8rq,a1.00 t1.00,auto-ok
G2,official-pl-roadtrip,Imagine Dragons,Radioactive,ktvTqknDobU,Radioactive,Imagine Dragons,62yJjFtgkhUrXktIoSjgP2,a1.00 t1.00,auto-ok
G2,official-pl-roadtrip,Katrina and the Waves,Walking on Sunshine,iPUmE-tne5U,Walking On Sunshine,Katrina & The Waves,05wIrZSwuaVWhcv5FfqeH0,a0.81 t1.00,review
G2,official-pl-roadtrip,Jimmy Eat World,The Middle,oKsxPW6i3pM,The Middle,Jimmy Eat World,6GG73Jik4jUlQCkKg9JuGO,a1.00 t1.00,auto-ok
G2,official-pl-roadtrip,Modest Mouse,Float On,CTAud5O7Qqk,Float On,Modest Mouse,2lwwrWVKdf3LR9lbbhnr6R,a1.00 t1.00,auto-ok
G2,official-pl-roadtrip,Queen,Don't Stop Me Now,HgzGwKwLmgM,Don't Stop Me Now - Remastered 2011,Queen,5T8EDUDqKcs6OSOwEsfqG7,a1.00 t1.00,auto-ok
G2,official-pl-roadtrip,Boston,More Than a Feeling,oR4uKcvQbGQ,More Than a Feeling,Boston,1QEEqeFIZktqIpPI4jSVSF,a1.00 t1.00,auto-ok
G2,official-pl-roadtrip,The Killers,Mr. Brightside,gGdGFtwCNBE,Mr. Brightside,The Killers,003vvx7Niy0yvhvHt4a68B,a1.00 t1.00,auto-ok
G2,official-pl-roadtrip,Tom Cochrane,Life Is a Highway,BUzlBP01Nzg,Life Is A Highway,Tom Cochrane,7jIFGkTBIK1UwWaEXMW2Nh,a1.00 t1.00,auto-ok
G2,official-pl-roadtrip,Simon & Garfunkel,America,Eo2ZsAOlvEM,America,Simon James,0NTByHbp2qRxni00jJD52t,a0.45 t1.00,no-match
G2,official-pl-roadtrip,AC/DC,You Shook Me All Night Long,Lo2qQmj0_h4,You Shook Me All Night Long,AC/DC,2SiXAy7TuUkycRVbbWDEpo,a1.00 t1.00,auto-ok
G2,official-pl-roadtrip,Blur,Song 2,SSbBvKaM6sk,Song 2,Blur,3GfOAdcoc3X5GPiiXmpBjK,a1.00 t1.00,auto-ok
G2,official-pl-roadtrip,Gorillaz,Feel Good Inc.,HyHNuVaZJ-k,Feel Good Inc.,Gorillaz / De La Soul,0d28khcov6AiegSCpG5TuT,a1.00 t1.00,auto-ok
G2,official-pl-roadtrip,Electric Light Orchestra,Mr. Blue Sky,aQUlA8Hcv4s,Mr. Blue Sky,Electric Light Orchestra,2RlgNHKcydI9sayD2Df2xp,a1.00 t1.00,auto-ok
G2,official-pl-roadtrip,Eagles,Take It Easy,5igDtWadYms,Take It Easy - 2013 Remaster,Eagles,4yugZvBYaoREkJKtbG08Qr,a1.00 t1.00,auto-ok
G2,official-pl-roadtrip,Tracy Chapman,Fast Car,DwrHwZyFN7M,Fast Car,Tracy Chapman,2M9ro2krNb7nr7HSprkEgo,a1.00 t1.00,auto-ok
G2,official-pl-roadtrip,AC/DC,Highway to Hell,l482T0yNkeo,Highway to Hell,AC/DC,2zYzyRzz6pRmhPzyfMEC8s,a1.00 t1.00,auto-ok
G2,official-pl-roadtrip,Lynyrd Skynyrd,Sweet Home Alabama,ye5BuYf8q4o,Sweet Home Alabama,Lynyrd Skynyrd,7e89621JPkKaeDSTQ3avtg,a1.00 t1.00,auto-ok
G2,official-pl-roadtrip,Justin Timberlake,Can't Stop the Feeling!,ru0K8uYEZWw,"CAN'T STOP THE FEELING! (from DreamWorks Animation's ""TROLLS"")",Justin Timberlake,6JV2JOEocMgcZxYSZelKcc,a1.00 t1.00,auto-ok
G2,official-pl-roadtrip,Imagine Dragons,Thunder,fKopy74weus,Thunder,Imagine Dragons,1zB4vmk8tFRmM9UULNzbLB,a1.00 t1.00,auto-ok
G2,official-pl-roadtrip,Bryan Adams,Summer of '69,9f06QZCVUHg,Summer Of '69,Bryan Adams,0GONea6G2XdnHWjNZd6zt3,a1.00 t1.00,auto-ok
G2,official-pl-roadtrip,Elton John,I'm Still Standing,ZHwVBirqD2s,I'm Still Standing,Elton John,1jDJFeK9x3OZboIAHsY9k2,a1.00 t1.00,auto-ok
G2,official-pl-roadtrip,War,Low Rider,ro4yhp9L6Ok,Low Rider,War,7Bz8yww6UMbTgTVLG6zbI4,a1.00 t1.00,auto-ok
G2,official-pl-roadtrip,Rihanna,Shut Up and Drive,up7pvPqNkuU,Shut Up And Drive,Rihanna,4Tn2llBm1g0UlWctmgPL8Z,a1.00 t1.00,auto-ok
G2,official-pl-roadtrip,Toto,Africa,FTQbiNvZqaY,Africa,TOTO,2374M0fQpWi3dLnB54qaLX,a1.00 t1.00,auto-ok
G2,official-pl-roadtrip,Creedence Clearwater Revival,Bad Moon Rising,5BmEGm-mraE,Bad Moon Rising,Creedence Clearwater Revival,20OFwXhEXf12DzwXmaV7fj,a1.00 t1.00,auto-ok
G2,official-pl-roadtrip,The Proclaimers,I'm Gonna Be (500 Miles),tbNlMtqrYS0,I'm Gonna Be (500 Miles),The Proclaimers,67iAlVNDDdddxqSD2EZhFs,a1.00 t1.00,auto-ok
G2,official-pl-roadtrip,Queen,We Will Rock You,-tJYN-eG1zk,We Will Rock You - Remastered 2011,Queen,4pbJqGIASGPr0ZpGpnWkDn,a1.00 t1.00,auto-ok
G2,official-pl-roadtrip,Kenny Loggins,Danger Zone,siwpn14IE7E,"Danger Zone - From ""Top Gun"" Original Soundtrack",Kenny Loggins,34x6hEJgGAOQvmlMql5Ige,a1.00 t1.00,auto-ok
G3,official-pl-anniversaire,The B-52's,Love Shack,9SOryJvTAGs,Love Shack,The B-52's,4W4wYHtsrgDiivRASVOINL,a1.00 t1.00,auto-ok
G3,official-pl-anniversaire,Mark Ronson ft. Bruno Mars,Uptown Funk,OPf0YbXqDm0,Uptown Funk (feat. Bruno Mars),Mark Ronson / Bruno Mars,32OlwWuMpZ6b0aN2RZOeMS,a1.00 t1.00,auto-ok
G3,official-pl-anniversaire,Beyoncé,Single Ladies (Put a Ring on It),4m1EFMoRFvY,Single Ladies (Put a Ring on It),Beyoncé,557un1HgwYMuqfWGSTmnxw,a1.00 t1.00,auto-ok
G3,official-pl-anniversaire,Whitney Houston,I Wanna Dance with Somebody,eH3giaIzONA,I Wanna Dance with Somebody (Who Loves Me),Whitney Houston,2tUBqZG2AbRi7Q0BIrVrEj,a1.00 t1.00,auto-ok
G3,official-pl-anniversaire,Indeep,Last Night a D.J. Saved My Life,GtfZbj4J71A,Last Night a D.J. Saved My Life,Indeep,6NSqiyQWIyZLouviktad9X,a1.00 t1.00,auto-ok
G3,official-pl-anniversaire,Beyoncé ft. Jay-Z,Crazy in Love,ViwtNLUqkMY,Crazy In Love (feat. JAY-Z),Beyoncé / JAŸ-Z,5IVuqXILoxVWvWEPm82Jxr,a1.00 t1.00,auto-ok
G3,official-pl-anniversaire,Usher ft. Lil Jon & Ludacris,Yeah!,GxBSyx85Kp8,Yeah! (feat. Lil Jon & Ludacris),USHER / Lil Jon / Ludacris,5rb9QrpfcKFHM1EUbSIurX,a1.00 t1.00,auto-ok
G3,official-pl-anniversaire,Walk the Moon,Shut Up and Dance,6JCLY0Rlx6Q,Shut Up and Dance,WALK THE MOON,4kbj5MwxO1bq9wjT5g9HaA,a1.00 t1.00,auto-ok
G3,official-pl-anniversaire,Lou Bega,Mambo No. 5,EK_LN3XEcnw,Mambo No. 5 (a Little Bit of...),Lou Bega,6x4tKaOzfNJpEJHySoiJcs,a1.00 t1.00,auto-ok
G3,official-pl-anniversaire,The Weather Girls,It's Raining Men,l5aZJBLAu1E,It's Raining Men,The Weather Girls,2IvetNzSZMH5gwjInoyr18,a1.00 t1.00,auto-ok
G3,official-pl-anniversaire,DJ Snake & Lil Jon,Turn Down for What,HMUDVMiITOU,Turn Down for What,DJ Snake / Lil Jon,67awxiNHNyjMXhVgsHuIrs,a1.00 t1.00,auto-ok
G3,official-pl-anniversaire,Survivor,Eye of the Tiger,btPJPFnesV4,Eye of the Tiger,Survivor,2HHtWyy5CgaQbC7XSoOb0e,a1.00 t1.00,auto-ok
G3,official-pl-anniversaire,Pharrell Williams,Happy,ZbZSe6N_BXs,"Happy - From ""Despicable Me 2""",Pharrell Williams,60nZcImufyMA1MKQY3dcCH,a1.00 t1.00,auto-ok
G3,official-pl-anniversaire,The Black Eyed Peas,Boom Boom Pow,4m48GqaOz90,Boom Boom Pow,Black Eyed Peas,3oDFtOhcN08qeDPAK6MEQG,a0.79 t1.00,review
G3,official-pl-anniversaire,Neil Diamond,Sweet Caroline,1vhFnTjia_I,Sweet Caroline,Neil Diamond,62AuGbAkt8Ox2IrFFb8GKV,a1.00 t1.00,auto-ok
G3,official-pl-anniversaire,Daft Punk ft. Pharrell Williams,Get Lucky,5NV6Rdv1a3I,Get Lucky (feat. Pharrell Williams and Nile Rodgers),Daft Punk / Pharrell Williams / Nile Rodgers,69kOkLUCkxIZYexIgSG8rq,a1.00 t1.00,auto-ok
G3,official-pl-anniversaire,Donna Summer,Hot Stuff,1IdEhvuNxV8,Hot Stuff,Donna Summer,2zMJN9JvDlvGP4jB03l1Bz,a1.00 t1.00,auto-ok
G3,official-pl-anniversaire,Chubby Checker,The Twist,im9XuJJXylw,The Twist,Chubby Checker,4YCnTYbq3oL1Lqpyxg33CU,a1.00 t1.00,auto-ok
G3,official-pl-anniversaire,Britney Spears,Oops!... I Did It Again,CduA0TULnow,Oops!...I Did It Again,Britney Spears,6naxalmIoLFWR0siv8dnQQ,a1.00 t1.00,auto-ok
G3,official-pl-anniversaire,Reel 2 Real,I Like to Move It,hdcTmpvDO0I,"I Like to Move It (feat. The Mad Stuntman) - Erick ""More"" Album Mix",Reel 2 Real / Erick Morillo / The Mad Stuntman,4l2ljvyXOCVNbD5ff7NpM7,a1.00 t1.00,auto-ok
G3,official-pl-anniversaire,Haddaway,What Is Love,HEXWRTEbj1I,"What Is Love - 7"" Mix",Haddaway,7JkZ2hQdDonRURJjlMuh8q,a1.00 t1.00,auto-ok
G3,official-pl-anniversaire,Technotronic,Pump Up the Jam,9EcjWd-O4jI,Pump Up The Jam,Technotronic,21qnJAMtzC6S5SESuqQLEK,a1.00 t1.00,auto-ok
G3,official-pl-anniversaire,Sean Paul,Get Busy,oPQ3o14ksaM,Get Busy,Sean Paul,6bK9BH9Ts8Gj5JFvnQkzak,a1.00 t1.00,auto-ok
G3,official-pl-anniversaire,Aqua,Barbie Girl,ZyhrYis509A,Barbie Girl,Aqua,5ZrDlcxIDZyjOzHdYW1ydr,a1.00 t1.00,auto-ok
G3,official-pl-anniversaire,Michel Teló,Ai Se Eu Te Pego,hcm55lU9knw,Ai Se Eu Te Pego,Michel Teló,0INaMqjJJe1BZpnWuCxDzt,a1.00 t1.00,auto-ok
G3,official-pl-anniversaire,Daddy Yankee,Gasolina,CCF1_jI8Prk,Gasolina,Daddy Yankee,5YoITs1m0q8UOQ4AW7N5ga,a1.00 t1.00,auto-ok
G3,official-pl-anniversaire,Luis Fonsi ft. Daddy Yankee,Despacito,kJQP7kiw5Fk,Despacito,Luis Fonsi / Daddy Yankee,6habFhsOp2NvshLv26DqMb,a1.00 t1.00,auto-ok
G3,official-pl-anniversaire,Tag Team,Whoomp! (There It Is),Z-FPimCmbX8,Whoomp! There It Is - Radio Edit,Tag Team,3oWXoSkjdbTlQlteizN7Hb,a1.00 t1.00,auto-ok
G3,official-pl-anniversaire,Stromae,Alors on danse,7pKrVB5f2W0,Alors on danse - Radio Edit,Stromae,2GYHyAoLWpkxLVa4oYTVko,a1.00 t1.00,auto-ok
G3,official-pl-anniversaire,Vegedream,Ramenez la coupe à la maison,daf2XzBTzrE,Ramenez la coupe à la maison,Vegedream,45eY7Qi2PDUs8WJEhjGWdN,a1.00 t1.00,auto-ok
G3,official-pl-anniversaire,Don Omar ft. Lucenzo,Danza Kuduro,7zp1TbLFPp8,Danza Kuduro,Don Omar / Lucenzo,2aopmM5RlENG9JYZAhe16M,a1.00 t1.00,auto-ok
G3,official-pl-anniversaire,Los Lobos,La Bamba,Jp6j5HJ-Cok,La Bamba,Los Lobos,0uMMLry3hzWGn3q3loqMkm,a1.00 t1.00,auto-ok
G3,official-pl-anniversaire,Wham!,Wake Me Up Before You Go-Go,pIgZ7gMze7A,Wake Me Up Before You Go-Go,Wham!,0ikz6tENMONtK6qGkOrU3c,a1.00 t1.00,auto-ok
G3,official-pl-anniversaire,Chic,Le Freak,h1qQ1SKNlgY,Le Freak,CHIC,4qL9VYPB4XwJKAOq4xn2Mh,a1.00 t1.00,auto-ok
G3,official-pl-anniversaire,Queen,We Will Rock You,-tJYN-eG1zk,We Will Rock You - Remastered 2011,Queen,4pbJqGIASGPr0ZpGpnWkDn,a1.00 t1.00,auto-ok
G3,official-pl-anniversaire,Kenny Loggins,Footloose,ltrMfT4Qz5Y,Footloose,Kenny Loggins,6W2VbtvMrDXm5vYeB7amkO,a1.00 t1.00,auto-ok
G3,official-pl-anniversaire,ABBA,Dancing Queen,-sVB91NTa4A,Dancing Queen,ABBA,0GjEhVFGZW8afUYGChu3Rr,a1.00 t1.00,auto-ok
G3,official-pl-anniversaire,Rednex,Cotton Eye Joe,mOYZaiDZ7BM,Cotton Eye Joe,Rednex,06hsdMbBxWGqBO0TV0Zrkf,a1.00 t1.00,auto-ok
G3,official-pl-anniversaire,Los del Río,Macarena,2zvd1JQ0EKY,Macarena,Los Del Rio,6mhw2fEPH4fMF0wolNm96e,a1.00 t1.00,auto-ok
G3,official-pl-anniversaire,Kool & The Gang,Celebration,3GwjfUFyY6M,Celebration,Kool & The Gang,3K7Q9PHUWPTaknlbFPThn2,a0.31 t1.00,no-match
G3,official-pl-anniversaire,La Compagnie Créole,Le bal masqué,Mk-cOOoj_MU,Le bal masqué,La Compagnie Créole,0ZgRT1UmcCJ36KY39Jb1EA,a1.00 t1.00,auto-ok
G3,official-pl-anniversaire,Altered Images,Happy Birthday,6t1vaF50Ks0,Happy Birthday,Altered Images,7G2oCOFBXTaaMa12WuDOni,a1.00 t1.00,auto-ok
G3,official-pl-anniversaire,Enrique Iglesias ft. Descemer Bueno & Gente de Zona,Bailando,NUsoVlDFqZg,Bailando - Spanish Version,Enrique Iglesias / Descemer Bueno / Gente De Zona,6PSKhwo0mVcOdjUOhVJd5p,a1.00 t1.00,auto-ok
G3,official-pl-anniversaire,Eiffel 65,Blue (Da Ba Dee),zA52uNzx7Y4,Blue (Da Ba Dee) - Gabry Ponte Video Edit,Eiffel 65 / Gabry Ponte,7lMIJ4EFWRVoAIPDpeGyM3,a1.00 t1.00,auto-ok
G3,official-pl-anniversaire,Sean Paul,Temperature,dW2MmuA1nI4,Temperature,Sean Paul,0k2GOhqsrxDTAbFFSdNJjT,a1.00 t1.00,auto-ok
G3,official-pl-anniversaire,Las Ketchup,Aserejé (The Ketchup Song),5llcBScGuAE,The Ketchup Song (Aserejé) - Spanglish Version,Las Ketchup,6UEfyhyfhYQsyipxOd95Ie,a1.00 t0.13,no-match
G3,official-pl-anniversaire,PSY,Gangnam Style,9bZkp7q19f0,Gangnam Style (강남스타일),PSY,03UrZgTINDqvnUMbbIMhql,a1.00 t1.00,auto-ok
G3,official-pl-anniversaire,Queen,Don't Stop Me Now,MHi9mKq0slA,Don't Stop Me Now - Remastered 2011,Queen,5T8EDUDqKcs6OSOwEsfqG7,a1.00 t1.00,auto-ok
G3,official-pl-anniversaire,Kaoma,Lambada,-hosJTEjYQ4,Lambada - Original Version 1989,Kaoma,6xepovPqjvrkEw9Y5AMmTm,a1.00 t1.00,auto-ok
G3,official-pl-anniversaire,Van Halen,Jump,SwYN7mTi6HM,Jump,Van Halen,6Fba9RZtC6vTY814JToDtP,a1.00 t1.00,auto-ok
G3,official-pl-anniversaire,Spice Girls,Wannabe,gJLIiF15wjQ,Wannabe,Spice Girls,1Je1IMUlBXcx1Fz0WE7oPT,a1.00 t1.00,auto-ok
G3,official-pl-anniversaire,"Earth, Wind & Fire",September,Gs069dndIYk,September,"Earth, Wind & Fire",2grjqo0Frpf2okIBiifQKs,a0.33 t1.00,no-match
G3,official-pl-anniversaire,House of Pain,Jump Around,XhzpxjuwZy0,Jump Around,House Of Pain,6JymsaWDHk2Yj4e0yNBIFH,a1.00 t1.00,auto-ok
G3,official-pl-anniversaire,Sister Sledge,We Are Family,eBpYgpF1bqQ,We Are Family - 1995 Remaster,Sister Sledge,5IKLwqBQG6KU6MP2zP80Nu,a1.00 t1.00,auto-ok
G3,official-pl-anniversaire,Robin Thicke ft. T.I. & Pharrell,Blurred Lines,yyDUC1LUXSU,Blurred Lines,Robin Thicke / T.I. / Pharrell Williams,0n4bITAu0Y0nigrz3MFJMb,a1.00 t1.00,auto-ok
G3,official-pl-anniversaire,Shakira ft. Wyclef Jean,Hips Don't Lie,DUT5rEU6pqM,Hips Don't Lie (feat. Wyclef Jean),Shakira / Wyclef Jean,3d0WouFnFmr0K3kjeza3fF,a1.00 t1.00,auto-ok
G3,official-pl-anniversaire,"Pitbull ft. Ne-Yo, Afrojack & Nayer",Give Me Everything,EPo5wWmKEaI,Give Me Everything (feat. Nayer),Pitbull / AFROJACK / Ne-Yo / Nayer,4QNpBfC0zvjKqPJcyqBy9W,a1.00 t1.00,auto-ok
G3,official-pl-anniversaire,Snap!,Rhythm Is a Dancer,WMPM1q_Uyxc,Rhythm Is a Dancer,SNAP!,5uFYYOyT3EclOVhiFzPJSz,a1.00 t1.00,auto-ok
G3,official-pl-anniversaire,Village People,Y.M.C.A.,Q7c9gopd69k,Y.M.C.A,Village People,2MtwLMtwLU17payh5C4fYG,a1.00 t1.00,auto-ok
G3,official-pl-anniversaire,Gala,Freed from Desire,p3l7fgvrEKM,Freed From Desire,Gala / Molella / Phil Jay,3u5N55tHf7hXATSQrjBh2q,a1.00 t1.00,auto-ok
G3,official-pl-anniversaire,Taio Cruz,Dynamite,Vysgv7qVYTo,Dynamite,Taio Cruz,2CEgGE6aESpnmtfiZwYlbV,a1.00 t1.00,auto-ok
G3,official-pl-anniversaire,Stromae,Papaoutai,oiKj0Z_Xnjc,Papaoutai,Stromae,34dx8DACTJsc3rsJdaEIQw,a1.00 t1.00,auto-ok
G3,official-pl-anniversaire,The Pointer Sisters,I'm So Excited,8iwBM_YB1sE,I'm So Excited,The Pointer Sisters,1ot6jEe4w4hYnsOPjd3xKQ,a1.00 t1.00,auto-ok
G3,official-pl-anniversaire,Justin Timberlake,Rock Your Body,TSVHoHyErBQ,Rock Your Body,Justin Timberlake,1AWQoqb9bSvzTjaLralEkT,a1.00 t1.00,auto-ok
G3,official-pl-anniversaire,KC and the Sunshine Band,That's the Way (I Like It),q3svW8PM_jc,That's the Way (I Like It),KC & The Sunshine Band,7s3FSodLpnKMzeMj17G5d0,a0.83 t1.00,auto-ok
G3,official-pl-anniversaire,Journey,Don't Stop Believin',1k8craCGpgs,Don't Stop Believin',Journey,77NNZQSqzLNqh2A9JhLRkg,a1.00 t1.00,auto-ok
G3,official-pl-anniversaire,Justin Timberlake,Can't Stop the Feeling!,ru0K8uYEZWw,"CAN'T STOP THE FEELING! (from DreamWorks Animation's ""TROLLS"")",Justin Timberlake,6JV2JOEocMgcZxYSZelKcc,a1.00 t1.00,auto-ok
G3,official-pl-anniversaire,Michael Jackson,Billie Jean,Zi_XLOBDo_Y,Billie Jean,Michael Jackson,7J1uxwnxfQLu4APicE5Rnj,a1.00 t1.00,auto-ok
G3,official-pl-anniversaire,Jennifer Lopez ft. Pitbull,On the Floor,t4H_Zoh7G5A,On The Floor,Jennifer Lopez / Pitbull,3C0nOe05EIt1390bVABLyN,a1.00 t1.00,auto-ok
G3,official-pl-anniversaire,Europe,The Final Countdown,9jK-NcRmVcw,The Final Countdown,Europe,3MrRksHupTVEQ7YbA0FsZK,a1.00 t1.00,auto-ok
G3,official-pl-anniversaire,LMFAO,Sexy and I Know It,wyx6JDQCslE,Sexy And I Know It,LMFAO,70Vdd1gx5tn84jkAU31ASv,a1.00 t1.00,auto-ok
G3,official-pl-anniversaire,Bill Haley & His Comets,Rock Around the Clock,ZgdufzXvjqw,Rock Around The Clock,Bill Haley & His Comets,34AmZ4PMz9iNZVp9AMIGZj,a0.48 t1.00,no-match
G3,official-pl-anniversaire,Annie Cordy,Tata Yoyo,rKOup6j8B34,Tata Yoyo,Annie Cordy,67XwsSZMYZnJjiwS2eSSir,a1.00 t1.00,auto-ok
G3,official-pl-anniversaire,Cyndi Lauper,Girls Just Want to Have Fun,PIb6AZdTr-A,Girls Just Want to Have Fun,Cyndi Lauper,4y1LsJpmMti1PfRQV9AWWe,a1.00 t1.00,auto-ok
G3,official-pl-anniversaire,C+C Music Factory,Gonna Make You Sweat (Everybody Dance Now),LaTGrV58wec,Gonna Make You Sweat (Everybody Dance Now) (feat. Freedom Williams),C & C Music Factory / Freedom Williams,7eheoW4hxrH51ww2QePVwF,a1.00 t1.00,auto-ok
G3,official-pl-anniversaire,Pitbull ft. Ke$ha,Timber,hHUbLv4ThOo,Timber,Pitbull / Kesha,3cHyrEgdyYRjgJKSOiOtcS,a1.00 t1.00,auto-ok
G3,official-pl-anniversaire,Yannick Noah,Saga Africa,b9hS4_nhYCs,Saga Africa (ambiance secousse),Yannick Noah,6ouQVLPPEplvVA62uXh2ar,a1.00 t1.00,auto-ok
G3,official-pl-anniversaire,The Black Eyed Peas,I Gotta Feeling,uSD4vsh1zDA,I Gotta Feeling,Black Eyed Peas,4kLLWz7srcuLKA7Et40PQR,a0.79 t1.00,review
G3,official-pl-anniversaire,Bon Jovi,Livin' on a Prayer,lDK9QqIzhwk,Livin' On A Prayer,Bon Jovi,37ZJ0p5Jm13JPevGcx4SkF,a1.00 t1.00,auto-ok
G3,official-pl-anniversaire,Shakira,Waka Waka (This Time for Africa),pRpeEdMmmQ0,Waka Waka (This Time for Africa) - K-Mix,Shakira,63Tl9k1sH8tznn3bqoMuyF,a1.00 t1.00,auto-ok
G3,official-pl-apero-afterwork,Santana feat. Rob Thomas,Smooth,6Whgn_iE5uc,Smooth (feat. Rob Thomas),Santana / Rob Thomas,0n2SEXB2qoRQg171q7XqeW,a1.00 t1.00,auto-ok
G3,official-pl-apero-afterwork,Fleetwood Mac,Dreams,mrZRURcb1cM,Dreams - 2004 Remaster,Fleetwood Mac,0ofHAoxe9vBkTCp2UQIavz,a1.00 t1.00,auto-ok
G3,official-pl-apero-afterwork,Marvin Gaye,Sexual Healing,rjlSiASsUIs,Sexual Healing,Marvin Gaye,3VZmChrnVW8JK6ano4gSED,a1.00 t1.00,auto-ok
G3,official-pl-apero-afterwork,Enrique Iglesias,Bailando,NUsoVlDFqZg,Bailando - Spanish Version,Enrique Iglesias / Descemer Bueno / Gente De Zona,6PSKhwo0mVcOdjUOhVJd5p,a1.00 t1.00,auto-ok
G3,official-pl-apero-afterwork,Weezer,Island in the Sun,0C3zgYW_FAM,Island In The Sun,Weezer,2MLHyLy5z5l5YRp7momlgw,a1.00 t1.00,auto-ok
G3,official-pl-apero-afterwork,Sade,By Your Side,VnuImW1dWAk,By Your Side,Sade,7H3ojI1BsVy0dEJENqMt1k,a1.00 t1.00,auto-ok
G3,official-pl-apero-afterwork,Blackstreet,No Diggity,3KL9mRus19o,No Diggity,Blackstreet / Dr. Dre / Queen Pen,5tzDYbMDhomaADt9hKhANt,a1.00 t1.00,auto-ok
G3,official-pl-apero-afterwork,Lana Del Rey,Summertime Sadness,TdrL3QxjyVw,Summertime Sadness,Lana Del Rey,3BJe4B8zGnqEdQPMvfVjuS,a1.00 t1.00,auto-ok
G3,official-pl-apero-afterwork,Kings of Leon,Use Somebody,gnhXHvRoUd0,Use Somebody,Kings of Leon,5VGlqQANWDKJFl0MBG3sg2,a1.00 t1.00,auto-ok
G3,official-pl-apero-afterwork,Kaleo,Way Down We Go,0-7IHOXkiV8,Way down We Go,KALEO,0y1QJc3SJVPKJ1OvFmFqe6,a1.00 t1.00,auto-ok
G3,official-pl-apero-afterwork,Fifth Harmony,Work from Home,5GL9JoH4Sws,Work from Home (feat. Ty Dolla $ign),Fifth Harmony / Ty Dolla $ign,4tCtwWceOPWzenK2HAIJSb,a1.00 t1.00,auto-ok
G3,official-pl-apero-afterwork,Walk the Moon,Shut Up and Dance,6JCLY0Rlx6Q,Shut Up and Dance,WALK THE MOON,4kbj5MwxO1bq9wjT5g9HaA,a1.00 t1.00,auto-ok
G3,official-pl-apero-afterwork,Supertramp,Breakfast in America,buqtdpuZxvk,Breakfast In America,Supertramp,72hA6rKUIc8sI2Bb0eB7AY,a1.00 t1.00,auto-ok
G3,official-pl-apero-afterwork,Avicii,Wake Me Up,IcrbM1l_BoI,Wake Me Up,Avicii,0nrRP2bk19rLc0orkWPQk2,a1.00 t1.00,auto-ok
G3,official-pl-apero-afterwork,Train,Hey Soul Sister,kVpv8-5XWOI,"Hey, Soul Sister",Train,4HlFJV71xXKIGcU3kRyttv,a1.00 t1.00,auto-ok
G3,official-pl-apero-afterwork,Portugal. The Man,Feel It Still,pBkHHoOIIn8,Feel It Still,Portugal. The Man,6QgjcU0zLnzq5OrUoSZ3OK,a1.00 t1.00,auto-ok
G3,official-pl-apero-afterwork,Elle King,Ex's & Oh's,0uLI6BnVh6w,Ex's & Oh's,Elle King,70eDxAyAraNTiD6lx2ZEnH,a1.00 t1.00,auto-ok
G3,official-pl-apero-afterwork,The Chainsmokers,Roses,FyASdjZE0R0,Roses,The Chainsmokers / ROZES,3vv9phIu6Y1vX3jcqaGz5Z,a1.00 t1.00,auto-ok
G3,official-pl-apero-afterwork,Los Lobos,La Bamba,Jp6j5HJ-Cok,La Bamba,Los Lobos,0uMMLry3hzWGn3q3loqMkm,a1.00 t1.00,auto-ok
G3,official-pl-apero-afterwork,Queen,Don't Stop Me Now,HgzGwKwLmgM,Don't Stop Me Now - Remastered 2011,Queen,5T8EDUDqKcs6OSOwEsfqG7,a1.00 t1.00,auto-ok
G3,official-pl-apero-afterwork,J Balvin & Willy William,Mi Gente,wnJ6LuUFpMo,Mi Gente,J Balvin / Willy William,6Nox5U3W0Bf9U0anGZz8f2,a1.00 t1.00,auto-ok
G3,official-pl-apero-afterwork,Haddaway,What Is Love,HEXWRTEbj1I,"What Is Love - 7"" Mix",Haddaway,7JkZ2hQdDonRURJjlMuh8q,a1.00 t1.00,auto-ok
G3,official-pl-apero-afterwork,New Radicals,You Get What You Give,DL7-CKirWZE,You Get What You Give,New Radicals,1Cwsd5xI8CajJz795oy4XF,a1.00 t1.00,auto-ok
G3,official-pl-apero-afterwork,David Bowie,Heroes,lXgkuM2NhYI,"""Heroes"" - 2017 Remaster",David Bowie,7Jh1bpe76CNTCgdgAdBw4Z,a1.00 t1.00,auto-ok
G3,official-pl-apero-afterwork,The Black Keys,Tighten Up,mpaPBCBjSVc,Tighten Up,The Black Keys,3C542UknrX76XSRXTyQ1Qg,a1.00 t1.00,auto-ok
G3,official-pl-apero-afterwork,Kygo feat. Conrad Sewell,Firestone,9Sc-ir2UwGU,Firestone,Kygo / Conrad Sewell,1I8tHoNBFTuoJAlh4hfVVE,a1.00 t1.00,auto-ok
G3,official-pl-apero-afterwork,Vance Joy,Riptide,Y6TFSTHUxi0,Riptide,Vance Joy,7yq4Qj7cqayVTp3FF9CWbm,a1.00 t1.00,auto-ok
G3,official-pl-apero-afterwork,The Lumineers,Ho Hey,zvCBSSwgtg4,Ho Hey,The Lumineers,0DwClY2t9YAWHBROMIgrXb,a1.00 t1.00,auto-ok
G3,official-pl-apero-afterwork,Santana,Oye Cómo Va,J7ATTjg7tpE,Oye Como Va,Santana,5u6y4u5EgDv0peILf60H5t,a1.00 t1.00,auto-ok
G3,official-pl-apero-afterwork,Sade,Smooth Operator,4TYv2PhG89A,Smooth Operator - Single Version,Sade,1Hv1VTm8zeOeybub15mA2R,a1.00 t1.00,auto-ok
G3,official-pl-apero-afterwork,Clean Bandit,Rather Be,LnxVONZ55nQ,Rather Be (feat. Jess Glynne),Clean Bandit / Jess Glynne,3s4U7OHV7gnj42VV72eSZ6,a1.00 t1.00,auto-ok
G3,official-pl-apero-afterwork,DJ Khaled feat. Rihanna,Wild Thoughts,fyaI4-5849w,Wild Thoughts (feat. Rihanna & Bryson Tiller),DJ Khaled / Rihanna / Bryson Tiller,1OAh8uOEOvTDqkKFsKksCi,a1.00 t1.00,auto-ok
G3,official-pl-apero-afterwork,Foster the People,Pumped Up Kicks,SDTZ7iX4vTQ,Pumped Up Kicks,Foster The People,7w87IxuO7BDcJ3YUqCyMTT,a1.00 t1.00,auto-ok
G3,official-pl-apero-afterwork,Tame Impala,The Less I Know the Better,2SUwOgmvzK4,The Less I Know The Better,Tame Impala,6K4t31amVTZDgR3sKmwUJJ,a1.00 t1.00,auto-ok
G3,official-pl-apero-afterwork,Kings of Leon,Sex on Fire,RF0HhrwIwp0,Sex on Fire,Kings of Leon,0ntQJM78wzOLVeCUAW7Y45,a1.00 t1.00,auto-ok
G3,official-pl-apero-afterwork,Pitbull feat. Ne-Yo,Give Me Everything,EPo5wWmKEaI,Give Me Everything (feat. Nayer),Pitbull / AFROJACK / Ne-Yo / Nayer,4QNpBfC0zvjKqPJcyqBy9W,a1.00 t1.00,auto-ok
G3,official-pl-apero-afterwork,Shakira,Waka Waka (This Time for Africa),pRpeEdMmmQ0,Waka Waka (This Time for Africa) - K-Mix,Shakira,63Tl9k1sH8tznn3bqoMuyF,a1.00 t1.00,auto-ok
G3,official-pl-apero-afterwork,Bob Marley & The Wailers,Three Little Birds,zaGUr6wzyT8,Three Little Birds,Bob Marley & The Wailers,7vggqxNKwd6xdRoYS0pQtM,a0.45 t1.00,no-match
G3,official-pl-apero-afterwork,Marc Anthony,Vivir Mi Vida,YXnjy5YlDwk,Vivir Mi Vida,Marc Anthony,3QHMxEOAGD51PDlbFPHLyJ,a1.00 t1.00,auto-ok
G3,official-pl-apero-afterwork,Bruno Mars,Treasure,nPvuNsRccVw,Treasure,Bruno Mars,55h7vJchibLdUkxdlX3fK7,a1.00 t1.00,auto-ok
G3,official-pl-apero-afterwork,Gorillaz,Clint Eastwood,1V_xRb0x9aw,Clint Eastwood,Gorillaz / Del The Funky Homosapien,1RKUoGiLEbcXN4GY4spQDx,a1.00 t1.00,auto-ok
G3,official-pl-apero-afterwork,Simon & Garfunkel,Cecilia,a5_QV97eYqM,"Cecilia - Live at Central Park, New York, NY - August 15, 1991",Paul Simon,3qpPNU7fjD3OtSKifFWvc3,a0.50 t1.00 !DANGER,no-match
G3,official-pl-apero-afterwork,R.E.M.,Losing My Religion,xwtdhWltSIg,Losing My Religion,R.E.M.,31AOj9sFz2gM0O3hMARRBx,a1.00 t1.00,auto-ok
G3,official-pl-apero-afterwork,fun.,Some Nights,qQkBeOisNM0,Some Nights,fun.,67WTwafOMgegV6ABnBQxcE,a1.00 t1.00,auto-ok
G3,official-pl-apero-afterwork,Bruno Mars,Just the Way You Are,LjhCEhWiKXk,Just the Way You Are,Bruno Mars,47Slg6LuqLaX0VodpSCvPt,a1.00 t1.00,auto-ok
G3,official-pl-apero-afterwork,Michel Teló,Ai Se Eu Te Pego,hcm55lU9knw,Ai Se Eu Te Pego,Michel Teló,0INaMqjJJe1BZpnWuCxDzt,a1.00 t1.00,auto-ok
G3,official-pl-apero-afterwork,Luis Fonsi feat. Daddy Yankee,Despacito,kJQP7kiw5Fk,Despacito,Luis Fonsi / Daddy Yankee,6habFhsOp2NvshLv26DqMb,a1.00 t1.00,auto-ok
G3,official-pl-apero-afterwork,Shakira feat. Wyclef Jean,Hips Don't Lie,DUT5rEU6pqM,Hips Don't Lie (feat. Wyclef Jean),Shakira / Wyclef Jean,3d0WouFnFmr0K3kjeza3fF,a1.00 t1.00,auto-ok
G3,official-pl-apero-afterwork,The Chainsmokers feat. Halsey,Closer,PT2_F-1esPk,Closer,The Chainsmokers / Halsey,7BKLCZ1jbUBVqRi2FVlTVw,a1.00 t1.00,auto-ok
G3,official-pl-apero-afterwork,Don Omar feat. Lucenzo,Danza Kuduro,7zp1TbLFPp8,Danza Kuduro,Don Omar / Lucenzo,2aopmM5RlENG9JYZAhe16M,a1.00 t1.00,auto-ok
G3,official-pl-apero-afterwork,Zedd & Alessia Cara,Stay,h--P8HzYZ74,Stay,Zedd / Alessia Cara,6uBhi9gBXWjanegOb2Phh0,a1.00 t1.00,auto-ok
G3,official-pl-apero-afterwork,American Authors,Best Day of My Life,Y66j_BUCBMY,Best Day Of My Life,American Authors,5Hroj5K7vLpIG4FNCRIjbP,a1.00 t1.00,auto-ok
G3,official-pl-apero-afterwork,Avicii,Waiting for Love,cHHLHGNpCSA,Waiting For Love,Avicii,2P4OICZRVAQcYAV2JReRfj,a1.00 t1.00,auto-ok
G3,official-pl-apero-afterwork,Calvin Harris,How Deep Is Your Love,EgqUJOudrcM,How Deep Is Your Love,Calvin Harris / Disciples,22mek4IiqubGD9ctzxc69s,a1.00 t1.00,auto-ok
G3,official-pl-apero-afterwork,Juanes,La Camisa Negra,kRt2sRyup6A,La Camisa Negra,Juanes,2EM9zpAc7PVeoAydmbfVIL,a1.00 t1.00,auto-ok
G3,official-pl-apero-afterwork,Modest Mouse,Float On,CTAud5O7Qqk,Float On,Modest Mouse,2lwwrWVKdf3LR9lbbhnr6R,a1.00 t1.00,auto-ok
G3,official-pl-apero-afterwork,Vaya Con Dios,Just a Friend of Mine,H38Qk0V2tl4,Just a Friend of Mine,Vaya Con Dios,4MYWsMkKhvJK3oKEFQCuzX,a1.00 t1.00,auto-ok
G3,official-pl-apero-afterwork,Adele,Someone Like You,hLQl3WQQoQ0,Someone Like You,Adele,3bNv3VuUOKgrf5hu3YcuRo,a1.00 t1.00,auto-ok
G3,official-pl-apero-afterwork,Peter Bjorn and John,Young Folks,OIRE6iw-ws4,Young Folks,Peter Bjorn and John,4dyx5SzxPPaD8xQIid5Wjj,a1.00 t1.00,auto-ok
G3,official-pl-apero-afterwork,Foster the People,Sit Next to Me,BKLVpDTZOPQ,Sit Next to Me,Foster The People,4BdGO1CaObRD4La9l5Zanz,a1.00 t1.00,auto-ok
G3,official-pl-apero-afterwork,Daft Punk,One More Time,FGBhQbmPwH8,One More Time,Daft Punk,0DiWol3AO6WpXZgp0goxAV,a1.00 t1.00,auto-ok
G3,official-pl-apero-afterwork,Edward Sharpe & The Magnetic Zeros,Home,DHEOF_rcND8,Home,Edward Sharpe & The Magnetic Zeros,2x1jP9BexWtOKudvuUHbaD,a0.41 t1.00,no-match
G3,official-pl-apero-afterwork,Walk the Moon,Anna Sun,qDVW81bXo0s,Anna Sun,WALK THE MOON,3e0yTP5trHBBVvV32jwXqF,a1.00 t1.00,auto-ok
G3,official-pl-apero-afterwork,The Temper Trap,Sweet Disposition,jxKjOOR9sPU,Sweet Disposition,The Temper Trap,1jUkHIMc7UaJQuzWe5Iop2,a1.00 t1.00,auto-ok
G3,official-pl-apero-afterwork,Norah Jones,Don't Know Why,1LH4vnrM-Vs,Don't Know Why,Norah Jones,1zNXF2svmdlNxfS5XeNUgr,a1.00 t1.00,auto-ok
G3,official-pl-apero-afterwork,Milky Chance,Stolen Dance,dAuAyA9dBBU,Stolen Dance,Milky Chance,34xGLuxM0rkxhCVyMSqwJO,a1.00 t1.00,auto-ok
G3,official-pl-apero-afterwork,Sia,Cheap Thrills,J1b22l1kFKY,Cheap Thrills (feat. Sean Paul),Sia / Sean Paul,378iszndTZAR4dH8kwsLC6,a1.00 t1.00,auto-ok
G3,official-pl-apero-afterwork,The Mamas & The Papas,California Dreamin',lo9ui5FezV4,California Dreamin',The Mamas & The Papas,1ZEOIhSn6BKErV59bIgn76,a0.47 t1.00,no-match
G3,official-pl-apero-afterwork,Sergio Mendes,Mas Que Nada,2GZwbKnjRyE,Mas Que Nada,Sérgio Mendes / Black Eyed Peas,6U7GUjtamt2P0LcFod1dBT,a1.00 t1.00,auto-ok
G3,official-pl-apero-afterwork,Maroon 5,Sunday Morning,LD2I5iNDegM,Sunday Morning,Maroon 5,5qII2n90lVdPDcgXEEVHNy,a1.00 t1.00,auto-ok
G3,official-pl-apero-afterwork,Capital Cities,Safe and Sound,47dtFZ8CFo8,Safe and Sound,Capital Cities,5JVbvCHX10U2pLa5DEqGav,a1.00 t1.00,auto-ok
G3,official-pl-apero-afterwork,Kygo & Selena Gomez,It Ain't Me,D5drYkLiLI8,It Ain't Me (with Selena Gomez),Kygo / Selena Gomez,3eR23VReFzcdmS7TYCrhCe,a1.00 t1.00,auto-ok
G3,official-pl-apero-afterwork,Of Monsters and Men,Little Talks,ghb6eDopW8I,Little Talks,Of Monsters and Men,2ihCaVdNZmnHZWt0fvAM7B,a1.00 t1.00,auto-ok
G3,official-pl-apero-afterwork,Daft Punk,Get Lucky,5NV6Rdv1a3I,Get Lucky (feat. Pharrell Williams and Nile Rodgers),Daft Punk / Pharrell Williams / Nile Rodgers,69kOkLUCkxIZYexIgSG8rq,a1.00 t1.00,auto-ok
G3,official-pl-apero-afterwork,Empire of the Sun,Walking on a Dream,eimgRedLkkU,Walking On A Dream,Empire Of The Sun,5r5cp9IpziiIsR6b93vcnQ,a1.00 t1.00,auto-ok
G3,official-pl-apero-afterwork,George Ezra,Budapest,VHrLPs3_1Fs,Budapest,George Ezra,2ixsaeFioXJmMgkkbd4uj1,a1.00 t1.00,auto-ok
G3,official-pl-apero-afterwork,The Killers,Mr. Brightside,gGdGFtwCNBE,Mr. Brightside,The Killers,003vvx7Niy0yvhvHt4a68B,a1.00 t1.00,auto-ok
G3,official-pl-apero-afterwork,The Chainsmokers & Coldplay,Something Just Like This,FM7MFYoylVs,Something Just Like This,The Chainsmokers / Coldplay,1dNIEtp7AY3oDAKCGg2XkH,a1.00 t1.00,auto-ok
G3,official-pl-apero-afterwork,MGMT,Electric Feel,MmZexg8sxyk,Electric Feel,MGMT,3FtYbEfBqAlGO46NUDQSAt,a1.00 t1.00,auto-ok
G3,official-pl-apero-afterwork,Hozier,Take Me to Church,1kYgXOrA3Jc,Take Me To Church,Hozier,3dYD57lRAUcMHufyqn9GcI,a1.00 t1.00,auto-ok
G3,official-pl-chants-de-stade,Queen,We Will Rock You,-tJYN-eG1zk,We Will Rock You - Remastered 2011,Queen,4pbJqGIASGPr0ZpGpnWkDn,a1.00 t1.00,auto-ok
G3,official-pl-chants-de-stade,Survivor,Eye of the Tiger,kI-TBmie1Yc,Eye of the Tiger,Survivor,2HHtWyy5CgaQbC7XSoOb0e,a1.00 t1.00,auto-ok
G3,official-pl-chants-de-stade,The Fratellis,Chelsea Dagger,LBaxde247Mw,Chelsea Dagger,The Fratellis,52fnLN02thRhTnbzVZzdqq,a1.00 t1.00,auto-ok
G3,official-pl-chants-de-stade,Gala,Freed from Desire,4eJckVIJk5c,Freed From Desire,Gala / Molella / Phil Jay,3u5N55tHf7hXATSQrjBh2q,a1.00 t1.00,auto-ok
G3,official-pl-chants-de-stade,Bon Jovi,Livin' on a Prayer,CuUefy9bT9U,Livin' On A Prayer,Bon Jovi,37ZJ0p5Jm13JPevGcx4SkF,a1.00 t1.00,auto-ok
G3,official-pl-chants-de-stade,Joe Dassin,Aux Champs-Élysées,tDWeLlvYyYU,Aux Champs Élysées,Joe Dassin / Vakantieorkest Ad Hoc,1wbXdxjtnaGKyhtySxpbDo,a1.00 t1.00,auto-ok
G3,official-pl-chants-de-stade,The Cranberries,Zombie,6Ejga4kJUts,Zombie,The Cranberries,49wOjOkS4pBK3PQnPnNYjb,a1.00 t1.00,auto-ok
G3,official-pl-chants-de-stade,Europe,The Final Countdown,lZzcQ-uQ8R0,The Final Countdown,Europe,3MrRksHupTVEQ7YbA0FsZK,a1.00 t1.00,auto-ok
G3,official-pl-chants-de-stade,Thin Lizzy,The Boys Are Back in Town,wIE5wwvicew,The Boys Are Back In Town,Thin Lizzy,43DeSV93pJPT4lCZaWZ6b1,a1.00 t1.00,auto-ok
G3,official-pl-chants-de-stade,The White Stripes,Seven Nation Army,CBEJo18auXE,Seven Nation Army,The White Stripes,3dPQuX8Gs42Y7b454ybpMR,a1.00 t1.00,auto-ok
G3,official-pl-chants-de-stade,Status Quo,Rockin' All Over the World,Mz2CMDCD3WQ,Rockin' All Over The World,Status Quo,6YlOxoHWLjH6uVQvxUIUug,a1.00 t1.00,auto-ok
G3,official-pl-chants-de-stade,Daft Punk,Harder Better Faster Stronger,gAjR4_CbPpQ,"Harder, Better, Faster, Stronger",Daft Punk,5W3cjX2J3tjhG8zb6u0qHn,a1.00 t1.00,auto-ok
G3,official-pl-chants-de-stade,AC/DC,You Shook Me All Night Long,Lo2qQmj0_h4,You Shook Me All Night Long,AC/DC,2SiXAy7TuUkycRVbbWDEpo,a1.00 t1.00,auto-ok
G3,official-pl-chants-de-stade,Oasis,Wonderwall,bx1Bh8ZvH84,Wonderwall,Oasis,1qPbGZqppFwLwcBC1JQ6Vr,a1.00 t1.00,auto-ok
G3,official-pl-chants-de-stade,Neil Diamond,Sweet Caroline,1vhFnTjia_I,Sweet Caroline,Neil Diamond,62AuGbAkt8Ox2IrFFb8GKV,a1.00 t1.00,auto-ok
G3,official-pl-chants-de-stade,Snap!,The Power,nm6DO_7px1I,The Power,SNAP!,3P5dVXm98CgVuEpcW2HsUk,a1.00 t1.00,auto-ok
G3,official-pl-chants-de-stade,Rednex,Cotton Eye Joe,mOYZaiDZ7BM,Cotton Eye Joe,Rednex,06hsdMbBxWGqBO0TV0Zrkf,a1.00 t1.00,auto-ok
G3,official-pl-chants-de-stade,Van Halen,Jump,SwYN7mTi6HM,Jump,Van Halen,6Fba9RZtC6vTY814JToDtP,a1.00 t1.00,auto-ok
G3,official-pl-chants-de-stade,Ozzy Osbourne,Crazy Train,tMDFv5m18Pw,Crazy Train,Ozzy Osbourne,7ACxUo21jtTHzy7ZEV56vU,a1.00 t1.00,auto-ok
G3,official-pl-chants-de-stade,Blur,Song 2,SSbBvKaM6sk,Song 2,Blur,3GfOAdcoc3X5GPiiXmpBjK,a1.00 t1.00,auto-ok
G3,official-pl-chants-de-stade,K'naan,Wavin' Flag,WTJSt4wP2ME,Wavin' Flag - Coca-Cola® Celebration Mix,K'NAAN,4nOygULhEuDO5ZBRNPFaso,a1.00 t1.00,auto-ok
G3,official-pl-chants-de-stade,Darude,Sandstorm,y6120QOlsfU,Sandstorm,Darude,6Sy9BUbgFse0n0LPA5lwy5,a1.00 t1.00,auto-ok
G3,official-pl-chants-de-stade,The Rolling Stones,Satisfaction,nrIPxlFzDi0,(I Can't Get No) Satisfaction - Mono,The Rolling Stones,2PzU4IB8Dr6mxV3lHuaG34,a1.00 t1.00,auto-ok
G3,official-pl-chants-de-stade,2 Unlimited,No Limit,qM5W7Xn7FiA,No Limit,2 Unlimited,1hGvGM76KOX6tpAyaHB0au,a1.00 t1.00,auto-ok
G3,official-pl-chants-de-stade,O-Zone,Dragostea Din Tei,YnopHCL1Jk8,Dragostea din tei,O-Zone,52Zr0sinhWTCRrQhRRY4EP,a1.00 t1.00,auto-ok
G3,official-pl-chants-de-stade,Usher feat. Lil Jon & Ludacris,Yeah!,GxBSyx85Kp8,Yeah! (feat. Lil Jon & Ludacris),USHER / Lil Jon / Ludacris,5rb9QrpfcKFHM1EUbSIurX,a1.00 t1.00,auto-ok
G3,official-pl-chants-de-stade,Yeah Yeah Yeahs,Heads Will Roll,auzfTPp4moA,Heads Will Roll,Yeah Yeah Yeahs,2WRFD9WczJ975X2K1Y9YVs,a1.00 t1.00,auto-ok
G3,official-pl-chants-de-stade,Shakira feat. Wyclef Jean,Hips Don't Lie,DUT5rEU6pqM,Hips Don't Lie (feat. Wyclef Jean),Shakira / Wyclef Jean,3d0WouFnFmr0K3kjeza3fF,a1.00 t1.00,auto-ok
G3,official-pl-chants-de-stade,Eminem feat. Nate Dogg,Till I Collapse,ytQ5CYE1VZw,Till I Collapse,Eminem / Nate Dogg,4xkOaSrkexMciUUogZKVTS,a1.00 t1.00,auto-ok
G3,official-pl-chants-de-stade,Martin Garrix,Animals,gCYcHz2k5x0,Animals,Martin Garrix,0A9mHc7oYUoCECqByV8cQR,a1.00 t1.00,auto-ok
G3,official-pl-chants-de-stade,ABBA,Mamma Mia,unfzfe8f9NI,Mamma Mia,ABBA,2TxCwUlqaOH3TIyJqGgR91,a1.00 t1.00,auto-ok
G3,official-pl-chants-de-stade,Ricky Martin,La Copa de la Vida,2S4IT-m3W4E,"La Copa de la Vida (La Canción Oficial de la Copa Mundial, Francia '98) - Spanish Version",Ricky Martin,5PrGG8gAKXl4bi1odVla7l,a1.00 t1.00,auto-ok
G3,official-pl-chants-de-stade,House of Pain,Jump Around,XhzpxjuwZy0,Jump Around,House Of Pain,6JymsaWDHk2Yj4e0yNBIFH,a1.00 t1.00,auto-ok
G3,official-pl-chants-de-stade,Chumbawamba,Tubthumping,2H5uWRjFsGc,Tubthumping,Chumbawamba,5YScXJKtefsgdskIy60N7A,a1.00 t1.00,auto-ok
G3,official-pl-chants-de-stade,The Black Eyed Peas,I Gotta Feeling,uSD4vsh1zDA,I Gotta Feeling,Black Eyed Peas,4kLLWz7srcuLKA7Et40PQR,a0.79 t1.00,review
G3,official-pl-chants-de-stade,Technotronic,Pump Up the Jam,9EcjWd-O4jI,Pump Up The Jam,Technotronic,21qnJAMtzC6S5SESuqQLEK,a1.00 t1.00,auto-ok
G3,official-pl-chants-de-stade,Rihanna feat. Calvin Harris,We Found Love,tg00YEETFzg,We Found Love,Rihanna / Calvin Harris,0U10zFw4GlBacOy9VDGfGL,a1.00 t1.00,auto-ok
G3,official-pl-chants-de-stade,Santana feat. Rob Thomas,Smooth,6Whgn_iE5uc,Smooth (feat. Rob Thomas),Santana / Rob Thomas,0n2SEXB2qoRQg171q7XqeW,a1.00 t1.00,auto-ok
G3,official-pl-chants-de-stade,Don Omar feat. Lucenzo,Danza Kuduro,7zp1TbLFPp8,Danza Kuduro,Don Omar / Lucenzo,2aopmM5RlENG9JYZAhe16M,a1.00 t1.00,auto-ok
G3,official-pl-chants-de-stade,Nirvana,Smells Like Teen Spirit,hTWKbfoikeg,Smells Like Teen Spirit,Nirvana,4CeeEOM32jQcH3eN9Q2dGj,a1.00 t1.00,auto-ok
G3,official-pl-chants-de-stade,Lou Bega,Mambo No. 5,EK_LN3XEcnw,Mambo No. 5 (a Little Bit of...),Lou Bega,6x4tKaOzfNJpEJHySoiJcs,a1.00 t1.00,auto-ok
G3,official-pl-chants-de-stade,Ritchie Valens,La Bamba,Jp6j5HJ-Cok,La Bamba - Single Version,Ritchie Valens,2aEeghgUcnu75tzcolFMfs,a1.00 t1.00,auto-ok
G3,official-pl-chants-de-stade,Mark Ronson feat. Bruno Mars,Uptown Funk,OPf0YbXqDm0,Uptown Funk (feat. Bruno Mars),Mark Ronson / Bruno Mars,32OlwWuMpZ6b0aN2RZOeMS,a1.00 t1.00,auto-ok
G3,official-pl-chants-de-stade,DJ Snake & Lil Jon,Turn Down for What,HMUDVMiITOU,Turn Down for What,DJ Snake / Lil Jon,67awxiNHNyjMXhVgsHuIrs,a1.00 t1.00,auto-ok
G3,official-pl-chants-de-stade,Shakira,Waka Waka (This Time for Africa),pRpeEdMmmQ0,Waka Waka (This Time for Africa) - K-Mix,Shakira,63Tl9k1sH8tznn3bqoMuyF,a1.00 t1.00,auto-ok
G3,official-pl-chants-de-stade,Joan Jett & The Blackhearts,I Love Rock 'n' Roll,nOMVAFpAPr0,I Love Rock 'N Roll,Joan Jett & the Blackhearts,4jTqsgDaffdNH0BMBwhjFv,a0.36 t1.00,no-match
G3,official-pl-chants-de-stade,Gloria Gaynor,I Will Survive,6dYWe1c3OyU,I Will Survive,Gloria Gaynor,7rIovIsXE6kMn629b7kDig,a1.00 t1.00,auto-ok
G3,official-pl-chants-de-stade,The Fans,"Olé, Olé, Olé (The Name of the Game)",kyx6sXMRbfc,Olé Olé Olé Olé,The Winners,7C59YZmhiSFOYMBbHwrn0U,a0.55 t1.00,no-match
G3,official-pl-chants-de-stade,"Earth, Wind & Fire",September,Gs069dndIYk,September,"Earth, Wind & Fire",2grjqo0Frpf2okIBiifQKs,a0.33 t1.00,no-match
G3,official-pl-chants-de-stade,"Baddiel, Skinner & The Lightning Seeds",Three Lions (Football's Coming Home),RJqimlFcJsM,Three Lions (Football's Coming Home),"Baddiel, Skinner & Lightning Seeds",1uvgJMboQtzRRWzc7PdkJp,a0.23 t1.00,no-match
G3,official-pl-chants-de-stade,Queen,We Are the Champions,aRlk72bQK90,We Are The Champions - Remastered 2011,Queen,1lCRw5FEZ1gPDNPzy1K4zW,a1.00 t1.00,auto-ok
G3,official-pl-chants-de-stade,Desireless,Voyage Voyage,6PDmZnG8KsM,Voyage voyage,Desireless,2d8D7uk3tbAThjRkdfrx9c,a1.00 t1.00,auto-ok
G3,official-pl-chants-de-stade,Zombie Nation,Kernkraft 400,z5LW07FTJbI,Kernkraft 400,Zombie Nation,6PUzxtIHkv346yP89NzP9X,a1.00 t1.00,auto-ok
G3,official-pl-chants-de-stade,Oasis,Don't Look Back in Anger,cmpRLQZkTb8,Don't Look Back In Anger,Oasis,7ppPZa3TRUSGKaks9wH7VT,a1.00 t1.00,auto-ok
G3,official-pl-chants-de-stade,The Rolling Stones,Start Me Up,SGyOaCXr8Lw,Start Me Up - Remastered 2009,The Rolling Stones,7HKez549fwJQDzx3zLjHKC,a1.00 t1.00,auto-ok
G3,official-pl-chants-de-stade,The Black Eyed Peas,Pump It,ZaI2IlHwmgQ,Pump It,Black Eyed Peas,2ygMBIctKIAfbEBcT9065L,a0.79 t1.00,review
G3,official-pl-chants-de-stade,Tina Turner,Simply the Best,GC5E8ie2pdM,Simply the Best - Live in Arnhem,Tina Turner,1JLLDS0KN1ITeYL9ikHKIr,a1.00 t1.00 !DANGER,review
G3,official-pl-chants-de-stade,The Prodigy,Firestarter,wmin5WkOuPw,Firestarter,The Prodigy,79CUrU5o2KAVDTNm4x3eGU,a1.00 t1.00,auto-ok
G3,official-pl-chants-de-stade,The Beatles,Yellow Submarine,m2uTFF_3MaA,Yellow Submarine,The Beatles,1tdltVUBkiBCW1C3yB4zyD,a1.00 t1.00,auto-ok
G3,official-pl-chants-de-stade,Steppenwolf,Born to Be Wild,rMbATaj7Il8,Born To Be Wild,Steppenwolf,2VPGmrcBw5X4yAu3B8UZNE,a1.00 t1.00,auto-ok
G3,official-pl-chants-de-stade,Gnarls Barkley,Crazy,bd2B6SjMh_w,Crazy,Gnarls Barkley / CeeLo Green / Danger Mouse,1vxw6aYJls2oq3gW0DujAo,a1.00 t1.00,auto-ok
G3,official-pl-chants-de-stade,AC/DC,Thunderstruck,v2AC41dglnM,Thunderstruck,AC/DC,57bgtoPSgt236HzfBOd8kj,a1.00 t1.00,auto-ok
G3,official-pl-chants-de-stade,Dexys Midnight Runners,Come On Eileen,GbpP3Sxp-1U,Come On Eileen,Dexys Midnight Runners,3MrWxJaD2AT0W9DjWF64Vm,a1.00 t1.00,auto-ok
G3,official-pl-chants-de-stade,Beastie Boys,Intergalactic,qORYO0atB6g,Intergalactic,Beastie Boys,0rVd7bTGtrQUW34xSLzozd,a1.00 t1.00,auto-ok
G3,official-pl-chants-de-stade,Beastie Boys,Sabotage,z5rRZdiu1UE,Sabotage,Beastie Boys,0Puj4YlTm6xNzDDADXHMI9,a1.00 t1.00,auto-ok
G3,official-pl-chants-de-stade,Caesars,Jerk It Out,4B1ZQcbSvdU,Jerk It Out,Caesars,5XMjXjwCkJVmk0AHm7z8IV,a1.00 t1.00,auto-ok
G3,official-pl-chants-de-stade,Sister Sledge,We Are Family,uyGY2NfYpeE,We Are Family - 1995 Remaster,Sister Sledge,5IKLwqBQG6KU6MP2zP80Nu,a1.00 t1.00,auto-ok
G3,official-pl-chants-de-stade,Pitbull feat. Jennifer Lopez & Claudia Leitte,We Are One (Ole Ola),TGtWWb9emYI,We Are One (Ole Ola) [The Official 2014 FIFA World Cup Song] (feat. Jennifer Lopez & Claudia Leitte),Pitbull / Jennifer Lopez / Claudia Leitte,1PCvKFPWnTXAe2oaReVUcr,a1.00 t1.00,auto-ok
G3,official-pl-chants-de-stade,ABBA,Dancing Queen,xFrGuyw1V8s,Dancing Queen,ABBA,0GjEhVFGZW8afUYGChu3Rr,a1.00 t1.00,auto-ok
G3,official-pl-chants-de-stade,Bill Conti,Gonna Fly Now,ioE_O7Lm0I4,"Gonna Fly Now - Theme From ""Rocky""",Bill Conti,7iXYRR70wewzVYzWScm99j,a1.00 t1.00,auto-ok
G3,official-pl-chants-de-stade,The Verve,Bitter Sweet Symphony,1lyu1KKwC74,Bitter Sweet Symphony - Remastered 2016,The Verve,57iDDD9N9tTWe75x6qhStw,a1.00 t1.00,auto-ok
G3,official-pl-chants-de-stade,Journey,Don't Stop Believin',1k8craCGpgs,Don't Stop Believin',Journey,77NNZQSqzLNqh2A9JhLRkg,a1.00 t1.00,auto-ok
G3,official-pl-chants-de-stade,Spice Girls,Wannabe,gJLIiF15wjQ,Wannabe,Spice Girls,1Je1IMUlBXcx1Fz0WE7oPT,a1.00 t1.00,auto-ok
G3,official-pl-chants-de-stade,Guns N' Roses,Welcome to the Jungle,o1tj2zJ2Wvg,Welcome To The Jungle,Guns N' Roses,0G21yYKMZoHa30cYVi1iA8,a1.00 t1.00,auto-ok
G3,official-pl-chants-de-stade,The Killers,Mr. Brightside,gGdGFtwCNBE,Mr. Brightside,The Killers,003vvx7Niy0yvhvHt4a68B,a1.00 t1.00,auto-ok
G3,official-pl-chants-de-stade,Avicii,Levels,_ovdm2yX4MA,Levels - Radio Edit,Avicii,5UqCQaDshqbIk3pkhy4Pjg,a1.00 t1.00,auto-ok
G3,official-pl-chants-de-stade,Gerry & The Pacemakers,You'll Never Walk Alone,OV5_LQArLa0,You'll Never Walk Alone,Gerry & The Pacemakers,6fSNK6QlZskYmKTvJnNH5P,a0.25 t1.00,no-match
G3,official-pl-chants-de-stade,Bruce Springsteen,Born in the U.S.A.,EPhWR4d3FJQ,Born in the U.S.A.,Bruce Springsteen,0dOg1ySSI7NkpAe89Zo0b9,a1.00 t1.00,auto-ok
G3,official-pl-new-wave-synthpop-80s,Depeche Mode,People Are People,MzGnX-MbYE4,People Are People,Depeche Mode,4WoKuMjwJXuy9IqX6AH5JE,a1.00 t1.00,auto-ok
G3,official-pl-new-wave-synthpop-80s,Blondie,Call Me,StKVS0eI85I,Call Me,Blondie,7HKxTNVlkHsfMLhigmhC0I,a1.00 t1.00,auto-ok
G3,official-pl-new-wave-synthpop-80s,Billy Idol,White Wedding,AAZQaYKZMTI,White Wedding - Pt. 1,Billy Idol,1gzIbdFnGJ226LTl0Cn2SX,a1.00 t1.00,auto-ok
G3,official-pl-new-wave-synthpop-80s,Laura Branigan,Self Control,RP0_8J7uxhs,Self Control,Laura Branigan,6JNJERZGJwDVgkmbohBw7u,a1.00 t1.00,auto-ok
G3,official-pl-new-wave-synthpop-80s,Frankie Goes to Hollywood,Two Tribes,pO1HC8pHZw0,Two Tribes,Frankie Goes To Hollywood,5NN5MQyE3Lo91zAEHpGa7S,a1.00 t1.00,auto-ok
G3,official-pl-new-wave-synthpop-80s,When in Rome,The Promise,5HI_xFQWiYU,The Promise,When In Rome,48p5E25cFPanxuwCTmTpuL,a1.00 t1.00,auto-ok
G3,official-pl-new-wave-synthpop-80s,a-ha,Take On Me,MIgK3zOk0zg,Take on Me,a-ha,2WfaOiMkCvy7F5fcp2zZ8L,a1.00 t1.00,auto-ok
G3,official-pl-new-wave-synthpop-80s,Baltimora,Tarzan Boy,_r0n9Dv6XnY,Tarzan Boy,Baltimora,273uCXd7NPrInaiNqtkOrA,a1.00 t1.00,auto-ok
G3,official-pl-new-wave-synthpop-80s,Tears for Fears,Everybody Wants to Rule the World,SFU1GeGFpzY,Everybody Wants To Rule The World,Tears For Fears,4RvWPyQ5RL0ao9LPZeSouE,a1.00 t1.00,auto-ok
G3,official-pl-new-wave-synthpop-80s,Duran Duran,Hungry Like the Wolf,oJL-lCzEXgI,Hungry Like the Wolf - 2009 Remaster,Duran Duran,39lSeqnyjZJejRuaREfyLL,a1.00 t1.00,auto-ok
G3,official-pl-new-wave-synthpop-80s,Eurythmics,Sweet Dreams (Are Made of This),qeMFqkcPYcg,Sweet Dreams (Are Made of This) - 2005 Remaster,Eurythmics / Annie Lennox / Dave Stewart,1TfqLAPs4K3s2rJMoCokcS,a1.00 t1.00,auto-ok
G3,official-pl-new-wave-synthpop-80s,Joy Division,Love Will Tear Us Apart,zuuObGsB0No,Love Will Tear Us Apart,Joy Division,2JO3HwMRPeya8bXbtbyPcf,a1.00 t1.00,auto-ok
G3,official-pl-new-wave-synthpop-80s,Spandau Ballet,True,AR8D2yqgQ1U,True - 2003 Remaster,Spandau Ballet,10I09MLZCY4pK37XxAfkw0,a1.00 t1.00,auto-ok
G3,official-pl-new-wave-synthpop-80s,Pet Shop Boys,West End Girls,p3j2NYZ8FKs,West End Girls,Pet Shop Boys,5Dqik1P9toCJTLj5rEm78s,a1.00 t1.00,auto-ok
G3,official-pl-new-wave-synthpop-80s,Corey Hart,Sunglasses at Night,X2LTL8KgKv8,Sunglasses At Night,Corey Hart,5uRsBdLhn91AYcsTCOGNOC,a1.00 t1.00,auto-ok
G3,official-pl-new-wave-synthpop-80s,Madness,Our House,oXA6CLTDekw,Our House,Madness,5HrtZ0YLAcKIRx4tdQoHWc,a1.00 t1.00,auto-ok
G3,official-pl-new-wave-synthpop-80s,Modern English,I Melt with You,LuN6gs0AJls,I Melt with You,Modern English,3xzRBn3ywzobJrc1efC7Sb,a1.00 t1.00,auto-ok
G3,official-pl-new-wave-synthpop-80s,Bananarama,Cruel Summer,l9ml3nyww80,Cruel Summer,Bananarama,2EGaDf0cPX789H3LNeB03D,a1.00 t1.00,auto-ok
G3,official-pl-new-wave-synthpop-80s,Talking Heads,Once in a Lifetime,5IsSpAOD6K8,Once in a Lifetime,Talking Heads,1Tr4K5MU5XYE44umXGDndd,a1.00 t1.00,auto-ok
G3,official-pl-new-wave-synthpop-80s,Visage,Fade to Grey,UMPC8QJF6sI,Fade To Grey,Visage,3yobQNuKVJ62WDU7h725Fu,a1.00 t1.00,auto-ok
G3,official-pl-new-wave-synthpop-80s,Duran Duran,Rio,nTizYn3-QN0,Rio - 2009 Remaster,Duran Duran,43eBgYRTmu5BJnCJDBU5Hb,a1.00 t1.00,auto-ok
G3,official-pl-new-wave-synthpop-80s,Cameo,Word Up!,MZjAantupsA,Word Up,Cameo,7LoGfKBAaOl0nxhodJ1240,a1.00 t1.00,auto-ok
G3,official-pl-new-wave-synthpop-80s,Roxette,The Look,LlVI7ZNiFlI,The Look,Roxette,4Ln6CP07DElm8ay1RxyYa9,a1.00 t1.00,auto-ok
G3,official-pl-new-wave-synthpop-80s,The Bangles,Manic Monday,SsmVgoXDq2w,Manic Monday,The Bangles,7Di7t9yGoxdZRLAt5a4pi0,a1.00 t1.00,auto-ok
G3,official-pl-new-wave-synthpop-80s,Toto,Africa,Kb7lAMjFuA0,Africa,TOTO,2374M0fQpWi3dLnB54qaLX,a1.00 t1.00,auto-ok
G3,official-pl-new-wave-synthpop-80s,Peter Schilling,Major Tom (Coming Home),N1Hs2AQwDgA,Major Tom (Coming Home),Peter Schilling,709ffFK4o4MtG1NKoLvOma,a1.00 t1.00,auto-ok
G3,official-pl-new-wave-synthpop-80s,Berlin,Take My Breath Away,Bx51eegLTY8,"Take My Breath Away - Love Theme from ""Top Gun""",Berlin,15MJ5NThPjj6xhPcts8MiY,a1.00 t1.00,auto-ok
G3,official-pl-new-wave-synthpop-80s,Animotion,Obsession,hIs5StN8J-0,Obsession,Animotion,3N7GqZMpZJW69Te1bfUTc3,a1.00 t1.00,auto-ok
G3,official-pl-new-wave-synthpop-80s,Bronski Beat,Smalltown Boy,88sARuFu-tc,Smalltown Boy,Bronski Beat,5vmRQ3zELMLUQPo2FLQ76x,a1.00 t1.00,auto-ok
G3,official-pl-new-wave-synthpop-80s,Yazoo,Only You,LIiyT67Sjbg,Only You,Yazoo,4GNilkZKILsug3l5pdLoxo,a1.00 t1.00,auto-ok
G3,official-pl-new-wave-synthpop-80s,Spandau Ballet,Gold,ntG50eXbBtc,Gold,Spandau Ballet,2X9fsxb6O6bYEopJYmUbNC,a1.00 t1.00,auto-ok
G3,official-pl-new-wave-synthpop-80s,Nik Kershaw,Wouldn't It Be Good,UJ1tBVtYOBc,Wouldn't It Be Good,Nik Kershaw,00FDHurakzVEiPutdUxXXq,a1.00 t1.00,auto-ok
G3,official-pl-new-wave-synthpop-80s,Depeche Mode,Just Can't Get Enough,_6FBfAQ-NDE,Just Can't Get Enough,Depeche Mode,0qi4b1l0eT3jpzeNHeFXDT,a1.00 t1.00,auto-ok
G3,official-pl-new-wave-synthpop-80s,Eddy Grant,Electric Avenue,vtPk5IUbdH0,Electric Avenue,Eddy Grant,55AMcB2JAUr7wmM3Z9Vgqc,a1.00 t1.00,auto-ok
G3,official-pl-new-wave-synthpop-80s,Culture Club,Karma Chameleon,JmcA9LIIXWw,Karma Chameleon,Culture Club,3XDeeP9wBZzGhIPZmLfEEx,a1.00 t1.00,auto-ok
G3,official-pl-new-wave-synthpop-80s,Simple Minds,Don't You (Forget About Me),CdqoNKCCt7A,Don't You (Forget About Me),Simple Minds,5Y8Rj0s6wuM5DlQdllYiWl,a1.00 t1.00,auto-ok
G3,official-pl-new-wave-synthpop-80s,Crowded House,Don't Dream It's Over,J9gKyRmic20,Don't Dream It's Over,Crowded House,56GbZVwxMdf1DENCluYS8A,a1.00 t1.00,auto-ok
G3,official-pl-new-wave-synthpop-80s,Soft Cell,Tainted Love,XZVpR3Pk-r8,Tainted Love,Soft Cell,0cGG2EouYCEEC3xfa0tDFV,a1.00 t1.00,auto-ok
G3,official-pl-new-wave-synthpop-80s,Cyndi Lauper,Time After Time,VdQY7BusJNU,Time After Time,Cyndi Lauper,7o9uu2GDtVDr9nsR7ZRN73,a1.00 t1.00,auto-ok
G3,official-pl-new-wave-synthpop-80s,The Human League,Don't You Want Me,uPudE8nDog0,Don't You Want Me,The Human League,3AIEEEIDJFnqv8rozNVCRZ,a1.00 t1.00,auto-ok
G3,official-pl-new-wave-synthpop-80s,Nena,99 Luftballons,Fpu5a0Bl8eY,99 Luftballons,Nena,2IJftBfq7pJ43tfnOR0RB3,a1.00 t1.00,auto-ok
G3,official-pl-new-wave-synthpop-80s,Tears for Fears,Shout,clZt5wpg_lM,Shout,Tears For Fears,2gQaQUhDCNGfBVXTvxAmXQ,a1.00 t1.00,auto-ok
G3,official-pl-new-wave-synthpop-80s,Eurythmics,Here Comes the Rain Again,TzFnYcIqj6I,Here Comes the Rain Again - Remastered Version,Eurythmics / Annie Lennox / Dave Stewart,78RIER8V6EhrqVPOBi2GYa,a1.00 t1.00,auto-ok
G3,official-pl-new-wave-synthpop-80s,Bonnie Tyler,Holding Out for a Hero,bWcASV2sey0,"Holding Out for a Hero - From ""Footloose"" Soundtrack",Bonnie Tyler,5Hyr47BBGpvOfcykSCcaw9,a1.00 t1.00,auto-ok
G3,official-pl-new-wave-synthpop-80s,Orchestral Manoeuvres in the Dark,Enola Gay,d5XJ2GiR6Bo,Enola Gay,Orchestral Manoeuvres In The Dark,7bJSbd2Upa4iYVHlbRKEJm,a1.00 t1.00,auto-ok
G3,official-pl-new-wave-synthpop-80s,The Bangles,Walk Like an Egyptian,Cv6tuzHUuuk,Walk Like an Egyptian,The Bangles,1Jwc3ODLQxtbnS8M9TflSP,a1.00 t1.00,auto-ok
G3,official-pl-new-wave-synthpop-80s,The Psychedelic Furs,Love My Way,LGD9i718kBU,Love My Way,The Psychedelic Furs,4dk40nfaQav6b4ZsJ9OYUo,a1.00 t1.00,auto-ok
G3,official-pl-new-wave-synthpop-80s,The Romantics,What I Like About You,Rqnw5IfbZOU,What I Like About You,The Romantics,6NdcSEhpGGAYXNnnhGS2s6,a1.00 t1.00,auto-ok
G3,official-pl-new-wave-synthpop-80s,Pet Shop Boys,It's a Sin,dRHetRTOD1Q,It's a Sin,Pet Shop Boys,3GNwCZIv4xKUiyoaQfj9Ah,a1.00 t1.00,auto-ok
G3,official-pl-new-wave-synthpop-80s,Peter Gabriel,Sledgehammer,OJWJE0x7T4Q,Sledgehammer,Peter Gabriel,029NqmIySn1kOY305AAhxT,a1.00 t1.00,auto-ok
G3,official-pl-new-wave-synthpop-80s,The Buggles,Video Killed the Radio Star,W8r-tXRLazs,Video Killed The Radio Star,The Buggles,7o7E1nrHWncYY7PY94gCiX,a1.00 t1.00,auto-ok
G3,official-pl-new-wave-synthpop-80s,Dexys Midnight Runners,Come On Eileen,GbpP3Sxp-1U,Come On Eileen,Dexys Midnight Runners,3MrWxJaD2AT0W9DjWF64Vm,a1.00 t1.00,auto-ok
G3,official-pl-new-wave-synthpop-80s,Elton John,I'm Still Standing,ZHwVBirqD2s,I'm Still Standing,Elton John,1jDJFeK9x3OZboIAHsY9k2,a1.00 t1.00,auto-ok
G3,official-pl-new-wave-synthpop-80s,David Bowie,Ashes to Ashes,HyMm4rJemtI,Ashes to Ashes - 2017 Remaster,David Bowie,37CRPk0L5ZpfPeePEPwE0t,a1.00 t1.00,auto-ok
G3,official-pl-new-wave-synthpop-80s,After the Fire,Der Kommissar,8-bgiiTxhzM,"Der Kommissar - 7"" Version",After The Fire,2wjCYgpCMywSDkds2c8Rq6,a1.00 t1.00,auto-ok
G3,official-pl-new-wave-synthpop-80s,M/A/R/R/S,Pump Up the Volume,w9gOQgfPW4Y,Pump up the Volume,M/A/R/R/S,60L8m3PCDp0cTytHjUe0qW,a1.00 t1.00,auto-ok
G3,official-pl-new-wave-synthpop-80s,A Flock of Seagulls,I Ran (So Far Away),iIpfWORQWhU,I Ran (So Far Away),A Flock Of Seagulls,6vKVuBeExHlEh9cZ8Ppk8t,a1.00 t1.00,auto-ok
G3,official-pl-new-wave-synthpop-80s,Billy Idol,Dancing with Myself,FG1NrQYXjLU,Dancing with Myself - 2001 Remaster,Billy Idol / Generation X,3rQfYDjgpRy5LFlClpPQW9,a1.00 t1.00,auto-ok
G3,official-pl-new-wave-synthpop-80s,Devo,Whip It,j_QLzthSkfM,Whip It,DEVO,6QG0wcgoCsa9pqFyTg0rRO,a1.00 t1.00,auto-ok
G3,official-pl-new-wave-synthpop-80s,Bananarama,Venus,d4-1ASpdT1Y,Venus,Bananarama,4XX1pFUkQOZTYp6Hb6a6Ae,a1.00 t1.00,auto-ok
G3,official-pl-new-wave-synthpop-80s,Thomas Dolby,She Blinded Me with Science,V83JR2IoI8k,She Blinded Me With Science,Thomas Dolby,4RkKf3UBRxF2kn2Vh0ww8l,a1.00 t1.00,auto-ok
G3,official-pl-new-wave-synthpop-80s,The Fixx,One Thing Leads to Another,JHYIGy1dyd8,One Thing Leads To Another,The Fixx,5B37ocpk2zxeZL1lq5F6ui,a1.00 t1.00,auto-ok
G3,official-pl-new-wave-synthpop-80s,Bruce Springsteen,I'm on Fire,lrpXArn3hII,I'm On Fire,Bruce Springsteen,3PzsbWSQdLCKDLxn7YZfkM,a1.00 t1.00,auto-ok
G3,official-pl-new-wave-synthpop-80s,Laura Branigan,Gloria,nNEb2k_EmMg,Gloria,Laura Branigan,1mskmld5ZKEhRaNvYVPoqZ,a1.00 t1.00,auto-ok
G3,official-pl-new-wave-synthpop-80s,INXS,Need You Tonight,PrZZfaDp02o,Need You Tonight,INXS,3h04eZTnmFLRMjZajbrp2R,a1.00 t1.00,auto-ok
G3,official-pl-new-wave-synthpop-80s,Alphaville,Forever Young,t1TcDHrkQYg,Forever Young,Alphaville,4S1VYqwfkLit9mKVY3MXoo,a1.00 t1.00,auto-ok
G3,official-pl-new-wave-synthpop-80s,Cyndi Lauper,Girls Just Want to Have Fun,PIb6AZdTr-A,Girls Just Want to Have Fun,Cyndi Lauper,4y1LsJpmMti1PfRQV9AWWe,a1.00 t1.00,auto-ok
G3,official-pl-new-wave-synthpop-80s,Oingo Boingo,Weird Science,Jm-upHSP9KU,Weird Science,Oingo Boingo,03AhYPRQeOqG2j54Tdg94E,a1.00 t1.00,auto-ok
G3,official-pl-new-wave-synthpop-80s,Blondie,Heart of Glass,WGU_4-5RaxU,Heart Of Glass,Blondie,41AE8ODX2JETBCa6muhSLY,a1.00 t1.00,auto-ok
G3,official-pl-new-wave-synthpop-80s,Katrina and the Waves,Walking on Sunshine,iPUmE-tne5U,Walking On Sunshine,Katrina & The Waves,05wIrZSwuaVWhcv5FfqeH0,a0.81 t1.00,review
G3,official-pl-new-wave-synthpop-80s,Talking Heads,Burning Down the House,_3eC35LoF4U,Burning Down the House,Talking Heads,2VNfJpwdEQBLyXajaa6LWT,a1.00 t1.00,auto-ok
G3,official-pl-new-wave-synthpop-80s,Roxette,Listen to Your Heart,yCC_b5WHLX0,Listen To Your Heart,Roxette,1WrwmNLeltkG6BuXv2DEWS,a1.00 t1.00,auto-ok
G3,official-pl-new-wave-synthpop-80s,M,Pop Muzik,gPoiv0sZ4s4,Pop Muzik,M / Robin Scott / Robin Scott,6z3HAUZpAyJ0ctsbAwAiw3,a0.08 t1.00,no-match
G3,official-pl-new-wave-synthpop-80s,Philip Oakey & Giorgio Moroder,Together in Electric Dreams,PE1lzqJCeJ0,Together In Electric Dreams,Phil Oakey / Giorgio Moroder,2J9yZBKajggHsCmoSiaVCw,a0.83 t1.00,auto-ok
G3,official-pl-new-wave-synthpop-80s,Journey,Don't Stop Believin',1k8craCGpgs,Don't Stop Believin',Journey,77NNZQSqzLNqh2A9JhLRkg,a1.00 t1.00,auto-ok
G3,official-pl-new-wave-synthpop-80s,Bonnie Tyler,Total Eclipse of the Heart,LSYGIljR6sQ,Total Eclipse of the Heart,Bonnie Tyler,7wuJGgpTNzbUyn26IOY6rj,a1.00 t1.00,auto-ok
G3,official-pl-new-wave-synthpop-80s,Orchestral Manoeuvres in the Dark,If You Leave,EPmTGFg06zA,If You Leave,Orchestral Manoeuvres In The Dark,05oFyvdztPdpwSwpoclD4c,a1.00 t1.00,auto-ok
G3,official-pl-new-wave-synthpop-80s,'Til Tuesday,Voices Carry,uejh-bHa4To,Voices Carry,'Til Tuesday,0ZYf6N5eBeXStMri0mf3DZ,a1.00 t1.00,auto-ok
G3,official-pl-80s-hard,Pet Shop Boys,West End Girls,p3j2NYZ8FKs,West End Girls,Pet Shop Boys,5Dqik1P9toCJTLj5rEm78s,a1.00 t1.00,auto-ok
G3,official-pl-80s-hard,Depeche Mode,Enjoy the Silence,aGSKrC7dGcY,Enjoy the Silence,Depeche Mode,6WK9dVrRABMkUXFLNlgWFh,a1.00 t1.00,auto-ok
G3,official-pl-80s-hard,The Police,Every Breath You Take,OMOGaugKpzs,Every Breath You Take,The Police,1JSTJqkT5qHq8MDJnJbRE1,a1.00 t1.00,auto-ok
G3,official-pl-80s-hard,New Order,Bizarre Love Triangle,tkOr12AQpnU,Bizarre Love Triangle,New Order,6wVViUl2xSRoDK2T7dMZbR,a1.00 t1.00,auto-ok
G3,official-pl-80s-hard,Squeeze,Tempted,-unu0_S_hVU,Tempted,Squeeze,5r2z0FHOoFI06GZEVGDjzM,a1.00 t1.00,auto-ok
G3,official-pl-80s-hard,The Smiths,This Charming Man,cJRP3LRcUFg,This Charming Man - 2011 Remaster,The Smiths,1FvDJ9KGxcqwv1utyPL3JZ,a1.00 t1.00,auto-ok
G3,official-pl-80s-hard,Nena,99 Luftballons,Fpu5a0Bl8eY,99 Luftballons,Nena,2IJftBfq7pJ43tfnOR0RB3,a1.00 t1.00,auto-ok
G3,official-pl-80s-hard,The Cure,Just Like Heaven,n3nPiBai66M,Just Like Heaven,The Cure,0lNudhCTfcGBQVvSO22g4r,a1.00 t1.00,auto-ok
G3,official-pl-80s-hard,The Church,Under the Milky Way,pWxJEIz7sSA,Under the Milky Way,The Church,1RCtHLyq1xIbgGMrYRrKJ2,a1.00 t1.00,auto-ok
G3,official-pl-80s-hard,The Stranglers,Golden Brown,AWAsI3U2EaE,Golden Brown,The Stranglers,5GpfyJrKHJI36jDKtQiyGN,a1.00 t1.00,auto-ok
G3,official-pl-80s-hard,The Cars,Drive,xuZA6qiJVfU,Drive,The Cars,3wfujdbamR3Z46F4xav7LM,a1.00 t1.00,auto-ok
G3,official-pl-80s-hard,Trio,Da Da Da,lNYcviXK4rg,Da Da Da ich lieb dich nicht du liebst mich nicht Aha Aha Aha - Lange Version,Trio,4HCdu48LScraIfJ7Ik7EhE,a1.00 t1.00,auto-ok
G3,official-pl-80s-hard,Dire Straits,Money for Nothing,wTP2RUD_cL0,Money For Nothing,Dire Straits,01Txvu3dNthhldq8oR0Pae,a1.00 t1.00,auto-ok
G3,official-pl-80s-hard,The Smiths,How Soon Is Now?,hnpILIIo9ek,How Soon Is Now? - 2011 Remaster,The Smiths,1YrnDTqvcnUKxAIeXyaEmU,a1.00 t1.00,auto-ok
G3,official-pl-80s-hard,Yazoo,Only You,LIiyT67Sjbg,Only You,Yazoo,4GNilkZKILsug3l5pdLoxo,a1.00 t1.00,auto-ok
G3,official-pl-80s-hard,Modern English,Melt with You,LuN6gs0AJls,I Melt with You,Modern English,3xzRBn3ywzobJrc1efC7Sb,a1.00 t0.87,auto-ok
G3,official-pl-80s-hard,Bronski Beat,Smalltown Boy,88sARuFu-tc,Smalltown Boy,Bronski Beat,5vmRQ3zELMLUQPo2FLQ76x,a1.00 t1.00,auto-ok
G3,official-pl-80s-hard,Joy Division,Atmosphere,1EdUjlawLJM,Atmosphere,Joy Division,0NBgmP6Yg5xZYsnIZ0pGdo,a1.00 t1.00,auto-ok
G3,official-pl-80s-hard,Duran Duran,Rio,nTizYn3-QN0,Rio - 2009 Remaster,Duran Duran,43eBgYRTmu5BJnCJDBU5Hb,a1.00 t1.00,auto-ok
G3,official-pl-80s-hard,R.E.M.,The One I Love,j7oQEPfe-O8,The One I Love,R.E.M.,7707eDBpR4qtNFoQ6nQyeR,a1.00 t1.00,auto-ok
G3,official-pl-80s-hard,Culture Club,Karma Chameleon,JmcA9LIIXWw,Karma Chameleon,Culture Club,3XDeeP9wBZzGhIPZmLfEEx,a1.00 t1.00,auto-ok
G3,official-pl-80s-hard,The Buggles,Video Killed the Radio Star,W8r-tXRLazs,Video Killed The Radio Star,The Buggles,7o7E1nrHWncYY7PY94gCiX,a1.00 t1.00,auto-ok
G3,official-pl-80s-hard,M,Pop Muzik,gPoiv0sZ4s4,Pop Muzik,M / Robin Scott / Robin Scott,6z3HAUZpAyJ0ctsbAwAiw3,a0.08 t1.00,no-match
G3,official-pl-80s-hard,Cameo,Word Up!,MZjAantupsA,Word Up,Cameo,7LoGfKBAaOl0nxhodJ1240,a1.00 t1.00,auto-ok
G3,official-pl-80s-hard,The Waterboys,The Whole of the Moon,sBW8Vnp8BzU,The Whole of the Moon,The Waterboys,6MYtWkoEiUNZmMe5CgCczM,a1.00 t1.00,auto-ok
G3,official-pl-80s-hard,The Fixx,One Thing Leads to Another,JHYIGy1dyd8,One Thing Leads To Another,The Fixx,5B37ocpk2zxeZL1lq5F6ui,a1.00 t1.00,auto-ok
G3,official-pl-80s-hard,Ultravox,Vienna,VVkHZz0WOqs,Vienna,Ultravox,2LXjhNee4iPRVemx9NSZQ3,a1.00 t1.00,auto-ok
G3,official-pl-80s-hard,Joy Division,Love Will Tear Us Apart,oMJvj5cJYHg,Love Will Tear Us Apart,Joy Division,2JO3HwMRPeya8bXbtbyPcf,a1.00 t1.00,auto-ok
G3,official-pl-80s-hard,Rush,Tom Sawyer,Gztabfs5ngA,Tom Sawyer,Rush,3QZ7uX97s82HFYSmQUAN1D,a1.00 t1.00,auto-ok
G3,official-pl-80s-hard,New Order,Blue Monday,c1GxjzHm5us,Blue Monday,New Order,6hHc7Pks7wtBIW8Z6A0iFq,a1.00 t1.00,auto-ok
G3,official-pl-80s-hard,OMD,Enola Gay,eSYtgPM6PHM,Enola Gay - Dancefloor Killa Remix Edit,Orchestral Manoeuvres In The Dark / David Guetta / Joachim Garraud,4MSDBxRY7G8gEIJQOlFYW0,a0.20 t1.00 !DANGER,no-match
G3,official-pl-80s-hard,New Order,True Faith,17CwZmI8mUQ,True Faith,New Order,4fpxnJGDWFxjGvLJOqPPt8,a1.00 t1.00,auto-ok
G3,official-pl-80s-hard,Duran Duran,Hungry Like the Wolf,oJL-lCzEXgI,Hungry Like the Wolf - 2009 Remaster,Duran Duran,39lSeqnyjZJejRuaREfyLL,a1.00 t1.00,auto-ok
G3,official-pl-80s-hard,Echo & The Bunnymen,The Killing Moon,LWz0JC7afNQ,The Killing Moon,Echo & the Bunnymen,35E2eKIEXXnP5q9L51iOAk,a0.24 t1.00,no-match
G3,official-pl-80s-hard,Foreigner,I Want to Know What Love Is,raNGeq3_DtM,I Want to Know What Love Is - 1999 Remaster,Foreigner,1JLn8RhQzHz3qDqsChcmBl,a1.00 t1.00,auto-ok
G3,official-pl-80s-hard,Katrina and the Waves,Walking on Sunshine,iPUmE-tne5U,Walking On Sunshine,Katrina & The Waves,05wIrZSwuaVWhcv5FfqeH0,a0.81 t1.00,review
G3,official-pl-80s-hard,The Cure,Lovesong,ks_qOI0lzho,Lovesong,The Cure,49edirvFZwWjxAMZJRg1hN,a1.00 t1.00,auto-ok
G3,official-pl-80s-hard,M.A.R.R.S.,Pump Up the Volume,w9gOQgfPW4Y,"Pump Up The Volume - 7""",M/A/R/R/S,6vpPdHMtMvJBJxqYbbhIiv,a1.00 t1.00,auto-ok
G3,official-pl-80s-hard,ABC,The Look of Love,cNEdxZURTaI,"The Look Of Love, Pt.1",ABC,6HvUtPLqkP0t6zd6YNdWby,a1.00 t1.00,auto-ok
G3,official-pl-80s-hard,Depeche Mode,People Are People,MzGnX-MbYE4,People Are People,Depeche Mode,4WoKuMjwJXuy9IqX6AH5JE,a1.00 t1.00,auto-ok
G3,official-pl-80s-hard,Orchestral Manoeuvres in the Dark,If You Leave,EPmTGFg06zA,If You Leave,Orchestral Manoeuvres In The Dark,05oFyvdztPdpwSwpoclD4c,a1.00 t1.00,auto-ok
G3,official-pl-80s-hard,A Flock of Seagulls,I Ran (So Far Away),iIpfWORQWhU,I Ran (So Far Away),A Flock Of Seagulls,6vKVuBeExHlEh9cZ8Ppk8t,a1.00 t1.00,auto-ok
G3,official-pl-80s-hard,Alphaville,Forever Young,t1TcDHrkQYg,Forever Young,Alphaville,4S1VYqwfkLit9mKVY3MXoo,a1.00 t1.00,auto-ok
G3,official-pl-80s-hard,Tears for Fears,Shout,Ye7FKc1JQe4,Shout,Tears For Fears,2gQaQUhDCNGfBVXTvxAmXQ,a1.00 t1.00,auto-ok
G3,official-pl-80s-hard,Crowded House,Don't Dream It's Over,J9gKyRmic20,Don't Dream It's Over,Crowded House,56GbZVwxMdf1DENCluYS8A,a1.00 t1.00,auto-ok
G3,official-pl-80s-hard,T'Pau,Heart and Soul,xJeWySiuq1I,Heart And Soul,T'Pau,3e4IdAxjdAWjZFEOMmvDVP,a1.00 t1.00,auto-ok
G3,official-pl-80s-hard,Journey,Don't Stop Believin',1k8craCGpgs,Don't Stop Believin',Journey,77NNZQSqzLNqh2A9JhLRkg,a1.00 t1.00,auto-ok
G3,official-pl-80s-hard,Frankie Goes to Hollywood,Relax,Yem_iEHiyJ0,Relax,Frankie Goes To Hollywood,5WJ92b9eMC0xZ7BaukU1E4,a1.00 t1.00,auto-ok
G3,official-pl-80s-hard,Soft Cell,Tainted Love,XZVpR3Pk-r8,Tainted Love,Soft Cell,0cGG2EouYCEEC3xfa0tDFV,a1.00 t1.00,auto-ok
G3,official-pl-80s-hard,Talking Heads,Once in a Lifetime,5IsSpAOD6K8,Once in a Lifetime,Talking Heads,1Tr4K5MU5XYE44umXGDndd,a1.00 t1.00,auto-ok
G3,official-pl-80s-hard,The Cult,She Sells Sanctuary,ZCOSPtyZAPA,She Sells Sanctuary,The Cult,3qLZ866ZfaK0B0R5FIqXLG,a1.00 t1.00,auto-ok
G3,official-pl-80s-hard,Billy Idol,White Wedding,AAZQaYKZMTI,White Wedding - Pt. 1,Billy Idol,1gzIbdFnGJ226LTl0Cn2SX,a1.00 t1.00,auto-ok
G3,official-pl-80s-hard,Frankie Goes to Hollywood,Two Tribes,pO1HC8pHZw0,Two Tribes,Frankie Goes To Hollywood,5NN5MQyE3Lo91zAEHpGa7S,a1.00 t1.00,auto-ok
G3,official-pl-80s-hard,The Go-Go's,Our Lips Are Sealed,r3kQlzOi27M,Our Lips Are Sealed,The Go-Go's,78wTOLl1ANJtgOkOoNNZ06,a1.00 t1.00,auto-ok
G3,official-pl-80s-hard,The Pretenders,Back on the Chain Gang,CK3uf5V0pDA,Back on the Chain Gang - 2007 Remaster,Pretenders,4cMHCRLPNoEbpnl2rz6GS9,a0.71 t1.00,review
G3,official-pl-80s-hard,Eurythmics,Here Comes the Rain Again,TzFnYcIqj6I,Here Comes the Rain Again - Remastered Version,Eurythmics / Annie Lennox / Dave Stewart,78RIER8V6EhrqVPOBi2GYa,a1.00 t1.00,auto-ok
G3,official-pl-80s-hard,Kim Carnes,Bette Davis Eyes,EPOIS5taqA8,Bette Davis Eyes,Kim Carnes,0odIT9B9BvOCnXfS0e4lB5,a1.00 t1.00,auto-ok
G3,official-pl-80s-hard,Simple Minds,Don't You (Forget About Me),CdqoNKCCt7A,Don't You (Forget About Me),Simple Minds,5Y8Rj0s6wuM5DlQdllYiWl,a1.00 t1.00,auto-ok
G3,official-pl-80s-hard,Pet Shop Boys,It's a Sin,dRHetRTOD1Q,It's a Sin,Pet Shop Boys,3GNwCZIv4xKUiyoaQfj9Ah,a1.00 t1.00,auto-ok
G3,official-pl-80s-hard,The Psychedelic Furs,Love My Way,LGD9i718kBU,Love My Way,The Psychedelic Furs,4dk40nfaQav6b4ZsJ9OYUo,a1.00 t1.00,auto-ok
G3,official-pl-80s-hard,Simply Red,Holding Back the Years,yG07WSu7Q9w,Holding Back the Years - 2008 Remaster,Simply Red,1yg7fwwYmx9DQ2TdXUmfpJ,a1.00 t1.00,auto-ok
G3,official-pl-80s-hard,a-ha,Take On Me,djV11Xbc914,Take on Me,a-ha,2WfaOiMkCvy7F5fcp2zZ8L,a1.00 t1.00,auto-ok
G3,official-pl-80s-hard,a-ha,The Sun Always Shines on T.V.,a3ir9HC9vYg,The Sun Always Shines on T.V.,a-ha,0HoaLXRp7jJtdQFunUyUGc,a1.00 t1.00,auto-ok
G3,official-pl-80s-hard,Midnight Oil,Beds Are Burning,ejorQVy3m8E,Beds Are Burning - Remastered,Midnight Oil,1CtAzw53AIXKjAemxy4b1j,a1.00 t1.00,auto-ok
G3,official-pl-80s-hard,R.E.M.,It's the End of the World as We Know It,Z0GFRcFm-aY,It's The End Of The World As We Know It (And I Feel Fine),R.E.M.,2oSpQ7QtIKTNFfA08Cy0ku,a1.00 t1.00,auto-ok
G3,official-pl-80s-hard,Dexys Midnight Runners,Come On Eileen,oc-P8oDuS0Q,Come On Eileen,Dexys Midnight Runners,3MrWxJaD2AT0W9DjWF64Vm,a1.00 t1.00,auto-ok
G3,official-pl-80s-hard,Talking Heads,Burning Down the House,_3eC35LoF4U,Burning Down the House,Talking Heads,2VNfJpwdEQBLyXajaa6LWT,a1.00 t1.00,auto-ok
G3,official-pl-80s-hard,Eurythmics,Sweet Dreams (Are Made of This),qeMFqkcPYcg,Sweet Dreams (Are Made of This) - 2005 Remaster,Eurythmics / Annie Lennox / Dave Stewart,1TfqLAPs4K3s2rJMoCokcS,a1.00 t1.00,auto-ok
G3,official-pl-80s-hard,Peter Schilling,Major Tom (Coming Home),N1Hs2AQwDgA,Major Tom (Coming Home),Peter Schilling,709ffFK4o4MtG1NKoLvOma,a1.00 t1.00,auto-ok
G3,official-pl-80s-hard,When in Rome,The Promise,5HI_xFQWiYU,The Promise,When In Rome,48p5E25cFPanxuwCTmTpuL,a1.00 t1.00,auto-ok
G3,official-pl-80s-hard,Alphaville,Big in Japan,tl6u2NASUzU,Big in Japan,Alphaville,3BZGi1yUqQyCNC868AqUGG,a1.00 t1.00,auto-ok
G3,official-pl-80s-hard,Culture Club,Do You Really Want to Hurt Me,2nXGPZaTKik,Do You Really Want To Hurt Me,Culture Club,1I6q6nwNjNgik1Qe8Oi0Y7,a1.00 t1.00,auto-ok
G3,official-pl-80s-hard,The Human League,Don't You Want Me,uPudE8nDog0,Don't You Want Me,The Human League,3AIEEEIDJFnqv8rozNVCRZ,a1.00 t1.00,auto-ok
G3,official-pl-80s-hard,Tears for Fears,Everybody Wants to Rule the World,aGCdLKXNF3w,Everybody Wants To Rule The World,Tears For Fears,4RvWPyQ5RL0ao9LPZeSouE,a1.00 t1.00,auto-ok
G3,official-pl-80s-hard,Visage,Fade to Grey,u_Enkz4PJgQ,Fade To Grey,Visage,3yobQNuKVJ62WDU7h725Fu,a1.00 t1.00,auto-ok
G3,official-pl-rap-us,Usher & Alicia Keys,My Boo,RoC21-Z8h-Y,My Boo,USHER / Alicia Keys,68vgtRHr7iZHpzGpon6Jlo,a1.00 t1.00,auto-ok
G3,official-pl-rap-us,Snoop Dogg,Gin and Juice,zowYObdYejQ,Gin and Juice,Snoop Dogg,39QBkWKnap8wRSW4WB9OK0,a1.00 t1.00,auto-ok
G3,official-pl-rap-us,The Game,How We Do,PH34kMOjmQk,How We Do,The Game / 50 Cent,4PmMVdIFpJTB9WQbmILf4p,a1.00 t1.00,auto-ok
G3,official-pl-rap-us,DJ Jazzy Jeff & The Fresh Prince,Summertime,Kr0tTbTbmVA,Summertime,DJ Jazzy Jeff & The Fresh Prince,20XdEFyaUR9C7aDIdq2OAd,a0.43 t1.00,no-match
G3,official-pl-rap-us,Ice Cube,It Was a Good Day,h4UqMyldS7Q,It Was A Good Day,Ice Cube,2ywSzBCUc4lSW2AiOZf4Tx,a1.00 t1.00,auto-ok
G3,official-pl-rap-us,2Pac,California Love,RVuLwqdOPlo,California Love - Original Version,2Pac / Roger / Dr. Dre,3ia3dJETSOllPsv3LJkE35,a1.00 t1.00,auto-ok
G3,official-pl-rap-us,Dr. Dre,Still D.R.E.,KDK5j-pd8tQ,Still D.R.E.,Dr. Dre / Snoop Dogg,503OTo2dSqe7qk76rgsbep,a1.00 t1.00,auto-ok
G3,official-pl-rap-us,Kanye West,Gold Digger,6vwNcNOTVzY,Gold Digger,Kanye West / Jamie Foxx,1PS1QMdUqOal0ai3Gt7sDQ,a1.00 t1.00,auto-ok
G3,official-pl-rap-us,Will Smith,Gettin' Jiggy wit It,3JcmQONgXJM,Gettin' Jiggy Wit It,Will Smith,0weAUscowxeqDtpCgtbpgp,a1.00 t1.00,auto-ok
G3,official-pl-rap-us,Mobb Deep,"Shook Ones, Pt. II",0NUX4tW5pps,"Shook Ones, Pt. II",Mobb Deep,33ZXjLCpiINn8eQIDYEPTD,a1.00 t1.00,auto-ok
G3,official-pl-rap-us,2Pac,Changes,eXvBjCO19QY,Changes,2Pac / Talent,1ofhfV90EnYhEr7Un2fWiv,a1.00 t1.00,auto-ok
G3,official-pl-rap-us,Eminem,The Real Slim Shady,eJO5HU_7_1w,The Real Slim Shady,Eminem,3yfqSUWxFvZELEM4PmlwIR,a1.00 t1.00,auto-ok
G3,official-pl-rap-us,MC Hammer,U Can't Touch This,otCpCn0l4Wo,U Can't Touch This,MC Hammer,1B75hgRqe7A4fwee3g3Wmu,a1.00 t1.00,auto-ok
G3,official-pl-rap-us,The Pharcyde,Passin' Me By,QjsPG0Kspxo,Passin' Me By,The Pharcyde,4G3dZN9o3o2X4VKwt4CLts,a1.00 t1.00,auto-ok
G3,official-pl-rap-us,Nelly,Hot in Herre,GeZZr_p6vB8,Hot In Herre,Nelly,04KTF78FFg8sOHC1BADqbY,a1.00 t1.00,auto-ok
G3,official-pl-rap-us,Pharoahe Monch,Simon Says,T7Fy5w2klbg,Simon Says,Pharoahe Monch,62l1ZGNoUlJlVwhwMKu2T6,a1.00 t1.00,auto-ok
G3,official-pl-rap-us,Usher,Yeah!,GxBSyx85Kp8,Yeah! (feat. Lil Jon & Ludacris),USHER / Lil Jon / Ludacris,5rb9QrpfcKFHM1EUbSIurX,a1.00 t1.00,auto-ok
G3,official-pl-rap-us,Fugees,Ready or Not,aIXyKmElvv8,Ready or Not,Fugees / Ms. Lauryn Hill / Wyclef Jean / Pras,3vZO25GdYuqFrR1kzZADnp,a1.00 t1.00,auto-ok
G3,official-pl-rap-us,The Game,Hate It or Love It,BuMBmK5uksg,Hate It Or Love It,The Game / 50 Cent,2wGSgTmgSF3xjRrHkTc25R,a1.00 t1.00,auto-ok
G3,official-pl-rap-us,Three 6 Mafia,Stay Fly,vBjzAdpZzf0,Stay Fly,Three 6 Mafia,5MYFw4T2gy52pOGBN4EYHS,a1.00 t1.00,auto-ok
G3,official-pl-rap-us,Missy Elliott,Get Ur Freak On,FPoKiGQzbSQ,Get Ur Freak On,Missy Elliott,6zsk6uF3MxfIeHPlubKBvR,a1.00 t1.00,auto-ok
G3,official-pl-rap-us,Onyx,Slam,7ADgCeYJMN4,Slam,Onyx,0W2mz7mvaBaEsC4rmoRNPn,a1.00 t1.00,auto-ok
G3,official-pl-rap-us,Soulja Boy,Crank That (Soulja Boy),8UFIYGkROII,Crank That (Soulja Boy),Soulja Boy,66TRwr5uJwPt15mfFkzhbi,a1.00 t1.00,auto-ok
G3,official-pl-rap-us,Biz Markie,Just a Friend,9aofoBrFNdg,Just a Friend,Biz Markie,3yNVfRQlUPViUh8O2V9SQn,a1.00 t1.00,auto-ok
G3,official-pl-rap-us,Wu-Tang Clan,C.R.E.A.M.,PBwAxmrE194,C.R.E.A.M. (Cash Rules Everything Around Me),Wu-Tang Clan,119c93MHjrDLJTApCVGpvx,a1.00 t1.00,auto-ok
G3,official-pl-rap-us,Salt-N-Pepa,Push It,vCadcBR95oU,Push It,Salt-N-Pepa,6sT9MWlJManry3EQwf4V80,a1.00 t1.00,auto-ok
G3,official-pl-rap-us,The Notorious B.I.G.,Juicy,_JZom_gVfuw,Juicy,The Notorious B.I.G.,2AP7m2dBb8ULTx4Gc1rdMc,a1.00 t1.00,auto-ok
G3,official-pl-rap-us,Juvenile,Back That Azz Up,WL2txMU50CI,Back That Azz Up,JUVENILE / Lil Wayne / Mannie Fresh,6o2g1BJvtYQssH84kBYs7y,a1.00 t1.00,auto-ok
G3,official-pl-rap-us,Skee-Lo,I Wish,ryDOy3AosBw,I Wish - Radio Edit,Skee-Lo,0QMHVTnrFTQJoaqmkdsKhT,a1.00 t1.00,auto-ok
G3,official-pl-rap-us,OutKast,Ms. Jackson,DIwfpiN0FE8,Ms. Jackson,Outkast,0I3q5fE6wg7LIfHGngUTnV,a1.00 t1.00,auto-ok
G3,official-pl-rap-us,50 Cent,In Da Club,5qm8PH4xAss,In Da Club,50 Cent,7iL6o9tox1zgHpKUfh9vuC,a1.00 t1.00,auto-ok
G3,official-pl-rap-us,Eminem,Lose Yourself,_Yhyp-_hX2s,Lose Yourself,Eminem,7MJQ9Nfxzh8LPZ9e9u68Fq,a1.00 t1.00,auto-ok
G3,official-pl-rap-us,Blackstreet,No Diggity,3KL9mRus19o,No Diggity,Blackstreet / Dr. Dre / Queen Pen,5tzDYbMDhomaADt9hKhANt,a1.00 t1.00,auto-ok
G3,official-pl-rap-us,OutKast,Hey Ya!,PWgvGjAhvIw,Hey Ya!,Outkast,2PpruBYCo4H7WOBJ7Q2EwM,a1.00 t1.00,auto-ok
G3,official-pl-rap-us,Jay-Z,99 Problems,CwQibd1C76I,99 Problems,JAŸ-Z,7IdFdRlCjUi6kkhbPoRfnw,a1.00 t1.00,auto-ok
G3,official-pl-rap-us,T-Pain,Buy U a Drank (Shawty Snappin'),dBrRBZy8OTs,Buy U a Drank (Shawty Snappin') (feat. Yung Joc),T-Pain / Yung Joc,1tkMs9wDPknQ3ZHcKDw1ES,a1.00 t1.00,auto-ok
G3,official-pl-rap-us,Run-D.M.C.,Walk This Way,4B_UYYPb-Gk,Walk This Way (feat. Aerosmith),Run–D.M.C. / Aerosmith,6qUEOWqOzu1rLPUPQ1ECpx,a1.00 t1.00,auto-ok
G3,official-pl-rap-us,Cypress Hill,Insane in the Brain,RijB8wnJCN0,Insane in the Brain,Cypress Hill,1oTHteQbmJw15rPxPVXUTv,a1.00 t1.00,auto-ok
G3,official-pl-rap-us,Kanye West,Heartless,Co0tTeuUVhU,Heartless,Kanye West,4EWCNWgDS8707fNSZ1oaA5,a1.00 t1.00,auto-ok
G3,official-pl-rap-us,Timbaland,The Way I Are,U5rLz5AZBIA,The Way I Are,Timbaland / Keri Hilson / D.O.E.,2bLqfJjuC5syrsgDsZfGmn,a1.00 t1.00,auto-ok
G3,official-pl-rap-us,DMX,X Gon' Give It to Ya,vkOJ9uNj9EY,X Gon' Give It To Ya,DMX,1zzxoZVylsna2BQB65Ppcb,a1.00 t1.00,auto-ok
G3,official-pl-rap-us,Lil Jon & The East Side Boyz,Get Low,ZN43UoyAbwg,Get Low,Lil Jon & The East Side Boyz / Ying Yang Twins,0r2Bul2NuCViraT2zX1l5j,a0.27 t1.00,no-match
G3,official-pl-rap-us,The Notorious B.I.G.,Mo Money Mo Problems,ss142Aix2Bo,Mo Money Mo Problems (feat. Puff Daddy & Mase) - 2014 Remaster,The Notorious B.I.G. / Mase / Diddy,4INDiWSKvqSKDEu7mh8HFz,a1.00 t1.00,auto-ok
G3,official-pl-rap-us,Nelly,Ride wit Me,RtSDWq6HsJE,Ride Wit Me,Nelly / City Spud,3Gf5nttwcX9aaSQXRWidEZ,a1.00 t1.00,auto-ok
G3,official-pl-rap-us,N.W.A,Straight Outta Compton,TMZi25Pq3T8,Straight Outta Compton,N.W.A.,6KIKRz9eSTXdNsGUnomdtW,a1.00 t1.00,auto-ok
G3,official-pl-rap-us,Erick Sermon,Music,Bx51eegLTY8,Music (feat. Marvin Gaye),Erick Sermon / Marvin Gaye,6IFOw9Ck9mWHRQgw6QrPYx,a1.00 t1.00,auto-ok
G3,official-pl-rap-us,J-Kwon,Tipsy,VwXeN2FsE7w,Tipsy - Club Mix,J-Kwon,0jSMveIWvnhDIvzqN74Uc7,a1.00 t1.00,auto-ok
G3,official-pl-rap-us,Snoop Dogg,Drop It Like It's Hot,GtUVQei3nX4,Drop It Like It's Hot,Snoop Dogg / Pharrell Williams,2NBQmPrOEEjA8VbeWOQGxO,a1.00 t1.00,auto-ok
G3,official-pl-rap-us,DMX,Ruff Ryders' Anthem,ThlhSnRk21E,Ruff Ryders' Anthem,DMX,1BKT2I9x4RGKaKqW4up34s,a1.00 t1.00,auto-ok
G3,official-pl-rap-us,50 Cent,Candy Shop,SRcnnId15BA,Candy Shop,50 Cent / Olivia,5D2mYZuzcgjpchVY1pmTPh,a1.00 t1.00,auto-ok
G3,official-pl-rap-us,Wu-Tang Clan,Protect Ya Neck,R0IUR4gkPIE,Protect Ya Neck,Wu-Tang Clan,1Sgj10byiGzPpI2IrXSFEn,a1.00 t1.00,auto-ok
G3,official-pl-rap-us,A Tribe Called Quest,Scenario,Q6TLWqn82J4,"Scenario (feat. Busta Rhymes, Dinco D & Charlie Brown) - LP Mix",A Tribe Called Quest / Busta Rhymes / Dinco D / Charlie Brown,0301nLjG0ti26rx5ZmfqtP,a1.00 t1.00,auto-ok
G3,official-pl-rap-us,A Tribe Called Quest,Can I Kick It?,O3pyCGnZzYA,Can I Kick It?,A Tribe Called Quest,1gSDTZHemEViEBiXysrlo0,a1.00 t1.00,auto-ok
G3,official-pl-rap-us,Digital Underground,The Humpty Dance,PBsjggc5jHM,The Humpty Dance,Digital Underground,0YEC3pNS0uIKvZb5u4lgsu,a1.00 t1.00,auto-ok
G3,official-pl-rap-us,Ice Cube,Today Was a Good Day,h4UqMyldS7Q,It Was A Good Day,Ice Cube,2ywSzBCUc4lSW2AiOZf4Tx,a1.00 t0.75,review
G3,official-pl-rap-us,N.W.A,Express Yourself,u31FO_4d9TY,Express Yourself,N.W.A.,55JYAswiVAIhO8mK2VVLe1,a1.00 t1.00,auto-ok
G3,official-pl-rap-us,DJ Khaled,All I Do Is Win,GGXzlRoNtHU,"All I Do Is Win (feat. T-Pain, Ludacris, Snoop Dogg & Rick Ross)",DJ Khaled,5NEKjqTQPKiqOiOG8YxLdS,a1.00 t1.00,auto-ok
G3,official-pl-rap-us,Dr. Dre,Nuthin' but a 'G' Thang,_qkP8SvHvaU,"Nuthin' But A ""G"" Thang",Dr. Dre / Snoop Dogg,5Tbpp3OLLClPJF8t1DmrFD,a1.00 t1.00,auto-ok
G3,official-pl-rap-us,House of Pain,Jump Around,XhzpxjuwZy0,Jump Around,House Of Pain,6JymsaWDHk2Yj4e0yNBIFH,a1.00 t1.00,auto-ok
G3,official-pl-rap-us,Fugees,Killing Me Softly,8ppz-cwLeqo,Killing Me Softly With His Song,Fugees / Ms. Lauryn Hill,0Q0IVlqMV64kNLlwjPj0Hl,a1.00 t1.00,auto-ok
G3,official-pl-rap-us,Missy Elliott,Work It,cjIvu7e6Wq8,Work It,Missy Elliott,3jagJCUbdqhDSPuxP8cAqF,a1.00 t1.00,auto-ok
G3,official-pl-rap-us,Lil Wayne,Got Money,1ohYsK5Y8Dc,Got Money,Lil Wayne / T-Pain,04QTusNVhoUHOx7L9jHRHZ,a1.00 t1.00,auto-ok
G3,official-pl-rap-us,Eve,Let Me Blow Ya Mind,Wt88GMJmVk0,Let Me Blow Ya Mind,Eve / Gwen Stefani,3RmKpob8xzv1pzHEQrMJah,a1.00 t1.00,auto-ok
G3,official-pl-rap-us,Young MC,Bust a Move,xy4FXhkm6Nw,Bust A Move,Young MC,3m5L4uCetQDx1ck1mCgOro,a1.00 t1.00,auto-ok
G3,official-pl-rap-us,T.I.,What You Know,N5lIWti4VUw,What You Know,T.I.,0CAJdthKDdRjB2h8YOguN6,a1.00 t1.00,auto-ok
G3,official-pl-rap-us,Black Sheep,The Choice Is Yours,K9F5xcpjDMU,The Choice Is Yours (Revisited),Black Sheep,4k9EkhkFZY8Bk41Qi0Ob7P,a1.00 t1.00,auto-ok
G3,official-pl-rap-us,Run-D.M.C.,It's Tricky,l-O5IHVhWj0,It's Tricky,Run–D.M.C.,6jBCehpNMkwFVF3dz4nLIW,a1.00 t1.00,auto-ok
G3,official-pl-rap-us,Bone Thugs-N-Harmony,Crossroads,VMYAEHE2GrM,Tha Crossroads,Bone Thugs-N-Harmony,5KSJ9k1FYjFLnIRlJT2wF8,a1.00 t0.71,review
G3,official-pl-rap-us,Public Enemy,Fight the Power,mmo3HFa2vjg,Fight The Power,Public Enemy,1yo16b3u0lptm6Cs7lx4AD,a1.00 t1.00,auto-ok
G3,official-pl-rap-us,Tone Lōc,Wild Thing,387ZDGSKVSg,Wild Thing,Tone-Loc,0gljI0CtjpdZK6ecidfxto,a1.00 t1.00,auto-ok
G3,official-pl-rap-us,B.o.B,Nothin' on You,8PTDv_szmL0,Nothin' on You (feat. Bruno Mars),B.o.B / Bruno Mars,59dLtGBS26x7kc0rHbaPrq,a1.00 t1.00,auto-ok
G3,official-pl-rap-us,Lauryn Hill,Doo Wop (That Thing),T6QKqFPRZSA,Doo Wop (That Thing),Ms. Lauryn Hill,0uEp9E98JB5awlA084uaIg,a0.79 t1.00,review
G3,official-pl-rap-us,Warren G,Regulate,1plPyJdXKIY,Regulate,Warren G / Nate Dogg,7nYvUtkQMx1v80S2FH2s9J,a1.00 t1.00,auto-ok
G3,official-pl-rap-us,T.I.,Whatever You Like,nQJEp-k-ogs,Whatever You Like,T.I.,1IAzD1muglOxOcPbUHs70R,a1.00 t1.00,auto-ok
G3,official-pl-love-international,George Michael,Careless Whisper,izGwDsrQ1eQ,Careless Whisper,George Michael,5WDLRQ3VCdVrKw0njWe5E5,a1.00 t1.00,auto-ok
G3,official-pl-love-international,Chris Isaak,Wicked Game,raWP9ds1o04,Wicked Game,Chris Isaak,7w5AOd6HrDIHewHfpABEss,a1.00 t1.00,auto-ok
G3,official-pl-love-international,Nirvana,Heart-Shaped Box,_ouLbeRz_yU,Heart-Shaped Box,Nirvana,11LmqTE2naFULdEP94AUBa,a1.00 t1.00,auto-ok
G3,official-pl-love-international,Neil Diamond,Sweet Caroline,1vhFnTjia_I,Sweet Caroline,Neil Diamond,62AuGbAkt8Ox2IrFFb8GKV,a1.00 t1.00,auto-ok
G3,official-pl-love-international,Whitney Houston,I Will Always Love You,3JWTaaS7LdU,I Will Always Love You,Whitney Houston,4eHbdreAnSOrDDsFfc4Fpm,a1.00 t1.00,auto-ok
G3,official-pl-love-international,Oasis,Wonderwall,bx1Bh8ZvH84,Wonderwall,Oasis,1qPbGZqppFwLwcBC1JQ6Vr,a1.00 t1.00,auto-ok
G3,official-pl-love-international,The Lumineers,Ho Hey,zvCBSSwgtg4,Ho Hey,The Lumineers,0DwClY2t9YAWHBROMIgrXb,a1.00 t1.00,auto-ok
G3,official-pl-love-international,The Cure,Lovesong,hXCKLJGLENs,Lovesong,The Cure,49edirvFZwWjxAMZJRg1hN,a1.00 t1.00,auto-ok
G3,official-pl-love-international,Etta James,At Last,S-cbOl96RFM,At Last,Etta James,4Hhv2vrOTy89HFRcjU3QOx,a1.00 t1.00,auto-ok
G3,official-pl-love-international,Goo Goo Dolls,Iris,NdYWuo9OFAw,Iris,The Goo Goo Dolls,6Qyc6fS4DsZjB2mRW9DsQs,a0.76 t1.00,review
G3,official-pl-love-international,Jason Mraz,I'm Yours,EkHTsc9PU2A,I'm Yours,Jason Mraz,1EzrEOXmMH3G43AXT1y7pA,a1.00 t1.00,auto-ok
G3,official-pl-love-international,Coldplay,Fix You,k4V3Mo61fJM,Fix You,Coldplay,7LVHVU3tWfcxj5aiPFEW4Q,a1.00 t1.00,auto-ok
G3,official-pl-love-international,Cyndi Lauper,True Colors,LPn0KFlbqX8,True Colors,Cyndi Lauper,2A6yzRGMgSQCUapR2ptm6A,a1.00 t1.00,auto-ok
G3,official-pl-love-international,Beyoncé,Love on Top,Ob7vObnFUJc,Love On Top,Beyoncé,1z6WtY7X4HQJvzxC4UgkSf,a1.00 t1.00,auto-ok
G3,official-pl-love-international,Bee Gees,How Deep Is Your Love,XpqqjU7u5Yc,How Deep Is Your Love,Bee Gees,2JoZzpdeP2G6Csfdq5aLXP,a1.00 t1.00,auto-ok
G3,official-pl-love-international,Maroon 5,She Will Be Loved,nIjVuRTm-dc,She Will Be Loved,Maroon 5,7sapKrjDij2fpDVj0GxP66,a1.00 t1.00,auto-ok
G3,official-pl-love-international,Usher,Yeah!,GxBSyx85Kp8,Yeah! (feat. Lil Jon & Ludacris),USHER / Lil Jon / Ludacris,5rb9QrpfcKFHM1EUbSIurX,a1.00 t1.00,auto-ok
G3,official-pl-love-international,Michael Bublé,Everything,SPUJIbXN0WY,Everything,Michael Bublé,4T6HLdP6OcAtqC6tGnQelG,a1.00 t1.00,auto-ok
G3,official-pl-love-international,Taylor Swift,Mine,XPBwXKgDTdE,Mine,Taylor Swift,67Io3gxHwfbUreBf114c0u,a1.00 t1.00,auto-ok
G3,official-pl-love-international,Foreigner,I Want to Know What Love Is,r3Pr1_v7hsw,I Want to Know What Love Is - 1999 Remaster,Foreigner,1JLn8RhQzHz3qDqsChcmBl,a1.00 t1.00,auto-ok
G3,official-pl-love-international,Eric Clapton,Wonderful Tonight,xl7Hd2r0LOs,Wonderful Tonight,Eric Clapton,6zC0mpGYwbNTpk9SKwh08f,a1.00 t1.00,auto-ok
G3,official-pl-love-international,Richard Marx,Right Here Waiting,S_E2EHVxNAE,Right Here Waiting,Richard Marx,4LFwNJWoj74Yd71fIr1W8x,a1.00 t1.00,auto-ok
G3,official-pl-love-international,Lionel Richie & Diana Ross,Endless Love,UsqDoz2Co4o,Endless Love,Lionel Richie / Diana Ross,5iwyLsQ5yjnCaRrJGyAPZM,a1.00 t1.00,auto-ok
G3,official-pl-love-international,Christina Perri,A Thousand Years,rtOvBOTyX00,a thousand years,Christina Perri,6lanRgr6wXibZr8KgzXxBl,a1.00 t1.00,auto-ok
G3,official-pl-love-international,Bryan Adams,(Everything I Do) I Do It for You,Y0pdQU87dc8,(Everything I Do) I Do It For You,Bryan Adams,1Eb90nmqTrxylKFhcUzW8P,a1.00 t1.00,auto-ok
G3,official-pl-love-international,Aerosmith,I Don't Want to Miss a Thing,JkK8g6FMEXE,"I Don't Want to Miss a Thing - From ""Armageddon"" Soundtrack",Aerosmith,225xvV8r1yKMHErSWivnow,a1.00 t1.00,auto-ok
G3,official-pl-love-international,Queen,Crazy Little Thing Called Love,zO6D_BAuYCI,Crazy Little Thing Called Love - Remastered 2011,Queen,6xdLJrVj4vIXwhuG8TMopk,a1.00 t1.00,auto-ok
G3,official-pl-love-international,Ed Sheeran,Thinking Out Loud,lp-EO5I60KA,Thinking out Loud,Ed Sheeran,34gCuhDGsG4bRPIf9bb02f,a1.00 t1.00,auto-ok
G3,official-pl-love-international,Elvis Presley,Can't Help Falling in Love,vGJTaP6anOU,Can't Help Falling in Love,Elvis Presley,44AyOl4qVkzS48vBsbNXaC,a1.00 t1.00,auto-ok
G3,official-pl-love-international,Jason Mraz & Colbie Caillat,Lucky,acvIVA9-FMQ,Lucky,Jason Mraz / Colbie Caillat,0IktbUcnAGrvD03AWnz3Q8,a1.00 t1.00,auto-ok
G3,official-pl-love-international,Starship,Nothing's Gonna Stop Us Now,3wxyN3z9PL4,Nothing's Gonna Stop Us Now,Starship,3X7uFMzJrEE0sxn62qd8Ch,a1.00 t1.00,auto-ok
G3,official-pl-love-international,Alicia Keys,If I Ain't Got You,Ju8Hr50Ckwk,If I Ain't Got You,Alicia Keys,3XVBdLihbNbxUwZosxcGuJ,a1.00 t1.00,auto-ok
G3,official-pl-love-international,Colbie Caillat,Bubbly,AWGqoCNbsvM,Bubbly,Colbie Caillat,1lkvpmrCaXK8QtliFDcHBO,a1.00 t1.00,auto-ok
G3,official-pl-love-international,The Cure,Just Like Heaven,n3nPiBai66M,Just Like Heaven,The Cure,0lNudhCTfcGBQVvSO22g4r,a1.00 t1.00,auto-ok
G3,official-pl-love-international,Coldplay,The Scientist,RB-RcX5DS5A,The Scientist,Coldplay,75JFxkI2RXiU7L9VXzMkle,a1.00 t1.00,auto-ok
G3,official-pl-love-international,James Blunt,You're Beautiful,oofSnsGkops,You're Beautiful,James Blunt,0vg4WnUWvze6pBOJDTq99k,a1.00 t1.00,auto-ok
G3,official-pl-love-international,Sam Smith,Stay With Me,pB-5XG-DbAA,Stay With Me,Sam Smith,5Nm9ERjJZ5oyfXZTECKmRt,a1.00 t1.00,auto-ok
G3,official-pl-love-international,Disclosure feat. Sam Smith,Latch,93ASUImTedo,Latch,Disclosure / Sam Smith,51ODNNDZm21HU7wI7cccRr,a1.00 t1.00,auto-ok
G3,official-pl-love-international,Ellie Goulding,Love Me Like You Do,AJtDXIazrMo,"Love Me Like You Do - From ""Fifty Shades Of Grey""",Ellie Goulding,3zHq9ouUJQFQRf3cm1rRLu,a1.00 t1.00,auto-ok
G3,official-pl-love-international,The Police,Every Breath You Take,OMOGaugKpzs,Every Breath You Take,The Police,1JSTJqkT5qHq8MDJnJbRE1,a1.00 t1.00,auto-ok
G3,official-pl-love-international,Kelly Clarkson,A Moment Like This,S7b8ADhadJU,A Moment Like This,Kelly Clarkson,6Far9mixuLOSu0Y5ectjfA,a1.00 t1.00,auto-ok
G3,official-pl-love-international,Billy Joel,She's Always a Woman,HaA3YZ6QdJU,She's Always a Woman,Billy Joel,5RgFlk1fcClZd0Y4SGYhqH,a1.00 t1.00,auto-ok
G3,official-pl-love-international,Lifehouse,You and Me,ac3HkriqdGQ,You And Me,Lifehouse,0815caqt2Lytro5EIzMufT,a1.00 t1.00,auto-ok
G3,official-pl-love-international,Snow Patrol,Chasing Cars,GemKqzILV4w,Chasing Cars,Snow Patrol,5hnyJvgoWiQUYZttV4wXy6,a1.00 t1.00,auto-ok
G3,official-pl-love-international,Ben E. King,Stand by Me,hwZNL7QVJjE,Stand By Me,Ben E. King,3SdTKo2uVsxFblQjpScoHy,a1.00 t1.00,auto-ok
G3,official-pl-love-international,The Beatles,Something,UelDrZ1aFeY,Something - Remastered 2009,The Beatles,0pNeVovbiZHkulpGeOx1Gj,a1.00 t1.00,auto-ok
G3,official-pl-love-international,Nelly Furtado,I'm Like a Bird,roPQ_M3yJTA,I'm Like A Bird,Nelly Furtado,2aGw77pZqli064JiPuXYRi,a1.00 t1.00,auto-ok
G3,official-pl-love-international,Robbie Williams,Angels,luwAMFcc2f8,Angels,Robbie Williams,1M2nd8jNUkkwrc1dgBPTJz,a1.00 t1.00,auto-ok
G3,official-pl-love-international,Extreme,More Than Words,UrIiLvg58SY,More Than Words,Extreme,1gVgkQFOKa8Wc1HYsJtPdH,a1.00 t1.00,auto-ok
G3,official-pl-love-international,The Beatles,In My Life,YBcdt6DsLQA,In My Life - Remastered 2009,The Beatles,3KfbEIOC7YIv90FIfNSZpo,a1.00 t1.00,auto-ok
G3,official-pl-love-international,Michael Bublé,Haven't Met You Yet,1AJmKkU5POA,Haven't Met You Yet,Michael Bublé,4fIWvT19w9PR0VVBuPYpWA,a1.00 t1.00,auto-ok
G3,official-pl-love-international,5 Seconds of Summer,She Looks So Perfect,X2BYmmTI04I,She Looks So Perfect,5 Seconds of Summer,1CQ2cMfrmFM1YdfmjENKVE,a1.00 t1.00,auto-ok
G3,official-pl-love-international,Adele,Make You Feel My Love,0put0_a--Ng,Make You Feel My Love,Adele,273QnyCvJB65rScHJ1nPZb,a1.00 t1.00,auto-ok
G3,official-pl-love-international,The Bangles,Eternal Flame,wlZqSCrNmtg,Eternal Flame,The Bangles / Susanna Hoffs,5MoDQWMDMaAGDEiWsJfeCi,a1.00 t1.00,auto-ok
G3,official-pl-love-international,Beyoncé,Halo,wkABWE-WUC8,Halo,Beyoncé,2CvOqDpQIMw69cCzWqr5yr,a1.00 t1.00,auto-ok
G3,official-pl-love-international,Jack Johnson,Better Together,RfoqELZWcp8,Better Together,Jack Johnson,2iXdwVdzA0KrI2Q0iZNJbX,a1.00 t1.00,auto-ok
G3,official-pl-love-international,Jesse McCartney,Beautiful Soul,0GLbwkfhYZk,Beautiful Soul,Jesse McCartney,1HwpWwa6bnqqRhK8agG4RS,a1.00 t1.00,auto-ok
G3,official-pl-love-international,The Righteous Brothers,Unchained Melody,qiiyq2xrSI0,Unchained Melody,The Righteous Brothers,2qhASBzpbFhPRtrnZ5lLnz,a1.00 t1.00,auto-ok
G3,official-pl-love-international,Sixpence None the Richer,Kiss Me,8N-qO3sPMjc,Kiss Me,Sixpence None The Richer,754kgU5rWscRTfvlsuEwFp,a1.00 t1.00,auto-ok
G3,official-pl-love-international,Mazzy Star,Fade Into You,ImKY6TZEyrI,Fade Into You,Mazzy Star,1LzNfuep1bnAUR9skqdHCK,a1.00 t1.00,auto-ok
G3,official-pl-love-international,Savage Garden,Truly Madly Deeply,jBVifG4_Ruk,Truly Madly Deeply,Savage Garden,013AWvizllIUEC2FOBzOnh,a1.00 t1.00,auto-ok
G3,official-pl-love-international,Usher,U Got It Bad,o3IWTfcks4k,U Got It Bad,USHER,7J41dYQolQJEtj3UmKLu5r,a1.00 t1.00,auto-ok
G3,official-pl-love-international,Mariah Carey,Hero,fDb0tKHcZhg,Hero,Mariah Carey,5mgCMlxQW7fmHbrdJuowbB,a1.00 t1.00,auto-ok
G3,official-pl-love-international,Jason Mraz,I Won't Give Up,O1-4u9W-bns,I Won't Give Up,Jason Mraz,5ivF4eQBqJiVL5IAE9jRyl,a1.00 t1.00,auto-ok
G3,official-pl-love-international,Taylor Swift,Love Story,8xg3vE8Ie_E,Love Story,Taylor Swift,1D4PL9B8gOg78jiHg3FvBb,a1.00 t1.00,auto-ok
G3,official-pl-love-international,John Legend,All of Me,4zXUHvfoEyQ,All of Me,John Legend,3U4isOIWM3VvDubwSI3y7a,a1.00 t1.00,auto-ok
G3,official-pl-love-international,James Arthur,Say You Won't Let Go,0yW7w8F2TVA,Say You Won't Let Go,James Arthur,5uCax9HTNlzGybIStD3vDh,a1.00 t1.00,auto-ok
G3,official-pl-love-international,Bruno Mars,Just the Way You Are,E-UJTGXof6Q,Just the Way You Are,Bruno Mars,47Slg6LuqLaX0VodpSCvPt,a1.00 t1.00,auto-ok
G3,official-pl-love-international,Celine Dion,The Power of Love,Y8HOfcYWZoo,The Power of Love,Céline Dion,5kK1Iru9ogP3Iy1zsANU1n,a1.00 t1.00,auto-ok
G3,official-pl-love-international,Alicia Keys,Fallin',Urdlvw0SSEc,Fallin',Alicia Keys,0KQx6HOpJueiSkztcS0r7D,a1.00 t1.00,auto-ok
G3,official-pl-love-international,Peter Gabriel,In Your Eyes,B3kFPBtc9BE,In Your Eyes,Peter Gabriel,1wyluqXP2ujdTpCfm1E617,a1.00 t1.00,auto-ok
G3,official-pl-love-international,Boston,More Than a Feeling,oR4uKcvQbGQ,More Than a Feeling,Boston,1QEEqeFIZktqIpPI4jSVSF,a1.00 t1.00,auto-ok
G3,official-pl-love-international,Ed Sheeran,Perfect,2Vv-BfVoq4g,Perfect,Ed Sheeran,0tgVpDi06FyKpA1z0VMD4v,a1.00 t1.00,auto-ok
G3,official-pl-90s-hard,The Prodigy,Firestarter,wmin5WkOuPw,Firestarter,The Prodigy,79CUrU5o2KAVDTNm4x3eGU,a1.00 t1.00,auto-ok
G3,official-pl-90s-hard,Cornershop,Brimful of Asha,5LBnMRWeV-E,Brimful of Asha,Cornershop,3RNUFPrfUVeOhd6wcKnf6z,a1.00 t1.00,auto-ok
G3,official-pl-90s-hard,Nirvana,Heart-Shaped Box,n6P0SitRwy8,Heart-Shaped Box,Nirvana,11LmqTE2naFULdEP94AUBa,a1.00 t1.00,auto-ok
G3,official-pl-90s-hard,Soundgarden,Black Hole Sun,3mbBbFH9fAg,Black Hole Sun,Soundgarden,2EoOZnxNgtmZaD8uUmz2nD,a1.00 t1.00,auto-ok
G3,official-pl-90s-hard,The Chemical Brothers,Block Rockin' Beats,iTxOKsyZ0Lw,Block Rockin' Beats,The Chemical Brothers,1FNvrp5K02oThumS6gllzp,a1.00 t1.00,auto-ok
G3,official-pl-90s-hard,Sublime,What I Got,0Uc3ZrmhDN4,What I Got,Sublime,3B4q6KbHbGV51HO3GznBFF,a1.00 t1.00,auto-ok
G3,official-pl-90s-hard,Green Day,Basket Case,NUTGr5t3MoY,Basket Case,Green Day,6L89mwZXSOwYl76YXfX13s,a1.00 t1.00,auto-ok
G3,official-pl-90s-hard,Mazzy Star,Fade into You,ImKY6TZEyrI,Fade Into You,Mazzy Star,1LzNfuep1bnAUR9skqdHCK,a1.00 t1.00,auto-ok
G3,official-pl-90s-hard,Blur,Girls & Boys,WDswiT87oo8,Girls & Boys,Blur,5CeL9C3bsoe4yzYS1Qz8cw,a1.00 t1.00,auto-ok
G3,official-pl-90s-hard,Supergrass,Alright,qUE4oDunYkc,Alright,Supergrass,5CQvKyzkWI7TnUu2oB9QZ0,a1.00 t1.00,auto-ok
G3,official-pl-90s-hard,Lisa Loeb & Nine Stories,Stay,ka9mCmx9Jhs,Stay (I Missed You),Walk off the Earth / Lisa Loeb,0x7GBUMRiX4O3xy9prrsgU,a1.00 t1.00,auto-ok
G3,official-pl-90s-hard,The Prodigy,Breathe,rmHDhAohJlQ,Breathe,The Prodigy,0Ja4hLKiUSw01E01pJ1yGr,a1.00 t1.00,auto-ok
G3,official-pl-90s-hard,Blur,Song 2,SSbBvKaM6sk,Song 2,Blur,3GfOAdcoc3X5GPiiXmpBjK,a1.00 t1.00,auto-ok
G3,official-pl-90s-hard,Radiohead,Creep,XFkzRNyygfk,Creep,Radiohead,70LcF31zb1H0PyJoS1Sx1r,a1.00 t1.00,auto-ok
G3,official-pl-90s-hard,Dishwalla,Counting Blue Cars,Clxtg2pFTQM,Counting Blue Cars (Tell Me Your Thoughts On God),Dishwalla,6B618H5CuCdEzcVs0NKTlt,a1.00 t1.00,auto-ok
G3,official-pl-90s-hard,No Doubt,Just a Girl,PHzOOQfhPFg,Just A Girl,No Doubt,5lWRaa0fBxDE5yU91npPq7,a1.00 t1.00,auto-ok
G3,official-pl-90s-hard,Stone Temple Pilots,Interstate Love Song,yjJL9DGU7Gg,Interstate Love Song,Stone Temple Pilots,600s08VdbjiyAjDGDjYSFI,a1.00 t1.00,auto-ok
G3,official-pl-90s-hard,Space,Female of the Species,F-mjl63e0ms,Female of the Species,Space,5beiMMlsINDI5fxRdF0D42,a1.00 t1.00,auto-ok
G3,official-pl-90s-hard,Eels,Novocaine for the Soul,V2yy141q8HQ,Novocaine For The Soul,Eels,2fKdsBazcOLLIzDiZUQCih,a1.00 t1.00,auto-ok
G3,official-pl-90s-hard,Beck,Where It's At,EPfmNxKLDG4,Where It's At - Album Version W/ Intro,Beck,1GreGTs4rIfjDILBERxKcB,a1.00 t1.00,auto-ok
G3,official-pl-90s-hard,Pearl Jam,Even Flow,tkbgtVFlyCQ,Even Flow,Pearl Jam,6QewNVIDKdSl8Y3ycuHIei,a1.00 t1.00,auto-ok
G3,official-pl-90s-hard,Sublime,Santeria,LTCyZvb2Uzw,Santeria,Sublime,2hnMS47jN0etwvFPzYk11f,a1.00 t1.00,auto-ok
G3,official-pl-90s-hard,Blind Melon,No Rain,3qVPNONdF58,No Rain,Blind Melon,6txWz9UapYHVxEd7dDIHXT,a1.00 t1.00,auto-ok
G3,official-pl-90s-hard,Oasis,Live Forever,TDe1DqxwJoc,Live Forever,Oasis,5IfBLN9VPPJOwcKmAZhdXe,a1.00 t1.00,auto-ok
G3,official-pl-90s-hard,The Breeders,Cannonball,q-JfLMz8QNI,Cannonball,The Breeders,1KdwPeY1WRWQGHCmRJTveb,a1.00 t1.00,auto-ok
G3,official-pl-90s-hard,Happy Mondays,Step On,mFBQ0PH5rM4,Step On - 2007 Remaster,Happy Mondays,4gAU0cHQJFxj1n2ZDiEIzG,a1.00 t1.00,auto-ok
G3,official-pl-90s-hard,The La's,There She Goes,CZXLLMbJdZ4,There She Goes,The La's,4c6vZqYHFur11FbWATIJ9P,a1.00 t1.00,auto-ok
G3,official-pl-90s-hard,Beck,Loser,CI-rKJdUiuU,Loser,Beck,5NTZM8YYeKM2YsGSffVIge,a1.00 t1.00,auto-ok
G3,official-pl-90s-hard,Smash Mouth,Walkin' on the Sun,p8LZhGUu7C8,Walkin' On The Sun,Smash Mouth,4TQeNHx85xcP9YRkvJC6K1,a1.00 t1.00,auto-ok
G3,official-pl-90s-hard,Radiohead,Karma Police,1uYWYWPc9HU,Karma Police,Radiohead,63OQupATfueTdZMWTxW03A,a1.00 t1.00,auto-ok
G3,official-pl-90s-hard,Harvey Danger,Flagpole Sitta,wYsMjEeEg4g,Flagpole Sitta,Harvey Danger,23UPb5fN5X6dMwIK6Sl2Wz,a1.00 t1.00,auto-ok
G3,official-pl-90s-hard,Goo Goo Dolls,Iris,NdYWuo9OFAw,Iris,The Goo Goo Dolls,6Qyc6fS4DsZjB2mRW9DsQs,a0.76 t1.00,review
G3,official-pl-90s-hard,Goo Goo Dolls,Slide,yP4qdefD2To,Slide,The Goo Goo Dolls,0nnwn7LWHCAu09jfuH1xTA,a0.76 t1.00,review
G3,official-pl-90s-hard,Oasis,Wonderwall,bx1Bh8ZvH84,Wonderwall,Oasis,1qPbGZqppFwLwcBC1JQ6Vr,a1.00 t1.00,auto-ok
G3,official-pl-90s-hard,Nirvana,Smells Like Teen Spirit,hTWKbfoikeg,Smells Like Teen Spirit,Nirvana,4CeeEOM32jQcH3eN9Q2dGj,a1.00 t1.00,auto-ok
G3,official-pl-90s-hard,The Smashing Pumpkins,1979,PufFJWCcc_w,1979,The Smashing Pumpkins,3h5zik31hTTat9jmpCZZNC,a1.00 t1.00,auto-ok
G3,official-pl-90s-hard,The Cardigans,Lovefool,FOLJQnxfC-c,Lovefool,The Cardigans,7aQjPecQdIuNd1sz3KCDhD,a1.00 t1.00,auto-ok
G3,official-pl-90s-hard,The Cranberries,Linger,G6Kspj3OO0s,Linger,The Cranberries,3HHehSGzW9dhs2V7Sod4jX,a1.00 t1.00,auto-ok
G3,official-pl-90s-hard,Foo Fighters,Big Me,pLdJQFTnZfA,Big Me,Foo Fighters,6pb5BBnIM5IM7R1cqag6rE,a1.00 t1.00,auto-ok
G3,official-pl-90s-hard,Bush,Glycerine,hOllF3TgAsM,Glycerine - Remastered,Bush,5buITai6eMzU8rJonMEI6e,a1.00 t1.00,auto-ok
G3,official-pl-90s-hard,Better Than Ezra,Good,acK0KH2uJGc,Good,Better Than Ezra,0ttHpMs250dpFkCYAnuhnE,a1.00 t1.00,auto-ok
G3,official-pl-90s-hard,Fatboy Slim,The Rockafeller Skank,nmsTwQb1csc,The Rockafeller Skank,Fatboy Slim,5AgCO3dc2kuSicCsw09YCA,a1.00 t1.00,auto-ok
G3,official-pl-90s-hard,Spin Doctors,Two Princes,wsdy_rct6uo,Two Princes,Spin Doctors,4ePP9So5xRzspjLFVVbj90,a1.00 t1.00,auto-ok
G3,official-pl-90s-hard,Moby,Porcelain,IJWlBfo5Oj0,Porcelain,Moby,6EXi6ZqTITKGtVBKqbphjL,a1.00 t1.00,auto-ok
G3,official-pl-90s-hard,Massive Attack,Teardrop,u7K72X4eo_s,Teardrop,Massive Attack / Elizabeth Fraser,67Hna13dNDkZvBpTXRIaOJ,a1.00 t1.00,auto-ok
G3,official-pl-90s-hard,Third Eye Blind,Semi-Charmed Life,beINamVRGy4,Semi-Charmed Life,Third Eye Blind,42et6fnHCw1HIPSrdPprMl,a1.00 t1.00,auto-ok
G3,official-pl-90s-hard,Semisonic,Closing Time,xGytDsqkQY8,Closing Time,Semisonic,1A5V1sxyCLpKJezp75tUXn,a1.00 t1.00,auto-ok
G3,official-pl-90s-hard,The Cranberries,Zombie,6Ejga4kJUts,Zombie,The Cranberries,49wOjOkS4pBK3PQnPnNYjb,a1.00 t1.00,auto-ok
G3,official-pl-90s-hard,Green Day,Good Riddance (Time of Your Life),CnQ8N1KacJc,Good Riddance (Time of Your Life),Green Day,6ORqU0bHbVCRjXm9AjyHyZ,a1.00 t1.00,auto-ok
G3,official-pl-90s-hard,Republica,Ready to Go,JgffRW1fKDk,Ready to Go,Republica,7Duqn8un04Nz5n4PWk83Q5,a1.00 t1.00,auto-ok
G3,official-pl-90s-hard,Toadies,Possum Kingdom,EkwD5rQ-_d4,Possum Kingdom,Toadies,56SkdBKyR2zOkjk6wVFI9s,a1.00 t1.00,auto-ok
G3,official-pl-90s-hard,Red Hot Chili Peppers,Under the Bridge,lwlogyj7nFE,Under the Bridge,Red Hot Chili Peppers,3d9DChrdc6BOeFsbrZ3Is0,a1.00 t1.00,auto-ok
G3,official-pl-90s-hard,The Verve,Bitter Sweet Symphony,1lyu1KKwC74,Bitter Sweet Symphony - Remastered 2016,The Verve,57iDDD9N9tTWe75x6qhStw,a1.00 t1.00,auto-ok
G3,official-pl-90s-hard,Sneaker Pimps,6 Underground,2eBZqmL8ehg,6 Underground,Sneaker Pimps,5SJ7mZ4HZWbhFcHpBvHU55,a1.00 t1.00,auto-ok
G3,official-pl-90s-hard,Massive Attack,Unfinished Sympathy,ZWmrfgj0MZI,Unfinished Sympathy - 2012 Mix/Master,Massive Attack / Shara Nelson,0j5FJJOmmnXPd0XajFWkMF,a1.00 t1.00,auto-ok
G3,official-pl-90s-hard,The Mighty Mighty Bosstones,The Impression That I Get,NIGMUAMevH0,The Impression That I Get,The Mighty Mighty Bosstones,3a3EDrWejkryzeGFkPypOR,a1.00 t1.00,auto-ok
G3,official-pl-90s-hard,The Chemical Brothers,Setting Sun,p5NX1FC-7-w,Setting Sun,The Chemical Brothers / Noel Gallagher,5JBGbFdBtLcCCygw8rtjli,a1.00 t1.00,auto-ok
G3,official-pl-90s-hard,Fatboy Slim,Praise You,ruAi4VBoBSM,Praise You,Fatboy Slim,1FS21kclHQ2vVi3U1ZxETc,a1.00 t1.00,auto-ok
G3,official-pl-90s-hard,The Wallflowers,One Headlight,Zzyfcys1aLM,One Headlight,The Wallflowers,0z1b34WikhOH9ZxU8QDWcv,a1.00 t1.00,auto-ok
G3,official-pl-90s-hard,Travis,Why Does It Always Rain on Me?,PXatLOWjr-k,Why Does It Always Rain On Me?,Travis,5MmWgG5KgiqSxkOZdVXRQA,a1.00 t1.00,auto-ok
G3,official-pl-90s-hard,The Presidents of the United States of America,Peaches,wvAnQqVJ3XQ,Peaches,The Presidents Of The United States Of America,750wm5pwuAQfnSLX8mxa5f,a1.00 t1.00,auto-ok
G3,official-pl-90s-hard,R.E.M.,Man on the Moon,1hKSYgOGtos,Man On The Moon,R.E.M.,4jLv3tDBu8ww2R07DvL12s,a1.00 t1.00,auto-ok
G3,official-pl-90s-hard,Moby,Natural Blues,z7eD2PFBhlE,Natural Blues,Moby,0NNCkIadCP6VnV7LeGL1zx,a1.00 t1.00,auto-ok
G3,official-pl-90s-hard,Pulp,Common People,yuTMWgOduFM,Common People,Pulp,3SzP7yEGRSbfnkkNVMxxYa,a1.00 t1.00,auto-ok
G3,official-pl-90s-hard,Weezer,Buddy Holly,SiJie3Z7DG8,Buddy Holly,Weezer,3mwvKOyMmG77zZRunnxp9E,a1.00 t1.00,auto-ok
G3,official-pl-90s-hard,Elastica,Connection,iKoEIzxMxfQ,Connection,Elastica,53LZqMzQEnjBkFXPqOq0cD,a1.00 t1.00,auto-ok
G3,official-pl-90s-hard,The Verve,The Drugs Don't Work,gffm0lPFmvM,The Drugs Don't Work,The Verve,15kLz0zNFdtsaJdXKSGmTU,a1.00 t1.00,auto-ok
G3,official-pl-90s-hard,The Smashing Pumpkins,Bullet with Butterfly Wings,8-r-V0uK4u0,Bullet With Butterfly Wings - Remastered 2012,The Smashing Pumpkins,6GtX0jaNL8IjVQfrDBx81z,a1.00 t1.00,auto-ok
G3,official-pl-90s-hard,The Presidents of the United States of America,Lump,_sj_U6vObUA,Lump,The Presidents Of The United States Of America,2chzksqvbwwuRBwNB2pslH,a1.00 t1.00,auto-ok
G3,official-pl-90s-hard,Deep Blue Something,Breakfast at Tiffany's,1ClCpfeIELw,Breakfast At Tiffany's,Deep Blue Something,1uzWOoJdADfstQuFtQFTUn,a1.00 t1.00,auto-ok
G3,official-pl-90s-hard,Counting Crows,Mr. Jones,-oqAU5VxFWs,Mr. Jones,Counting Crows,5DiXcVovI0FcY2s0icWWUu,a1.00 t1.00,auto-ok
G3,official-pl-2010s-hard,Grouplove,Tongue Tied,Fot9VQGVxAk,Tongue Tied,GROUPLOVE,0GO8y8jQk1PkHzS31d699N,a1.00 t1.00,auto-ok
G3,official-pl-2010s-hard,Vance Joy,Riptide,TL_oroU9eN8,Riptide,Vance Joy,7yq4Qj7cqayVTp3FF9CWbm,a1.00 t1.00,auto-ok
G3,official-pl-2010s-hard,MGMT,Electric Feel,MmZexg8sxyk,Electric Feel,MGMT,3FtYbEfBqAlGO46NUDQSAt,a1.00 t1.00,auto-ok
G3,official-pl-2010s-hard,George Ezra,Budapest,VHrLPs3_1Fs,Budapest,George Ezra,2ixsaeFioXJmMgkkbd4uj1,a1.00 t1.00,auto-ok
G3,official-pl-2010s-hard,Sia,Chandelier,2vjPBrBU-TM,Chandelier,Sia,4VrWlk8IQxevMvERoX08iC,a1.00 t1.00,auto-ok
G3,official-pl-2010s-hard,Radiohead,Lotus Flower,cfOa1a8hYP8,Lotus Flower,Radiohead,2QeutlLcJf2V1cMUUsDFT1,a1.00 t1.00,auto-ok
G3,official-pl-2010s-hard,Bon Iver,Holocene,TWcyIpul8OE,Holocene,Bon Iver,35KiiILklye1JRRctaLUb4,a1.00 t1.00,auto-ok
G3,official-pl-2010s-hard,Capital Cities,Safe and Sound,47dtFZ8CFo8,Safe and Sound,Capital Cities,5JVbvCHX10U2pLa5DEqGav,a1.00 t1.00,auto-ok
G3,official-pl-2010s-hard,Imagine Dragons,Radioactive,ktvTqknDobU,Radioactive,Imagine Dragons,62yJjFtgkhUrXktIoSjgP2,a1.00 t1.00,auto-ok
G3,official-pl-2010s-hard,Bon Iver,Flume,LuQrLsTUcN0,Flume,Bon Iver,0bhBtXHQX3u6dSAPF59qGx,a1.00 t1.00,auto-ok
G3,official-pl-2010s-hard,Daughter,Youth,2QT5eGHCJdE,Youth,Daughter,2Ck6gblyk3UFCVPTh8o3TN,a1.00 t1.00,auto-ok
G3,official-pl-2010s-hard,Grouplove,Ways to Go,VGvHnDeS12o,Ways to Go,GROUPLOVE,57nNNkgk768QVXq3uHxu5e,a1.00 t1.00,auto-ok
G3,official-pl-2010s-hard,Woodkid,Run Boy Run,lmc21V-zBq0,Run Boy Run,Woodkid,0boS4e6uXwp3zAvz1mLxZS,a1.00 t1.00,auto-ok
G3,official-pl-2010s-hard,Kendrick Lamar,m.A.A.d city,10yrPDf92hY,m.A.A.d city,Kendrick Lamar / MC Eiht,3qX1dqmDdmMvvfMVfsx4Bh,a1.00 t1.00,auto-ok
G3,official-pl-2010s-hard,Tame Impala,Let It Happen,pFptt7Cargc,Let It Happen,Tame Impala,2X485T9Z5Ly0xyaghN73ed,a1.00 t1.00,auto-ok
G3,official-pl-2010s-hard,CHVRCHES,Recover,JyqD_zfXfi8,Recover,CHVRCHES,5lrKdr43SvPBt9evNOrULo,a1.00 t1.00,auto-ok
G3,official-pl-2010s-hard,fun.,We Are Young,Sv6dMFF_yts,We Are Young (feat. Janelle Monáe),fun. / Janelle Monáe,5rgy6ghBq1eRApCkeUdJXf,a1.00 t1.00,auto-ok
G3,official-pl-2010s-hard,The xx,Crystalised,Pib8eYDSFEI,Crystalised,The xx,5UBBJnFxsfjFxfrtvErQoH,a1.00 t1.00,auto-ok
G3,official-pl-2010s-hard,Kimbra,Settle Down,yHV04eSGzAA,Settle Down,Kimbra,6cdslY3YKjh7pImxFhSBVG,a1.00 t1.00,auto-ok
G3,official-pl-2010s-hard,Grimes,Oblivion,JtH68PJIQLE,Oblivion,Grimes,4BY4V1T0RJK1HmD2Q0ClyK,a1.00 t1.00,auto-ok
G3,official-pl-2010s-hard,Foster the People,Pumped Up Kicks,SDTZ7iX4vTQ,Pumped Up Kicks,Foster The People,7w87IxuO7BDcJ3YUqCyMTT,a1.00 t1.00,auto-ok
G3,official-pl-2010s-hard,Twenty One Pilots,Stressed Out,pXRviuL6vMY,Stressed Out,Twenty One Pilots,3CRDbSIZ4r5MsZ0YwxuEkn,a1.00 t1.00,auto-ok
G3,official-pl-2010s-hard,Arcade Fire,Afterlife,r75BFcH4u2k,Afterlife,Arcade Fire,7rL602DQps4QmrrjbinLzP,a1.00 t1.00,auto-ok
G3,official-pl-2010s-hard,Bastille,Pompeii,ilLEuwH4hws,Pompeii,Bastille,6fNhZRFEkBfgW39W3wKARJ,a1.00 t1.00,auto-ok
G3,official-pl-2010s-hard,Kiesza,Hideaway,Vnoz5uBEWOA,Hideaway,Kiesza,51tUT1gHE30GQPhn1agudM,a1.00 t1.00,auto-ok
G3,official-pl-2010s-hard,Kanye West,New Slaves,vQ0u09mFodw,New Slaves,Kanye West,4cAgkb0ifwn0FSHGXnr4F6,a1.00 t1.00,auto-ok
G3,official-pl-2010s-hard,Lorde,Ribs,b7pE8AG1jjE,Ribs,Lorde,2MvvoeRt8NcOXWESkxWn3g,a1.00 t1.00,auto-ok
G3,official-pl-2010s-hard,Fiona Apple,Hot Knife,S5hO8UF9FJ4,Hot Knife,Fiona Apple,4eZPjR0dLEYvH5Ku26rnLi,a1.00 t1.00,auto-ok
G3,official-pl-2010s-hard,Clean Bandit,Rather Be,m-M1AtrxztU,Rather Be (feat. Jess Glynne),Clean Bandit / Jess Glynne,3s4U7OHV7gnj42VV72eSZ6,a1.00 t1.00,auto-ok
G3,official-pl-2010s-hard,Hozier,Take Me to Church,PVjiKRfKpPI,Take Me To Church,Hozier,3dYD57lRAUcMHufyqn9GcI,a1.00 t1.00,auto-ok
G3,official-pl-2010s-hard,Milky Chance,Stolen Dance,iX-QaNzd-0Y,Stolen Dance,Milky Chance,34xGLuxM0rkxhCVyMSqwJO,a1.00 t1.00,auto-ok
G3,official-pl-2010s-hard,Ellie Goulding,Lights,0NKUpo_xKyQ,Lights,Ellie Goulding,11ozIUBoXAgRTVWelDn4pL,a1.00 t1.00,auto-ok
G3,official-pl-2010s-hard,fun.,Some Nights,qQkBeOisNM0,Some Nights,fun.,67WTwafOMgegV6ABnBQxcE,a1.00 t1.00,auto-ok
G3,official-pl-2010s-hard,Walk the Moon,Shut Up and Dance,6JCLY0Rlx6Q,Shut Up and Dance,WALK THE MOON,4kbj5MwxO1bq9wjT5g9HaA,a1.00 t1.00,auto-ok
G3,official-pl-2010s-hard,Adele,Rolling in the Deep,rYEDA3JcQqw,Rolling in the Deep,Adele,4OSBTYWVwsQhGLF9NHvIbR,a1.00 t1.00,auto-ok
G3,official-pl-2010s-hard,Walk the Moon,Anna Sun,qDVW81bXo0s,Anna Sun,WALK THE MOON,3e0yTP5trHBBVvV32jwXqF,a1.00 t1.00,auto-ok
G3,official-pl-2010s-hard,Tame Impala,The Less I Know the Better,2SUwOgmvzK4,The Less I Know The Better,Tame Impala,6K4t31amVTZDgR3sKmwUJJ,a1.00 t1.00,auto-ok
G3,official-pl-2010s-hard,Disclosure,Latch,93ASUImTedo,Latch,Disclosure / Sam Smith,51ODNNDZm21HU7wI7cccRr,a1.00 t1.00,auto-ok
G3,official-pl-2010s-hard,Daft Punk,Get Lucky,5NV6Rdv1a3I,Get Lucky (feat. Pharrell Williams and Nile Rodgers),Daft Punk / Pharrell Williams / Nile Rodgers,69kOkLUCkxIZYexIgSG8rq,a1.00 t1.00,auto-ok
G3,official-pl-2010s-hard,Gotye,Somebody That I Used to Know,8UVNT4wvIGY,Somebody That I Used to Know,Gotye / Kimbra,62oaDoBveZxvZb94ziiMXi,a1.00 t1.00,auto-ok
G3,official-pl-2010s-hard,Twenty One Pilots,Ride,Pw-0pbY9JeU,Ride,Twenty One Pilots,2Z8WuEywRWYTKe1NybPQEW,a1.00 t1.00,auto-ok
G3,official-pl-2010s-hard,Disclosure,Magnets,b_KfnGBtVeA,Magnets,Disclosure / Lorde,7nRmfGNhHKEEu5o8yFXLXt,a1.00 t1.00,auto-ok
G3,official-pl-2010s-hard,M83,Midnight City,dX3k_QDnzHE,Midnight City,M83,6GyFP1nfCDB8lbD2bG0Hq9,a1.00 t1.00,auto-ok
G3,official-pl-2010s-hard,The Neighbourhood,Sweater Weather,GCdwKhTtNNw,Sweater Weather,The Neighbourhood,2QjOHCTQ1Jl3zawyYOpxh6,a1.00 t1.00,auto-ok
G3,official-pl-2010s-hard,The Naked and Famous,Punching in a Dream,kC29pd_5sQU,Punching In A Dream,The Naked And Famous,1vJTIEahOOoy5sq3ZUEaSi,a1.00 t1.00,auto-ok
G3,official-pl-2010s-hard,Foster the People,Helena Beat,ABzh6hTYpb8,Helena Beat,Foster The People,4VbDJMkAX3dWNBdn3KH6Wx,a1.00 t1.00,auto-ok
G3,official-pl-2010s-hard,Florence + The Machine,Shake It Out,WbN0nX61rIs,Shake It Out,Florence + The Machine,71iSmEeF0qRVyULABxP75P,a1.00 t1.00,auto-ok
G3,official-pl-2010s-hard,alt-J,Breezeblocks,rVeMiVU77wo,Breezeblocks,alt-J,1ZLroqJA8qoS5QEeCo0fA7,a1.00 t1.00,auto-ok
G3,official-pl-2010s-hard,Daft Punk,Lose Yourself to Dance,NF-kLy44Hls,Lose Yourself to Dance (feat. Pharrell Williams),Daft Punk / Pharrell Williams,5CMjjywI0eZMixPeqNd75R,a1.00 t1.00,auto-ok
G3,official-pl-2010s-hard,Arctic Monkeys,R U Mine?,ngzC_8zqInk,R U Mine?,Arctic Monkeys,2AT8iROs4FQueDv2c8q2KE,a1.00 t1.00,auto-ok
G3,official-pl-2010s-hard,OneRepublic,Counting Stars,hT_nvWreIhg,Counting Stars,OneRepublic,2tpWsVSb9UEmDRxAl1zhX1,a1.00 t1.00,auto-ok
G3,official-pl-2010s-hard,Woodkid,Iron,vSkb0kDacjs,Iron,Woodkid,0j1VVFif10Ib9s3U59adli,a1.00 t1.00,auto-ok
G3,official-pl-2010s-hard,Kendrick Lamar,Swimming Pools (Drank),B5YNiCfWC3A,Swimming Pools (Drank),Kendrick Lamar,6REbwUNlppTfcnV4d4ZoZi,a1.00 t1.00,auto-ok
G3,official-pl-2010s-hard,Kanye West,Black Skinhead,q604eed4ad0,Black Skinhead,Kanye West,722tgOgdIbNe3BEyLnejw4,a1.00 t1.00,auto-ok
G3,official-pl-2010s-hard,The Neighbourhood,Afraid,LqldwoDXHKg,Afraid,The Neighbourhood,7brQHA2CgQpcMBiOlfiXYb,a1.00 t1.00,auto-ok
G3,official-pl-2010s-hard,Animal Collective,My Girls,zol2MJf6XNE,My Girls,Animal Collective,7jZBPuJmkOsfPkwFD30dAA,a1.00 t1.00,auto-ok
G3,official-pl-2010s-hard,FKA twigs,Two Weeks,3yDP9MKVhZc,Two Weeks,FKA twigs,6V0LX0hP1S0qH513CChAKt,a1.00 t1.00,auto-ok
G3,official-pl-2010s-hard,Vampire Weekend,A-Punk,_XC2mqcMMGQ,A-Punk,Vampire Weekend,2DrGEaqoruCSn0FffWCf5O,a1.00 t1.00,auto-ok
G3,official-pl-2010s-hard,Passion Pit,Take a Walk,dZX6Q-Bj_xg,Take a Walk,Passion Pit,4Sfa7hdVkqlM8UW5LsSY3F,a1.00 t1.00,auto-ok
G3,official-pl-2010s-hard,Imagine Dragons,Demons,mWRsgZuwf_8,Demons,Imagine Dragons,5qaEfEh1AtSdrdrByCP7qR,a1.00 t1.00,auto-ok
G3,official-pl-2010s-hard,Florence + The Machine,Dog Days Are Over,iWOyfLBYtuU,Dog Days Are Over,Florence + The Machine,456WNXWhDwYOSf5SpTuqxd,a1.00 t1.00,auto-ok
G3,official-pl-2010s-hard,Years & Years,King,g_uoH6hJilc,King,Olly Alexander (Years & Years),3AeicLnm55RqcXGBKYQolM,a0.21 t1.00,no-match
G3,official-pl-2010s-hard,Arcade Fire,Reflektor,PUsvYJcHq90,Reflektor,Arcade Fire,7uMZy0bALAdneerERyr7Ks,a1.00 t1.00,auto-ok
G3,official-pl-2010s-hard,alt-J,Tessellate,ge5nUfUB6N8,Tessellate,alt-J,2RXVCRdSkFbNcQfTjgiDwL,a1.00 t1.00,auto-ok
G3,official-pl-2010s-hard,Arctic Monkeys,Do I Wanna Know?,bpOSxM0rNPM,Do I Wanna Know?,Arctic Monkeys,5FVd6KXrgO9B3JPmC8OPst,a1.00 t1.00,auto-ok
G3,official-pl-2010s-hard,Grimes,Genesis,1FH-q0I1fJY,Genesis,Grimes,0yljUudXzjVcGEoYmLB17X,a1.00 t1.00,auto-ok
G3,official-pl-2010s-hard,The Lumineers,Ho Hey,zvCBSSwgtg4,Ho Hey,The Lumineers,0DwClY2t9YAWHBROMIgrXb,a1.00 t1.00,auto-ok
G3,official-pl-2010s-hard,Passion Pit,Sleepyhead,T0RvPYRRRbE,Sleepyhead,Passion Pit,4prEPl61C8qZpeo3IkYSMl,a1.00 t1.00,auto-ok
G3,official-pl-2010s-hard,Of Monsters and Men,Little Talks,ghb6eDopW8I,Little Talks,Of Monsters and Men,2ihCaVdNZmnHZWt0fvAM7B,a1.00 t1.00,auto-ok
G3,official-pl-2010s-hard,The Naked and Famous,Young Blood,0YuSg4mts9E,Young Blood,The Naked And Famous,20yjYf63OEjxSw9kww01wB,a1.00 t1.00,auto-ok
G3,official-pl-70s-medium,Simon & Garfunkel,Bridge Over Troubled Water,4G-YQA_bsOU,Bridge Over Troubled Water,Simon & Garfunkel,6l8EbYRtQMgKOyc1gcDHF9,a0.33 t1.00,no-match
G3,official-pl-70s-medium,Golden Earring,Radar Love,Zf53Pg2AkdY,Radar Love,Golden Earring,4Zau4QvgyxWiWQ5KQrwL43,a1.00 t1.00,auto-ok
G3,official-pl-70s-medium,Blue Swede,Hooked on a Feeling,NrI-UBIB8Jk,Hooked On A Feeling,Blue Swede / Björn Skifs,6Ac4NVYYl2U73QiTt11ZKd,a1.00 t1.00,auto-ok
G3,official-pl-70s-medium,Led Zeppelin,Stairway to Heaven,QkF3oxziUI4,Stairway to Heaven - Remaster,Led Zeppelin,5CQ30WqJwcep0pYcV4AMNc,a1.00 t1.00,auto-ok
G3,official-pl-70s-medium,Sister Sledge,We Are Family,uyGY2NfYpeE,We Are Family - 1995 Remaster,Sister Sledge,5IKLwqBQG6KU6MP2zP80Nu,a1.00 t1.00,auto-ok
G3,official-pl-70s-medium,Led Zeppelin,Black Dog,yBuub4Xe1mw,Black Dog - Remaster,Led Zeppelin,3qT4bUD1MaWpGrTwcvguhb,a1.00 t1.00,auto-ok
G3,official-pl-70s-medium,Queen,Don't Stop Me Now,HgzGwKwLmgM,Don't Stop Me Now - Remastered 2011,Queen,5T8EDUDqKcs6OSOwEsfqG7,a1.00 t1.00,auto-ok
G3,official-pl-70s-medium,ABBA,Dancing Queen,xFrGuyw1V8s,Dancing Queen,ABBA,0GjEhVFGZW8afUYGChu3Rr,a1.00 t1.00,auto-ok
G3,official-pl-70s-medium,Redbone,Come and Get Your Love,bc0KhhjJP98,Come and Get Your Love - Single Version,Redbone,7GVUmCP00eSsqc4tzj1sDD,a1.00 t1.00,auto-ok
G3,official-pl-70s-medium,The Knack,My Sharona,bbr60I0u2Ng,My Sharona,The Knack,1HOMkjp0nHMaTnfAkslCQj,a1.00 t1.00,auto-ok
G3,official-pl-70s-medium,Pilot,Magic,MzlK0OGpIRs,Magic,Pilot,500h8jAdr7LvzzXlm1qxtK,a1.00 t1.00,auto-ok
G3,official-pl-70s-medium,John Lennon,Imagine,YkgkThdzX-8,Imagine - Remastered 2010,John Lennon,7pKfPomDEeI4TPT6EOYjn9,a1.00 t1.00,auto-ok
G3,official-pl-70s-medium,The Who,Baba O'Riley,x2KRpRMSu4g,Baba O'Riley,The Who,3qiyyUfYe7CRYLucrPmulD,a1.00 t1.00,auto-ok
G3,official-pl-70s-medium,ABBA,Take a Chance on Me,cNEdxZURTaI,Take A Chance On Me,ABBA,5BckPAYcKEJuYs1eV1BHHe,a1.00 t1.00,auto-ok
G3,official-pl-70s-medium,Heart,Barracuda,VdOkQ6THDVw,Barracuda,Heart,4KfSdst7rW39C0sfhArdrz,a1.00 t1.00,auto-ok
G3,official-pl-70s-medium,Sylvester,You Make Me Feel (Mighty Real),Epj84QVw2rc,You Make Me Feel (Mighty Real),Sylvester,0RnCUYXa7jhgTXtiMXF2PQ,a1.00 t1.00,auto-ok
G3,official-pl-70s-medium,KC and the Sunshine Band,That's the Way (I Like It),q3svW8PM_jc,That's the Way (I Like It),KC & The Sunshine Band,7s3FSodLpnKMzeMj17G5d0,a0.83 t1.00,auto-ok
G3,official-pl-70s-medium,Free,All Right Now,siCmqvfw_1g,All Right Now,Free,1gcESexgftSuLuML57Y69q,a1.00 t1.00,auto-ok
G3,official-pl-70s-medium,Chic,Good Times,IoW_ZOfsrzA,Good Times,CHIC,0G3fbPbE1vGeABDEZF0jeG,a1.00 t1.00,auto-ok
G3,official-pl-70s-medium,Blondie,Heart of Glass,WGU_4-5RaxU,Heart Of Glass,Blondie,41AE8ODX2JETBCa6muhSLY,a1.00 t1.00,auto-ok
G3,official-pl-70s-medium,Steve Miller Band,The Joker,dV3AziKTBUo,The Joker,Steve Miller Band,1bp2IO61zbQrbWNmKKxg3f,a1.00 t1.00,auto-ok
G3,official-pl-70s-medium,Elton John,Crocodile Rock,xw0EozkBWuI,Crocodile Rock,Elton John,6WCeFNVAXUtNczb7lqLiZU,a1.00 t1.00,auto-ok
G3,official-pl-70s-medium,The Jackson 5,I Want You Back,s3Q80mk7bxE,I Want You Back,The Jackson 5,5LxvwujISqiB8vpRYv887S,a1.00 t1.00,auto-ok
G3,official-pl-70s-medium,Steppenwolf,Born to Be Wild,rMbATaj7Il8,Born To Be Wild,Steppenwolf,2VPGmrcBw5X4yAu3B8UZNE,a1.00 t1.00,auto-ok
G3,official-pl-70s-medium,Kansas,Carry On Wayward Son,2X_2IdybTV0,Carry on Wayward Son,Kansas,4DMKwE2E2iYDKY01C335Uw,a1.00 t1.00,auto-ok
G3,official-pl-70s-medium,Commodores,Brick House,ZdJmXeod0RE,Brick House,Commodores,5VJjhHyG8NZ5xdgG6uTb3P,a1.00 t1.00,auto-ok
G3,official-pl-70s-medium,Deep Purple,Smoke on the Water,Q2FzZSBD5LE,Smoke On The Water - Remastered 2012,Deep Purple,5MMnwYs0hIxkENRsbkWJ2G,a1.00 t1.00,auto-ok
G3,official-pl-70s-medium,Elton John,Rocket Man,2hjSgJyMGaA,"Rocket Man (I Think It's Going To Be A Long, Long Time)",Elton John,3gdewACMIVMEWVbyb8O9sY,a1.00 t1.00,auto-ok
G3,official-pl-70s-medium,Bill Withers,Lean on Me,KEXQkrllGbA,Lean on Me,Bill Withers,5zCJvrT3C7cIfHsR5iG95l,a1.00 t1.00,auto-ok
G3,official-pl-70s-medium,Edwin Starr,War,01-2pNCZiNk,War,Edwin Starr,4ZEEcEMGjkWOfZNBcIB9yE,a1.00 t1.00,auto-ok
G3,official-pl-70s-medium,Michael Jackson,Don't Stop 'Til You Get Enough,yURRmWtbTbo,Don't Stop 'Til You Get Enough,Michael Jackson,46eu3SBuFCXWsPT39Yg3tJ,a1.00 t1.00,auto-ok
G3,official-pl-70s-medium,Electric Light Orchestra,Evil Woman,R20f-TPKjzc,Evil Woman,Electric Light Orchestra,777NOXupZkFdg8zlPMoVqc,a1.00 t1.00,auto-ok
G3,official-pl-70s-medium,Fleetwood Mac,Dreams,mrZRURcb1cM,Dreams - 2004 Remaster,Fleetwood Mac,0ofHAoxe9vBkTCp2UQIavz,a1.00 t1.00,auto-ok
G3,official-pl-70s-medium,Ram Jam,Black Betty,I_2D8Eo15wE,Black Betty,Ram Jam,6kooDsorCpWVMGc994XjWN,a1.00 t1.00,auto-ok
G3,official-pl-70s-medium,Donna Summer,Hot Stuff,1IdEhvuNxV8,Hot Stuff,Donna Summer,2zMJN9JvDlvGP4jB03l1Bz,a1.00 t1.00,auto-ok
G3,official-pl-70s-medium,Aerosmith,Dream On,89dGC8de0CA,Dream On,Aerosmith,5Ih9gbqyxCzTJ43nuSuKnC,a1.00 t1.00,auto-ok
G3,official-pl-70s-medium,Carly Simon,You're So Vain,mQZmCJUSC6g,You're So Vain,Carly Simon,2DnJjbjNTV9Nd5NOa1KGba,a1.00 t1.00,auto-ok
G3,official-pl-70s-medium,"Earth, Wind & Fire",Shining Star,Lrle0x_DHBM,Shining Star,"Earth, Wind & Fire",0RgcOUQg4qYAEt9RIdf3oB,a0.33 t1.00,no-match
G3,official-pl-70s-medium,Diana Ross,Ain't No Mountain High Enough,IC5PL0XImjw,Ain't No Mountain High Enough,Diana Ross,1KbuhBnzMHp4eq1q6flhWd,a1.00 t1.00,auto-ok
G3,official-pl-70s-medium,Sweet,Fox on the Run,qBdFA6sI6-8,Fox On The Run,Sweet,1kecaz54iduPLO4VPszTbC,a1.00 t1.00,auto-ok
G3,official-pl-70s-medium,Aerosmith,Walk This Way,4B_UYYPb-Gk,Walk This Way,Aerosmith,4JfuiOWlWCkjP6OKurHjSn,a1.00 t1.00,auto-ok
G3,official-pl-70s-medium,Fleetwood Mac,Go Your Own Way,6ul-cZyuYq4,Go Your Own Way - 2004 Remaster,Fleetwood Mac,07GvNcU1WdyZJq3XxP0kZa,a1.00 t1.00,auto-ok
G3,official-pl-70s-medium,Stevie Wonder,Sir Duke,s6fPN5aQVDI,Sir Duke,Stevie Wonder,4pNiE4LCVV74vfIBaUHm1b,a1.00 t1.00,auto-ok
G3,official-pl-70s-medium,"Earth, Wind & Fire",September,Gs069dndIYk,September,"Earth, Wind & Fire",2grjqo0Frpf2okIBiifQKs,a0.33 t1.00,no-match
G3,official-pl-70s-medium,Boston,More Than a Feeling,oR4uKcvQbGQ,More Than a Feeling,Boston,1QEEqeFIZktqIpPI4jSVSF,a1.00 t1.00,auto-ok
G3,official-pl-70s-medium,Queen,Bohemian Rhapsody,fJ9rUzIMcZQ,Bohemian Rhapsody,Queen,3z8h0TU7ReDPLIbEnYhWZb,a1.00 t1.00,auto-ok
G3,official-pl-70s-medium,Rose Royce,Car Wash,3v8I5egzoMo,Car Wash,Rose Royce,1tJtx09XQnxaynZLOaTNfZ,a1.00 t1.00,auto-ok
G3,official-pl-70s-medium,Village People,Y.M.C.A.,CS9OO0S5w2k,Y.M.C.A,Village People,2MtwLMtwLU17payh5C4fYG,a1.00 t1.00,auto-ok
G3,official-pl-70s-medium,The Jackson 5,ABC,ho7796-au8U,ABC,The Jackson 5,2VCUcIPY3i6pv9Nu9Vg6k3,a1.00 t1.00,auto-ok
G3,official-pl-70s-medium,Looking Glass,Brandy (You're a Fine Girl),DVx8L7a3MuE,Brandy (You're a Fine Girl),Looking Glass,2BY7ALEWdloFHgQZG6VMLA,a1.00 t1.00,auto-ok
G3,official-pl-70s-medium,Gloria Gaynor,I Will Survive,gYkACVDFmeg,I Will Survive,Gloria Gaynor,7rIovIsXE6kMn629b7kDig,a1.00 t1.00,auto-ok
G3,official-pl-70s-medium,War,Low Rider,ro4yhp9L6Ok,Low Rider,War,7Bz8yww6UMbTgTVLG6zbI4,a1.00 t1.00,auto-ok
G3,official-pl-70s-medium,Gerry Rafferty,Baker Street,Fo6aKnRnBxM,Baker Street,Gerry Rafferty,5gOd6zDC8vhlYjqbQdJVWP,a1.00 t1.00,auto-ok
G3,official-pl-70s-medium,Marvin Gaye,Let's Get It On,x6QZn9xiuOE,Let's Get It On,Marvin Gaye,5yr8pi3uCjTYOnTqstBBdm,a1.00 t1.00,auto-ok
G3,official-pl-70s-medium,Chicago,25 or 6 to 4,iUAYeN3Rp2E,25 or 6 to 4 - 2002 Remaster,Chicago,7GqIDx2QVGOpd4r1fZaUUW,a1.00 t1.00,auto-ok
G3,official-pl-70s-medium,Electric Light Orchestra,Don't Bring Me Down,qjGjuiFKE04,Don't Bring Me Down,Electric Light Orchestra,72ahyckBJfTigJCFCviVN7,a1.00 t1.00,auto-ok
G3,official-pl-70s-medium,Chic,Le Freak,aXgSHL7efKg,Le Freak,CHIC,4qL9VYPB4XwJKAOq4xn2Mh,a1.00 t1.00,auto-ok
G3,official-pl-70s-medium,The Police,Roxanne,3T1c7GkzRQQ,Roxanne,The Police,3EYOJ48Et32uATr9ZmLnAo,a1.00 t1.00,auto-ok
G3,official-pl-70s-medium,The Rolling Stones,Brown Sugar,2Nf90YKfQXA,Brown Sugar,The Rolling Stones,34K7nU8EWQIRI93RfqhdRJ,a1.00 t1.00,auto-ok
G3,official-pl-70s-medium,Lynyrd Skynyrd,Free Bird,0LwcvjNJTuM,Free Bird,Lynyrd Skynyrd,5EWPGh7jbTNO2wakv8LjUI,a1.00 t1.00,auto-ok
G3,official-pl-70s-medium,Bill Withers,Lovely Day,bEeaS6fuUoA,Lovely Day,Bill Withers,0bRXwKfigvpKZUurwqAlEh,a1.00 t1.00,auto-ok
G3,official-pl-70s-medium,Roberta Flack,Killing Me Softly with His Song,DEbi_YjpA-Y,Killing Me Softly With His Song,Roberta Flack,3gsCAGsWr6pUm1Vy7CPPob,a1.00 t1.00,auto-ok
G3,official-pl-70s-medium,Wild Cherry,Play That Funky Music,MDZsNksbw2Q,Play That Funky Music,Wild Cherry,5uuJruktM9fMdN9Va0DUMl,a1.00 t1.00,auto-ok
G3,official-pl-70s-medium,Lynyrd Skynyrd,Sweet Home Alabama,-35W_FWCT9Q,Sweet Home Alabama,Lynyrd Skynyrd,7e89621JPkKaeDSTQ3avtg,a1.00 t1.00,auto-ok
G3,official-pl-70s-medium,The Trammps,Disco Inferno,A_sY2rjxq6M,Disco Inferno,The Trammps,5jUA1njy3h6ynHLvPdEVHt,a1.00 t1.00,auto-ok
G3,official-pl-70s-medium,America,A Horse with No Name,zSAJ0l4OBHM,A Horse with No Name,America / George Martin,54eZmuggBFJbV7k248bTTt,a1.00 t1.00,auto-ok
G3,official-pl-70s-medium,Stevie Wonder,Superstition,ftdZ363R9kQ,Superstition,Stevie Wonder,4N0TP4Rmj6QQezWV88ARNJ,a1.00 t1.00,auto-ok
G3,official-pl-70s-medium,Black Sabbath,Paranoid,0qanF-91aJo,Paranoid,Black Sabbath,3hwuHzRicnu6Ji9i1JLzor,a1.00 t1.00,auto-ok
G4,official-pl-70s-mix,Steve Miller Band,The Joker,FgDa_cpgHWs,The Joker,Steve Miller Band,1bp2IO61zbQrbWNmKKxg3f,a1.00 t1.00,auto-ok
G4,official-pl-70s-mix,Thin Lizzy,The Boys Are Back in Town,hQo1HIcSVtg,The Boys Are Back In Town,Thin Lizzy,43DeSV93pJPT4lCZaWZ6b1,a1.00 t1.00,auto-ok
G4,official-pl-70s-mix,The Who,Baba O'Riley,QRTNm6GLJYI,Baba O'Riley,The Who,3qiyyUfYe7CRYLucrPmulD,a1.00 t1.00,auto-ok
G4,official-pl-70s-mix,The Allman Brothers Band,Ramblin' Man,Wa4DCp6cl2U,Ramblin' Man,Allman Brothers Band,5cfYurP1XKldMBtvBBJiTs,a0.83 t1.00,auto-ok
G4,official-pl-70s-mix,The Jackson 5,ABC,abIosNhuEBw,ABC,The Jackson 5,2VCUcIPY3i6pv9Nu9Vg6k3,a1.00 t1.00,auto-ok
G4,official-pl-70s-mix,Queen,We Will Rock You,-tJYN-eG1zk,We Will Rock You - Remastered 2011,Queen,4pbJqGIASGPr0ZpGpnWkDn,a1.00 t1.00,auto-ok
G4,official-pl-70s-mix,ABBA,Waterloo,Sj_9CiNkkn4,Waterloo,ABBA,3Dy4REq8O09IlgiwuHQ3sk,a1.00 t1.00,auto-ok
G4,official-pl-70s-mix,AC/DC,Highway to Hell,l482T0yNkeo,Highway to Hell,AC/DC,2zYzyRzz6pRmhPzyfMEC8s,a1.00 t1.00,auto-ok
G4,official-pl-70s-mix,Kansas,Carry On Wayward Son,2X_2IdybTV0,Carry on Wayward Son,Kansas,4DMKwE2E2iYDKY01C335Uw,a1.00 t1.00,auto-ok
G4,official-pl-70s-mix,10cc,I'm Not in Love,STugQ0X1NoI,I'm Not In Love,10cc,5HQEmiV2lKnSO6qa2fsR7x,a1.00 t1.00,auto-ok
G4,official-pl-70s-mix,Fleetwood Mac,Go Your Own Way,6ul-cZyuYq4,Go Your Own Way - 2004 Remaster,Fleetwood Mac,07GvNcU1WdyZJq3XxP0kZa,a1.00 t1.00,auto-ok
G4,official-pl-70s-mix,Norman Greenbaum,Spirit in the Sky,AZQxH_8raCI,Spirit In The Sky - Deluxe Edition,Norman Greenbaum,0jvN7eQJJt4nxQzgQfZ1SP,a1.00 t1.00,auto-ok
G4,official-pl-70s-mix,War,Low Rider,ro4yhp9L6Ok,Low Rider,War,7Bz8yww6UMbTgTVLG6zbI4,a1.00 t1.00,auto-ok
G4,official-pl-70s-mix,The Ides of March,Vehicle,Sd5ZLJWQmss,Vehicle,The Ides Of March,6hnyQ0YpiO35rutiLLHLmr,a1.00 t1.00,auto-ok
G4,official-pl-70s-mix,Boston,More Than a Feeling,oR4uKcvQbGQ,More Than a Feeling,Boston,1QEEqeFIZktqIpPI4jSVSF,a1.00 t1.00,auto-ok
G4,official-pl-70s-mix,Heart,Barracuda,VdOkQ6THDVw,Barracuda,Heart,4KfSdst7rW39C0sfhArdrz,a1.00 t1.00,auto-ok
G4,official-pl-70s-mix,Gerry Rafferty,Baker Street,Fo6aKnRnBxM,Baker Street,Gerry Rafferty,5gOd6zDC8vhlYjqbQdJVWP,a1.00 t1.00,auto-ok
G4,official-pl-70s-mix,Carly Simon,You're So Vain,mQZmCJUSC6g,You're So Vain,Carly Simon,2DnJjbjNTV9Nd5NOa1KGba,a1.00 t1.00,auto-ok
G4,official-pl-70s-mix,Chicago,Saturday in the Park,PLiMy4NaSKc,Saturday in the Park - 2002 Remaster,Chicago,4OJFkrRQqol4FsPesF8eu4,a1.00 t1.00,auto-ok
G4,official-pl-70s-mix,Dire Straits,Sultans of Swing,h0ffIJ7ZO4U,Sultans Of Swing,Dire Straits,37Tmv4NnfQeb0ZgUC4fOJj,a1.00 t1.00,auto-ok
G4,official-pl-70s-mix,Blue Swede,Hooked on a Feeling,NrI-UBIB8Jk,Hooked On A Feeling,Blue Swede / Björn Skifs,6Ac4NVYYl2U73QiTt11ZKd,a1.00 t1.00,auto-ok
G4,official-pl-70s-mix,Elton John,Crocodile Rock,xw0EozkBWuI,Crocodile Rock,Elton John,6WCeFNVAXUtNczb7lqLiZU,a1.00 t1.00,auto-ok
G4,official-pl-70s-mix,Rod Stewart,Maggie May,KlFPDi1B-jM,Maggie May,Rod Stewart,6rovOdp3HgK1DeAMYDzoA7,a1.00 t1.00,auto-ok
G4,official-pl-70s-mix,The Kinks,Lola,LemG0cvc4oU,Lola (2020 Stereo Remaster),The Kinks,4Tjs8b6jL1s18sjURJtswp,a1.00 t1.00,auto-ok
G4,official-pl-70s-mix,Heart,Crazy on You,OZuW6BH_Vak,Crazy On You,Heart,5zH710lFSLtkHbMkslLDjR,a1.00 t1.00,auto-ok
G4,official-pl-70s-mix,Elton John,Bennie and the Jets,p5rQHoaQpTw,Bennie And The Jets - Remastered 2014,Elton John,5Wj1rJnCLpMHdLaxsFtJLs,a1.00 t1.00,auto-ok
G4,official-pl-70s-mix,Eagles,Take It Easy,5igDtWadYms,Take It Easy - 2013 Remaster,Eagles,4yugZvBYaoREkJKtbG08Qr,a1.00 t1.00,auto-ok
G4,official-pl-70s-mix,Fleetwood Mac,Dreams,mrZRURcb1cM,Dreams - 2004 Remaster,Fleetwood Mac,0ofHAoxe9vBkTCp2UQIavz,a1.00 t1.00,auto-ok
G4,official-pl-70s-mix,Electric Light Orchestra,Evil Woman,R20f-TPKjzc,Evil Woman,Electric Light Orchestra,777NOXupZkFdg8zlPMoVqc,a1.00 t1.00,auto-ok
G4,official-pl-70s-mix,Blue Öyster Cult,Don't Fear the Reaper,Dy4HA3vUv2c,(Don't Fear) The Reaper,Blue Öyster Cult,5QTxFnGygVM4jFQiBovmRo,a1.00 t0.48,no-match
G4,official-pl-70s-mix,Village People,Macho Man,AO43p2Wqc08,Macho Man,Village People,3wOJk31hFeYyc7Ex4J9VlQ,a1.00 t1.00,auto-ok
G4,official-pl-70s-mix,The Knack,My Sharona,bbr60I0u2Ng,My Sharona,The Knack,1HOMkjp0nHMaTnfAkslCQj,a1.00 t1.00,auto-ok
G4,official-pl-70s-mix,Bee Gees,How Deep Is Your Love,XpqqjU7u5Yc,How Deep Is Your Love,Bee Gees,2JoZzpdeP2G6Csfdq5aLXP,a1.00 t1.00,auto-ok
G4,official-pl-70s-mix,The Rolling Stones,Tumbling Dice,EMoi_m2G6XU,Tumbling Dice,The Rolling Stones,4hq0S6wznq7SHDyMOFXL9i,a1.00 t1.00,auto-ok
G4,official-pl-70s-mix,Supertramp,The Logical Song,low6Coqrw9Y,The Logical Song,Supertramp,5Z4EgTCCoObfO1WfrvrQ9v,a1.00 t1.00,auto-ok
G4,official-pl-70s-mix,America,A Horse with No Name,zSAJ0l4OBHM,A Horse with No Name,America / George Martin,54eZmuggBFJbV7k248bTTt,a1.00 t1.00,auto-ok
G4,official-pl-70s-mix,Donna Summer,Hot Stuff,1IdEhvuNxV8,Hot Stuff,Donna Summer,2zMJN9JvDlvGP4jB03l1Bz,a1.00 t1.00,auto-ok
G4,official-pl-70s-mix,The Doobie Brothers,Black Water,3mAJU_ZKhEM,Black Water,The Doobie Brothers,4p8QcNkaq2FQj8uGJ7HEDK,a1.00 t1.00,auto-ok
G4,official-pl-70s-mix,Chic,Le Freak,h1qQ1SKNlgY,Le Freak,CHIC,4qL9VYPB4XwJKAOq4xn2Mh,a1.00 t1.00,auto-ok
G4,official-pl-70s-mix,Village People,Y.M.C.A.,CS9OO0S5w2k,Y.M.C.A,Village People,2MtwLMtwLU17payh5C4fYG,a1.00 t1.00,auto-ok
G4,official-pl-70s-mix,Looking Glass,Brandy (You're a Fine Girl),DVx8L7a3MuE,Brandy (You're a Fine Girl),Looking Glass,2BY7ALEWdloFHgQZG6VMLA,a1.00 t1.00,auto-ok
G4,official-pl-70s-mix,Bachman-Turner Overdrive,You Ain't Seen Nothing Yet,7miRCLeFSJo,You Ain't Seen Nothing Yet,Bachman-Turner Overdrive,0HOrDVS349XFcpCYsO2hAP,a1.00 t1.00,auto-ok
G4,official-pl-70s-mix,T. Rex,Bang a Gong (Get It On),TVEhDrJzM8E,Bang A Gong (Get It On) (Electric Version),T. Rex,0tK1Ya57nOsgD0nGndjpdI,a1.00 t1.00,auto-ok
G4,official-pl-70s-mix,Led Zeppelin,Black Dog,yBuub4Xe1mw,Black Dog - Remaster,Led Zeppelin,3qT4bUD1MaWpGrTwcvguhb,a1.00 t1.00,auto-ok
G4,official-pl-70s-mix,ABBA,Dancing Queen,xFrGuyw1V8s,Dancing Queen,ABBA,0GjEhVFGZW8afUYGChu3Rr,a1.00 t1.00,auto-ok
G4,official-pl-70s-mix,"Blood, Sweat & Tears",Spinning Wheel,SFEewD4EVwU,Spinning Wheel,"Blood, Sweat & Tears",0spSRHFS4zF4Imvz9sJcfL,a0.29 t1.00,no-match
G4,official-pl-70s-mix,Wild Cherry,Play That Funky Music,MDZsNksbw2Q,Play That Funky Music,Wild Cherry,5uuJruktM9fMdN9Va0DUMl,a1.00 t1.00,auto-ok
G4,official-pl-70s-mix,Aerosmith,Dream On,89dGC8de0CA,Dream On,Aerosmith,5Ih9gbqyxCzTJ43nuSuKnC,a1.00 t1.00,auto-ok
G4,official-pl-70s-mix,Stevie Wonder,Superstition,0CFuCYNx-1g,Superstition,Stevie Wonder,4N0TP4Rmj6QQezWV88ARNJ,a1.00 t1.00,auto-ok
G4,official-pl-70s-mix,Lou Reed,Walk on the Wild Side,oG6fayQBm9w,Walk On the Wild Side,Lou Reed,5p3JunprHCxClJjOmcLV8G,a1.00 t1.00,auto-ok
G4,official-pl-70s-mix,Gary Wright,Dream Weaver,xZKuzwPOefs,Dream Weaver,Gary Wright,74DrA5fFoGSy4xgkZarZtP,a1.00 t1.00,auto-ok
G4,official-pl-70s-mix,Boston,Peace of Mind,edwk-8KJ1Js,Peace of Mind,Boston,1GqlvSEtMx5xbGptxOTTyk,a1.00 t1.00,auto-ok
G4,official-pl-70s-mix,Electric Light Orchestra,Don't Bring Me Down,-rD-0tlGGPo,Don't Bring Me Down,Electric Light Orchestra,72ahyckBJfTigJCFCviVN7,a1.00 t1.00,auto-ok
G4,official-pl-70s-mix,KC and the Sunshine Band,That's the Way (I Like It),q3svW8PM_jc,That's the Way (I Like It),KC & The Sunshine Band,7s3FSodLpnKMzeMj17G5d0,a0.83 t1.00,auto-ok
G4,official-pl-70s-mix,The Hues Corporation,Rock the Boat,FfBKqaVk2Co,Rock the Boat,Hues Corporation,7fu3Tv5rcoGD1PZV7s57WW,a0.80 t1.00,review
G4,official-pl-70s-mix,Commodores,Brick House,rrBx6mAWYPU,Brick House,Commodores,5VJjhHyG8NZ5xdgG6uTb3P,a1.00 t1.00,auto-ok
G4,official-pl-70s-mix,Black Sabbath,Paranoid,0qanF-91aJo,Paranoid,Black Sabbath,3hwuHzRicnu6Ji9i1JLzor,a1.00 t1.00,auto-ok
G4,official-pl-70s-mix,Derek and the Dominos,Layla,YS5JxrJLIEA,Layla,Derek & The Dominos,2kkvB3RNRzwjFdGhaUA0tz,a0.81 t1.00,review
G4,official-pl-70s-mix,Foreigner,Hot Blooded,8yDmeYxTeC0,Hot Blooded,Foreigner,6xMHglHoafdDFGXS6qfwSH,a1.00 t1.00,auto-ok
G4,official-pl-70s-mix,Al Stewart,Year of the Cat,Ak_MTXQALa0,Year of the Cat - 2001 Remaster,Al Stewart,5jYYumalS1qELrcChOCZrK,a1.00 t1.00,auto-ok
G4,official-pl-70s-mix,KC and the Sunshine Band,Get Down Tonight,LHEsE9yN2CY,Get Down Tonight,KC & The Sunshine Band,7dNUfw7xbVXz4wyQTsMYmt,a0.83 t1.00,auto-ok
G4,official-pl-70s-mix,Roberta Flack,Killing Me Softly with His Song,DEbi_YjpA-Y,Killing Me Softly With His Song,Roberta Flack,3gsCAGsWr6pUm1Vy7CPPob,a1.00 t1.00,auto-ok
G4,official-pl-70s-mix,Lynyrd Skynyrd,Sweet Home Alabama,ye5BuYf8q4o,Sweet Home Alabama,Lynyrd Skynyrd,7e89621JPkKaeDSTQ3avtg,a1.00 t1.00,auto-ok
G4,official-pl-70s-mix,"Earth, Wind & Fire",September,Gs069dndIYk,September,"Earth, Wind & Fire",2grjqo0Frpf2okIBiifQKs,a0.33 t1.00,no-match
G4,official-pl-70s-mix,Stevie Wonder,Sir Duke,s6fPN5aQVDI,Sir Duke,Stevie Wonder,4pNiE4LCVV74vfIBaUHm1b,a1.00 t1.00,auto-ok
G4,official-pl-70s-mix,Diana Ross,Ain't No Mountain High Enough,IC5PL0XImjw,Ain't No Mountain High Enough,Diana Ross,1KbuhBnzMHp4eq1q6flhWd,a1.00 t1.00,auto-ok
G4,official-pl-70s-mix,Queen,Bohemian Rhapsody,fJ9rUzIMcZQ,Bohemian Rhapsody,Queen,3z8h0TU7ReDPLIbEnYhWZb,a1.00 t1.00,auto-ok
G4,official-pl-wedding,Bee Gees,How Deep Is Your Love,XpqqjU7u5Yc,How Deep Is Your Love,Bee Gees,2JoZzpdeP2G6Csfdq5aLXP,a1.00 t1.00,auto-ok
G4,official-pl-wedding,Colbie Caillat,Bubbly,AWGqoCNbsvM,Bubbly,Colbie Caillat,1lkvpmrCaXK8QtliFDcHBO,a1.00 t1.00,auto-ok
G4,official-pl-wedding,Faith Hill,Breathe,yCmsZUN4r_s,Breathe,Faith Hill,3y4LxiYMgDl4RethdzpmNe,a1.00 t1.00,auto-ok
G4,official-pl-wedding,All-4-One,I Swear,25rL-ooWICU,I Swear,All-4-One,4WUnM4KNZ0kjp0CUeoyOnS,a1.00 t1.00,auto-ok
G4,official-pl-wedding,James Arthur,Say You Won't Let Go,0yW7w8F2TVA,Say You Won't Let Go,James Arthur,5uCax9HTNlzGybIStD3vDh,a1.00 t1.00,auto-ok
G4,official-pl-wedding,Alicia Keys,No One,rywUS-ohqeE,No One,Alicia Keys,6IwKcFdiRQZOWeYNhUiWIv,a1.00 t1.00,auto-ok
G4,official-pl-wedding,Katy Perry,Thinking of You,wdGZBRAwW74,Thinking Of You,Katy Perry,59WVntWmghQXfST8TZRUW9,a1.00 t1.00,auto-ok
G4,official-pl-wedding,Beyoncé,XO,3xUfCUFPL-8,XO,Beyoncé,40xhyfAPDoMtv494MfPevP,a1.00 t1.00,auto-ok
G4,official-pl-wedding,Ronan Keating,When You Say Nothing at All,yCC_b5WHLX0,When You Say Nothing At All,Ronan Keating,0gcjc7Vt5xtcfmJgf6g2IO,a1.00 t1.00,auto-ok
G4,official-pl-wedding,Adele,Someone Like You,hLQl3WQQoQ0,Someone Like You,Adele,3bNv3VuUOKgrf5hu3YcuRo,a1.00 t1.00,auto-ok
G4,official-pl-wedding,The Beatles,In My Life,YBcdt6DsLQA,In My Life - Remastered 2009,The Beatles,3KfbEIOC7YIv90FIfNSZpo,a1.00 t1.00,auto-ok
G4,official-pl-wedding,Coldplay,Yellow,yKNxeF4KMsY,Yellow,Coldplay,3AJwUDP919kvQ9QcozQPxg,a1.00 t1.00,auto-ok
G4,official-pl-wedding,Taylor Swift,Lover,cvUAzpn48xA,Lover,Taylor Swift,1dGr1c8CrMLDpV6mPbImSI,a1.00 t1.00,auto-ok
G4,official-pl-wedding,Lonestar,Amazed,x-skFgrV59A,Amazed,Lonestar,6qc34bnVOyqGDPni8H5W0U,a1.00 t1.00,auto-ok
G4,official-pl-wedding,Maroon 5,She Will Be Loved,nIjVuRTm-dc,She Will Be Loved,Maroon 5,7sapKrjDij2fpDVj0GxP66,a1.00 t1.00,auto-ok
G4,official-pl-wedding,Alicia Keys,If I Ain't Got You,Ju8Hr50Ckwk,If I Ain't Got You,Alicia Keys,3XVBdLihbNbxUwZosxcGuJ,a1.00 t1.00,auto-ok
G4,official-pl-wedding,Josh Groban,You Raise Me Up,aJxrX42WcjQ,You Raise Me Up,Josh Groban,1xugsCboIm1yILqpLvH9aD,a1.00 t1.00,auto-ok
G4,official-pl-wedding,Starship,Nothing's Gonna Stop Us Now,3wxyN3z9PL4,Nothing's Gonna Stop Us Now,Starship,3X7uFMzJrEE0sxn62qd8Ch,a1.00 t1.00,auto-ok
G4,official-pl-wedding,Bebe Rexha & Florida Georgia Line,Meant to Be,zDo0H8Fm7d0,Meant to Be (feat. Florida Georgia Line),Bebe Rexha / Florida Georgia Line,7iDa6hUg2VgEL1o1HjmfBn,a1.00 t1.00,auto-ok
G4,official-pl-wedding,Goo Goo Dolls,Iris,NdYWuo9OFAw,Iris,The Goo Goo Dolls,6Qyc6fS4DsZjB2mRW9DsQs,a0.76 t1.00,review
G4,official-pl-wedding,Cyndi Lauper,True Colors,LPn0KFlbqX8,True Colors,Cyndi Lauper,2A6yzRGMgSQCUapR2ptm6A,a1.00 t1.00,auto-ok
G4,official-pl-wedding,Beyoncé,Halo,bnVUHWCynig,Halo,Beyoncé,2CvOqDpQIMw69cCzWqr5yr,a1.00 t1.00,auto-ok
G4,official-pl-wedding,Bruno Mars,Just the Way You Are,LjhCEhWiKXk,Just the Way You Are,Bruno Mars,47Slg6LuqLaX0VodpSCvPt,a1.00 t1.00,auto-ok
G4,official-pl-wedding,Etta James,At Last,S-cbOl96RFM,At Last,Etta James,4Hhv2vrOTy89HFRcjU3QOx,a1.00 t1.00,auto-ok
G4,official-pl-wedding,Elvis Presley,Can't Help Falling in Love,vGJTaP6anOU,Can't Help Falling in Love,Elvis Presley,44AyOl4qVkzS48vBsbNXaC,a1.00 t1.00,auto-ok
G4,official-pl-wedding,Kelly Clarkson,A Moment Like This,S37CvSvQN7o,A Moment Like This,Kelly Clarkson,6Far9mixuLOSu0Y5ectjfA,a1.00 t1.00,auto-ok
G4,official-pl-wedding,Billy Joel,She's Always a Woman,HaA3YZ6QdJU,She's Always a Woman,Billy Joel,5RgFlk1fcClZd0Y4SGYhqH,a1.00 t1.00,auto-ok
G4,official-pl-wedding,Boyz II Men,End of the Road,zDKO6XYXioc,End Of The Road,Boyz II Men,3l3xTXsUXeWlkPqzMs7mPD,a1.00 t1.00,auto-ok
G4,official-pl-wedding,Michael Bublé,Everything,SPUJIbXN0WY,Everything,Michael Bublé,4T6HLdP6OcAtqC6tGnQelG,a1.00 t1.00,auto-ok
G4,official-pl-wedding,Disclosure feat. Sam Smith,Latch,93ASUImTedo,Latch,Disclosure / Sam Smith,51ODNNDZm21HU7wI7cccRr,a1.00 t1.00,auto-ok
G4,official-pl-wedding,Taylor Swift,Love Story,8xg3vE8Ie_E,Love Story,Taylor Swift,1D4PL9B8gOg78jiHg3FvBb,a1.00 t1.00,auto-ok
G4,official-pl-wedding,John Legend,All of Me,450p7goxZqg,All of Me,John Legend,3U4isOIWM3VvDubwSI3y7a,a1.00 t1.00,auto-ok
G4,official-pl-wedding,Shania Twain,You're Still the One,KNZH-emehxA,You're Still The One,Shania Twain,1wb4P4F0sxAQ2KXrRvsx6n,a1.00 t1.00,auto-ok
G4,official-pl-wedding,Boyz II Men,I'll Make Love to You,fV8vB1BB2qc,I'll Make Love To You,Boyz II Men,7dfl9X38RhIvB3oSmmneq3,a1.00 t1.00,auto-ok
G4,official-pl-wedding,Aerosmith,I Don't Want to Miss a Thing,JkK8g6FMEXE,"I Don't Want to Miss a Thing - From ""Armageddon"" Soundtrack",Aerosmith,225xvV8r1yKMHErSWivnow,a1.00 t1.00,auto-ok
G4,official-pl-wedding,Ben E. King,Stand by Me,hwZNL7QVJjE,Stand By Me,Ben E. King,3SdTKo2uVsxFblQjpScoHy,a1.00 t1.00,auto-ok
G4,official-pl-wedding,Jason Mraz,I'm Yours,EkHTsc9PU2A,I'm Yours,Jason Mraz,1EzrEOXmMH3G43AXT1y7pA,a1.00 t1.00,auto-ok
G4,official-pl-wedding,Lifehouse,You and Me,ac3HkriqdGQ,You And Me,Lifehouse,0815caqt2Lytro5EIzMufT,a1.00 t1.00,auto-ok
G4,official-pl-wedding,Kings of Leon,Use Somebody,gnhXHvRoUd0,Use Somebody,Kings of Leon,5VGlqQANWDKJFl0MBG3sg2,a1.00 t1.00,auto-ok
G4,official-pl-wedding,James Blunt,You're Beautiful,oofSnsGkops,You're Beautiful,James Blunt,0vg4WnUWvze6pBOJDTq99k,a1.00 t1.00,auto-ok
G4,official-pl-wedding,Christina Perri,A Thousand Years,rtOvBOTyX00,a thousand years,Christina Perri,6lanRgr6wXibZr8KgzXxBl,a1.00 t1.00,auto-ok
G4,official-pl-wedding,Snow Patrol,Chasing Cars,GemKqzILV4w,Chasing Cars,Snow Patrol,5hnyJvgoWiQUYZttV4wXy6,a1.00 t1.00,auto-ok
G4,official-pl-wedding,The Lumineers,Ho Hey,zvCBSSwgtg4,Ho Hey,The Lumineers,0DwClY2t9YAWHBROMIgrXb,a1.00 t1.00,auto-ok
G4,official-pl-wedding,Glen Hansard & Marketa Irglova,Falling Slowly,k8mtXwtapX4,Falling Slowly,Glen Hansard / Markéta Irglová,6EIVLz5xM1xE29r0OmIkWt,a1.00 t1.00,auto-ok
G4,official-pl-wedding,The Righteous Brothers,Unchained Melody,IxuThNgl3YA,Unchained Melody,The Righteous Brothers,2qhASBzpbFhPRtrnZ5lLnz,a1.00 t1.00,auto-ok
G4,official-pl-wedding,Eric Clapton,Wonderful Tonight,xl7Hd2r0LOs,Wonderful Tonight,Eric Clapton,6zC0mpGYwbNTpk9SKwh08f,a1.00 t1.00,auto-ok
G4,official-pl-wedding,Whitney Houston,I Will Always Love You,3JWTaaS7LdU,I Will Always Love You,Whitney Houston,4eHbdreAnSOrDDsFfc4Fpm,a1.00 t1.00,auto-ok
G4,official-pl-wedding,Celine Dion,The Power of Love,Y8HOfcYWZoo,The Power of Love,Céline Dion,5kK1Iru9ogP3Iy1zsANU1n,a1.00 t1.00,auto-ok
G4,official-pl-wedding,Britney Spears,Everytime,GQMlWwIXg3M,Everytime,Britney Spears,0dRhSF9LV0HR8Jwd3MMMKJ,a1.00 t1.00,auto-ok
G4,official-pl-wedding,Ingrid Michaelson,The Way I Am,jJOzdLwvTHA,The Way I Am,Ingrid Michaelson,2E9KlM0BvKZKcZAQRu3OWV,a1.00 t1.00,auto-ok
G4,official-pl-wedding,Louis Armstrong,What a Wonderful World,VqhCQZaH4Vs,What A Wonderful World,Louis Armstrong,29U7stRjqHU6rMiS8BfaI9,a1.00 t1.00,auto-ok
G4,official-pl-2020s-medium,The Weeknd,Blinding Lights,4NRXx6U8ABQ,Blinding Lights,The Weeknd,0VjIjW4GlUZAMYd2vXMi3b,a1.00 t1.00,auto-ok
G4,official-pl-2020s-medium,Glass Animals,Heat Waves,mRD0-GxqHVo,Heat Waves,Glass Animals,3USxtqRwSYz57Ewm6wWRMp,a1.00 t1.00,auto-ok
G4,official-pl-2020s-medium,Taylor Swift,Anti-Hero,b1kbLwvqugk,Anti-Hero,Taylor Swift,0V3wPSX9ygBnCm8psDIegu,a1.00 t1.00,auto-ok
G4,official-pl-2020s-medium,Miley Cyrus,Flowers,G7KNmW9a75Y,Flowers,Miley Cyrus,7DSAEUvxU8FajXtRloy8M0,a1.00 t1.00,auto-ok
G4,official-pl-2020s-medium,Ed Sheeran,Shivers,Il0S8BoucSA,Shivers,Ed Sheeran,50nfwKoDiSYg8zOCREWAm5,a1.00 t1.00,auto-ok
G4,official-pl-2020s-medium,Beyoncé,Texas Hold 'Em,jCOX8dT9q8M,TEXAS HOLD 'EM,Beyoncé,0Z7nGFVCLfixWctgePsRk9,a1.00 t1.00,auto-ok
G4,official-pl-2020s-medium,Sabrina Carpenter,Espresso,eVli-tstM5E,Espresso,Sabrina Carpenter,2qSkIjg1o9h3YT9RAgYN75,a1.00 t1.00,auto-ok
G4,official-pl-2020s-medium,Silk Sonic,Leave The Door Open,adLGHcj_fmA,Leave The Door Open,Bruno Mars / Anderson .Paak / Silk Sonic,4pryE6cN2gFL1FVF5fYINl,a1.00 t1.00,auto-ok
G4,official-pl-2020s-medium,Benson Boone,Beautiful Things,Oa_RSwwpPaA,Beautiful Things,Benson Boone,3xkHsmpQCBMytMJNiDf3Ii,a1.00 t1.00,auto-ok
G4,official-pl-2020s-medium,Drake,Toosie Slide,xWggTb45brM,Toosie Slide,Drake,127QTOFJsJQp5LbJbu3A1y,a1.00 t1.00,auto-ok
G4,official-pl-2020s-medium,Topic & A7S,Breaking Me,OPf0YbXqDm0,Breaking Me,Topic / A7S,3H7ihDc1dqLriiWXwsc2po,a1.00 t1.00,auto-ok
G4,official-pl-2020s-medium,Walker Hayes,Fancy Like,G_zuB-ogIBw,Fancy Like,Walker Hayes,58UKC45GPNTflCN6nwCUeF,a1.00 t1.00,auto-ok
G4,official-pl-2020s-medium,Ava Max,Kings & Queens,jH1RNk8954Q,Kings & Queens,Ava Max,7a53HqqArd4b9NF4XAmlbI,a1.00 t1.00,auto-ok
G4,official-pl-2020s-medium,Lil Nas X,Thats What I Want,QDYDRA5JPLE,THATS WHAT I WANT,Lil Nas X,0e8nrvls4Qqv5Rfa2UhqmO,a1.00 t1.00,auto-ok
G4,official-pl-2020s-medium,BLACKPINK,Shut Down,POe9SOEKotk,Shut Down,BLACKPINK,0ARKW62l9uWIDYMZTUmJHF,a1.00 t1.00,auto-ok
G4,official-pl-2020s-medium,Eminem,Houdini,22tVWwmTie8,Houdini,Eminem,2HYFX63wP3otVIvopRS99Z,a1.00 t1.00,auto-ok
G4,official-pl-2020s-medium,Tones and I,Dance Monkey,q0hyYWKXF0Q,Dance Monkey,Tones And I,2XU0oxnq2qxCpomAAuJY8K,a1.00 t1.00,auto-ok
G4,official-pl-2020s-medium,Ed Sheeran,Bad Habits,orJSJGHjBLI,Bad Habits,Ed Sheeran,3rmo8F54jFF8OgYsqTxm5d,a1.00 t1.00,auto-ok
G4,official-pl-2020s-medium,David Guetta & Bebe Rexha,I'm Good (Blue),90RLzVUuXe4,I'm Good (Blue),David Guetta / Bebe Rexha,4uUG5RXrOk84mYEfFvj3cK,a1.00 t1.00,auto-ok
G4,official-pl-2020s-medium,Doja Cat feat. SZA,Kiss Me More,0EVVKs6DQLo,Kiss Me More (feat. SZA),Doja Cat / SZA,3DarAbFujv6eYNliUTyqtz,a1.00 t1.00,auto-ok
G4,official-pl-2020s-medium,Adele,Easy on Me,lQMHoAs6PdY,Easy On Me,Adele,0gplL1WMoJ6iYaPgMCL0gX,a1.00 t1.00,auto-ok
G4,official-pl-2020s-medium,Olivia Rodrigo,good 4 u,tmIO0eSAXrw,good 4 u,Olivia Rodrigo,4ZtFanR9U6ndgddUvNcjcG,a1.00 t1.00,auto-ok
G4,official-pl-2020s-medium,Taylor Swift,cardigan,zLSUp53y-HQ,cardigan,Taylor Swift,4R2kfaDFhslZEMJqAFNpdd,a1.00 t1.00,auto-ok
G4,official-pl-2020s-medium,NewJeans,OMG,sVTy_wmn5SU,OMG,NewJeans,65FftemJ1DbbZ45DUfHJXE,a1.00 t1.00,auto-ok
G4,official-pl-2020s-medium,Silk Sonic,Smokin Out The Window,GG7fLOmlhYg,Smokin Out The Window,Bruno Mars / Anderson .Paak / Silk Sonic,1oERlssLrpssCAY6Yqqs6c,a1.00 t1.00,auto-ok
G4,official-pl-2020s-medium,Lady Gaga & Ariana Grande,Rain on Me,ugQhauUEcJM,Rain On Me (with Ariana Grande),Lady Gaga / Ariana Grande,7ju97lgwC2rKQ6wwsf9no9,a1.00 t1.00,auto-ok
G4,official-pl-2020s-medium,The Weeknd & Daft Punk,Starboy,34Na4j8AVgA,Starboy,The Weeknd / Daft Punk,7MXVkk9YMctZqd1Srtv4MB,a1.00 t1.00,auto-ok
G4,official-pl-2020s-medium,Justin Bieber,Peaches,tQ0yjYUFKAE,Peaches (feat. Daniel Caesar & Giveon),Justin Bieber / Daniel Caesar / GIVĒON,4iJyoBOLtHqaGxP12qzhQI,a1.00 t1.00,auto-ok
G4,official-pl-2020s-medium,Kylie Minogue,Padam Padam,oDhOws90Nlg,Padam Padam,Kylie Minogue,44MuEHdlociG8KjhPhOVw5,a1.00 t1.00,auto-ok
G4,official-pl-2020s-medium,Beyoncé,Break My Soul,yjki-9Pthh0,BREAK MY SOUL,Beyoncé,5pyoxDZ1PX0KxBxiRVxA4U,a1.00 t1.00,auto-ok
G4,official-pl-2020s-medium,Post Malone,Circles,wXhTHyIgQ_U,Circles,Post Malone,21jGcNKet2qwijlDFuPiPb,a1.00 t1.00,auto-ok
G4,official-pl-2020s-medium,Encanto Cast,We Don't Talk About Bruno,bvWRMAU6V-c,We Don't Talk About Bruno,Carolina Gaitán - La Gaita / Mauro Castillo / Adassa / Rhenzy Feliz / Diane Guerrero / Stephanie Beatriz / Encanto - Cast,52xJxFP6TqMuO4Yt0eOkMz,a1.00 t1.00,auto-ok
G4,official-pl-2020s-medium,Justin Bieber feat. Quavo,Intentions,3AyMjyHu1bA,Intentions,Justin Bieber / Quavo,364dI1bYnvamSnBJ8JcNzN,a1.00 t1.00,auto-ok
G4,official-pl-2020s-medium,Coldplay & BTS,My Universe,3YqPKLZF_WU,My Universe,Coldplay / BTS,46HNZY1i7O6jwTA7Slo2PI,a1.00 t1.00,auto-ok
G4,official-pl-2020s-medium,Kate Bush,Running Up That Hill,wp43OdtAAkM,Running Up That Hill (A Deal With God),Kate Bush,1PtQJZVZIdWIYdARpZRDFO,a1.00 t1.00,auto-ok
G4,official-pl-2020s-medium,Sam Smith & Kim Petras,Unholy,Uq9gPaIzbe8,Unholy (feat. Kim Petras),Sam Smith / Kim Petras,3nqQXoyQOWXiESFLlDF1hG,a1.00 t1.00,auto-ok
G4,official-pl-2020s-medium,Ariana Grande,34+35,B6_iQvaIjXw,34+35,Ariana Grande,6Im9k8u9iIzKMrmV7BWtlF,a1.00 t1.00,auto-ok
G4,official-pl-2020s-medium,BTS,Dynamite,gdZLi9oWNZg,Dynamite,BTS,5QDLhrAOJJdNAmCTJ8xMyW,a1.00 t1.00,auto-ok
G4,official-pl-2020s-medium,Lil Nas X & Jack Harlow,Industry Baby,UTHLKHL_whs,INDUSTRY BABY (feat. Jack Harlow),Lil Nas X / Jack Harlow,27NovPIUIRrOZoCHxABJwK,a1.00 t1.00,auto-ok
G4,official-pl-2020s-medium,Taylor Swift feat. Post Malone,Fortnight,q3zqJs7JUCQ,Fortnight (feat. Post Malone),Taylor Swift / Post Malone,2OzhQlSqBEmt7hmkYxfT6m,a1.00 t1.00,auto-ok
G4,official-pl-2020s-medium,BLACKPINK,Pink Venom,gQlMMD8auMs,Pink Venom,BLACKPINK,0skYUMpS0AcbpjcGsAbRGj,a1.00 t1.00,auto-ok
G4,official-pl-2020s-medium,Ariana Grande & Justin Bieber,Stuck with U,pE49WK-oNjU,Stuck with U (with Justin Bieber),Ariana Grande / Justin Bieber,4HBZA5flZLE435QTztThqH,a1.00 t1.00,auto-ok
G4,official-pl-2020s-medium,Future feat. Drake,Life Is Good,l0qWjHP1GQc,Life Is Good (feat. Drake),Future / Drake,5yY9lUy8nbvjM1Uyo1Uqoc,a1.00 t1.00,auto-ok
G4,official-pl-2020s-medium,Masked Wolf,Astronaut In The Ocean,MEg-oqI9qmw,Astronaut In The Ocean,Masked Wolf,3Ofmpyhv5UAQ70mENzB277,a1.00 t1.00,auto-ok
G4,official-pl-2020s-medium,NewJeans,Ditto,Km71Rr9K-Bw,Ditto,NewJeans,3r8RuvgbX9s7ammBn07D3W,a1.00 t1.00,auto-ok
G4,official-pl-2020s-medium,Cardi B feat. Megan Thee Stallion,WAP,hsm4poTWjMs,WAP (feat. Megan Thee Stallion),Cardi B / Megan Thee Stallion,4Oun2ylbjFKMPTiaSbbCih,a1.00 t1.00,auto-ok
G4,official-pl-2020s-medium,Harry Styles,As It Was,H5v3kku4y6Q,As It Was,Harry Styles,4Dvkj6JhhA12EX05fT7y2e,a1.00 t1.00,auto-ok
G4,official-pl-2020s-medium,The Weeknd,Save Your Tears,XXYlFuWEuKI,Save Your Tears,The Weeknd,5QO79kh1waicV47BqGRL3g,a1.00 t1.00,auto-ok
G4,official-pl-2020s-medium,Imagine Dragons & JID,Enemy,D9G1VOjN_84,Enemy (with JID) - from the series Arcane League of Legends,Imagine Dragons / JID / Arcane / League of Legends,1r9xUipOqoNwggBpENDsvJ,a1.00 t1.00,auto-ok
G4,official-pl-2020s-medium,Sabrina Carpenter,Please Please Please,cF1Na4AIecM,Please Please Please,Sabrina Carpenter,5N3hjp1WNayUPZrA8kJmJP,a1.00 t1.00,auto-ok
G4,official-pl-2020s-medium,24kGoldn & Iann Dior,Mood,2fvw0TkENHM,Mood (feat. iann dior),24kGoldn / iann dior,4jPy3l0RUwlUI9T5XHBW2m,a1.00 t1.00,auto-ok
G4,official-pl-2020s-medium,Ariana Grande,positions,Xsb9flAEymA,positions,Ariana Grande,35mvY5S1H3J2QZyna3TFe0,a1.00 t1.00,auto-ok
G4,official-pl-2020s-medium,Lizzo,About Damn Time,JsOVJ1PAC6s,About Damn Time,Lizzo,6HMtHNpW6YPi1hrw9tgF8P,a1.00 t1.00,auto-ok
G4,official-pl-2020s-medium,Billie Eilish,Therefore I Am,fSr85N64BA0,Therefore I Am,Billie Eilish,20R4HfKloPKgXDqU7UKk3x,a1.00 t1.00,auto-ok
G4,official-pl-2020s-medium,Dua Lipa,Don't Start Now,xjiYBGs0TUA,Don't Start Now,Dua Lipa,3PfIrDoz19wz7qK7tYeu62,a1.00 t1.00,auto-ok
G4,official-pl-2020s-medium,Morgan Wallen,Last Night,TBkpoTbJAsI,Last Night,Morgan Wallen,583dMdiUquLMenarTp7PQm,a1.00 t1.00,auto-ok
G4,official-pl-2020s-medium,Doja Cat,Say So,pok8H_KF1FA,Say So,Doja Cat,3Dv1eDb0MEgF93GpLXlucZ,a1.00 t1.00,auto-ok
G4,official-pl-2020s-medium,Dua Lipa,Levitating,TUVcZfQe-Kw,Levitating,Dua Lipa,39LLxExYz6ewLAcYrzQQyP,a1.00 t1.00,auto-ok
G4,official-pl-2020s-medium,Lil Nas X,Montero (Call Me By Your Name),NIlz3g3DgCU,MONTERO (Call Me By Your Name),Lil Nas X,67BtfxlNbhBmCDR2L2l8qd,a1.00 t1.00,auto-ok
G4,official-pl-2020s-medium,Olivia Rodrigo,Drivers License,ZmDBbnmKpqQ,drivers license,Olivia Rodrigo,5wANPM4fQCJwkGd4rN57mH,a1.00 t1.00,auto-ok
G4,official-pl-2020s-medium,Harry Styles,Watermelon Sugar,E07s5ZYygMg,Watermelon Sugar,Harry Styles,6UelLqGlWMcVH1E5c4H7lY,a1.00 t1.00,auto-ok
G4,official-pl-2020s-medium,BTS,Butter,o9mLyHtSLjk,Butter,BTS,1mWdTewIgB3gtBM3TOSFhB,a1.00 t1.00,auto-ok
G4,official-pl-2020s-medium,Jungkook & Latto,Seven,QU9c0053UAU,Seven (feat. Latto) (Explicit Ver.),Jung Kook / Latto,2HRgqmZQC0MC7GeNuDIXHN,a0.89 t1.00,auto-ok
G4,official-pl-2020s-medium,The Kid LAROI & Justin Bieber,Stay,kTJczUoc26U,STAY (with Justin Bieber),The Kid LAROI / Justin Bieber,5HCyWlXZPP0y6Gqq8TgA20,a1.00 t1.00,auto-ok
G4,official-pl-2020s-medium,The Kid LAROI,Without You,RlPNh_PBZb4,WITHOUT YOU,The Kid LAROI,1KMkcUvF7m3SDChDOa7i5L,a1.00 t1.00,auto-ok
G4,official-pl-2020s-mix,Rema & Selena Gomez,Calm Down,WcIcVapfqXw,Calm Down,Rema,6hgoYQDUcPyCz7LcTUHKxa,a1.00 t1.00,auto-ok
G4,official-pl-2020s-mix,Tate McRae,Greedy,nPS6RTXwr3k,greedy,Tate McRae,3rUGC1vUpkDG9CZFHMur1t,a1.00 t1.00,auto-ok
G4,official-pl-2020s-mix,Harry Styles,As It Was,H5v3kku4y6Q,As It Was,Harry Styles,4Dvkj6JhhA12EX05fT7y2e,a1.00 t1.00,auto-ok
G4,official-pl-2020s-mix,Miley Cyrus,Flowers,G7KNmW9a75Y,Flowers,Miley Cyrus,7DSAEUvxU8FajXtRloy8M0,a1.00 t1.00,auto-ok
G4,official-pl-2020s-mix,Doja Cat,Woman,aLnZ1NQm2uk,Woman,Doja Cat,6Uj1ctrBOjOas8xZXGqKk4,a1.00 t1.00,auto-ok
G4,official-pl-2020s-mix,Olivia Rodrigo,good 4 u,gNi_6U5Pm_o,good 4 u,Olivia Rodrigo,4ZtFanR9U6ndgddUvNcjcG,a1.00 t1.00,auto-ok
G4,official-pl-2020s-mix,Ed Sheeran,Bad Habits,orJSJGHjBLI,Bad Habits,Ed Sheeran,3rmo8F54jFF8OgYsqTxm5d,a1.00 t1.00,auto-ok
G4,official-pl-2020s-mix,The Kid LAROI & Justin Bieber,Stay,kTJczUoc26U,STAY (with Justin Bieber),The Kid LAROI / Justin Bieber,5HCyWlXZPP0y6Gqq8TgA20,a1.00 t1.00,auto-ok
G4,official-pl-2020s-mix,Sam Smith & Kim Petras,Unholy,Uq9gPaIzbe8,Unholy (feat. Kim Petras),Sam Smith / Kim Petras,3nqQXoyQOWXiESFLlDF1hG,a1.00 t1.00,auto-ok
G4,official-pl-2020s-mix,Lady Gaga & Bruno Mars,Die With A Smile,kPa7bsKwL-c,Die With A Smile,Lady Gaga / Bruno Mars,2plbrEY59IikOBgBGLjaoe,a1.00 t1.00,auto-ok
G4,official-pl-2020s-mix,Adele,Easy On Me,U3ASj1L6_sY,Easy On Me,Adele,0gplL1WMoJ6iYaPgMCL0gX,a1.00 t1.00,auto-ok
G4,official-pl-2020s-mix,Sabrina Carpenter,Espresso,eVli-tstM5E,Espresso,Sabrina Carpenter,2qSkIjg1o9h3YT9RAgYN75,a1.00 t1.00,auto-ok
G4,official-pl-2020s-mix,Bad Bunny & Chencho Corleone,Me Porto Bonito,saGYMhApaH8,Me Porto Bonito,Bad Bunny / Chencho Corleone,6Sq7ltF9Qa7SNFBsV5Cogx,a1.00 t1.00,auto-ok
G4,official-pl-2020s-mix,BLACKPINK,Pink Venom,gQlMMD8auMs,Pink Venom,BLACKPINK,0skYUMpS0AcbpjcGsAbRGj,a1.00 t1.00,auto-ok
G4,official-pl-2020s-mix,NewJeans,Ditto,Km71Rr9K-Bw,Ditto,NewJeans,3r8RuvgbX9s7ammBn07D3W,a1.00 t1.00,auto-ok
G4,official-pl-2020s-mix,FIFTY FIFTY,Cupid,5Q1a9oQhkyU,Cupid - Twin Version,FIFTY FIFTY,5pMPNxZz50iup8cXchRHxm,a1.00 t1.00,auto-ok
G4,official-pl-2020s-mix,David Guetta & Bebe Rexha,I'm Good (Blue),NN1f066QTMU,I'm Good (Blue),David Guetta / Bebe Rexha,4uUG5RXrOk84mYEfFvj3cK,a1.00 t1.00,auto-ok
G4,official-pl-2020s-mix,Beyoncé,Break My Soul,yjki-9Pthh0,BREAK MY SOUL,Beyoncé,5pyoxDZ1PX0KxBxiRVxA4U,a1.00 t1.00,auto-ok
G4,official-pl-2020s-mix,Ariana Grande,positions,tcYodQoapMg,positions,Ariana Grande,35mvY5S1H3J2QZyna3TFe0,a1.00 t1.00,auto-ok
G4,official-pl-2020s-mix,OneRepublic,I Ain't Worried,mNEUkkoUoIA,I Ain't Worried,OneRepublic,4h9wh7iOZ0GGn8QVp4RAOB,a1.00 t1.00,auto-ok
G4,official-pl-2020s-mix,The Weeknd,Save Your Tears,XXYlFuWEuKI,Save Your Tears,The Weeknd,5QO79kh1waicV47BqGRL3g,a1.00 t1.00,auto-ok
G4,official-pl-2020s-mix,24kGoldn & iann dior,Mood,GrAchTdepsU,Mood (feat. iann dior),24kGoldn / iann dior,4jPy3l0RUwlUI9T5XHBW2m,a1.00 t1.00,auto-ok
G4,official-pl-2020s-mix,Myles Smith,Stargazing,tKml80alH3Y,Stargazing,Myles Smith,3Vr3zh0r7ALn8VLqCiRR10,a1.00 t1.00,auto-ok
G4,official-pl-2020s-mix,SAINt JHN,Roses,ele2DMU49Jk,Roses,SAINt JHN,47MhyGA0XUtF9lZJtny3Pd,a1.00 t1.00,auto-ok
G4,official-pl-2020s-mix,Sam Fender,Spit of You,CAjbpS_dbAc,Spit Of You,Sam Fender,6YrNd7sFarQAUflTPcTH0h,a1.00 t1.00,auto-ok
G4,official-pl-2020s-mix,David Kushner,Daylight,PZtwxD5Myk0,Daylight,David Kushner,4Gg1tYCl7rWR4laKbdtPA4,a1.00 t1.00,auto-ok
G4,official-pl-2020s-mix,Coldplay & BTS,My Universe,3YqPKLZF_WU,My Universe,Coldplay / BTS,46HNZY1i7O6jwTA7Slo2PI,a1.00 t1.00,auto-ok
G4,official-pl-2020s-mix,Tiësto & Charli XCX,Hot in It,I3P1IDtTB-Q,Hot In It (feat. Charli XCX),Tiësto / Charli xcx,5pNFibJLq7dvoDVIIcQBkn,a1.00 t1.00,auto-ok
G4,official-pl-2020s-mix,Justin Bieber & Quavo,Intentions,3AyMjyHu1bA,Intentions,Justin Bieber / Quavo,364dI1bYnvamSnBJ8JcNzN,a1.00 t1.00,auto-ok
G4,official-pl-2020s-mix,Artemas,I Like the Way You Kiss Me,bUU4eDJAs-Q,i like the way you kiss me,Artemas,2GxrNKugF82CnoRFbQfzPf,a1.00 t1.00,auto-ok
G4,official-pl-2020s-mix,Lady Gaga,Bloody Mary,dQw4w9WgXcQ,Bloody Mary,Lady Gaga,53jnnqFSRGMDB9ADrNriCA,a1.00 t1.00,auto-ok
G4,official-pl-2020s-mix,Doja Cat & SZA,Kiss Me More,fF09K4SYdg8,Kiss Me More (feat. SZA),Doja Cat / SZA,3DarAbFujv6eYNliUTyqtz,a1.00 t1.00,auto-ok
G4,official-pl-2020s-mix,Miley Cyrus,Midnight Sky,aS1no1myeTM,Midnight Sky,Miley Cyrus,4i2qxFEVVUi8yOYoxB8TCX,a1.00 t1.00,auto-ok
G4,official-pl-2020s-mix,Olivia Rodrigo,drivers license,ZmDBbnmKpqQ,drivers license,Olivia Rodrigo,5wANPM4fQCJwkGd4rN57mH,a1.00 t1.00,auto-ok
G4,official-pl-2020s-mix,Cardi B & Megan Thee Stallion,WAP,hsm4poTWjMs,WAP (feat. Megan Thee Stallion),Cardi B / Megan Thee Stallion,4Oun2ylbjFKMPTiaSbbCih,a1.00 t1.00,auto-ok
G4,official-pl-2020s-mix,Harry Styles,Watermelon Sugar,E07s5ZYygMg,Watermelon Sugar,Harry Styles,6UelLqGlWMcVH1E5c4H7lY,a1.00 t1.00,auto-ok
G4,official-pl-2020s-mix,Lil Nas X & Jack Harlow,INDUSTRY BABY,UTHLKHL_whs,INDUSTRY BABY (feat. Jack Harlow),Lil Nas X / Jack Harlow,27NovPIUIRrOZoCHxABJwK,a1.00 t1.00,auto-ok
G4,official-pl-2020s-mix,Taylor Swift,Cruel Summer,ic8j13piAhQ,Cruel Summer,Taylor Swift,1BxfuPKGuaTgP7aM0Bbdwr,a1.00 t1.00,auto-ok
G4,official-pl-2020s-mix,BTS,Butter,WMweEpGlu_U,Butter,BTS,1mWdTewIgB3gtBM3TOSFhB,a1.00 t1.00,auto-ok
G4,official-pl-2020s-mix,Maluma,Hawái,tbneQDc2H3I,Hawái,Maluma,1yoMvmasuxZfqHEipJhRbp,a1.00 t1.00,auto-ok
G4,official-pl-2020s-mix,Maroon 5 & Megan Thee Stallion,Beautiful Mistakes,BSzSn-PRdtI,Beautiful Mistakes (feat. Megan Thee Stallion),Maroon 5 / Megan Thee Stallion,5zFglKYiknIxks8geR8rcL,a1.00 t1.00,auto-ok
G4,official-pl-2020s-mix,The Weeknd,Blinding Lights,4NRXx6U8ABQ,Blinding Lights,The Weeknd,0VjIjW4GlUZAMYd2vXMi3b,a1.00 t1.00,auto-ok
G4,official-pl-2020s-mix,Ed Sheeran,Shivers,Il0S8BoucSA,Shivers,Ed Sheeran,50nfwKoDiSYg8zOCREWAm5,a1.00 t1.00,auto-ok
G4,official-pl-2020s-mix,Camila Cabello & Ed Sheeran,Bam Bam,Zi4LMpSDccc,Bam Bam (feat. Ed Sheeran),Camila Cabello / Ed Sheeran,3lDSWvR0FXWGXo7mhDUs3v,a1.00 t1.00,auto-ok
G4,official-pl-2020s-mix,Dua Lipa,Levitating,TUVcZfQe-Kw,Levitating,Dua Lipa,39LLxExYz6ewLAcYrzQQyP,a1.00 t1.00,auto-ok
G4,official-pl-2020s-mix,Justin Bieber & Daniel Caesar & Giveon,Peaches,tQ0yjYUFKAE,Peaches (feat. Daniel Caesar & Giveon),Justin Bieber / Daniel Caesar / GIVĒON,4iJyoBOLtHqaGxP12qzhQI,a1.00 t1.00,auto-ok
G4,official-pl-2020s-mix,Måneskin,Beggin',cIuYFCAJ2a8,Beggin',Måneskin,3Wrjm47oTz2sjIgck11l5e,a1.00 t1.00,auto-ok
G4,official-pl-2020s-mix,Lizzo & Cardi B,Rumors,jiRpFF_SnW4,Rumors (feat. Cardi B),Lizzo / Cardi B,6KgtcmCF9Ky68XC7ezxl3s,a1.00 t1.00,auto-ok
G4,official-pl-2020s-mix,GAYLE,abcdefu,NaFd8ucHLuo,abcdefu,GAYLE,4fouWK6XVHhzl78KzQ1UjL,a1.00 t1.00,auto-ok
G4,official-pl-2020s-mix,Chappell Roan,Casual,_4BBA8y3DPc,Casual,Chappell Roan,3WSOUb3U7tqURbBSgZTrZX,a1.00 t1.00,auto-ok
G4,official-pl-2020s-mix,beabadoobee,Glue Song,y1cBhJLNNXU,Glue Song,beabadoobee,3iBgrkexCzVuPy4O9vx7Mf,a1.00 t1.00,auto-ok
G4,official-pl-2020s-mix,Manuel Turizo,La Bachata,QaXhVryxVBk,La Bachata,Manuel Turizo,5ww2BF9slyYgNOk37BlC4u,a1.00 t1.00,auto-ok
G4,official-pl-2020s-mix,Jungkook & Latto,Seven,QU9c0053UAU,Seven (feat. Latto) (Explicit Ver.),Jung Kook / Latto,2HRgqmZQC0MC7GeNuDIXHN,a0.89 t1.00,auto-ok
G4,official-pl-2020s-mix,Metro Boomin & The Weeknd & 21 Savage,Creepin',VHkHw-NQ5Wk,Creepin' (with The Weeknd & 21 Savage),Metro Boomin / The Weeknd / 21 Savage,2dHHgzDwk4BJdRwy9uXhTO,a1.00 t1.00,auto-ok
G4,official-pl-2020s-mix,BTS,Dynamite,gdZLi9oWNZg,Dynamite,BTS,5QDLhrAOJJdNAmCTJ8xMyW,a1.00 t1.00,auto-ok
G4,official-pl-2020s-mix,Glass Animals,Heat Waves,mRD0-GxqHVo,Heat Waves,Glass Animals,3USxtqRwSYz57Ewm6wWRMp,a1.00 t1.00,auto-ok
G4,official-pl-2020s-mix,Taylor Swift,anti-hero,b1kbLwvqugk,Anti-Hero,Taylor Swift,0V3wPSX9ygBnCm8psDIegu,a1.00 t1.00,auto-ok
G4,official-pl-2020s-mix,Lil Nas X,Montero (Call Me By Your Name),6swmTBVI83k,MONTERO (Call Me By Your Name),Lil Nas X,67BtfxlNbhBmCDR2L2l8qd,a1.00 t1.00,auto-ok
G4,official-pl-2020s-mix,Billie Eilish,Therefore I Am,RUQl6YcMalg,Therefore I Am,Billie Eilish,20R4HfKloPKgXDqU7UKk3x,a1.00 t1.00,auto-ok
G4,official-pl-2020s-mix,NewJeans,OMG,sVTy_wmn5SU,OMG,NewJeans,65FftemJ1DbbZ45DUfHJXE,a1.00 t1.00,auto-ok
G4,official-pl-2020s-mix,SZA,Good Days,lJJT00wqlOo,Good Days,SZA,4PMqSO5qyjpvzhlLI5GnID,a1.00 t1.00,auto-ok
G4,official-pl-2020s-mix,Rosé & Bruno Mars,APT.,ekr2nIex040,APT.,ROSÉ / Bruno Mars,5vNRhkKd0yEAg8suGBpjeY,a1.00 t1.00,auto-ok
G4,official-pl-2020s-mix,Benson Boone,Beautiful Things,HU08BcK5SUY,Beautiful Things,Benson Boone,3xkHsmpQCBMytMJNiDf3Ii,a1.00 t1.00,auto-ok
G4,official-pl-2020s-mix,BLACKPINK,Shut Down,POe9SOEKotk,Shut Down,BLACKPINK,0ARKW62l9uWIDYMZTUmJHF,a1.00 t1.00,auto-ok
G4,official-pl-2020s-hard,Dua Lipa,Levitating,TUVcZfQe-Kw,Levitating,Dua Lipa,39LLxExYz6ewLAcYrzQQyP,a1.00 t1.00,auto-ok
G4,official-pl-2020s-hard,Glass Animals,Heat Waves,mRD0-GxqHVo,Heat Waves,Glass Animals,3USxtqRwSYz57Ewm6wWRMp,a1.00 t1.00,auto-ok
G4,official-pl-2020s-hard,BTS,Dynamite,gdZLi9oWNZg,Dynamite,BTS,5QDLhrAOJJdNAmCTJ8xMyW,a1.00 t1.00,auto-ok
G4,official-pl-2020s-hard,Taylor Swift,Anti-Hero,b1kbLwvqugk,Anti-Hero,Taylor Swift,0V3wPSX9ygBnCm8psDIegu,a1.00 t1.00,auto-ok
G4,official-pl-2020s-hard,Lil Nas X,Montero (Call Me By Your Name),6swmTBVI83k,MONTERO (Call Me By Your Name),Lil Nas X,67BtfxlNbhBmCDR2L2l8qd,a1.00 t1.00,auto-ok
G4,official-pl-2020s-hard,Olivia Rodrigo,drivers license,ZmDBbnmKpqQ,drivers license,Olivia Rodrigo,5wANPM4fQCJwkGd4rN57mH,a1.00 t1.00,auto-ok
G4,official-pl-2020s-hard,Harry Styles,As It Was,H5v3kku4y6Q,As It Was,Harry Styles,4Dvkj6JhhA12EX05fT7y2e,a1.00 t1.00,auto-ok
G4,official-pl-2020s-hard,Adele,Easy On Me,U3ASj1L6_sY,Easy On Me,Adele,0gplL1WMoJ6iYaPgMCL0gX,a1.00 t1.00,auto-ok
G4,official-pl-2020s-hard,Harry Styles,Watermelon Sugar,E07s5ZYygMg,Watermelon Sugar,Harry Styles,6UelLqGlWMcVH1E5c4H7lY,a1.00 t1.00,auto-ok
G4,official-pl-2020s-hard,BTS,Butter,WMweEpGlu_U,Butter,BTS,1mWdTewIgB3gtBM3TOSFhB,a1.00 t1.00,auto-ok
G4,official-pl-2020s-hard,Billie Eilish,Happier Than Ever,5GJWxDKyk3A,Happier Than Ever,Billie Eilish,4RVwu0g32PAqgUiJoXsdF8,a1.00 t1.00,auto-ok
G4,official-pl-2020s-hard,Billie Eilish,Therefore I Am,RUQl6YcMalg,Therefore I Am,Billie Eilish,20R4HfKloPKgXDqU7UKk3x,a1.00 t1.00,auto-ok
G4,official-pl-2020s-hard,NewJeans,OMG,sVTy_wmn5SU,OMG,NewJeans,65FftemJ1DbbZ45DUfHJXE,a1.00 t1.00,auto-ok
G4,official-pl-2020s-hard,Dua Lipa,Physical,9HDEHj2yzew,Physical,Dua Lipa,3AzjcOeAmA57TIOr9zF1ZW,a1.00 t1.00,auto-ok
G4,official-pl-2020s-hard,Conan Gray,Maniac,vNey0PR46F4,Maniac,Conan Gray,6KfoDhO4XUWSbnyKjNp9c4,a1.00 t1.00,auto-ok
G4,official-pl-2020s-hard,IVE,After LIKE,F0B7HDiY-10,After LIKE,IVE,2gYj9lubBorOPIVWsTXugG,a1.00 t1.00,auto-ok
G4,official-pl-2020s-hard,Doja Cat,Say So,pok8H_KF1FA,Say So,Doja Cat,3Dv1eDb0MEgF93GpLXlucZ,a1.00 t1.00,auto-ok
G4,official-pl-2020s-hard,Powfu ft. beabadoobee,Death Bed,jJPMnTXl63E,death bed (coffee for your head),Powfu / beabadoobee,7eJMfftS33KTjuF7lTsMCx,a1.00 t1.00,auto-ok
G4,official-pl-2020s-hard,Peach Tree Rascals,Mariposa,U3RjdVmny6A,Mariposa,Peach Tree Rascals,3WD2cic9S2VrGIb6h114MM,a1.00 t1.00,auto-ok
G4,official-pl-2020s-hard,Lil Nas X & Jack Harlow,Industry Baby,UTHLKHL_whs,INDUSTRY BABY (feat. Jack Harlow),Lil Nas X / Jack Harlow,27NovPIUIRrOZoCHxABJwK,a1.00 t1.00,auto-ok
G4,official-pl-2020s-hard,BLACKPINK,How You Like That,mIuNiH2MAO8,How You Like That,BLACKPINK,4SFknyjLcyTLJFPKD2m96o,a1.00 t1.00,auto-ok
G4,official-pl-2020s-hard,(G)I-DLE,TOMBOY,Jh4QFaPmdss,TOMBOY,i-dle,5L7MoCA875qqRJoKnGCxkE,a1.00 t1.00,auto-ok
G4,official-pl-2020s-hard,Rosa Linn,Snap,Lo4_K4relMg,SNAP,Rosa Linn,5hx7w26Zi3zafMgvMTUqF6,a1.00 t1.00,auto-ok
G4,official-pl-2020s-hard,Joji,Glimpse of Us,FvOpPeKSf_4,Glimpse of Us,Joji,3aBGKDiAAvH2H7HLOyQ4US,a1.00 t1.00,auto-ok
G4,official-pl-2020s-hard,Taylor Swift,my tears ricochet,OWbDJFtHl3w,my tears ricochet,Taylor Swift,1MgV7FIyNxIG7WzMRJV5HC,a1.00 t1.00,auto-ok
G4,official-pl-2020s-hard,BLACKPINK,Pink Venom,3or3dp3qNQU,Pink Venom,BLACKPINK,0skYUMpS0AcbpjcGsAbRGj,a1.00 t1.00,auto-ok
G4,official-pl-2020s-hard,Imagine Dragons,Bones,mb-Cnwi9BqA,Bones,Imagine Dragons,0HqZX76SFLDz2aW8aiqi7G,a1.00 t1.00,auto-ok
G4,official-pl-2020s-hard,Kali Uchis,Telepatía,bn_p95HbHoQ,telepatía,Kali Uchis,6tDDoYIxWvMLTdKpjFkc1B,a1.00 t1.00,auto-ok
G4,official-pl-2020s-hard,Jungkook ft. Latto,Seven,QU9c0053UAU,Seven (feat. Latto) (Explicit Ver.),Jung Kook / Latto,2HRgqmZQC0MC7GeNuDIXHN,a0.89 t1.00,auto-ok
G4,official-pl-2020s-hard,Ed Sheeran,Shivers,Il0S8BoucSA,Shivers,Ed Sheeran,50nfwKoDiSYg8zOCREWAm5,a1.00 t1.00,auto-ok
G4,official-pl-2020s-hard,ROSÉ,On The Ground,CKZvWhCqx1s,On The Ground,ROSÉ,2pn8dNVSpYnAtlKFC8Q0DJ,a1.00 t1.00,auto-ok
G4,official-pl-2020s-hard,Tame Impala,Lost in Yesterday,C7VlC0QjdHU,Lost In Yesterday,Tame Impala,5JWPUEov2wlX7c0jhYZpeB,a1.00 t1.00,auto-ok
G4,official-pl-2020s-hard,Sam Smith & Kim Petras,Unholy,Uq9gPaIzbe8,Unholy (feat. Kim Petras),Sam Smith / Kim Petras,3nqQXoyQOWXiESFLlDF1hG,a1.00 t1.00,auto-ok
G4,official-pl-2020s-hard,Ariana Grande,34+35,B6_iQvaIjXw,34+35,Ariana Grande,6Im9k8u9iIzKMrmV7BWtlF,a1.00 t1.00,auto-ok
G4,official-pl-2020s-hard,OneRepublic,I Ain't Worried,mNEUkkoUoIA,I Ain't Worried,OneRepublic,4h9wh7iOZ0GGn8QVp4RAOB,a1.00 t1.00,auto-ok
G4,official-pl-2020s-hard,Steve Lacy,Bad Habit,VF-FGf_ZZiI,Bad Habit,Steve Lacy,4k6Uh1HXdhtusDW5y8Gbvy,a1.00 t1.00,auto-ok
G4,official-pl-2020s-hard,Drake,Toosie Slide,xWggTb45brM,Toosie Slide,Drake,127QTOFJsJQp5LbJbu3A1y,a1.00 t1.00,auto-ok
G4,official-pl-2020s-hard,Ariana Grande,Positions,tcYodQoapMg,positions,Ariana Grande,35mvY5S1H3J2QZyna3TFe0,a1.00 t1.00,auto-ok
G4,official-pl-2020s-hard,Charlie Puth ft. Jungkook,Left and Right,G8APgeFfkAk,Left and Right (Feat. Jung Kook of BTS),Charlie Puth / Jung Kook / BTS,6RhEbk4odKK0PwPhpok7h1,a1.00 t1.00,auto-ok
G4,official-pl-2020s-hard,Justin Bieber ft. Quavo,Intentions,3AyMjyHu1bA,Intentions,Justin Bieber / Quavo,364dI1bYnvamSnBJ8JcNzN,a1.00 t1.00,auto-ok
G4,official-pl-2020s-hard,Jack Harlow,First Class,HmP_wGYw1_g,First Class,Jack Harlow,0wHFktze2PHC5jDt3B17DC,a1.00 t1.00,auto-ok
G4,official-pl-2020s-hard,ITZY,WANNABE,fE2h3lGlOsk,WANNABE,ITZY,4pspYVQGFHLPEFgQPD1J7e,a1.00 t1.00,auto-ok
G4,official-pl-2020s-hard,Phoebe Bridgers,Kyoto,Tw0zYd0eIlk,Kyoto,Phoebe Bridgers,4vjvx7Zxkb4AltGcZ0BBvI,a1.00 t1.00,auto-ok
G4,official-pl-2020s-hard,Maroon 5 ft. Megan Thee Stallion,Beautiful Mistakes,BSzSn-PRdtI,Beautiful Mistakes (feat. Megan Thee Stallion),Maroon 5 / Megan Thee Stallion,5zFglKYiknIxks8geR8rcL,a1.00 t1.00,auto-ok
G4,official-pl-2020s-hard,FIFTY FIFTY,Cupid,Qc7_zRjH808,Cupid - Twin Version,FIFTY FIFTY,5pMPNxZz50iup8cXchRHxm,a1.00 t1.00,auto-ok
G4,official-pl-2020s-hard,Justin Bieber,Peaches,tQ0yjYUFKAE,Peaches (feat. Daniel Caesar & Giveon),Justin Bieber / Daniel Caesar / GIVĒON,4iJyoBOLtHqaGxP12qzhQI,a1.00 t1.00,auto-ok
G4,official-pl-2020s-hard,NewJeans,Ditto,Km71Rr9K-Bw,Ditto,NewJeans,3r8RuvgbX9s7ammBn07D3W,a1.00 t1.00,auto-ok
G4,official-pl-2020s-hard,Måneskin,I Wanna Be Your Slave,INLzqh7rZ-U,I WANNA BE YOUR SLAVE,Måneskin,4pt5fDVTg5GhEvEtlz9dKk,a1.00 t1.00,auto-ok
G4,official-pl-2020s-hard,LISA,MONEY,dNCWe_6HAM8,MONEY,LISA,7hU3IHwjX150XLoTVmjD0q,a1.00 t1.00,auto-ok
G4,official-pl-2020s-hard,Doja Cat ft. SZA,Kiss Me More,0EVVKs6DQLo,Kiss Me More (feat. SZA),Doja Cat / SZA,3DarAbFujv6eYNliUTyqtz,a1.00 t1.00,auto-ok
G4,official-pl-2020s-hard,SZA,Snooze,Sv5yCzPCkv8,Snooze,SZA,4iZ4pt7kvcaH6Yo8UoZ4s2,a1.00 t1.00,auto-ok
G4,official-pl-2020s-hard,Masked Wolf,Astronaut In The Ocean,MEg-oqI9qmw,Astronaut In The Ocean,Masked Wolf,3Ofmpyhv5UAQ70mENzB277,a1.00 t1.00,auto-ok
G4,official-pl-2020s-hard,Olivia Rodrigo,vampire,Fqey8LxQxFU,vampire,Olivia Rodrigo,1kuGVB7EU95pJObxwvfwKS,a1.00 t1.00,auto-ok
G4,official-pl-2020s-hard,The Weeknd,Save Your Tears,u6lihZAcy4s,Save Your Tears,The Weeknd,5QO79kh1waicV47BqGRL3g,a1.00 t1.00,auto-ok
G4,official-pl-2020s-hard,Conan Gray,Heather,GPUg7n8-M6o,Heather,Conan Gray,4xqrdfXkTW4T0RauPLv3WA,a1.00 t1.00,auto-ok
G4,official-pl-2020s-hard,Tate McRae,Greedy,8AtiHCDGZ8c,greedy,Tate McRae,3rUGC1vUpkDG9CZFHMur1t,a1.00 t1.00,auto-ok
G4,official-pl-2020s-hard,Caroline Polachek,Bunny is a Rider,yQ5y2GMVVNQ,Bunny Is A Rider,Caroline Polachek,40tRJ8bMkIkXh8vhHKQsoX,a1.00 t1.00,auto-ok
G4,official-pl-2020s-hard,Imagine Dragons & JID,Enemy,D9G1VOjN_84,Enemy (with JID) - from the series Arcane League of Legends,Imagine Dragons / JID / Arcane / League of Legends,1r9xUipOqoNwggBpENDsvJ,a1.00 t1.00,auto-ok
G4,official-pl-2020s-hard,The Weeknd,Blinding Lights,4NRXx6U8ABQ,Blinding Lights,The Weeknd,0VjIjW4GlUZAMYd2vXMi3b,a1.00 t1.00,auto-ok
G4,official-pl-2020s-hard,Miley Cyrus,Flowers,G7KNmW9a75Y,Flowers,Miley Cyrus,7DSAEUvxU8FajXtRloy8M0,a1.00 t1.00,auto-ok
G4,official-pl-2020s-hard,The Kid LAROI & Justin Bieber,Stay,kTJczUoc26U,STAY (with Justin Bieber),The Kid LAROI / Justin Bieber,5HCyWlXZPP0y6Gqq8TgA20,a1.00 t1.00,auto-ok
G4,official-pl-2020s-hard,Beyoncé,Break My Soul,yjki-9Pthh0,BREAK MY SOUL,Beyoncé,5pyoxDZ1PX0KxBxiRVxA4U,a1.00 t1.00,auto-ok
G4,official-pl-2000s-hard,The Strokes,Reptilia,b8-tXG8KrWs,Reptilia,The Strokes,57Xjny5yNzAcsxnusKmAfA,a1.00 t1.00,auto-ok
G4,official-pl-2000s-hard,Arctic Monkeys,I Bet You Look Good on the Dancefloor,pK7egZaT3hs,I Bet You Look Good On The Dancefloor,Arctic Monkeys,3DQVgcqaP3iSMbaKsd57l5,a1.00 t1.00,auto-ok
G4,official-pl-2000s-hard,Passion Pit,Sleepyhead,T0RvPYRRRbE,Sleepyhead,Passion Pit,4prEPl61C8qZpeo3IkYSMl,a1.00 t1.00,auto-ok
G4,official-pl-2000s-hard,Grizzly Bear,Two Weeks,tjecYugTbIQ,Two Weeks,Grizzly Bear,04uR2cdkgiaLIzebPcs25m,a1.00 t1.00,auto-ok
G4,official-pl-2000s-hard,The Killers,Read My Mind,zc8hbSM1zVo,Read My Mind,The Killers,7cX4PJz1old9fyFI8RlfgW,a1.00 t1.00,auto-ok
G4,official-pl-2000s-hard,Phoenix,Lisztomania,4BJDNw7o6so,Lisztomania,Phoenix,4esUVfYnFcCCVHntx9FQCb,a1.00 t1.00,auto-ok
G4,official-pl-2000s-hard,Justice,D.A.N.C.E.,sy1dYFGkPUE,D.A.N.C.E.,Justice,33yAEqzKXexYM3WlOYtTfQ,a1.00 t1.00,auto-ok
G4,official-pl-2000s-hard,Fleet Foxes,Mykonos,DT-dxG4WWf4,Mykonos,Fleet Foxes,7xj3v3gPWWytfwqHZRtdMj,a1.00 t1.00,auto-ok
G4,official-pl-2000s-hard,Animal Collective,My Girls,zol2MJf6XNE,My Girls,Animal Collective,7jZBPuJmkOsfPkwFD30dAA,a1.00 t1.00,auto-ok
G4,official-pl-2000s-hard,Klaxons,Golden Skans,q-SJjFcnsGs,Golden Skans,Klaxons,6BqWhxll86CGGE6WxgdRqG,a1.00 t1.00,auto-ok
G4,official-pl-2000s-hard,Mumford & Sons,Little Lion Man,lLJf9qJHR3E,Little Lion Man,Mumford & Sons,3GfgC3AawvFSCowb90vpzl,a0.58 t1.00,review
G4,official-pl-2000s-hard,The Avalanches,Frontier Psychiatrist,qLrnkK2YEcE,Frontier Psychiatrist,The Avalanches,4WVUtbd7CL38fVdIQVN3fk,a1.00 t1.00,auto-ok
G4,official-pl-2000s-hard,M.I.A.,Paper Planes,ewRjZoRtu0Y,Paper Planes,M.I.A.,1ixbwbeBi5ufN4noUKmW5a,a1.00 t1.00,auto-ok
G4,official-pl-2000s-hard,The Walkmen,The Rat,aWR1h-5EzUo,The Rat,The Walkmen,2YIOkqKgg3jZEFoL5qcEPT,a1.00 t1.00,auto-ok
G4,official-pl-2000s-hard,Interpol,Evil,dkpgz3uQ58U,Evil,Interpol,6zPOdhLim2vbcLo0rfjDjq,a1.00 t1.00,auto-ok
G4,official-pl-2000s-hard,The Shins,Australia,OHTSxw6zN1E,Australia,The Shins,47TQjzeG4KI0XWWb0wkbri,a1.00 t1.00,auto-ok
G4,official-pl-2000s-hard,The Fratellis,Chelsea Dagger,sEXHeTcxQy4,Chelsea Dagger,The Fratellis,52fnLN02thRhTnbzVZzdqq,a1.00 t1.00,auto-ok
G4,official-pl-2000s-hard,Kaiser Chiefs,I Predict a Riot,hamKl-su8PE,I Predict A Riot,Kaiser Chiefs,75D3n6wnFQmu1HVmLAlWM4,a1.00 t1.00,auto-ok
G4,official-pl-2000s-hard,My Chemical Romance,Helena,UK6m9_qUVhQ,Helena,My Chemical Romance,5dTHtzHFPyi8TlTtzoz1J9,a1.00 t1.00,auto-ok
G4,official-pl-2000s-hard,MGMT,Kids,fe4EK4HSPkI,Kids,MGMT,1jJci4qxiYcOHhQR247rEU,a1.00 t1.00,auto-ok
G4,official-pl-2000s-hard,The Kooks,Naïve,jkaMiaRLgvY,Naive,The Kooks,7BHPGtpuuWWsvE7cCaMuEU,a1.00 t1.00,auto-ok
G4,official-pl-2000s-hard,MGMT,Time to Pretend,B9dSYgd5Elk,Time to Pretend,MGMT,4iG2gAwKXsOcijVaVXzRPW,a1.00 t1.00,auto-ok
G4,official-pl-2000s-hard,The Avalanches,Since I Left You,wpqm-05R2Jk,Since I Left You,The Avalanches,2DgFCys3XMrWZDngu1CrRy,a1.00 t1.00,auto-ok
G4,official-pl-2000s-hard,Bloc Party,Helicopter,2R6S5CJWlco,Helicopter,Bloc Party,5OVHnu9SgsdAravy4UyGq4,a1.00 t1.00,auto-ok
G4,official-pl-2000s-hard,Fleet Foxes,White Winter Hymnal,DrQRS40OKNE,White Winter Hymnal,Fleet Foxes,4XTuSMs47SIg35KxhNIUGe,a1.00 t1.00,auto-ok
G4,official-pl-2000s-hard,Silversun Pickups,Lazy Eye,z-mxBDuRaZ8,Lazy Eye,Silversun Pickups,3l24Vnw1YbWv8UEKaZLjCE,a1.00 t1.00,auto-ok
G4,official-pl-2000s-hard,Kaiser Chiefs,Ruby,qObzgUfCl28,Ruby,Kaiser Chiefs,2sgBTNHz9ckmqj3rx3ez4M,a1.00 t1.00,auto-ok
G4,official-pl-2000s-hard,Vampire Weekend,A-Punk,_XC2mqcMMGQ,A-Punk,Vampire Weekend,2DrGEaqoruCSn0FffWCf5O,a1.00 t1.00,auto-ok
G4,official-pl-2000s-hard,Radiohead,Jigsaw Falling Into Place,GoLJJRIWCLU,Jigsaw Falling Into Place,Radiohead,0YJ9FWWHn9EfnN0lHwbzvV,a1.00 t1.00,auto-ok
G4,official-pl-2000s-hard,The White Stripes,Fell in Love with a Girl,fTH71AAxXmM,Fell In Love With a Girl,The White Stripes,21Qsj3cMVCx2xF2EVVNbEu,a1.00 t1.00,auto-ok
G4,official-pl-2000s-hard,The Shins,New Slang,zYwCmcB0XMw,New Slang - 2021 Remaster,The Shins,0NslHuacjxQYfUTOW3HCIV,a1.00 t1.00,auto-ok
G4,official-pl-2000s-hard,The Hives,Hate to Say I Told You So,FahA3C8Xpqo,Hate To Say I Told You So,The Hives,20j7B6mL9gnNvG3ic6Vwh5,a1.00 t1.00,auto-ok
G4,official-pl-2000s-hard,The Strokes,Last Nite,TOypSnKFHrE,Last Nite,The Strokes,7kzKAuUzOITUauHAhoMoxA,a1.00 t1.00,auto-ok
G4,official-pl-2000s-hard,Nine Inch Nails,The Hand That Feeds,xwhBRJStz7w,The Hand That Feeds,Nine Inch Nails,4L5r9XNiWJ7cbqcIiNvVes,a1.00 t1.00,auto-ok
G4,official-pl-2000s-hard,Peter Bjorn and John,Young Folks,OIRE6iw-ws4,Young Folks,Peter Bjorn and John,4dyx5SzxPPaD8xQIid5Wjj,a1.00 t1.00,auto-ok
G4,official-pl-2000s-hard,Daft Punk,One More Time,FGBhQbmPwH8,One More Time,Daft Punk,0DiWol3AO6WpXZgp0goxAV,a1.00 t1.00,auto-ok
G4,official-pl-2000s-hard,Kings of Leon,Sex on Fire,RF0HhrwIwp0,Sex on Fire,Kings of Leon,0ntQJM78wzOLVeCUAW7Y45,a1.00 t1.00,auto-ok
G4,official-pl-2000s-hard,Kings of Leon,Use Somebody,gnhXHvRoUd0,Use Somebody,Kings of Leon,5VGlqQANWDKJFl0MBG3sg2,a1.00 t1.00,auto-ok
G4,official-pl-2000s-hard,Phoenix,1901,HL548cHH3OY,1901,Phoenix,68hYdj3GepWm2R202KhJT7,a1.00 t1.00,auto-ok
G4,official-pl-2000s-hard,Franz Ferdinand,Take Me Out,Ijk4j-r7qPA,Take Me Out,Franz Ferdinand,20I8RduZC2PWMWTDCZuuAN,a1.00 t1.00,auto-ok
G4,official-pl-2000s-hard,Elbow,Grounds for Divorce,jxczVhG0os8,Grounds for Divorce,Elbow,27rgTetikreqkvedaxrF5N,a1.00 t1.00,auto-ok
G4,official-pl-2000s-hard,Radiohead,Reckoner,rOoCixFA8OI,Reckoner,Radiohead,02ppMPbg1OtEdHgoPqoqju,a1.00 t1.00,auto-ok
G4,official-pl-2000s-hard,The Postal Service,Such Great Heights,9klEsdUxNvY,Such Great Heights,The Postal Service,75z2YLg5Lkqf6qL9XOY8tV,a1.00 t1.00,auto-ok
G4,official-pl-2000s-hard,Queens of the Stone Age,Go With the Flow,DcHKOC64KnE,Go With The Flow,Queens of the Stone Age,0wzRcekWyVCSyPtlPOeJau,a1.00 t1.00,auto-ok
G4,official-pl-2000s-hard,Arctic Monkeys,Fluorescent Adolescent,ma9I9VBKPiw,Fluorescent Adolescent,Arctic Monkeys,2x8evxqUlF0eRabbW2JBJd,a1.00 t1.00,auto-ok
G4,official-pl-2000s-hard,Modest Mouse,Ocean Breathes Salty,TPhnOKmhbBw,Ocean Breathes Salty,Modest Mouse,4ToYlykhwpW98KtMIGnWQK,a1.00 t1.00,auto-ok
G4,official-pl-2000s-hard,Vampire Weekend,Oxford Comma,P_i1xk07o4g,Oxford Comma,Vampire Weekend,1CZw0Lymzi2Lvy1XZ6rXh5,a1.00 t1.00,auto-ok
G4,official-pl-2000s-hard,The Wombats,Let's Dance to Joy Division,ayuooyWPEUc,Let's Dance to Joy Division,The Wombats,7v9Ne4758aGFfFc5avh89h,a1.00 t1.00,auto-ok
G4,official-pl-2000s-hard,The Postal Service,The District Sleeps Alone Tonight,xUIBnmdJJ50,The District Sleeps Alone Tonight,The Postal Service,2Qyd6O0zzGrA8Ml2IClSW9,a1.00 t1.00,auto-ok
G4,official-pl-2000s-hard,Scissor Sisters,Take Your Mama,od7GUy9XS7c,Take Your Mama,Scissor Sisters,4Sfh35NL3BWOyIpB4toKgS,a1.00 t1.00,auto-ok
G4,official-pl-2000s-hard,Muse,Supermassive Black Hole,Xsp3_a-PMTw,Supermassive Black Hole,Muse,3lPr8ghNDBLc2uZovNyLs9,a1.00 t1.00,auto-ok
G4,official-pl-2000s-hard,Yeah Yeah Yeahs,Maps,0DvPjYTvI14,Maps,Yeah Yeah Yeahs,0hDQV9X1Da5JrwhK8gu86p,a1.00 t1.00,auto-ok
G4,official-pl-2000s-hard,Bloc Party,Banquet,ausP0hQrR-Q,Banquet,Bloc Party,4juzduULFJiZVIcrC1tkxE,a1.00 t1.00,auto-ok
G4,official-pl-2000s-hard,The Rapture,House of Jealous Lovers,xgkIDKyEP0I,House Of Jealous Lovers,The Rapture,1bKffBd9glU944RMrWjjky,a1.00 t1.00,auto-ok
G4,official-pl-2000s-hard,My Chemical Romance,Welcome to the Black Parade,RRKJiM9Njr8,Welcome to the Black Parade,My Chemical Romance,5wQnmLuC1W7ATsArWACrgW,a1.00 t1.00,auto-ok
G4,official-pl-2000s-hard,The Knife,Heartbeats,4ow0bA4H3BQ,Heartbeats,The Knife,5P2hEcHjoNMh33EsFPPOJE,a1.00 t1.00,auto-ok
G4,official-pl-2000s-hard,The Killers,Mr. Brightside,gGdGFtwCNBE,Mr. Brightside,The Killers,003vvx7Niy0yvhvHt4a68B,a1.00 t1.00,auto-ok
G4,official-pl-2000s-hard,The xx,Crystalised,-Jp2wNF1rkM,Crystalised,The xx,5UBBJnFxsfjFxfrtvErQoH,a1.00 t1.00,auto-ok
G4,official-pl-2000s-hard,Queens of the Stone Age,No One Knows,s88r_q7oufE,No One Knows,Queens of the Stone Age,6y20BV5L33R8YXM0YuI38N,a1.00 t1.00,auto-ok
G4,official-pl-2000s-hard,The White Stripes,Seven Nation Army,0J2QdDbelmY,Seven Nation Army,The White Stripes,3dPQuX8Gs42Y7b454ybpMR,a1.00 t1.00,auto-ok
G4,official-pl-2000s-hard,Modest Mouse,Float On,CTAud5O7Qqk,Float On,Modest Mouse,2lwwrWVKdf3LR9lbbhnr6R,a1.00 t1.00,auto-ok
G4,official-pl-70s-hard,Neil Young,Heart of Gold,Eh44QPT1mPE,Heart of Gold,Neil Young,26QKxvjlCo2fSd3T4c8Zpb,a1.00 t1.00,auto-ok
G4,official-pl-70s-hard,David Bowie,Life on Mars?,AZKcl4-tcuo,Life on Mars? - 2015 Remaster,David Bowie,3ZE3wv8V3w2T2f7nOCjV0N,a1.00 t1.00,auto-ok
G4,official-pl-70s-hard,AC/DC,Highway to Hell,l482T0yNkeo,Highway to Hell,AC/DC,2zYzyRzz6pRmhPzyfMEC8s,a1.00 t1.00,auto-ok
G4,official-pl-70s-hard,Dire Straits,Sultans of Swing,0fAQhSRLQnM,Sultans Of Swing,Dire Straits,37Tmv4NnfQeb0ZgUC4fOJj,a1.00 t1.00,auto-ok
G4,official-pl-70s-hard,The Doors,Riders on the Storm,7G2-FPlvY58,Riders on the Storm,The Doors,14XWXWv5FoCbFzLksawpEe,a1.00 t1.00,auto-ok
G4,official-pl-70s-hard,Led Zeppelin,Whole Lotta Love,HQmmM_qwG4k,Whole Lotta Love - 1990 Remaster,Led Zeppelin,0hCB0YR03f6AmQaHbwWDe8,a1.00 t1.00,auto-ok
G4,official-pl-70s-hard,Queen,Bohemian Rhapsody,fJ9rUzIMcZQ,Bohemian Rhapsody,Queen,3z8h0TU7ReDPLIbEnYhWZb,a1.00 t1.00,auto-ok
G4,official-pl-70s-hard,Rush,Tom Sawyer,auLBLk4ibAk,Tom Sawyer,Rush,3QZ7uX97s82HFYSmQUAN1D,a1.00 t1.00,auto-ok
G4,official-pl-70s-hard,Sweet,Fox on the Run,qBdFA6sI6-8,Fox On The Run,Sweet,1kecaz54iduPLO4VPszTbC,a1.00 t1.00,auto-ok
G4,official-pl-70s-hard,The Kinks,Lola,LemG0cvc4oU,Lola (2020 Stereo Remaster),The Kinks,4Tjs8b6jL1s18sjURJtswp,a1.00 t1.00,auto-ok
G4,official-pl-70s-hard,Thin Lizzy,The Boys Are Back in Town,hQo1HIcSVtg,The Boys Are Back In Town,Thin Lizzy,43DeSV93pJPT4lCZaWZ6b1,a1.00 t1.00,auto-ok
G4,official-pl-70s-hard,T. Rex,Bang a Gong (Get It On),TVEhDrJzM8E,Bang A Gong (Get It On) (Electric Version),T. Rex,0tK1Ya57nOsgD0nGndjpdI,a1.00 t1.00,auto-ok
G4,official-pl-70s-hard,Fleetwood Mac,Go Your Own Way,6ul-cZyuYq4,Go Your Own Way - 2004 Remaster,Fleetwood Mac,07GvNcU1WdyZJq3XxP0kZa,a1.00 t1.00,auto-ok
G4,official-pl-70s-hard,Kansas,Dust in the Wind,tH2w6Oxx0kQ,Dust in the Wind,Kansas,6zeE5tKyr8Nu882DQhhSQI,a1.00 t1.00,auto-ok
G4,official-pl-70s-hard,The Knack,My Sharona,bbr60I0u2Ng,My Sharona,The Knack,1HOMkjp0nHMaTnfAkslCQj,a1.00 t1.00,auto-ok
G4,official-pl-70s-hard,Aerosmith,Walk This Way,4B_UYYPb-Gk,Walk This Way,Aerosmith,4JfuiOWlWCkjP6OKurHjSn,a1.00 t1.00,auto-ok
G4,official-pl-70s-hard,Queen,Killer Queen,2ZBtPf7FOoM,Killer Queen,Queen,300YN8ebGB90nDuzgz0f3O,a1.00 t1.00,auto-ok
G4,official-pl-70s-hard,Electric Light Orchestra,Mr. Blue Sky,aQUlA8Hcv4s,Mr. Blue Sky,Electric Light Orchestra,2RlgNHKcydI9sayD2Df2xp,a1.00 t1.00,auto-ok
G4,official-pl-70s-hard,Golden Earring,Radar Love,Zf53Pg2AkdY,Radar Love,Golden Earring,4Zau4QvgyxWiWQ5KQrwL43,a1.00 t1.00,auto-ok
G4,official-pl-70s-hard,Heart,Barracuda,VdOkQ6THDVw,Barracuda,Heart,4KfSdst7rW39C0sfhArdrz,a1.00 t1.00,auto-ok
G4,official-pl-70s-hard,Ozzy Osbourne,Crazy Train,tMDFv5m18Pw,Crazy Train,Ozzy Osbourne,7ACxUo21jtTHzy7ZEV56vU,a1.00 t1.00,auto-ok
G4,official-pl-70s-hard,The Rolling Stones,Brown Sugar,B5oGJTUpbpA,Brown Sugar,The Rolling Stones,34K7nU8EWQIRI93RfqhdRJ,a1.00 t1.00,auto-ok
G4,official-pl-70s-hard,Van Halen,You Really Got Me,9X6e7uctAww,You Really Got Me - 2015 Remaster,Van Halen,0upLyFR8Rr52ZpMp5esQoq,a1.00 t1.00,auto-ok
G4,official-pl-70s-hard,The Moody Blues,Nights in White Satin,9muzyOd4Lh8,Nights In White Satin,The Moody Blues,5w1ingzqrsJka9nlnEFB64,a1.00 t1.00,auto-ok
G4,official-pl-70s-hard,Alice Cooper,School's Out,CXFsWAkLoXQ,School's Out,Alice Cooper,5Z8EDau8uNcP1E8JvmfkZe,a1.00 t1.00,auto-ok
G4,official-pl-70s-hard,The Guess Who,American Woman,9uf6EY2BZBw,American Woman - 2024 Remaster,The Guess Who,2FT4gakd3matx4vI6YCTD8,a1.00 t1.00,auto-ok
G4,official-pl-70s-hard,Pink Floyd,Money,2aW7HweAf3o,Money,Pink Floyd,0vFOzaXqZHahrZp6enQwQb,a1.00 t1.00,auto-ok
G4,official-pl-70s-hard,The Who,Won't Get Fooled Again,UDfAdHBtK_Q,Won't Get Fooled Again - Original Album Version,The Who,0cJPLFrlV7TTCyPLupHzcH,a1.00 t1.00,auto-ok
G4,official-pl-70s-hard,Cream,Sunshine of Your Love,zt51rITH3EA,Sunshine Of Your Love,Cream,6FRwDxXsvSasw0y2eDArsz,a1.00 t1.00,auto-ok
G4,official-pl-70s-hard,Fleetwood Mac,Dreams,mrZRURcb1cM,Dreams - 2004 Remaster,Fleetwood Mac,0ofHAoxe9vBkTCp2UQIavz,a1.00 t1.00,auto-ok
G4,official-pl-70s-hard,David Bowie,Heroes,O1PDiYYjWo8,"""Heroes"" - 2017 Remaster",David Bowie,7Jh1bpe76CNTCgdgAdBw4Z,a1.00 t1.00,auto-ok
G4,official-pl-70s-hard,Norman Greenbaum,Spirit in the Sky,AZQxH_8raCI,Spirit In The Sky - Deluxe Edition,Norman Greenbaum,0jvN7eQJJt4nxQzgQfZ1SP,a1.00 t1.00,auto-ok
G4,official-pl-70s-hard,Creedence Clearwater Revival,Have You Ever Seen the Rain,bO28lB1uwp4,Have You Ever Seen The Rain,Creedence Clearwater Revival,2LawezPeJhN4AWuSB0GtAU,a1.00 t1.00,auto-ok
G4,official-pl-70s-hard,Boston,More Than a Feeling,oR4uKcvQbGQ,More Than a Feeling,Boston,1QEEqeFIZktqIpPI4jSVSF,a1.00 t1.00,auto-ok
G4,official-pl-70s-hard,Styx,Come Sail Away,e5MAg_yWsq8,Come Sail Away,Styx,0PsbWiVtix5FoTZ1s00mEl,a1.00 t1.00,auto-ok
G4,official-pl-70s-hard,Kiss,Detroit Rock City,iZq3i94mSsQ,Detroit Rock City,KISS,4Q9WS9ARvL7rkokSbnhM96,a1.00 t1.00,auto-ok
G4,official-pl-70s-hard,Steppenwolf,Born to Be Wild,rMbATaj7Il8,Born To Be Wild,Steppenwolf,2VPGmrcBw5X4yAu3B8UZNE,a1.00 t1.00,auto-ok
G4,official-pl-70s-hard,Elton John,Crocodile Rock,xw0EozkBWuI,Crocodile Rock,Elton John,6WCeFNVAXUtNczb7lqLiZU,a1.00 t1.00,auto-ok
G4,official-pl-70s-hard,The Doobie Brothers,China Grove,Rx0wfIdrD8w,China Grove,The Doobie Brothers,7cy1bEJV6FCtDaYpsk8aG6,a1.00 t1.00,auto-ok
G4,official-pl-70s-hard,Cream,White Room,VR90gQ-SIaY,White Room,Cream,3Xls4cNOwy01dtrNXb1inG,a1.00 t1.00,auto-ok
G4,official-pl-70s-hard,Kansas,Carry On Wayward Son,2X_2IdybTV0,Carry on Wayward Son,Kansas,4DMKwE2E2iYDKY01C335Uw,a1.00 t1.00,auto-ok
G4,official-pl-70s-hard,Electric Light Orchestra,Don't Bring Me Down,z9nkzaOPP6g,Don't Bring Me Down,Electric Light Orchestra,72ahyckBJfTigJCFCviVN7,a1.00 t1.00,auto-ok
G4,official-pl-70s-hard,Creedence Clearwater Revival,Fortunate Son,ec0XKhAHR5I,Fortunate Son,Creedence Clearwater Revival,4BP3uh0hFLFRb5cjsgLqDh,a1.00 t1.00,auto-ok
G4,official-pl-70s-hard,Eagles,Take It Easy,l3LFML_pxlY,Take It Easy - 2013 Remaster,Eagles,4yugZvBYaoREkJKtbG08Qr,a1.00 t1.00,auto-ok
G4,official-pl-70s-hard,Steppenwolf,Magic Carpet Ride,U4WiyxXpyZc,Magic Carpet Ride,Steppenwolf,4c4jJJoaiY21t2TyRZgdWS,a1.00 t1.00,auto-ok
G4,official-pl-70s-hard,Peter Gabriel,Solsbury Hill,_OO2PuGz-H8,Solsbury Hill,Peter Gabriel,6vZZtivPrtpggT5SSXsYTy,a1.00 t1.00,auto-ok
G4,official-pl-70s-hard,Blue Swede,Hooked on a Feeling,NrI-UBIB8Jk,Hooked On A Feeling,Blue Swede / Björn Skifs,6Ac4NVYYl2U73QiTt11ZKd,a1.00 t1.00,auto-ok
G4,official-pl-70s-hard,Aerosmith,Dream On,89dGC8de0CA,Dream On,Aerosmith,5Ih9gbqyxCzTJ43nuSuKnC,a1.00 t1.00,auto-ok
G4,official-pl-70s-hard,Elton John,Rocket Man,DtVBCG6ThDk,"Rocket Man (I Think It's Going To Be A Long, Long Time)",Elton John,3gdewACMIVMEWVbyb8O9sY,a1.00 t1.00,auto-ok
G4,official-pl-70s-hard,The Who,Baba O'Riley,x2KRpRMSu4g,Baba O'Riley,The Who,3qiyyUfYe7CRYLucrPmulD,a1.00 t1.00,auto-ok
G4,official-pl-70s-hard,Blue Öyster Cult,Don't Fear the Reaper,Dy4HA3vUv2c,(Don't Fear) The Reaper,Blue Öyster Cult,5QTxFnGygVM4jFQiBovmRo,a1.00 t0.48,no-match
G4,official-pl-70s-hard,Jethro Tull,Aqualung,kv89KR8eE_E,Aqualung,Jethro Tull,5UuikgHTxSRFRnC0zXx10i,a1.00 t1.00,auto-ok
G4,official-pl-70s-hard,Black Sabbath,Iron Man,qRcYjJQ0JHg,Iron Man (2012 Remaster),Black Sabbath,0vJYFKg9z1IvZiQUyX19cD,a1.00 t1.00,auto-ok
G4,official-pl-70s-hard,Pink Floyd,Wish You Were Here,jxTXV4J4eUY,Wish You Were Here,Pink Floyd,6mFkJmJqdDVQ1REhVfGgd1,a1.00 t1.00,auto-ok
G4,official-pl-70s-hard,Yes,Roundabout,QOrrNM4md8c,Roundabout - 2024 Remaster,Yes,466C6kwoJHLUJ8VHG98hCY,a1.00 t1.00,auto-ok
G4,official-pl-70s-hard,The Clash,London Calling,EfK-WX2pa8c,London Calling,The Clash,124Y9LPRCAz3q2OP0iCvcJ,a1.00 t1.00,auto-ok
G4,official-pl-70s-hard,Pink Floyd,Comfortably Numb,_FrOQC-zEog,Comfortably Numb,Pink Floyd,5HNCy40Ni5BZJFw1TKzRsC,a1.00 t1.00,auto-ok
G4,official-pl-70s-hard,Lynyrd Skynyrd,Sweet Home Alabama,ye5BuYf8q4o,Sweet Home Alabama,Lynyrd Skynyrd,7e89621JPkKaeDSTQ3avtg,a1.00 t1.00,auto-ok
G4,official-pl-70s-hard,Santana,Black Magic Woman,wyQUCYl-ocs,Black Magic Woman,Santana,4nmne9J3YCEdhvjTzwiAgu,a1.00 t1.00,auto-ok
G4,official-pl-70s-hard,America,A Horse with No Name,na47wMFfQCo,A Horse with No Name,America / George Martin,54eZmuggBFJbV7k248bTTt,a1.00 t1.00,auto-ok
G4,official-pl-70s-hard,Black Sabbath,Paranoid,0qanF-91aJo,Paranoid,Black Sabbath,3hwuHzRicnu6Ji9i1JLzor,a1.00 t1.00,auto-ok
G4,official-pl-2020s-easy,Tones and I,Dance Monkey,q0hyYWKXF0Q,Dance Monkey,Tones And I,2XU0oxnq2qxCpomAAuJY8K,a1.00 t1.00,auto-ok
G4,official-pl-2020s-easy,Ed Sheeran,Shivers,Il0S8BoucSA,Shivers,Ed Sheeran,50nfwKoDiSYg8zOCREWAm5,a1.00 t1.00,auto-ok
G4,official-pl-2020s-easy,Beyoncé,Break My Soul,yjki-9Pthh0,BREAK MY SOUL,Beyoncé,5pyoxDZ1PX0KxBxiRVxA4U,a1.00 t1.00,auto-ok
G4,official-pl-2020s-easy,Sam Smith & Kim Petras,Unholy,Uq9gPaIzbe8,Unholy (feat. Kim Petras),Sam Smith / Kim Petras,3nqQXoyQOWXiESFLlDF1hG,a1.00 t1.00,auto-ok
G4,official-pl-2020s-easy,Roddy Ricch,The Box,uLHqpjW3aDs,The Box,Roddy Ricch,0nbXyq5TXYPCO7pr3N8S4I,a1.00 t1.00,auto-ok
G4,official-pl-2020s-easy,Post Malone,Circles,wXhTHyIgQ_U,Circles,Post Malone,21jGcNKet2qwijlDFuPiPb,a1.00 t1.00,auto-ok
G4,official-pl-2020s-easy,Post Malone & Swae Lee,Sunflower,ApXoWvfEYVU,Sunflower - Spider-Man: Into the Spider-Verse,Post Malone / Swae Lee,3KkXRkHbMCARz0aVfEt68P,a1.00 t1.00,auto-ok
G4,official-pl-2020s-easy,Ariana Grande,34+35,B6_iQvaIjXw,34+35,Ariana Grande,6Im9k8u9iIzKMrmV7BWtlF,a1.00 t1.00,auto-ok
G4,official-pl-2020s-easy,Lewis Capaldi,Before You Go,Jtauh8GcxBY,Before You Go,Lewis Capaldi,2gMXnyrvIjhVBUZwvLZDMP,a1.00 t1.00,auto-ok
G4,official-pl-2020s-easy,Halsey,Without Me,ZAfAud_M_mg,Without Me,Halsey,6FZDfxM3a3UCqtzo5pxSLZ,a1.00 t1.00,auto-ok
G4,official-pl-2020s-easy,Lewis Capaldi,Someone You Loved,zABLecsR5UE,Someone You Loved,Lewis Capaldi,7qEHsqek33rTcFNT9PFqLf,a1.00 t1.00,auto-ok
G4,official-pl-2020s-easy,Maroon 5,Memories,SlPhMPnQ58k,Memories,Maroon 5,4cktbXiXOapiLBMprHFErI,a1.00 t1.00,auto-ok
G4,official-pl-2020s-easy,Justin Bieber,Yummy,8EJ3zbKTWQ8,Yummy,Justin Bieber,16wAOAZ2OkqoIDN7TpChjR,a1.00 t1.00,auto-ok
G4,official-pl-2020s-easy,Doja Cat,Say So,pok8H_KF1FA,Say So,Doja Cat,3Dv1eDb0MEgF93GpLXlucZ,a1.00 t1.00,auto-ok
G4,official-pl-2020s-easy,Doja Cat,Paint The Town Red,pw4ANrErqFM,Paint The Town Red,Doja Cat,2IGMVunIBsBLtEQyoI1Mu7,a1.00 t1.00,auto-ok
G4,official-pl-2020s-easy,Billie Eilish & Khalid,Lovely,V1Pl8CzNzCw,lovely (with Khalid),Billie Eilish / Khalid,0u2P5u6lvoDfwTYjAADbn4,a1.00 t1.00,auto-ok
G4,official-pl-2020s-easy,JVKE,Golden Hour,PEM0Vs8jf1w,golden hour,JVKE,4yNk9iz9WVJikRFle3XEvn,a1.00 t1.00,auto-ok
G4,official-pl-2020s-easy,Lady Gaga & Bruno Mars,Die With A Smile,kPa7bsKwL-c,Die With A Smile,Lady Gaga / Bruno Mars,2plbrEY59IikOBgBGLjaoe,a1.00 t1.00,auto-ok
G4,official-pl-2020s-easy,Cardi B,Up,rCiBgLOcuKU,Up,Cardi B,1XXimziG1uhM0eDNCZCrUl,a1.00 t1.00,auto-ok
G4,official-pl-2020s-easy,Imagine Dragons & JID,Enemy,D9G1VOjN_84,Enemy (with JID) - from the series Arcane League of Legends,Imagine Dragons / JID / Arcane / League of Legends,1r9xUipOqoNwggBpENDsvJ,a1.00 t1.00,auto-ok
G4,official-pl-2020s-easy,Lizzo,Good As Hell,SmbmeOgWsqE,Good as Hell,Lizzo,6KgBpzTuTRPebChN0VTyzV,a1.00 t1.00,auto-ok
G4,official-pl-2020s-easy,Imagine Dragons,Believer,7wtfhZwyrcc,Believer,Imagine Dragons,0pqnGHJpmpxLKifKRmU6WP,a1.00 t1.00,auto-ok
G4,official-pl-2020s-easy,Masked Wolf,Astronaut In The Ocean,MEg-oqI9qmw,Astronaut In The Ocean,Masked Wolf,3Ofmpyhv5UAQ70mENzB277,a1.00 t1.00,auto-ok
G4,official-pl-2020s-easy,Silk Sonic,Smokin Out The Window,GG7fLOmlhYg,Smokin Out The Window,Bruno Mars / Anderson .Paak / Silk Sonic,1oERlssLrpssCAY6Yqqs6c,a1.00 t1.00,auto-ok
G4,official-pl-2020s-easy,The Weeknd ft. Daft Punk,Starboy,34Na4j8AVgA,Starboy,The Weeknd / Daft Punk,7MXVkk9YMctZqd1Srtv4MB,a1.00 t1.00,auto-ok
G4,official-pl-2020s-easy,OneRepublic,I Ain't Worried,mNEUkkoUoIA,I Ain't Worried,OneRepublic,4h9wh7iOZ0GGn8QVp4RAOB,a1.00 t1.00,auto-ok
G4,official-pl-2020s-easy,Dua Lipa,Levitating,WHuBW3qKm9g,Levitating,Dua Lipa,39LLxExYz6ewLAcYrzQQyP,a1.00 t1.00,auto-ok
G4,official-pl-2020s-easy,Harry Styles,As It Was,V1Z586zoeeE,As It Was,Harry Styles,4Dvkj6JhhA12EX05fT7y2e,a1.00 t1.00,auto-ok
G4,official-pl-2020s-easy,Harry Styles,Watermelon Sugar,7-x3uD5z1bQ,Watermelon Sugar,Harry Styles,6UelLqGlWMcVH1E5c4H7lY,a1.00 t1.00,auto-ok
G4,official-pl-2020s-easy,Justin Bieber,Peaches,ay9y3CTkT40,Peaches (feat. Daniel Caesar & Giveon),Justin Bieber / Daniel Caesar / GIVĒON,4iJyoBOLtHqaGxP12qzhQI,a1.00 t1.00,auto-ok
G4,official-pl-2020s-easy,The Weeknd,Blinding Lights,fHI8X4OXluQ,Blinding Lights,The Weeknd,0VjIjW4GlUZAMYd2vXMi3b,a1.00 t1.00,auto-ok
G4,official-pl-2020s-easy,Miley Cyrus,Flowers,SWpAYbgHmTo,Flowers,Miley Cyrus,7DSAEUvxU8FajXtRloy8M0,a1.00 t1.00,auto-ok
G4,official-pl-2020s-easy,Ed Sheeran,Bad Habits,HeOpRzcqKrE,Bad Habits,Ed Sheeran,3rmo8F54jFF8OgYsqTxm5d,a1.00 t1.00,auto-ok
G4,official-pl-2020s-easy,Rema,Calm Down,h1iXtgCOCxo,Calm Down,Rema,6hgoYQDUcPyCz7LcTUHKxa,a1.00 t1.00,auto-ok
G4,official-pl-2020s-easy,Tame Impala,The Less I Know The Better,2SUwOgmvzK4,The Less I Know The Better,Tame Impala,6K4t31amVTZDgR3sKmwUJJ,a1.00 t1.00,auto-ok
G4,official-pl-2020s-easy,Ariana Grande,Positions,tcYodQoapMg,positions,Ariana Grande,35mvY5S1H3J2QZyna3TFe0,a1.00 t1.00,auto-ok
G4,official-pl-2020s-easy,Taylor Swift,Cruel Summer,ic8j13piAhQ,Cruel Summer,Taylor Swift,1BxfuPKGuaTgP7aM0Bbdwr,a1.00 t1.00,auto-ok
G4,official-pl-2020s-easy,Dua Lipa,Don't Start Now,oygrmJFKYZY,Don't Start Now,Dua Lipa,3PfIrDoz19wz7qK7tYeu62,a1.00 t1.00,auto-ok
G4,official-pl-2020s-easy,BTS,Dynamite,gdZLi9oWNZg,Dynamite,BTS,5QDLhrAOJJdNAmCTJ8xMyW,a1.00 t1.00,auto-ok
G4,official-pl-2020s-easy,Lady Gaga & Ariana Grande,Rain On Me,AoAm4om0wTs,Rain On Me (with Ariana Grande),Lady Gaga / Ariana Grande,7ju97lgwC2rKQ6wwsf9no9,a1.00 t1.00,auto-ok
G4,official-pl-2020s-easy,Maroon 5 ft. Megan Thee Stallion,Beautiful Mistakes,BSzSn-PRdtI,Beautiful Mistakes (feat. Megan Thee Stallion),Maroon 5 / Megan Thee Stallion,5zFglKYiknIxks8geR8rcL,a1.00 t1.00,auto-ok
G4,official-pl-2020s-easy,Megan Thee Stallion,Savage,EOxj2ROIxok,Savage,Megan Thee Stallion,55CHeLEfn5iJ0IIkgaa4si,a1.00 t1.00,auto-ok
G4,official-pl-2020s-easy,Coldplay & BTS,My Universe,3YqPKLZF_WU,My Universe,Coldplay / BTS,46HNZY1i7O6jwTA7Slo2PI,a1.00 t1.00,auto-ok
G4,official-pl-2020s-easy,The Weeknd,Save Your Tears,XXYlFuWEuKI,Save Your Tears,The Weeknd,5QO79kh1waicV47BqGRL3g,a1.00 t1.00,auto-ok
G4,official-pl-2020s-easy,Kate Bush,Running Up That Hill,wp43OdtAAkM,Running Up That Hill (A Deal With God),Kate Bush,1PtQJZVZIdWIYdARpZRDFO,a1.00 t1.00,auto-ok
G4,official-pl-2020s-easy,Billie Eilish,Therefore I Am,RUQl6YcMalg,Therefore I Am,Billie Eilish,20R4HfKloPKgXDqU7UKk3x,a1.00 t1.00,auto-ok
G4,official-pl-2020s-easy,Doja Cat ft. SZA,Kiss Me More,0EVVKs6DQLo,Kiss Me More (feat. SZA),Doja Cat / SZA,3DarAbFujv6eYNliUTyqtz,a1.00 t1.00,auto-ok
G4,official-pl-2020s-easy,BTS,Butter,WMweEpGlu_U,Butter,BTS,1mWdTewIgB3gtBM3TOSFhB,a1.00 t1.00,auto-ok
G4,official-pl-2020s-easy,Lil Nas X,Montero (Call Me By Your Name),6swmTBVI83k,MONTERO (Call Me By Your Name),Lil Nas X,67BtfxlNbhBmCDR2L2l8qd,a1.00 t1.00,auto-ok
G4,official-pl-2020s-easy,Cardi B & Megan Thee Stallion,WAP,hsm4poTWjMs,WAP (feat. Megan Thee Stallion),Cardi B / Megan Thee Stallion,4Oun2ylbjFKMPTiaSbbCih,a1.00 t1.00,auto-ok
G4,official-pl-2020s-easy,Taylor Swift,Anti-Hero,pGHK4UPCtXk,Anti-Hero,Taylor Swift,0V3wPSX9ygBnCm8psDIegu,a1.00 t1.00,auto-ok
G4,official-pl-2020s-easy,Sabrina Carpenter,Espresso,51zjlMhdSTE,Espresso,Sabrina Carpenter,2qSkIjg1o9h3YT9RAgYN75,a1.00 t1.00,auto-ok
G4,official-pl-2020s-easy,Taylor Swift ft. Post Malone,Fortnight,q3zqJs7JUCQ,Fortnight (feat. Post Malone),Taylor Swift / Post Malone,2OzhQlSqBEmt7hmkYxfT6m,a1.00 t1.00,auto-ok
G4,official-pl-2020s-easy,Glass Animals,Heat Waves,KT7F15T9VBI,Heat Waves,Glass Animals,3USxtqRwSYz57Ewm6wWRMp,a1.00 t1.00,auto-ok
G4,official-pl-2020s-easy,Olivia Rodrigo,drivers license,2PRvp-mP_q0,drivers license,Olivia Rodrigo,5wANPM4fQCJwkGd4rN57mH,a1.00 t1.00,auto-ok
G4,official-pl-2020s-easy,Adele,Easy On Me,U3ASj1L6_sY,Easy On Me,Adele,0gplL1WMoJ6iYaPgMCL0gX,a1.00 t1.00,auto-ok
G4,official-pl-2020s-easy,Billie Eilish,Happier Than Ever,5GJWxDKyk3A,Happier Than Ever,Billie Eilish,4RVwu0g32PAqgUiJoXsdF8,a1.00 t1.00,auto-ok
G4,official-pl-2020s-easy,Lil Nas X & Jack Harlow,Industry Baby,HCq1OcAEAm0,INDUSTRY BABY (feat. Jack Harlow),Lil Nas X / Jack Harlow,27NovPIUIRrOZoCHxABJwK,a1.00 t1.00,auto-ok
G4,official-pl-2020s-easy,Silk Sonic,Leave The Door Open,adLGHcj_fmA,Leave The Door Open,Bruno Mars / Anderson .Paak / Silk Sonic,4pryE6cN2gFL1FVF5fYINl,a1.00 t1.00,auto-ok
G4,official-pl-2020s-easy,Olivia Rodrigo,good 4 u,gNi_6U5Pm_o,good 4 u,Olivia Rodrigo,4ZtFanR9U6ndgddUvNcjcG,a1.00 t1.00,auto-ok
G4,official-pl-2020s-easy,The Kid LAROI & Justin Bieber,Stay,Qb8q4ijHk_M,STAY (with Justin Bieber),The Kid LAROI / Justin Bieber,5HCyWlXZPP0y6Gqq8TgA20,a1.00 t1.00,auto-ok
G4,official-pl-films-easy,Ray Parker Jr.,Ghostbusters,TgNWyBXBC0E,Ghostbusters,Ray Parker Jr.,3m0y8qLoznUYi73SUBP8GI,a1.00 t1.00,auto-ok
G4,official-pl-films-easy,Howard Shore,Concerning Hobbits (The Lord of the Rings),CL_3mlOPnGI,Concerning Hobbits,Howard Shore,644es5aYPJghtZLjM1rmSP,a1.00 t1.00,auto-ok
G4,official-pl-films-easy,Adele,Skyfall,DeumyOzKqgI,Skyfall,Adele,6VObnIkLVruX4UVyxWhlqm,a1.00 t1.00,auto-ok
G4,official-pl-films-easy,John Williams,Jurassic Park Theme,lDlU08RU7Tk,Jurassic Park Theme,John Williams / The Piano Guys,5F6nH9kNbB48FusY2hFH01,a1.00 t1.00,auto-ok
G4,official-pl-films-easy,John Williams,Hedwig's Theme (Harry Potter),wtHra9tFISY,Hedwig's Theme,John Williams,1n8NKQRg8LVHy7oUhUgbFF,a1.00 t1.00,auto-ok
G4,official-pl-films-easy,ABBA,Dancing Queen,xFrGuyw1V8s,Dancing Queen,ABBA,0GjEhVFGZW8afUYGChu3Rr,a1.00 t1.00,auto-ok
G4,official-pl-films-easy,Klaus Badelt,He's a Pirate (Pirates of the Caribbean),BuYf0taXoNw,He's a Pirate,Klaus Badelt,4AD2dterIUjNt1LFNI9Bvi,a1.00 t1.00,auto-ok
G4,official-pl-films-easy,Imagine Dragons,Believer,7wtfhZwyrcc,Believer,Imagine Dragons,0pqnGHJpmpxLKifKRmU6WP,a1.00 t1.00,auto-ok
G4,official-pl-films-easy,Auli'i Cravalho,How Far I'll Go,cPAbx5kgCJo,How Far I'll Go,Auli'i Cravalho / Disney,3KzemxaWSSiYtnzOokd0Rs,a1.00 t1.00,auto-ok
G4,official-pl-films-easy,Lalo Schifrin,Mission: Impossible Theme,q2Rc5BPjPq8,Mission: Impossible,Lalo Schifrin,0VlxbRzdOyA56BviBK9vkc,a1.00 t1.00,auto-ok
G4,official-pl-films-easy,Alan Silvestri,Back to the Future Main Theme,8083S4dXP3k,Back to the Future,Alan Silvestri / Deutsche Philharmonie Merck / Jason Weaver,73zA43d6tatcmo93dkvWSq,a1.00 t1.00,auto-ok
G4,official-pl-films-easy,Lady Gaga & Bradley Cooper,Shallow,bo_efYhYU2A,Shallow,Lady Gaga / Bradley Cooper,2VxeLyX666F8uXCJ0dZF8B,a1.00 t1.00,auto-ok
G4,official-pl-films-easy,Kenny Loggins,Footloose,ltrMfT4Qz5Y,Footloose,Kenny Loggins,6W2VbtvMrDXm5vYeB7amkO,a1.00 t1.00,auto-ok
G4,official-pl-films-easy,The Righteous Brothers,Unchained Melody,qiiyq2xrSI0,Unchained Melody,The Righteous Brothers,2qhASBzpbFhPRtrnZ5lLnz,a1.00 t1.00,auto-ok
G4,official-pl-films-easy,Seal,Kiss from a Rose,AMD2TwRvuoU,Kiss from a Rose,Seal,3YKptz29AsOlm7WAVnztBh,a1.00 t1.00,auto-ok
G4,official-pl-films-easy,Rachel Platten,Fight Song,xo1VInw-SKc,Fight Song,Rachel Platten,37f4ITSlgPX81ad2EvmVQr,a1.00 t1.00,auto-ok
G4,official-pl-films-easy,Shakira,Try Everything,c6rP-YP4c5I,Try Everything,Shakira,1N3dZ7TTWO6VcD4Y3hHYLZ,a1.00 t1.00,auto-ok
G4,official-pl-films-easy,The Script ft. will.i.am,Hall of Fame,mk48xRzuNvA,Hall of Fame,The Script,0FB5ILDICqwK6xj7W1RP9u,a1.00 t1.00,auto-ok
G4,official-pl-films-easy,Phil Collins,In the Air Tonight,YkADj0TPrJA,In The Air Tonight - 2015 Remastered,Phil Collins,18AXbzPzBS8Y3AkgSxzJPb,a1.00 t1.00,auto-ok
G4,official-pl-films-easy,Katy Perry,Roar,CevxZvSJLk8,Roar,Katy Perry,6F5c58TMEs1byxUstkzVeM,a1.00 t1.00,auto-ok
G4,official-pl-films-easy,ABBA,Mamma Mia,unfzfe8f9NI,Mamma Mia,ABBA,2TxCwUlqaOH3TIyJqGgR91,a1.00 t1.00,auto-ok
G4,official-pl-films-easy,Vangelis,Chariots of Fire,8a-HfNE3EIo,Chariots Of Fire,Vangelis,6GxhckZeqoWNF9n9XS91HS,a1.00 t1.00,auto-ok
G4,official-pl-films-easy,Eminem,Lose Yourself,_Yhyp-_hX2s,Lose Yourself,Eminem,7MJQ9Nfxzh8LPZ9e9u68Fq,a1.00 t1.00,auto-ok
G4,official-pl-films-easy,Imagine Dragons,Radioactive,ktvTqknDobU,Radioactive,Imagine Dragons,62yJjFtgkhUrXktIoSjgP2,a1.00 t1.00,auto-ok
G4,official-pl-films-easy,Whitney Houston,I Will Always Love You,3JWTaaS7LdU,I Will Always Love You,Whitney Houston,4eHbdreAnSOrDDsFfc4Fpm,a1.00 t1.00,auto-ok
G4,official-pl-films-easy,Smash Mouth,All Star,L_jWHffIx5E,All Star,Smash Mouth,3cfOd4CMv2snFaKAnMdnvK,a1.00 t1.00,auto-ok
G4,official-pl-films-easy,Pharrell Williams,Happy,ZbZSe6N_BXs,"Happy - From ""Despicable Me 2""",Pharrell Williams,60nZcImufyMA1MKQY3dcCH,a1.00 t1.00,auto-ok
G4,official-pl-films-easy,Aerosmith,I Don't Want to Miss a Thing,JkK8g6FMEXE,"I Don't Want to Miss a Thing - From ""Armageddon"" Soundtrack",Aerosmith,225xvV8r1yKMHErSWivnow,a1.00 t1.00,auto-ok
G4,official-pl-films-easy,Ben E. King,Stand by Me,hwZNL7QVJjE,Stand By Me,Ben E. King,3SdTKo2uVsxFblQjpScoHy,a1.00 t1.00,auto-ok
G4,official-pl-films-easy,Goo Goo Dolls,Iris,NdYWuo9OFAw,Iris,The Goo Goo Dolls,6Qyc6fS4DsZjB2mRW9DsQs,a0.76 t1.00,review
G4,official-pl-films-easy,John Williams,Main Theme (Star Wars),e9lapdvLSGw,"Main Theme (From ""Sabrina"")",John Williams / Alexandre Tharaud / Antonio Pappano / Orchestra dell'Accademia Nazionale di Santa Cecilia,5QVVMKc5NINa1QuDJY2k7x,a1.00 t1.00,auto-ok
G4,official-pl-films-easy,Alan Silvestri,Feather Theme (Forrest Gump),ps_RXJ69iQA,Feather Theme (Forrest Gump),Alan Silvestri / Karen Smithies,6p8Dybk9rHO8MjJtkDnBU5,a1.00 t1.00,auto-ok
G4,official-pl-films-easy,Elton John,Circle of Life (The Lion King),IwH9YvhPN7c,Circle of Life,Elton John,5vKkaZHPzuqQheytfKuXzp,a1.00 t1.00,auto-ok
G4,official-pl-films-easy,Idina Menzel,Let It Go (Frozen),FnpJBkAMk44,"Let It Go - From ""Frozen""/Soundtrack Version",Idina Menzel,0qcr5FMsEO85NAQjrlDRKo,a1.00 t1.00,auto-ok
G4,official-pl-films-easy,Bee Gees,Stayin' Alive (Saturday Night Fever),fNFzfwLM72c,"Stayin' Alive - From ""Saturday Night Fever"" Soundtrack",Bee Gees,3mRM4NM8iO7UBqrSigCQFH,a1.00 t1.00,auto-ok
G4,official-pl-films-easy,Berlin,Take My Breath Away (Top Gun),Bx51eegLTY8,"Take My Breath Away - Love Theme from ""Top Gun""",Berlin,15MJ5NThPjj6xhPcts8MiY,a1.00 t1.00,auto-ok
G4,official-pl-films-easy,Elton John,Can You Feel the Love Tonight,KjgWWjkNbhU,Can You Feel the Love Tonight - End Title,Elton John,32RxZnEk5KyWUTZR4azxbD,a1.00 t1.00,auto-ok
G4,official-pl-films-easy,Tina Turner,GoldenEye,8K3BTWLXqPI,Goldeneye,Tina Turner,528QhCT2v3HgD71RmrSUNW,a1.00 t1.00,auto-ok
G4,official-pl-films-easy,Simon & Garfunkel,Mrs. Robinson,9C1BCAgu2I8,"Mrs. Robinson - From ""The Graduate"" Soundtrack",Simon & Garfunkel,0iOZM63lendWRTTeKhZBSC,a0.33 t1.00,no-match
G4,official-pl-films-easy,Simple Minds,Don't You (Forget About Me),CdqoNKCCt7A,Don't You (Forget About Me),Simple Minds,5Y8Rj0s6wuM5DlQdllYiWl,a1.00 t1.00,auto-ok
G4,official-pl-films-easy,Queen,Flash,LfmrHTdXgK4,Flash - Single Version,Queen,5aswWmjJLHBSYFknQjegfg,a1.00 t1.00,auto-ok
G4,official-pl-films-easy,Blue Swede,Hooked on a Feeling,NrI-UBIB8Jk,Hooked On A Feeling,Blue Swede / Björn Skifs,6Ac4NVYYl2U73QiTt11ZKd,a1.00 t1.00,auto-ok
G4,official-pl-films-easy,Kenny Loggins,Danger Zone,siwpn14IE7E,"Danger Zone - From ""Top Gun"" Original Soundtrack",Kenny Loggins,34x6hEJgGAOQvmlMql5Ige,a1.00 t1.00,auto-ok
G4,official-pl-films-easy,Survivor,Eye of the Tiger,btPJPFnesV4,Eye of the Tiger,Survivor,2HHtWyy5CgaQbC7XSoOb0e,a1.00 t1.00,auto-ok
G4,official-pl-films-easy,Steppenwolf,Born to Be Wild,rMbATaj7Il8,Born To Be Wild,Steppenwolf,2VPGmrcBw5X4yAu3B8UZNE,a1.00 t1.00,auto-ok
G4,official-pl-films-easy,Fall Out Boy,Centuries,LBr7kECsjcQ,Centuries,Fall Out Boy,04aAxqtGp5pv12UXAg4pkq,a1.00 t1.00,auto-ok
G4,official-pl-films-easy,Bill Medley & Jennifer Warnes,Time of My Life,4BQLE_RrTSU,"(I've Had) The Time Of My Life - From ""Dirty Dancing"" Soundtrack",Bill Medley / Jennifer Warnes,6W7ztLBiRzBN46ZaPAcQ0F,a1.00 t0.79,review
G4,official-pl-films-easy,Redbone,Come and Get Your Love,bc0KhhjJP98,Come and Get Your Love - Single Version,Redbone,7GVUmCP00eSsqc4tzj1sDD,a1.00 t1.00,auto-ok
G4,official-pl-films-easy,Judy Garland,Somewhere Over the Rainbow,PSZxmZmBfnU,Over The Rainbow,Judy Garland,568SEFtDjKr7N2PytpA6D5,a1.00 t0.62,review
G4,official-pl-films-easy,Idina Menzel,Into the Unknown,gIOyB9ZXn8s,Into the Unknown,Idina Menzel / AURORA,3Z0oQ8r78OUaHvGPiDBR3W,a1.00 t1.00,auto-ok
G4,official-pl-films-easy,Norman Greenbaum,Spirit in the Sky,AZQxH_8raCI,Spirit In The Sky - Deluxe Edition,Norman Greenbaum,0jvN7eQJJt4nxQzgQfZ1SP,a1.00 t1.00,auto-ok
G4,official-pl-films-easy,David Guetta ft. Sia,Titanium,JRfuAukYTKg,Titanium (feat. Sia),David Guetta / Sia,0TDLuuLlV54CkRRUOahJb4,a1.00 t1.00,auto-ok
G4,official-pl-films-easy,John Travolta & Olivia Newton-John,You're the One That I Want,7oKPYe53h78,You're The One That I Want - From “Grease”,John Travolta / Olivia Newton-John,0B9x2BRHqj3Qer7biM3pU3,a1.00 t1.00,auto-ok
G4,official-pl-films-easy,Vanessa Carlton,A Thousand Miles,Cwkej79U3ek,A Thousand Miles,Vanessa Carlton,4w1lzcaoZ1IC2K5TwjalRP,a1.00 t1.00,auto-ok
G4,official-pl-films-easy,Counting Crows,Accidentally in Love,3yqM--IMkX4,"Accidentally In Love - From ""Shrek 2"" Soundtrack",Counting Crows,7FQSD5JjWqGtS1BaQQiT6V,a1.00 t1.00,auto-ok
G4,official-pl-films-easy,Justin Timberlake,Can't Stop the Feeling!,ru0K8uYEZWw,"CAN'T STOP THE FEELING! (from DreamWorks Animation's ""TROLLS"")",Justin Timberlake,6JV2JOEocMgcZxYSZelKcc,a1.00 t1.00,auto-ok
G4,official-pl-films-easy,Sam Smith,Writing's on the Wall,8jzDnsjYv9A,"Writing's On The Wall - From ""Spectre"" Soundtrack",Sam Smith,1PWnAEQcbwQwK759otUbta,a1.00 t1.00,auto-ok
G4,official-pl-films-easy,Green Day,Boulevard of Broken Dreams,Soa3gO7tL-c,Boulevard of Broken Dreams,Green Day,1hwJKpe0BPUsq6UUrwBWTw,a1.00 t1.00,auto-ok
G4,official-pl-films-easy,Louis Armstrong,What a Wonderful World,VqhCQZaH4Vs,What A Wonderful World,Louis Armstrong,29U7stRjqHU6rMiS8BfaI9,a1.00 t1.00,auto-ok
G4,official-pl-films-easy,Peabo Bryson & Regina Belle,A Whole New World,eitDnP0_83k,A Whole New World (Aladdin's Theme),Peabo Bryson / Regina Belle,4tS8xQfyPGc7f4lJ1JP6BX,a1.00 t1.00,auto-ok
G4,official-pl-films-easy,Kanye West,Black Skinhead,q604eed4ad0,Black Skinhead,Kanye West,722tgOgdIbNe3BEyLnejw4,a1.00 t1.00,auto-ok
G4,official-pl-70s-easy,Bee Gees,Night Fever,SkypZuY6ZvA,"Night Fever - From ""Saturday Night Fever"" Soundtrack",Bee Gees,0qemIQjSxcKyf42VPfZnfa,a1.00 t1.00,auto-ok
G4,official-pl-70s-easy,Fleetwood Mac,Go Your Own Way,oiosqtFLBBA,Go Your Own Way - 2004 Remaster,Fleetwood Mac,07GvNcU1WdyZJq3XxP0kZa,a1.00 t1.00,auto-ok
G4,official-pl-70s-easy,Led Zeppelin,Whole Lotta Love,HQmmM_qwG4k,Whole Lotta Love - 1990 Remaster,Led Zeppelin,0hCB0YR03f6AmQaHbwWDe8,a1.00 t1.00,auto-ok
G4,official-pl-70s-easy,Lynyrd Skynyrd,Sweet Home Alabama,ye5BuYf8q4o,Sweet Home Alabama,Lynyrd Skynyrd,7e89621JPkKaeDSTQ3avtg,a1.00 t1.00,auto-ok
G4,official-pl-70s-easy,The Police,Message in a Bottle,MbXWrmQW-OE,Message In A Bottle,The Police,1oYYd2gnWZYrt89EBXdFiO,a1.00 t1.00,auto-ok
G4,official-pl-70s-easy,Simon & Garfunkel,The Sound of Silence,4zLfCnGVeL4,The Sound of Silence,Simon & Garfunkel,3YfS47QufnLDFA71FUsgCM,a0.33 t1.00,no-match
G4,official-pl-70s-easy,Aerosmith,Walk This Way,4B_UYYPb-Gk,Walk This Way,Aerosmith,4JfuiOWlWCkjP6OKurHjSn,a1.00 t1.00,auto-ok
G4,official-pl-70s-easy,ABBA,Dancing Queen,-sVB91NTa4A,Dancing Queen,ABBA,0GjEhVFGZW8afUYGChu3Rr,a1.00 t1.00,auto-ok
G4,official-pl-70s-easy,John Lennon,Imagine,VOgFZfRVaww,Imagine - Remastered 2010,John Lennon,7pKfPomDEeI4TPT6EOYjn9,a1.00 t1.00,auto-ok
G4,official-pl-70s-easy,Gerry Rafferty,Baker Street,Fo6aKnRnBxM,Baker Street,Gerry Rafferty,5gOd6zDC8vhlYjqbQdJVWP,a1.00 t1.00,auto-ok
G4,official-pl-70s-easy,Dire Straits,Sultans of Swing,0fAQhSRLQnM,Sultans Of Swing,Dire Straits,37Tmv4NnfQeb0ZgUC4fOJj,a1.00 t1.00,auto-ok
G4,official-pl-70s-easy,Rose Royce,Car Wash,3v8I5egzoMo,Car Wash,Rose Royce,1tJtx09XQnxaynZLOaTNfZ,a1.00 t1.00,auto-ok
G4,official-pl-70s-easy,Aerosmith,Dream On,89dGC8de0CA,Dream On,Aerosmith,5Ih9gbqyxCzTJ43nuSuKnC,a1.00 t1.00,auto-ok
G4,official-pl-70s-easy,The Police,Roxanne,3T1c7GkzRQQ,Roxanne,The Police,3EYOJ48Et32uATr9ZmLnAo,a1.00 t1.00,auto-ok
G4,official-pl-70s-easy,Boston,More Than a Feeling,oR4uKcvQbGQ,More Than a Feeling,Boston,1QEEqeFIZktqIpPI4jSVSF,a1.00 t1.00,auto-ok
G4,official-pl-70s-easy,Stevie Wonder,Sir Duke,s6fPN5aQVDI,Sir Duke,Stevie Wonder,4pNiE4LCVV74vfIBaUHm1b,a1.00 t1.00,auto-ok
G4,official-pl-70s-easy,Ram Jam,Black Betty,I_2D8Eo15wE,Black Betty,Ram Jam,6kooDsorCpWVMGc994XjWN,a1.00 t1.00,auto-ok
G4,official-pl-70s-easy,Stevie Wonder,Superstition,0CFuCYNx-1g,Superstition,Stevie Wonder,4N0TP4Rmj6QQezWV88ARNJ,a1.00 t1.00,auto-ok
G4,official-pl-70s-easy,America,A Horse with No Name,zSAJ0l4OBHM,A Horse with No Name,America / George Martin,54eZmuggBFJbV7k248bTTt,a1.00 t1.00,auto-ok
G4,official-pl-70s-easy,Marvin Gaye,What's Going On,o5TmORitlKk,What's Going On,Marvin Gaye,3Um9toULmYFGCpvaIPFw7l,a1.00 t1.00,auto-ok
G4,official-pl-70s-easy,Diana Ross,Ain't No Mountain High Enough,IC5PL0XImjw,Ain't No Mountain High Enough,Diana Ross,1KbuhBnzMHp4eq1q6flhWd,a1.00 t1.00,auto-ok
G4,official-pl-70s-easy,David Bowie,Heroes,lXgkuM2NhYI,"""Heroes"" - 2017 Remaster",David Bowie,7Jh1bpe76CNTCgdgAdBw4Z,a1.00 t1.00,auto-ok
G4,official-pl-70s-easy,David Bowie,Fame,J-_30HA7rec,Fame - 2016 Remaster,David Bowie,1PehfITh0TTRx3LkDdV4h3,a1.00 t1.00,auto-ok
G4,official-pl-70s-easy,Black Sabbath,Paranoid,0qanF-91aJo,Paranoid,Black Sabbath,3hwuHzRicnu6Ji9i1JLzor,a1.00 t1.00,auto-ok
G4,official-pl-70s-easy,Norman Greenbaum,Spirit in the Sky,AZQxH_8raCI,Spirit In The Sky - Deluxe Edition,Norman Greenbaum,0jvN7eQJJt4nxQzgQfZ1SP,a1.00 t1.00,auto-ok
G4,official-pl-70s-easy,The Trammps,Disco Inferno,zcua9XzKVas,Disco Inferno,The Trammps,5jUA1njy3h6ynHLvPdEVHt,a1.00 t1.00,auto-ok
G4,official-pl-70s-easy,Blue Swede,Hooked on a Feeling,NrI-UBIB8Jk,Hooked On A Feeling,Blue Swede / Björn Skifs,6Ac4NVYYl2U73QiTt11ZKd,a1.00 t1.00,auto-ok
G4,official-pl-70s-easy,Sex Pistols,God Save the Queen,yqrAPOZxgzU,God Save The Queen,Sex Pistols,2mHchPRtQWet3iIS3jANr1,a1.00 t1.00,auto-ok
G4,official-pl-70s-easy,Steve Miller Band,The Joker,FgDa_cpgHWs,The Joker,Steve Miller Band,1bp2IO61zbQrbWNmKKxg3f,a1.00 t1.00,auto-ok
G4,official-pl-70s-easy,Bruce Springsteen,Born to Run,IxuThNgl3YA,Born to Run,Bruce Springsteen,6hTcuIQa0sxrrByu9wTD7s,a1.00 t1.00,auto-ok
G4,official-pl-70s-easy,ABBA,Mamma Mia,U4Sm7v6PDY8,Mamma Mia,ABBA,2TxCwUlqaOH3TIyJqGgR91,a1.00 t1.00,auto-ok
G4,official-pl-70s-easy,Gloria Gaynor,I Will Survive,6dYWe1c3OyU,I Will Survive,Gloria Gaynor,7rIovIsXE6kMn629b7kDig,a1.00 t1.00,auto-ok
G4,official-pl-70s-easy,Don McLean,American Pie,PRpiBpDy7MQ,American Pie,Don McLean,1fDsrQ23eTAVFElUMaf38X,a1.00 t1.00,auto-ok
G4,official-pl-70s-easy,Eagles,Hotel California,dLl4PZtxia8,Hotel California - 2013 Remaster,Eagles,40riOy7x9W7GXjyGp4pjAv,a1.00 t1.00,auto-ok
G4,official-pl-70s-easy,Donna Summer,Hot Stuff,PrMw6vzMUuU,Hot Stuff,Donna Summer,2zMJN9JvDlvGP4jB03l1Bz,a1.00 t1.00,auto-ok
G4,official-pl-70s-easy,Carpenters,We've Only Just Begun,__VQX2Xn7tI,We've Only Just Begun,Carpenters,7nXZCcFAy1oCKQG2SqLszv,a1.00 t1.00,auto-ok
G4,official-pl-70s-easy,Fleetwood Mac,Dreams,mrZRURcb1cM,Dreams - 2004 Remaster,Fleetwood Mac,0ofHAoxe9vBkTCp2UQIavz,a1.00 t1.00,auto-ok
G4,official-pl-70s-easy,Queen,Bohemian Rhapsody,fJ9rUzIMcZQ,Bohemian Rhapsody,Queen,3z8h0TU7ReDPLIbEnYhWZb,a1.00 t1.00,auto-ok
G4,official-pl-70s-easy,Boney M.,Rasputin,16y1AkoZkmQ,Rasputin,Boney M.,5lWSa1rmuSL6OBPOnkAqoa,a1.00 t1.00,auto-ok
G4,official-pl-70s-easy,"Earth, Wind & Fire",Boogie Wonderland,god7hAPv8f0,Boogie Wonderland (with The Emotions),"Earth, Wind & Fire / The Emotions",6ztstiyZL6FXzh4aG46ZPD,a0.33 t1.00,no-match
G4,official-pl-70s-easy,Eric Clapton,I Shot the Sheriff,fZRePZ1OqQE,I Shot The Sheriff,Eric Clapton,0UOxp1BpnD8uPQMKU4wKjz,a1.00 t1.00,auto-ok
G4,official-pl-70s-easy,Blondie,Heart of Glass,WGU_4-5RaxU,Heart Of Glass,Blondie,41AE8ODX2JETBCa6muhSLY,a1.00 t1.00,auto-ok
G4,official-pl-70s-easy,Neil Diamond,Sweet Caroline,1vhFnTjia_I,Sweet Caroline,Neil Diamond,62AuGbAkt8Ox2IrFFb8GKV,a1.00 t1.00,auto-ok
G4,official-pl-70s-easy,Elton John,Rocket Man,DtVBCG6ThDk,"Rocket Man (I Think It's Going To Be A Long, Long Time)",Elton John,3gdewACMIVMEWVbyb8O9sY,a1.00 t1.00,auto-ok
G4,official-pl-70s-easy,Chic,Le Freak,h1qQ1SKNlgY,Le Freak,CHIC,4qL9VYPB4XwJKAOq4xn2Mh,a1.00 t1.00,auto-ok
G4,official-pl-70s-easy,KISS,Rock and Roll All Nite,ZhIsAZO5gl0,Rock And Roll All Nite - 2025 Remaster,KISS,1Buwv1iql0YsxftE5LHIgq,a1.00 t1.00,auto-ok
G4,official-pl-70s-easy,Rod Stewart,Da Ya Think I'm Sexy?,Hphwfq1wLJs,Da Ya Think I'm Sexy?,Rod Stewart,4z7maGZkAonDlXlwo8q69f,a1.00 t1.00,auto-ok
G4,official-pl-70s-easy,Roxy Music,Love Is the Drug,0n3OepDn5GU,Love Is The Drug,Roxy Music,3wtMkvedoWMQ3XTKv7tqcZ,a1.00 t1.00,auto-ok
G4,official-pl-70s-easy,Simon & Garfunkel,Bridge Over Troubled Water,4G-YQA_bsOU,Bridge Over Troubled Water,Simon & Garfunkel,6l8EbYRtQMgKOyc1gcDHF9,a0.33 t1.00,no-match
G4,official-pl-70s-easy,Village People,Y.M.C.A.,Q7c9gopd69k,Y.M.C.A,Village People,2MtwLMtwLU17payh5C4fYG,a1.00 t1.00,auto-ok
G4,official-pl-70s-easy,Queen,We Are the Champions,aRlk72bQK90,We Are The Champions - Remastered 2011,Queen,1lCRw5FEZ1gPDNPzy1K4zW,a1.00 t1.00,auto-ok
G4,official-pl-70s-easy,The Beatles,Let It Be,CGj85pVzRJs,Let It Be - Remastered 2009,The Beatles,7iN1s7xHE4ifF5povM6A48,a1.00 t1.00,auto-ok
G4,official-pl-70s-easy,The Knack,My Sharona,uRLuIm2Bjgk,My Sharona,The Knack,1HOMkjp0nHMaTnfAkslCQj,a1.00 t1.00,auto-ok
G4,official-pl-70s-easy,Roberta Flack,Killing Me Softly with His Song,DEbi_YjpA-Y,Killing Me Softly With His Song,Roberta Flack,3gsCAGsWr6pUm1Vy7CPPob,a1.00 t1.00,auto-ok
G4,official-pl-70s-easy,Procol Harum,A Whiter Shade of Pale,Mb3iPP-tHdA,A Whiter Shade of Pale - Original Single Version,Procol Harum,7DsQgIwg23u9gooCxkRTu3,a1.00 t1.00,auto-ok
G4,official-pl-70s-easy,Wild Cherry,Play That Funky Music,MDZsNksbw2Q,Play That Funky Music,Wild Cherry,5uuJruktM9fMdN9Va0DUMl,a1.00 t1.00,auto-ok
G4,official-pl-70s-easy,John Travolta & Olivia Newton-John,You're the One That I Want,7oKPYe53h78,You're The One That I Want - From “Grease”,John Travolta / Olivia Newton-John,0B9x2BRHqj3Qer7biM3pU3,a1.00 t1.00,auto-ok
G4,official-pl-70s-easy,Bill Withers,Lean on Me,KEXQkrllGbA,Lean on Me,Bill Withers,5zCJvrT3C7cIfHsR5iG95l,a1.00 t1.00,auto-ok
G4,official-pl-70s-easy,"Earth, Wind & Fire",September,Gs069dndIYk,September,"Earth, Wind & Fire",2grjqo0Frpf2okIBiifQKs,a0.33 t1.00,no-match
G4,official-pl-70s-easy,Steppenwolf,Born to Be Wild,rMbATaj7Il8,Born To Be Wild,Steppenwolf,2VPGmrcBw5X4yAu3B8UZNE,a1.00 t1.00,auto-ok
G5,official-pl-reprises-celebres,Whitney Houston,I Will Always Love You,3JWTaaS7LdU,I Will Always Love You,Whitney Houston,4eHbdreAnSOrDDsFfc4Fpm,a1.00 t1.00,auto-ok
G5,official-pl-reprises-celebres,KC and the Sunshine Band,That's the Way (I Like It),q3svW8PM_jc,That's the Way (I Like It),KC & The Sunshine Band,7s3FSodLpnKMzeMj17G5d0,a0.83 t1.00,auto-ok
G5,official-pl-reprises-celebres,Bananarama,Venus,d4-1ASpdT1Y,Venus,Bananarama,4XX1pFUkQOZTYp6Hb6a6Ae,a1.00 t1.00,auto-ok
G5,official-pl-reprises-celebres,The Foundations,Build Me Up Buttercup,iol0B-clFFM,Build Me Up Buttercup - Mono,The Foundations,1tfZtA15BfJHQTUy3dqTKC,a1.00 t1.00,auto-ok
G5,official-pl-reprises-celebres,Bad Wolves,Zombie,9XaS93WMRQQ,Zombie,Bad Wolves,5d8Wq39QLT6OQWsY9paz5n,a1.00 t1.00,auto-ok
G5,official-pl-reprises-celebres,Sinéad O'Connor,Nothing Compares 2 U,09FLUZWzshY,Nothing Compares 2 U,Sinéad O'Connor,5GHY1DFWKz3Prg2V0Iodqo,a1.00 t1.00,auto-ok
G5,official-pl-reprises-celebres,Run-D.M.C.,Walk This Way,4B_UYYPb-Gk,Walk This Way (feat. Aerosmith),Run–D.M.C. / Aerosmith,6qUEOWqOzu1rLPUPQ1ECpx,a1.00 t1.00,auto-ok
G5,official-pl-reprises-celebres,Soft Cell,Tainted Love,PE0Wu1ivS7Q,Tainted Love,Soft Cell,0cGG2EouYCEEC3xfa0tDFV,a1.00 t1.00,auto-ok
G5,official-pl-reprises-celebres,Marilyn Manson,Sweet Dreams (Are Made of This),YxAiZolzGbM,Sweet Dreams (Are Made Of This),Marilyn Manson,2302lUwfZ4S4dVyPOCDFnQ,a1.00 t1.00,auto-ok
G5,official-pl-reprises-celebres,Jimi Hendrix,All Along the Watchtower,TLV4_xaYynY,All Along the Watchtower,Jimi Hendrix,2aoo2jlRnM3A0NyLQqMN2f,a1.00 t1.00,auto-ok
G5,official-pl-reprises-celebres,Deep Purple,Hush,W1PNvopXjbg,Hush - 1998 Remaster,Deep Purple,2Vim06YsRb4uJRpbeq6NR6,a1.00 t1.00,auto-ok
G5,official-pl-reprises-celebres,Johnny Cash,Hurt,8AHCfZTRGiI,Hurt,Johnny Cash,28cnXtME493VX9NOw9cIUh,a1.00 t1.00,auto-ok
G5,official-pl-reprises-celebres,Alien Ant Farm,Smooth Criminal,NPgU30c6x4Y,Smooth Criminal,Alien Ant Farm,5z6xHjCZr7a7AIcy8sPBKy,a1.00 t1.00,auto-ok
G5,official-pl-reprises-celebres,Quiet Riot,Cum on Feel the Noize,ZxgMGk9JPVA,Cum on Feel the Noize,Quiet Riot,3vV3cr2TpPqFk07zxYUbla,a1.00 t1.00,auto-ok
G5,official-pl-reprises-celebres,Eric Clapton,I Shot the Sheriff,5MIVvnQHxeM,I Shot The Sheriff,Eric Clapton,0UOxp1BpnD8uPQMKU4wKjz,a1.00 t1.00,auto-ok
G5,official-pl-reprises-celebres,Muse,Feeling Good,CmwRQqJsegw,Feeling Good,Muse,5PK1JCSdr34gWgzYHgt3Jq,a1.00 t1.00,auto-ok
G5,official-pl-reprises-celebres,Etta James,At Last,S-cbOl96RFM,At Last,Etta James,4Hhv2vrOTy89HFRcjU3QOx,a1.00 t1.00,auto-ok
G5,official-pl-reprises-celebres,Madness,It Must Be Love,vmezIIrFQmY,It Must Be Love,Madness,1rzv8kSbkExz2wIQ4EYRql,a1.00 t1.00,auto-ok
G5,official-pl-reprises-celebres,Jet,Are You Gonna Be My Girl,tuK6n2Lkza0,Are You Gonna Be My Girl,Jet,72zZfHPYx43shcP3eKkYi5,a1.00 t1.00,auto-ok
G5,official-pl-reprises-celebres,Darius Rucker,Wagon Wheel,hvKyBcCDOB4,Wagon Wheel,Darius Rucker,3xdjjKMcMOFgo1eQrfbogM,a1.00 t1.00,auto-ok
G5,official-pl-reprises-celebres,Norah Jones,Don't Know Why,tO4dxvguQDk,Don't Know Why,Norah Jones,1zNXF2svmdlNxfS5XeNUgr,a1.00 t1.00,auto-ok
G5,official-pl-reprises-celebres,Madcon,Beggin',8WYHDfJDPDc,Beggin - Original Version,Madcon,7eXrGBrl1mBKhxlWX0IoOQ,a1.00 t1.00,auto-ok
G5,official-pl-reprises-celebres,Laura Branigan,Gloria,nNEb2k_EmMg,Gloria,Laura Branigan,1mskmld5ZKEhRaNvYVPoqZ,a1.00 t1.00,auto-ok
G5,official-pl-reprises-celebres,Prince,Kiss,H9tEvfIsDyo,Kiss,Prince,62LJFaYihsdVrrkgUOJC05,a1.00 t1.00,auto-ok
G5,official-pl-reprises-celebres,The Black Crowes,Hard to Handle,mtLbE3IUY2U,Hard To Handle,The Black Crowes,05NYcsjJwOYq4jIiKPVj9p,a1.00 t1.00,auto-ok
G5,official-pl-reprises-celebres,Frankie Valli,Can't Take My Eyes Off You,NGFToiLtXro,Can't Take My Eyes off You,Frankie Valli,6ft9PAgNOjmZ2kFVP7LGqb,a1.00 t1.00,auto-ok
G5,official-pl-reprises-celebres,The Buggles,Video Killed the Radio Star,W8r-tXRLazs,Video Killed The Radio Star,The Buggles,7o7E1nrHWncYY7PY94gCiX,a1.00 t1.00,auto-ok
G5,official-pl-reprises-celebres,The Beatles,Something,UelDrZ1aFeY,Something - Remastered 2009,The Beatles,0pNeVovbiZHkulpGeOx1Gj,a1.00 t1.00,auto-ok
G5,official-pl-reprises-celebres,The Righteous Brothers,Unchained Melody,qiiyq2xrSI0,Unchained Melody,The Righteous Brothers,2qhASBzpbFhPRtrnZ5lLnz,a1.00 t1.00,auto-ok
G5,official-pl-reprises-celebres,Adele,Rolling in the Deep,rYEDA3JcQqw,Rolling in the Deep,Adele,4OSBTYWVwsQhGLF9NHvIbR,a1.00 t1.00,auto-ok
G5,official-pl-reprises-celebres,Adele,Make You Feel My Love,0put0_a--Ng,Make You Feel My Love,Adele,273QnyCvJB65rScHJ1nPZb,a1.00 t1.00,auto-ok
G5,official-pl-reprises-celebres,Fugees,Killing Me Softly with His Song,oKOtzIo-uYw,Killing Me Softly With His Song,Fugees / Ms. Lauryn Hill,0Q0IVlqMV64kNLlwjPj0Hl,a1.00 t1.00,auto-ok
G2,official-pl-roadtrip,Van Halen,Jump,SwYN7mTi6HM,Jump,Van Halen,6Fba9RZtC6vTY814JToDtP,a1.00 t1.00,auto-ok
G2,official-pl-roadtrip,Tom Petty,Running Down a Dream,Y1D3a5eDJIs,Running Down a Dream,Tom Petty,42H1F6a8AoeFoAwQPpyOpS,a1.00 t1.00,auto-ok
G2,official-pl-roadtrip,Johnny Nash,I Can See Clearly Now,FscIgtDJFXg,I Can See Clearly Now,Johnny Nash,30SCXVFyQGOFMdKnbgJS18,a1.00 t1.00,auto-ok
G2,official-pl-roadtrip,Toto,Hold the Line,htgr3pvBr-I,Hold the Line,TOTO,4aVuWgvD0X63hcOCnZtNFA,a1.00 t1.00,auto-ok
G2,official-pl-roadtrip,Bruce Springsteen,Dancing in the Dark,129kuDCQtHs,Dancing In the Dark,Bruce Springsteen,7FwBtcecmlpc1sLySPXeGE,a1.00 t1.00,auto-ok
G2,official-pl-roadtrip,Neil Young,Rockin' in the Free World,DvxxdZpMFHg,Rockin' in the Free World,Neil Young,4Y7fEQ4PAzhlLnLviRw2P4,a1.00 t1.00,auto-ok
G2,official-pl-roadtrip,Foo Fighters,Learn to Fly,1VQ_3sBZEm0,Learn to Fly,Foo Fighters,5OQsiBsky2k2kDKy2bX2eT,a1.00 t1.00,auto-ok
G2,official-pl-roadtrip,The Wallflowers,One Headlight,Zzyfcys1aLM,One Headlight,The Wallflowers,0z1b34WikhOH9ZxU8QDWcv,a1.00 t1.00,auto-ok
G2,official-pl-roadtrip,The Smashing Pumpkins,1979,4aeETEoNfOg,1979,The Smashing Pumpkins,3h5zik31hTTat9jmpCZZNC,a1.00 t1.00,auto-ok
G2,official-pl-roadtrip,Steppenwolf,Magic Carpet Ride,U4WiyxXpyZc,Magic Carpet Ride,Steppenwolf,4c4jJJoaiY21t2TyRZgdWS,a1.00 t1.00,auto-ok
G2,official-pl-roadtrip,The Beach Boys,Good Vibrations,Eab_beh07HU,Good Vibrations,The Beach Boys,6aU6a9tdn2vHhnPGlboFZX,a1.00 t1.00,auto-ok
G2,official-pl-roadtrip,The Beatles,Here Comes the Sun,KQetemT1sWc,Here Comes The Sun - Remastered 2009,The Beatles,6dGnYIeXmHdcikdzNNDMm2,a1.00 t1.00,auto-ok
G2,official-pl-roadtrip,Journey,Don't Stop Believin',1k8craCGpgs,Don't Stop Believin',Journey,77NNZQSqzLNqh2A9JhLRkg,a1.00 t1.00,auto-ok
G2,official-pl-roadtrip,Fleetwood Mac,Go Your Own Way,6ul-cZyuYq4,Go Your Own Way - 2004 Remaster,Fleetwood Mac,07GvNcU1WdyZJq3XxP0kZa,a1.00 t1.00,auto-ok
G2,official-pl-roadtrip,The Dandy Warhols,Bohemian Like You,CU3mc0yvRNk,Bohemian Like You,The Dandy Warhols,3APHT3KjbHi9OllkVQsuXF,a1.00 t1.00,auto-ok
G2,official-pl-roadtrip,Creedence Clearwater Revival,Proud Mary,5hid10EgMXE,Proud Mary,Creedence Clearwater Revival,6pxWv6GV35VGmcPf5dh6CH,a1.00 t1.00,auto-ok
G2,official-pl-roadtrip,Fleetwood Mac,Little Lies,uCGD9dT12C0,Little Lies,Fleetwood Mac,08o75xMKmGrKny6GsXrNJW,a1.00 t1.00,auto-ok
G2,official-pl-roadtrip,Simple Minds,Don't You (Forget About Me),CdqoNKCCt7A,Don't You (Forget About Me),Simple Minds,5Y8Rj0s6wuM5DlQdllYiWl,a1.00 t1.00,auto-ok
G2,official-pl-roadtrip,The Killers,Somebody Told Me,Y5fBdpreJiU,Somebody Told Me,The Killers,6PwjJ58I4t7Mae9xfZ9l9v,a1.00 t1.00,auto-ok
G2,official-pl-roadtrip,Mark Ronson ft. Bruno Mars,Uptown Funk,OPf0YbXqDm0,Uptown Funk (feat. Bruno Mars),Mark Ronson / Bruno Mars,32OlwWuMpZ6b0aN2RZOeMS,a1.00 t1.00,auto-ok
G2,official-pl-roadtrip,Steppenwolf,Born to Be Wild,zb1hkGLrFG8,Born To Be Wild,Steppenwolf,2VPGmrcBw5X4yAu3B8UZNE,a1.00 t1.00,auto-ok
G2,official-pl-summer-hits-yearly,Shakira ft. Wyclef Jean,Hips Don't Lie,DUT5rEU6pqM,Hips Don't Lie (feat. Wyclef Jean),Shakira / Wyclef Jean,3d0WouFnFmr0K3kjeza3fF,a1.00 t1.00,auto-ok
G2,official-pl-summer-hits-yearly,"Pitbull ft. Ne-Yo, Afrojack & Nayer",Give Me Everything,EPo5wWmKEaI,Give Me Everything (feat. Nayer),Pitbull / AFROJACK / Ne-Yo / Nayer,4QNpBfC0zvjKqPJcyqBy9W,a1.00 t1.00,auto-ok
G2,official-pl-summer-hits-yearly,Meghan Trainor,All About That Bass,QgmzAu7_wyc,All About That Bass,Meghan Trainor,5jE48hhRu8E6zBDPRSkEq7,a1.00 t1.00,auto-ok
G2,official-pl-summer-hits-yearly,Rihanna,SOS,lpm5pcCC_-Q,SOS,Rihanna,30cSNer6TV8x2utjULVeQ5,a1.00 t1.00,auto-ok
G2,official-pl-summer-hits-yearly,Katy Perry,California Gurls,CTVJTt-Gfx8,California Gurls,Katy Perry / Snoop Dogg,6tS3XVuOyu10897O3ae7bi,a1.00 t1.00,auto-ok
G2,official-pl-summer-hits-yearly,Madonna,Hung Up,e99M6-7KW0k,Hung Up,Madonna,3850dYVgOFIXJh5U4BFEWH,a1.00 t1.00,auto-ok
G2,official-pl-summer-hits-yearly,Drake,One Dance,FOqKN-ouAUE,One Dance,Drake / Wizkid / Kyla,1zi7xx7UVEFkmKfv06H8x0,a1.00 t1.00,auto-ok
G2,official-pl-summer-hits-yearly,J Balvin,Mi Gente,zg99uHoY3nY,Mi Gente,J Balvin / Willy William,6Nox5U3W0Bf9U0anGZz8f2,a1.00 t1.00,auto-ok
G2,official-pl-summer-hits-yearly,Wiz Khalifa,See You Again,Jh-uBm_4yuA,See You Again (feat. Charlie Puth),Wiz Khalifa / Charlie Puth,2JzZzZUQj3Qff7wapcbKjc,a1.00 t1.00,auto-ok
G2,official-pl-summer-hits-yearly,Ed Sheeran,Shape of You,JGwWNGJdvx8,Shape of You,Ed Sheeran,7qiZfU4dY1lWllzX7mPBI3,a1.00 t1.00,auto-ok
G2,official-pl-summer-hits-yearly,Sia,Cheap Thrills,nYh-n7EOtMA,Cheap Thrills (feat. Sean Paul),Sia / Sean Paul,378iszndTZAR4dH8kwsLC6,a1.00 t1.00,auto-ok
G2,official-pl-summer-hits-yearly,Lady Gaga,Poker Face,bESGLojNYSo,Poker Face,Lady Gaga,1QV6tiMFM6fSOKOGLMHYYg,a1.00 t1.00,auto-ok
G2,official-pl-summer-hits-yearly,Kesha,TiK ToK,iP6XpLQM2Cs,TiK ToK,Kesha,0HPD5WQqrq7wPWR7P7Dw1i,a1.00 t1.00,auto-ok
G2,official-pl-summer-hits-yearly,Justin Bieber,Sorry,fRh_vgS2dFE,Sorry,Justin Bieber,09CtPGIpYB4BrO8qb1RGsF,a1.00 t1.00,auto-ok
G2,official-pl-summer-hits-yearly,The Weeknd,Can't Feel My Face,KEI4qSrkPAs,Can't Feel My Face,The Weeknd,22VdIZQfgXJea34mQxlt81,a1.00 t1.00,auto-ok
G2,official-pl-summer-hits-yearly,Sia,Chandelier,2vjPBrBU-TM,Chandelier,Sia,4VrWlk8IQxevMvERoX08iC,a1.00 t1.00,auto-ok
G2,official-pl-summer-hits-yearly,Beyoncé,Single Ladies (Put a Ring on It),4m1EFMoRFvY,Single Ladies (Put a Ring on It),Beyoncé,557un1HgwYMuqfWGSTmnxw,a1.00 t1.00,auto-ok
G2,official-pl-summer-hits-yearly,Justin Bieber,What Do You Mean?,DK_0jXPuIr0,What Do You Mean?,Justin Bieber,4B0JvthVoAAuygILe3n4Bs,a1.00 t1.00,auto-ok
G2,official-pl-summer-hits-yearly,Gwen Stefani,Hollaback Girl,Kgjkth6BRRY,Hollaback Girl,Gwen Stefani,0eqH0ALoDQevq59YcQ53KE,a1.00 t1.00,auto-ok
G2,official-pl-summer-hits-yearly,Sam Smith,Stay with Me,pB-5XG-DbAA,Stay With Me,Sam Smith,5Nm9ERjJZ5oyfXZTECKmRt,a1.00 t1.00,auto-ok
G2,official-pl-summer-hits-yearly,Maroon 5,Sugar,09R8_2nJtjg,Sugar,Maroon 5,2iuZJX9X9P0GKaE93xcPjk,a1.00 t1.00,auto-ok
G2,official-pl-summer-hits-yearly,Adele,Someone Like You,hLQl3WQQoQ0,Someone Like You,Adele,3bNv3VuUOKgrf5hu3YcuRo,a1.00 t1.00,auto-ok
G2,official-pl-summer-hits-yearly,Sean Paul,Temperature,dW2MmuA1nI4,Temperature,Sean Paul,0k2GOhqsrxDTAbFFSdNJjT,a1.00 t1.00,auto-ok
G2,official-pl-summer-hits-yearly,Fergie,Big Girls Don't Cry,agrXgrAgQ0U,Big Girls Don't Cry (Personal),Fergie,6dgWWAs5yhWPOtvE1zuoQ1,a1.00 t1.00,auto-ok
G2,official-pl-summer-hits-yearly,Childish Gambino,This Is America,VYOjWnS4cMY,This Is America,Childish Gambino,0b9oOr2ZgvyQu88wzixux9,a1.00 t1.00,auto-ok
G2,official-pl-summer-hits-yearly,Usher ft. will.i.am,OMG,1RnPB76mjxI,OMG (feat. will.i.am),USHER / will.i.am,1bM50INir8voAkVoKuvEUI,a1.00 t1.00,auto-ok
G2,official-pl-summer-hits-yearly,Pharrell Williams,Happy,ZbZSe6N_BXs,"Happy - From ""Despicable Me 2""",Pharrell Williams,60nZcImufyMA1MKQY3dcCH,a1.00 t1.00,auto-ok
G2,official-pl-summer-hits-yearly,Jonas Brothers,Burnin' Up,dWnrSIQNPfA,Burnin' Up,Jonas Brothers,6QQG95C5Evjbichtoxl4RH,a1.00 t1.00,auto-ok
G2,official-pl-summer-hits-yearly,Shawn Mendes & Camila Cabello,Señorita,Pkh8UtuejGw,Señorita,Shawn Mendes / Camila Cabello,0TK2YIli7K1leLovkQiNik,a1.00 t1.00,auto-ok
G2,official-pl-summer-hits-yearly,Taylor Swift,We Are Never Ever Getting Back Together,WA4iX5D9Z64,We Are Never Ever Getting Back Together (Taylor's Version),Taylor Swift,5YqltLsjdqFtvqE7Nrysvs,a1.00 t1.00,auto-ok
G2,official-pl-summer-hits-yearly,PSY,Gangnam Style,4pJx72N-x6k,Gangnam Style (강남스타일),PSY,03UrZgTINDqvnUMbbIMhql,a1.00 t1.00,auto-ok
G2,official-pl-summer-hits-yearly,Jennifer Lopez,On the Floor,AmaekFwpjOY,On The Floor,Jennifer Lopez / Pitbull,3C0nOe05EIt1390bVABLyN,a1.00 t1.00,auto-ok
G2,official-pl-summer-hits-yearly,Robin Thicke,Blurred Lines,yyDUC1LUXSU,Blurred Lines,Robin Thicke / T.I. / Pharrell Williams,0n4bITAu0Y0nigrz3MFJMb,a1.00 t1.00,auto-ok
G2,official-pl-summer-hits-yearly,Beyoncé & Shakira,Beautiful Liar,QrOe2h9RtWI,Beautiful Liar,Beyoncé / Shakira,2HWWNoWEEEECwZhAiLg7ib,a1.00 t1.00,auto-ok
G2,official-pl-summer-hits-yearly,Dynoro & Gigi D'Agostino,In My Mind,q0pdLCQy8l8,In My Mind,Dynoro / Gigi D'Agostino,0E9ZjEAyAwOXZ7wJC0PD33,a1.00 t1.00,auto-ok
G2,official-pl-summer-hits-yearly,Daft Punk ft. Pharrell Williams,Get Lucky,5NV6Rdv1a3I,Get Lucky (feat. Pharrell Williams and Nile Rodgers),Daft Punk / Pharrell Williams / Nile Rodgers,69kOkLUCkxIZYexIgSG8rq,a1.00 t1.00,auto-ok
G2,official-pl-summer-hits-yearly,Major Lazer & DJ Snake ft. MØ,Lean On,YqeW9_5kURI,Lean On,Major Lazer / MØ / DJ Snake,4UKJUbcuStnnxLeJmVJsSc,a1.00 t1.00,auto-ok
G2,official-pl-summer-hits-yearly,Clean Bandit ft. Jess Glynne,Rather Be,m-M1AtrxztU,Rather Be (feat. Jess Glynne),Clean Bandit / Jess Glynne,3s4U7OHV7gnj42VV72eSZ6,a1.00 t1.00,auto-ok
G2,official-pl-summer-hits-yearly,Rihanna ft. Calvin Harris,We Found Love,tg00YEETFzg,We Found Love,Rihanna / Calvin Harris,0U10zFw4GlBacOy9VDGfGL,a1.00 t1.00,auto-ok
G2,official-pl-summer-hits-yearly,Avicii,Wake Me Up,IcrbM1l_BoI,Wake Me Up,Avicii,0nrRP2bk19rLc0orkWPQk2,a1.00 t1.00,auto-ok
G2,official-pl-summer-hits-yearly,Coldplay,Viva la Vida,dvgZkm1xWPE,Viva La Vida,Coldplay,1mea3bSkSGXuIRvnydlB5b,a1.00 t1.00,auto-ok
G2,official-pl-summer-hits-yearly,Justin Timberlake,SexyBack,3gOHvDP_vCs,SexyBack (feat. Timbaland),Justin Timberlake / Timbaland,0O45fw2L5vsWpdsOdXwNAR,a1.00 t1.00,auto-ok
G2,official-pl-summer-hits-yearly,Bruno Mars,Treasure,nPvuNsRccVw,Treasure,Bruno Mars,55h7vJchibLdUkxdlX3fK7,a1.00 t1.00,auto-ok
G2,official-pl-summer-hits-yearly,Alicia Keys,No One,rywUS-ohqeE,No One,Alicia Keys,6IwKcFdiRQZOWeYNhUiWIv,a1.00 t1.00,auto-ok
G2,official-pl-summer-hits-yearly,The Chainsmokers ft. Halsey,Closer,PT2_F-1esPk,Closer,The Chainsmokers / Halsey,7BKLCZ1jbUBVqRi2FVlTVw,a1.00 t1.00,auto-ok
G2,official-pl-summer-hits-yearly,Camila Cabello ft. Young Thug,Havana,HCjNJDNzw8Y,Havana (feat. Young Thug),Camila Cabello / Young Thug,1rfofaqEpACxVEHIZBJe6W,a1.00 t1.00,auto-ok
G2,official-pl-summer-hits-yearly,Enrique Iglesias ft. Descemer Bueno & Gente de Zona,Bailando,NUsoVlDFqZg,Bailando - Spanish Version,Enrique Iglesias / Descemer Bueno / Gente De Zona,6PSKhwo0mVcOdjUOhVJd5p,a1.00 t1.00,auto-ok
G2,official-pl-summer-hits-yearly,Katy Perry,I Kissed a Girl,tAp9BKosZXs,I Kissed A Girl,Katy Perry,14iN3o8ptQ8cFVZTEmyQRV,a1.00 t1.00,auto-ok
G2,official-pl-summer-hits-yearly,Adele,Rolling in the Deep,rYEDA3JcQqw,Rolling in the Deep,Adele,4OSBTYWVwsQhGLF9NHvIbR,a1.00 t1.00,auto-ok
G2,official-pl-summer-hits-yearly,Luis Fonsi ft. Daddy Yankee,Despacito,kJQP7kiw5Fk,Despacito,Luis Fonsi / Daddy Yankee,6habFhsOp2NvshLv26DqMb,a1.00 t1.00,auto-ok
G2,official-pl-summer-hits-yearly,Kings of Leon,Use Somebody,gnhXHvRoUd0,Use Somebody,Kings of Leon,5VGlqQANWDKJFl0MBG3sg2,a1.00 t1.00,auto-ok
G2,official-pl-summer-hits-yearly,Mark Ronson ft. Bruno Mars,Uptown Funk,OPf0YbXqDm0,Uptown Funk (feat. Bruno Mars),Mark Ronson / Bruno Mars,32OlwWuMpZ6b0aN2RZOeMS,a1.00 t1.00,auto-ok
G2,official-pl-summer-hits-yearly,The Black Eyed Peas,Boom Boom Pow,4m48GqaOz90,Boom Boom Pow,Black Eyed Peas,3oDFtOhcN08qeDPAK6MEQG,a0.79 t1.00,review
G2,official-pl-summer-hits-yearly,Rihanna ft. Jay-Z,Umbrella,CvBfHwUxHIk,Umbrella,Rihanna / JAŸ-Z,49FYlytm3dAAraYgpoJZux,a1.00 t1.00,auto-ok
G2,official-pl-summer-hits-yearly,Taylor Swift,Shake It Off,nfWlot6h_JM,Shake It Off,Taylor Swift,0cqRj7pUJDkTCEsJkx8snD,a1.00 t1.00,auto-ok
G2,official-pl-summer-hits-yearly,Katy Perry ft. Juicy J,Dark Horse,0KSOMA3QBU0,Dark Horse,Katy Perry / Juicy J,5jrdCoLpJSvHHorevXBATy,a1.00 t1.00,auto-ok
G2,official-pl-summer-hits-yearly,Lil Nas X ft. Billy Ray Cyrus,Old Town Road,w2Ov5jzm3j8,Old Town Road,Lil Nas X,0F7FA14euOIX8KcbEturGH,a1.00 t1.00,auto-ok
G2,official-pl-summer-hits-yearly,Gotye ft. Kimbra,Somebody That I Used to Know,8UVNT4wvIGY,Somebody That I Used to Know,Gotye / Kimbra,62oaDoBveZxvZb94ziiMXi,a1.00 t1.00,auto-ok
G2,official-pl-summer-hits-yearly,Jonas Brothers,Sucker,CnAmeh0-E-U,Sucker,Jonas Brothers,22vgEDb5hykfaTwLuskFGD,a1.00 t1.00,auto-ok
G2,official-pl-summer-hits-yearly,Post Malone & Swae Lee,Sunflower,ApXoWvfEYVU,Sunflower - Spider-Man: Into the Spider-Verse,Post Malone / Swae Lee,3KkXRkHbMCARz0aVfEt68P,a1.00 t1.00,auto-ok
G2,official-pl-summer-hits-yearly,Rihanna,Diamonds,lWA2pjMjpBs,Diamonds,Rihanna,6O20JhBJPePEkBdrB5sqRx,a1.00 t1.00,auto-ok
G2,official-pl-summer-hits-yearly,Post Malone ft. 21 Savage,Rockstar,UceaB4D0jpo,rockstar (feat. 21 Savage),Post Malone / 21 Savage,0e7ipj03S05BNilyu5bRzt,a1.00 t1.00,auto-ok
G2,official-pl-summer-hits-yearly,Justin Timberlake,Can't Stop the Feeling!,ru0K8uYEZWw,"CAN'T STOP THE FEELING! (from DreamWorks Animation's ""TROLLS"")",Justin Timberlake,6JV2JOEocMgcZxYSZelKcc,a1.00 t1.00,auto-ok
G2,official-pl-summer-hits-yearly,Maroon 5 ft. Wiz Khalifa,Payphone,KRaWnd3LJfs,Payphone,Maroon 5 / Wiz Khalifa,1XGmzt0PVuFgQYYnV2It7A,a1.00 t1.00,auto-ok
G2,official-pl-summer-hits-yearly,Dua Lipa,Don't Start Now,oygrmJFKYZY,Don't Start Now,Dua Lipa,3PfIrDoz19wz7qK7tYeu62,a1.00 t1.00,auto-ok
G2,official-pl-summer-hits-yearly,Drake,God's Plan,xpVfcZ0ZcFM,God's Plan,Drake,6DCZcSspjsKoFjzjrWoCdn,a1.00 t1.00,auto-ok
G2,official-pl-summer-hits-yearly,Maroon 5 ft. Christina Aguilera,Moves Like Jagger,iEPTlhBmwRg,Moves Like Jagger,Maroon 5 / Christina Aguilera,1r299qCKBLgUS9XJ9m1kEx,a1.00 t1.00,auto-ok
G2,official-pl-summer-hits-yearly,Carly Rae Jepsen,Call Me Maybe,fWNaR-rxAic,Call Me Maybe,Carly Rae Jepsen,20I6sIOMTCkB6w7ryavxtO,a1.00 t1.00,auto-ok
G2,official-pl-summer-hits-yearly,Ariana Grande,7 Rings,QYh6mYIJG2Y,7 rings,Ariana Grande,6ocbgoVGwYJhOv1GgI9NsF,a1.00 t1.00,auto-ok
G2,official-pl-summer-hits-yearly,The Chainsmokers ft. Daya,Don't Let Me Down,Io0fBr1XBUA,Don't Let Me Down,The Chainsmokers / Daya,1i1fxkWeaMmKEB4T7zqbzK,a1.00 t1.00,auto-ok
G2,official-pl-summer-hits-yearly,OneRepublic,Counting Stars,hT_nvWreIhg,Counting Stars,OneRepublic,2tpWsVSb9UEmDRxAl1zhX1,a1.00 t1.00,auto-ok
G2,official-pl-summer-hits-yearly,Billie Eilish,Bad Guy,DyDfgMOUjCI,bad guy,Billie Eilish,2Fxmhks0bxGSBdJ92vM42m,a1.00 t1.00,auto-ok
G2,official-pl-summer-hits-yearly,Taio Cruz,Dynamite,Vysgv7qVYTo,Dynamite,Taio Cruz,2CEgGE6aESpnmtfiZwYlbV,a1.00 t1.00,auto-ok
G2,official-pl-summer-hits-yearly,"Cardi B, Bad Bunny & J Balvin",I Like It,xTlNMmZKwpA,I Like It,Cardi B / Bad Bunny / J Balvin,58q2HKrzhC3ozto2nDdN4z,a1.00 t1.00,auto-ok
G2,official-pl-summer-hits-yearly,Nelly Furtado ft. Timbaland,Promiscuous,0J3vgcE5i2o,Promiscuous,Nelly Furtado / Timbaland,2gam98EZKrF9XuOkU13ApN,a1.00 t1.00,auto-ok
G2,official-pl-summer-hits-yearly,Lady Gaga,Bad Romance,qrO4YZeyl0I,Bad Romance,Lady Gaga,0SiywuOBRcynK0uKGWdCnn,a1.00 t1.00,auto-ok
G2,official-pl-summer-hits-yearly,The Black Eyed Peas,I Gotta Feeling,uSD4vsh1zDA,I Gotta Feeling,Black Eyed Peas,4kLLWz7srcuLKA7Et40PQR,a0.79 t1.00,review
G2,official-pl-summer-hits-yearly,Maroon 5 ft. Cardi B,Girls Like You,aJOTlE1K90k,Girls Like You,Maroon 5,7npLlaPu9Mfno8hjk5OagD,a1.00 t1.00,auto-ok
G2,official-pl-summer-hits-yearly,Beyoncé ft. Jay-Z,Crazy in Love,ViwtNLUqkMY,Crazy In Love (feat. JAY-Z),Beyoncé / JAŸ-Z,5IVuqXILoxVWvWEPm82Jxr,a1.00 t1.00,auto-ok
G2,official-pl-summer-hits-yearly,Usher ft. Lil Jon & Ludacris,Yeah!,GxBSyx85Kp8,Yeah! (feat. Lil Jon & Ludacris),USHER / Lil Jon / Ludacris,5rb9QrpfcKFHM1EUbSIurX,a1.00 t1.00,auto-ok
G2,official-pl-halloween,The Cranberries,Zombie,6Ejga4kJUts,Zombie,The Cranberries,49wOjOkS4pBK3PQnPnNYjb,a1.00 t1.00,auto-ok
G2,official-pl-halloween,AC/DC,Highway to Hell,l482T0yNkeo,Highway to Hell,AC/DC,2zYzyRzz6pRmhPzyfMEC8s,a1.00 t1.00,auto-ok
G2,official-pl-halloween,The Cure,Just Like Heaven,n3nPiBai66M,Just Like Heaven,The Cure,0lNudhCTfcGBQVvSO22g4r,a1.00 t1.00,auto-ok
G2,official-pl-halloween,Alice Cooper,Welcome to My Nightmare,VDTwL15ZHZs,Welcome to My Nightmare,Alice Cooper,0mtUvL8w3vQiMm93AfnRpO,a1.00 t1.00,auto-ok
G2,official-pl-halloween,Soundgarden,Black Hole Sun,3mbBbFH9fAg,Black Hole Sun,Soundgarden,2EoOZnxNgtmZaD8uUmz2nD,a1.00 t1.00,auto-ok
G2,official-pl-halloween,Rockwell,Somebody's Watching Me,7YvAYIJSSZY,Somebody's Watching Me,Rockwell,7jwQlYGpOml9ETGre1HqGA,a1.00 t1.00,auto-ok
G2,official-pl-halloween,Misfits,Halloween,8B4dRyHk91o,Halloween,Misfits,5h5reMGNpL19vdn5wMkbNn,a1.00 t1.00,auto-ok
G2,official-pl-halloween,AC/DC,Hells Bells,etAIpkdhU9Q,Hells Bells,AC/DC,69QHm3pustz01CJRwdo20z,a1.00 t1.00,auto-ok
G2,official-pl-halloween,Danny Elfman,This Is Halloween,OBeVDXx1bIQ,This is Halloween,Danny Elfman,1CYjYSg9sdtbBoxSf8uhFD,a1.00 t1.00,auto-ok
G2,official-pl-halloween,Richard O'Brien,Time Warp,BWWM1e-yfh0,Time Warp,Richard O'Brien,3iZ9MY7GvBHMl1Hu6qmSwT,a1.00 t1.00,auto-ok
G2,official-pl-halloween,Ramones,Pet Sematary,OCiAZnn_dYE,Pet Sematary,Ramones,07b5vArZtW08PuEqCw61Ei,a1.00 t1.00,auto-ok
G2,official-pl-halloween,Metallica,Enter Sandman,CD-E-LDc384,Enter Sandman - Remastered 2021,Metallica,3DwQ7AH3xGD9h65ezslm6q,a1.00 t1.00,auto-ok
G2,official-pl-halloween,The Doors,People Are Strange,j0Mz_IqpZX8,People Are Strange,The Doors,1Jmqubf9kGkWeYQXQKImL5,a1.00 t1.00,auto-ok
G2,official-pl-halloween,Pantera,Walk,AkFqg5wAuFk,Walk,Pantera,7fcfNW0XxTWlwVlftzfDOR,a1.00 t1.00,auto-ok
G2,official-pl-halloween,Santana,Black Magic Woman,wyQUCYl-ocs,Black Magic Woman,Santana,4nmne9J3YCEdhvjTzwiAgu,a1.00 t1.00,auto-ok
G2,official-pl-halloween,Screamin' Jay Hawkins,I Put a Spell on You,7kGPhpvqtOc,I Put a Spell On You,Screamin' Jay Hawkins,3sLhMSePzxSrmxluIqeoAZ,a1.00 t1.00,auto-ok
G2,official-pl-halloween,Bobby Pickett,Monster Mash,AxcM3nCsglA,Monster Mash,"Bobby ""Boris"" Pickett / The Crypt-Kickers",0xxZY5C9xxij3D1HkzbnfC,a0.68 t1.00,review
G2,official-pl-halloween,Echo & the Bunnymen,The Killing Moon,LWz0JC7afNQ,The Killing Moon,Echo & the Bunnymen,35E2eKIEXXnP5q9L51iOAk,a0.24 t1.00,no-match
G2,official-pl-halloween,Britney Spears,Toxic,LOZuxwVk7TU,Toxic,Britney Spears,6I9VzXrHxO9rA9A5euc8Ak,a1.00 t1.00,auto-ok
G2,official-pl-halloween,Gotye,Somebody That I Used to Know,8UVNT4wvIGY,Somebody That I Used to Know,Gotye / Kimbra,62oaDoBveZxvZb94ziiMXi,a1.00 t1.00,auto-ok
G2,official-pl-halloween,Soft Cell,Tainted Love,XZVpR3Pk-r8,Tainted Love,Soft Cell,0cGG2EouYCEEC3xfa0tDFV,a1.00 t1.00,auto-ok
G2,official-pl-halloween,Skillet,Monster,1mjlM_RnsVE,Monster,Skillet,2UREu1Y8CO4jXkbvqAtP7g,a1.00 t1.00,auto-ok
G2,official-pl-halloween,Nine Inch Nails,Closer,PTFwQP86BRs,Closer,Nine Inch Nails,5mc6EyF1OIEOhAkD0Gg9Lc,a1.00 t1.00,auto-ok
G2,official-pl-halloween,Breaking Benjamin,Evil Angel,DWaB4PXCwFU,Evil Angel,Breaking Benjamin,6HDBZFpozQsnYZ88ic250y,a1.00 t1.00,auto-ok
G2,official-pl-halloween,Imagine Dragons,Radioactive,ktvTqknDobU,Radioactive,Imagine Dragons,62yJjFtgkhUrXktIoSjgP2,a1.00 t1.00,auto-ok
G2,official-pl-halloween,Three Days Grace,I Hate Everything About You,d8ekz_CSBVg,I Hate Everything About You,Three Days Grace,6rUp7v3l8yC4TKxAAR5Bmx,a1.00 t1.00,auto-ok
G2,official-pl-halloween,Linkin Park,Crawling,Gd9OhYroLN0,Crawling,Linkin Park,57BrRMwf9LrcmuOsyGilwr,a1.00 t1.00,auto-ok
G2,official-pl-halloween,Korn,Falling Away from Me,2s3iGpDqQpQ,Falling Away from Me,Korn,2F6FfZ4w8z3eJpSxPotVO5,a1.00 t1.00,auto-ok
G2,official-pl-halloween,Disturbed,Down with the Sickness,09LTT0xwdfw,Down with the Sickness,Disturbed,40rvBMQizxkIqnjPdEWY1v,a1.00 t1.00,auto-ok
G2,official-pl-halloween,System of a Down,Chop Suey!,CSvFpBOe8eY,Chop Suey!,System Of A Down,2DlHlPMa4M17kufBvI2lEN,a1.00 t1.00,auto-ok
G2,official-pl-halloween,My Chemical Romance,Helena,UCCyoocDxBA,Helena,My Chemical Romance,5dTHtzHFPyi8TlTtzoz1J9,a1.00 t1.00,auto-ok
G2,official-pl-halloween,Slipknot,Duality,6fVE8kSM43I,Duality,Slipknot,61mWefnWQOLf90gepjOCb3,a1.00 t1.00,auto-ok
G2,official-pl-halloween,Slipknot,The Devil in I,XEEasR7hVhA,The Devil in I,Slipknot,5hheGdf1cb4rK0FNiedCfK,a1.00 t1.00,auto-ok
G2,official-pl-halloween,Black Sabbath,Paranoid,0qanF-91aJo,Paranoid,Black Sabbath,3hwuHzRicnu6Ji9i1JLzor,a1.00 t1.00,auto-ok
G2,official-pl-halloween,Iron Maiden,The Number of the Beast,WxnN05vOuSM,The Number of the Beast - 2015 Remaster,Iron Maiden,3nlGByvetDcS1uomAoiBmy,a1.00 t1.00,auto-ok
G2,official-pl-halloween,System of a Down,Toxicity,iywaBOMvYLI,Toxicity,System Of A Down,0snQkGI5qnAmohLE7jTsTn,a1.00 t1.00,auto-ok
G2,official-pl-halloween,AFI,Miss Murder,YU4hhNKsPog,Miss Murder,AFI,0Ti2dlF2xLjXblvdU5fCxM,a1.00 t1.00,auto-ok
G2,official-pl-halloween,Papa Roach,Last Resort,j0lSpNtjPM8,Last Resort,Papa Roach,5W8YXBz9MTIDyrpYaCg2Ky,a1.00 t1.00,auto-ok
G2,official-pl-halloween,Michael Jackson,Thriller,StgAsIxCP6A,Thriller,Michael Jackson,3S2R0EVwBSAVMd5UMgKTL0,a1.00 t1.00,auto-ok
G2,official-pl-halloween,INXS,Devil Inside,Nc5QCJB3fOc,Devil Inside,INXS,0sTnQus7pGewDC0UHSyRDS,a1.00 t1.00,auto-ok
G2,official-pl-halloween,Eurythmics,Sweet Dreams (Are Made of This),qeMFqkcPYcg,Sweet Dreams (Are Made of This) - 2005 Remaster,Eurythmics / Annie Lennox / Dave Stewart,1TfqLAPs4K3s2rJMoCokcS,a1.00 t1.00,auto-ok
G2,official-pl-halloween,Warren Zevon,Werewolves of London,c6M89iDabwM,Werewolves of London,Warren Zevon,6kotXaSQaGYxE62hVpdHWu,a1.00 t1.00,auto-ok
G2,official-pl-halloween,Black Sabbath,Heaven and Hell,7WTnA_XvlGo,Heaven and Hell,Black Sabbath,5qxN63QA4Hk1zgdLCsZFE2,a1.00 t1.00,auto-ok
G2,official-pl-halloween,Type O Negative,Black No. 1,vFwYJYl5GUQ,Black No. 1 (Little Miss Scare -All),Type O Negative,710B9xFjNOisQtKtppZE9p,a1.00 t1.00,auto-ok
G2,official-pl-halloween,Blue Öyster Cult,(Don't Fear) The Reaper,Dy4HA3vUv2c,(Don't Fear) The Reaper,Blue Öyster Cult,5QTxFnGygVM4jFQiBovmRo,a1.00 t1.00,auto-ok
G2,official-pl-halloween,Rammstein,Du Hast,W3q8Od5qJio,Du hast,Rammstein,5awDvzxWfd53SSrsRZ8pXO,a1.00 t1.00,auto-ok
G2,official-pl-halloween,Rihanna,Disturbia,3k95KCjTrYo,Disturbia,Rihanna,2VOomzT6VavJOGBeySqaMc,a1.00 t1.00,auto-ok
G2,official-pl-halloween,Creedence Clearwater Revival,Bad Moon Rising,5BmEGm-mraE,Bad Moon Rising,Creedence Clearwater Revival,20OFwXhEXf12DzwXmaV7fj,a1.00 t1.00,auto-ok
G2,official-pl-halloween,Drowning Pool,Bodies,04F4xlWSFh0,Bodies,Drowning Pool,7CpbhqKUedOIrcvc94p60Y,a1.00 t1.00,auto-ok
G2,official-pl-halloween,Korn,Freak on a Leash,jRGrNDV2mKc,Freak On a Leash,Korn,6W21LNLz9Sw7sUSNWMSHRu,a1.00 t1.00,auto-ok
G2,official-pl-halloween,Evanescence,Bring Me to Life,3YxaaGgTQYM,Bring Me To Life,Evanescence,0COqiPhxzoWICwFCS4eZcp,a1.00 t1.00,auto-ok
G2,official-pl-halloween,Ray Parker Jr.,Ghostbusters,Fe93CLbHjxQ,Ghostbusters,Ray Parker Jr.,3m0y8qLoznUYi73SUBP8GI,a1.00 t1.00,auto-ok
G2,official-pl-halloween,Rob Zombie,Living Dead Girl,BvsMPOfblfg,Living Dead Girl,Rob Zombie,10V8XpuyMoEcSMfM79WDET,a1.00 t1.00,auto-ok
G2,official-pl-halloween,Linkin Park,Bleed It Out,OnuuYcqhzCE,Bleed It Out,Linkin Park,0UFDKFqW2oGspYeYqo9wjA,a1.00 t1.00,auto-ok
G2,official-pl-halloween,Godsmack,Voodoo,9SSUQxGjZZ4,Voodoo,Godsmack,5uGsG0LfotfWDq6hql4h53,a1.00 t1.00,auto-ok
G2,official-pl-halloween,Godsmack,Awake,DXvMT_mVbqw,Awake,Godsmack,6xXlurslWqFuyqTCBlErzX,a1.00 t1.00,auto-ok
G2,official-pl-halloween,Three Days Grace,Animal I Have Become,xqds0B_meys,Animal I Have Become,Three Days Grace,5eFxwmqKrHpSQDOEIFYlgY,a1.00 t1.00,auto-ok
G2,official-pl-halloween,Interpol,Evil,dkpgz3uQ58U,Evil,Interpol,6zPOdhLim2vbcLo0rfjDjq,a1.00 t1.00,auto-ok
G2,official-pl-halloween,Nick Cave & The Bad Seeds,Red Right Hand,RrxePKps87k,Red Right Hand (Immortal),Nick Cave,5QzC9JhouZtgQoT9Y1hQKB,a1.00 t1.00,auto-ok
G2,official-pl-halloween,Rammstein,Sonne,StZcUAPRRac,Sonne,Rammstein,3gVhsZtseYtY1fMuyYq06F,a1.00 t1.00,auto-ok
G2,official-pl-halloween,Alice Cooper,Feed My Frankenstein,LChtBpTjvTY,Feed My Frankenstein,Alice Cooper,7LDTB4kVmrLCU5TqKjZnzm,a1.00 t1.00,auto-ok
G2,official-pl-halloween,Iron Maiden,Run to the Hills,86URGgqONvA,Run to the Hills - 2015 Remaster,Iron Maiden,4Zc7TCHzuNwL0AFBlyLdyr,a1.00 t1.00,auto-ok
G2,official-pl-halloween,The Offspring,"You're Gonna Go Far, Kid",ql9-82oV2JE,"You're Gonna Go Far, Kid",The Offspring,6TfBA04WJ3X1d1wXhaCFVT,a1.00 t1.00,auto-ok
G2,official-pl-halloween,Ozzy Osbourne,Crazy Train,tMDFv5m18Pw,Crazy Train,Ozzy Osbourne,7ACxUo21jtTHzy7ZEV56vU,a1.00 t1.00,auto-ok
G2,official-pl-halloween,Avenged Sevenfold,Bat Country,IHS3qJdxefY,Bat Country,Avenged Sevenfold,3sHH7lklbfpcraDDvYnjo7,a1.00 t1.00,auto-ok
G2,official-pl-halloween,Rob Zombie,Dragula,EqQuihD0hoI,Dragula,Rob Zombie,6Nm8h73ycDG2saCnZV8poF,a1.00 t1.00,auto-ok
G2,official-pl-halloween,Radiohead,Creep,XFkzRNyygfk,Creep,Radiohead,70LcF31zb1H0PyJoS1Sx1r,a1.00 t1.00,auto-ok
G2,official-pl-halloween,Evanescence,My Immortal,5anLPw0Efmo,My Immortal,Evanescence,4UzVcXufOhGUwF56HT7b8M,a1.00 t1.00,auto-ok
G2,official-pl-halloween,Nine Inch Nails,The Hand That Feeds,xwhBRJStz7w,The Hand That Feeds,Nine Inch Nails,4L5r9XNiWJ7cbqcIiNvVes,a1.00 t1.00,auto-ok
G2,official-pl-halloween,Talking Heads,Psycho Killer,O52jAYa4Pm8,Psycho Killer,Talking Heads,7dSCxR4LqkmxoBrq9MzVSD,a1.00 t1.00,auto-ok
G2,official-pl-halloween,Siouxsie and the Banshees,Spellbound,TjvvK-Rj0WI,Spellbound,Siouxsie and the Banshees,5Ng6UbryNd3eds2zQk9MUf,a1.00 t1.00,auto-ok
G2,official-pl-halloween,Rage Against the Machine,Bulls on Parade,3L4YrGaR8E4,Bulls On Parade,Rage Against The Machine,0tZ3mElWcr74OOhKEiNz1x,a1.00 t1.00,auto-ok
G2,official-pl-halloween,Yeah Yeah Yeahs,Heads Will Roll,auzfTPp4moA,Heads Will Roll,Yeah Yeah Yeahs,2WRFD9WczJ975X2K1Y9YVs,a1.00 t1.00,auto-ok
G2,official-pl-halloween,Siouxsie and the Banshees,Cities in Dust,wsOHvP1XnRg,Cities In Dust,Siouxsie and the Banshees,2xq9cLlOPyLoi8kLlR4miz,a1.00 t1.00,auto-ok
G2,official-pl-halloween,Rage Against the Machine,Killing in the Name,bWXazVhlyxQ,Killing In The Name,Rage Against The Machine,59WN2psjkt1tyaxjspN8fp,a1.00 t1.00,auto-ok
G2,official-pl-halloween,Joy Division,Love Will Tear Us Apart,zuuObGsB0No,Love Will Tear Us Apart,Joy Division,2JO3HwMRPeya8bXbtbyPcf,a1.00 t1.00,auto-ok
G2,official-pl-halloween,Stevie Wonder,Superstition,ftdZ363R9kQ,Superstition,Stevie Wonder,4N0TP4Rmj6QQezWV88ARNJ,a1.00 t1.00,auto-ok
G2,official-pl-halloween,Imagine Dragons,Demons,mWRsgZuwf_8,Demons,Imagine Dragons,5qaEfEh1AtSdrdrByCP7qR,a1.00 t1.00,auto-ok
G2,official-pl-halloween,Katy Perry,Dark Horse,0KSOMA3QBU0,Dark Horse,Katy Perry / Juicy J,5jrdCoLpJSvHHorevXBATy,a1.00 t1.00,auto-ok
G2,official-pl-halloween,Marilyn Manson,The Beautiful People,Ypkv0HeUvTc,The Beautiful People,Marilyn Manson,2aIB1CdRRG7YLBu9hNw9nR,a1.00 t1.00,auto-ok
G5,official-pl-reprises-celebres,The Mamas & the Papas,California Dreamin',N-aK6JnyFmk,California Dreamin',The Mamas & The Papas,1ZEOIhSn6BKErV59bIgn76,a0.47 t1.00,no-match
G5,official-pl-reprises-celebres,Frank Sinatra,My Way,6pcwq2usV7Y,My Way - 2008 Remastered,Frank Sinatra,2YkIDPL5lGhRhomCq4S2RO,a1.00 t1.00,auto-ok
G5,official-pl-reprises-celebres,Santana,Black Magic Woman,9wT1s96JIb0,Black Magic Woman,Santana,4nmne9J3YCEdhvjTzwiAgu,a1.00 t1.00,auto-ok
G5,official-pl-reprises-celebres,Disturbed,The Sound of Silence,aOE0WEPd2XA,The Sound of Silence,Disturbed,1Cj2vqUwlJVG27gJrun92y,a1.00 t1.00,auto-ok
G5,official-pl-reprises-celebres,Gary Jules,Mad World,7pXRSPAUCTU,Mad World,Gary Jules / Michael Andrews,3JOVTQ5h8HGFnDdp4VT3MP,a1.00 t1.00,auto-ok
G5,official-pl-reprises-celebres,Jeff Buckley,Hallelujah,WIF4_Sm-rgQ,Hallelujah,Jeff Buckley,3pRaLNL3b8x5uBOcsgvdqM,a1.00 t1.00,auto-ok
G5,official-pl-reprises-celebres,Mariah Carey,Without You,4iusJui-BxM,Without You,Mariah Carey,0pkIJFV6mviH9dmBYsFwTM,a1.00 t1.00,auto-ok
G5,official-pl-reprises-celebres,Limp Bizkit,Behind Blue Eyes,8IEQpfA528M,Behind Blue Eyes,Limp Bizkit,1MTQHCpraD4S8g5PAFKzoj,a1.00 t1.00,auto-ok
G5,official-pl-reprises-celebres,David Bowie & Mick Jagger,Dancing in the Street,BHkhIjG0DKc,Dancing in the Street - 2002 Remaster,David Bowie / Mick Jagger,6FnuMo55jNECTDdS1nD5H0,a1.00 t1.00,auto-ok
G5,official-pl-reprises-celebres,Cyndi Lauper,Girls Just Want to Have Fun,PIb6AZdTr-A,Girls Just Want to Have Fun,Cyndi Lauper,4y1LsJpmMti1PfRQV9AWWe,a1.00 t1.00,auto-ok
G5,official-pl-reprises-celebres,The Byrds,Turn! Turn! Turn!,W4ga_M5Zdn4,Turn! Turn! Turn! (To Everything There Is a Season),The Byrds,5qBqBdfTEIWJwAS0Jm2F5R,a1.00 t1.00,auto-ok
G5,official-pl-reprises-celebres,Joe Cocker,With a Little Help from My Friends,a3LQ-FReO7Q,With A Little Help From My Friends,Joe Cocker,0YZ3J8xzGwLOg4yEgST1YK,a1.00 t1.00,auto-ok
G5,official-pl-reprises-celebres,The Proclaimers,I'm Gonna Be (500 Miles),tbNlMtqrYS0,I'm Gonna Be (500 Miles),The Proclaimers,67iAlVNDDdddxqSD2EZhFs,a1.00 t1.00,auto-ok
G5,official-pl-reprises-celebres,UB40,Red Red Wine,zXt56MB-3vc,Red Red Wine,UB40,4uOKFydzAejjSFqYbv1XPt,a1.00 t1.00,auto-ok
G5,official-pl-reprises-celebres,Natalie Imbruglia,Torn,VV1XWJN3nJo,Torn,Natalie Imbruglia,1Jaah2tmN9Hv81A87KZ1MU,a1.00 t1.00,auto-ok
G5,official-pl-reprises-celebres,Disturbed,Land of Confusion,YV4oYkIeGJc,Land of Confusion,Disturbed,4ClGNWLK9vZMBtO0CpnyOE,a1.00 t1.00,auto-ok
G5,official-pl-reprises-celebres,Pearl Jam,Last Kiss,J_sEtNrYlC4,Last Kiss,Pearl Jam,0QnONzv3TvHAWk294h6DaQ,a1.00 t1.00,auto-ok
G5,official-pl-reprises-celebres,Tiffany,I Think We're Alone Now,w6Q3mHyzn78,I Think We're Alone Now,Tiffany,4uvjOKsp7mSjrDhWdkLPBY,a1.00 t1.00,auto-ok
G5,official-pl-reprises-celebres,Aretha Franklin,Respect,6FOUqQt3Kg0,Respect,Aretha Franklin,7s25THrKz86DM225dOYwnr,a1.00 t1.00,auto-ok
G5,official-pl-reprises-celebres,Dolly Parton,Jolene,Ixrje2rXLMA,Jolene,Dolly Parton,2SpEHTbUuebeLkgs9QB7Ue,a1.00 t1.00,auto-ok
G5,official-pl-reprises-celebres,Tears for Fears,Shout,Ye7FKc1JQe4,Shout,Tears For Fears,2gQaQUhDCNGfBVXTvxAmXQ,a1.00 t1.00,auto-ok
G5,official-pl-reprises-celebres,Screamin' Jay Hawkins,I Put a Spell on You,7kGPhpvqtOc,I Put a Spell On You,Screamin' Jay Hawkins,3sLhMSePzxSrmxluIqeoAZ,a1.00 t1.00,auto-ok
G5,official-pl-reprises-celebres,Nirvana,The Man Who Sold the World,fregObNcHC8,The Man Who Sold The World - Live,Nirvana,15VRO9CQwMpbqUYA7e6Hwg,a1.00 t1.00 !DANGER,review
G5,official-pl-reprises-celebres,Marvin Gaye,I Heard It Through the Grapevine,hajBdDM2qdg,I Heard It Through The Grapevine,Marvin Gaye,1tqT6DhmsrtQgyCKUwotiw,a1.00 t1.00,auto-ok
G5,official-pl-reprises-celebres,Donna Lewis,I Love You Always Forever,SqdWTeXWvOg,I Love You Always Forever,Donna Lewis,1PEqh7awkpuepLBSq8ZwqD,a1.00 t1.00,auto-ok
G5,official-pl-reprises-celebres,The Bangles,Hazy Shade of Winter,TxrwImCJCqk,Hazy Shade of Winter,The Bangles,0P2vAvvWni2tNXOdbH3JFk,a1.00 t1.00,auto-ok
G5,official-pl-reprises-celebres,No Doubt,It's My Life,ubvYQxTXO3U,It's My Life,No Doubt,1OutzYv6YiN93lrT3pJsWR,a1.00 t1.00,auto-ok
G5,official-pl-punk-rock-90s-2000s,System of a Down,Toxicity,iywaBOMvYLI,Toxicity,System Of A Down,0snQkGI5qnAmohLE7jTsTn,a1.00 t1.00,auto-ok
G5,official-pl-punk-rock-90s-2000s,The All-American Rejects,Move Along,XleOkGsYgO8,Move Along,The All-American Rejects,58HpsDKeYoLtNhXFQyQmz5,a1.00 t1.00,auto-ok
G5,official-pl-punk-rock-90s-2000s,Blink-182,What's My Age Again?,93rCJwmnghM,What's My Age Again?,blink-182,4LJhJ6DQS7NwE7UKtvcM52,a1.00 t1.00,auto-ok
G5,official-pl-punk-rock-90s-2000s,Saliva,Click Click Boom,YfjTZLxekig,Click Click Boom,Saliva,2CGDxXXYbkPOyRXHzQbqkT,a1.00 t1.00,auto-ok
G5,official-pl-punk-rock-90s-2000s,Green Day,American Idiot,kqkGY9jsBOw,American Idiot,Green Day,6nTiIhLmQ3FWhvrGafw2zj,a1.00 t1.00,auto-ok
G5,official-pl-punk-rock-90s-2000s,Evanescence,Bring Me to Life,JixFMKqQU5w,Bring Me To Life,Evanescence,0COqiPhxzoWICwFCS4eZcp,a1.00 t1.00,auto-ok
G5,official-pl-punk-rock-90s-2000s,The Offspring,Pretty Fly (For a White Guy),QtTR-_Klcq8,Pretty Fly (For A White Guy),The Offspring,3SFXsFpeGmBTtQvKiwYMDA,a1.00 t1.00,auto-ok
G5,official-pl-punk-rock-90s-2000s,The Offspring,Self Esteem,Abrn8aVQ76Q,Self Esteem,The Offspring,1FkoVC85Ds3mFoK0fVqEqP,a1.00 t1.00,auto-ok
G5,official-pl-punk-rock-90s-2000s,Smash Mouth,All Star,L_jWHffIx5E,All Star,Smash Mouth,3cfOd4CMv2snFaKAnMdnvK,a1.00 t1.00,auto-ok
G5,official-pl-punk-rock-90s-2000s,Lit,My Own Worst Enemy,sc5iTNVEOAg,My Own Worst Enemy,Lit,33iv3wnGMrrDugd7GBso1z,a1.00 t1.00,auto-ok
G5,official-pl-punk-rock-90s-2000s,Jimmy Eat World,The Middle,oKsxPW6i3pM,The Middle,Jimmy Eat World,6GG73Jik4jUlQCkKg9JuGO,a1.00 t1.00,auto-ok
G5,official-pl-punk-rock-90s-2000s,The All-American Rejects,Dirty Little Secret,gPDcwjJ8pLg,Dirty Little Secret,The All-American Rejects,5ZdzNVOmCSp5HFLk0EgvJS,a1.00 t1.00,auto-ok
G5,official-pl-punk-rock-90s-2000s,3 Doors Down,Kryptonite,xPU8OAjjS4k,Kryptonite,3 Doors Down,6ZOBP3NvffbU4SZcrnt1k6,a1.00 t1.00,auto-ok
G5,official-pl-punk-rock-90s-2000s,Staind,It's Been Awhile,araU0fZj6oQ,It's Been Awhile,Staind,1BExV8JprNJLvLeDE9qdEW,a1.00 t1.00,auto-ok
G5,official-pl-punk-rock-90s-2000s,Harvey Danger,Flagpole Sitta,wYsMjEeEg4g,Flagpole Sitta,Harvey Danger,23UPb5fN5X6dMwIK6Sl2Wz,a1.00 t1.00,auto-ok
G5,official-pl-punk-rock-90s-2000s,Creed,My Sacrifice,O-fyNgHdmLI,My Sacrifice,Creed,2VSbEXqs6NbNiZSTcHlIDR,a1.00 t1.00,auto-ok
G5,official-pl-punk-rock-90s-2000s,Breaking Benjamin,So Cold,rblt2EtFfC4,So Cold,Breaking Benjamin,3xXKwkmkrpZmGpIof83xbE,a1.00 t1.00,auto-ok
G5,official-pl-punk-rock-90s-2000s,Goo Goo Dolls,Iris,NdYWuo9OFAw,Iris,The Goo Goo Dolls,6Qyc6fS4DsZjB2mRW9DsQs,a0.76 t1.00,review
G5,official-pl-punk-rock-90s-2000s,Eve 6,Inside Out,T8Xb_7YDroQ,Inside Out,Eve 6,4GiVcDqNQI0fc0yYuRGH9m,a1.00 t1.00,auto-ok
G5,official-pl-punk-rock-90s-2000s,Goo Goo Dolls,Slide,yP4qdefD2To,Slide,The Goo Goo Dolls,0nnwn7LWHCAu09jfuH1xTA,a0.76 t1.00,review
G5,official-pl-punk-rock-90s-2000s,Sum 41,Fat Lip,mY011yVrsPA,Fat Lip,Sum 41,4KacUpvbA3Mfo05gttTjhN,a1.00 t1.00,auto-ok
G5,official-pl-punk-rock-90s-2000s,Simple Plan,Welcome to My Life,_GOR5gvQwDI,Welcome to My Life,Simple Plan,10rChmECwPcvTTj4w07hq4,a1.00 t1.00,auto-ok
G5,official-pl-punk-rock-90s-2000s,Papa Roach,Last Resort,ArnRXGHm3KE,Last Resort,Papa Roach,5W8YXBz9MTIDyrpYaCg2Ky,a1.00 t1.00,auto-ok
G5,official-pl-punk-rock-90s-2000s,Fall Out Boy,"Dance, Dance",C6MOKXm8x50,"Dance, Dance",Fall Out Boy,0a7BloCiNzLDD9qSQHh5m7,a1.00 t1.00,auto-ok
G5,official-pl-punk-rock-90s-2000s,Foo Fighters,The Pretender,m4OnAwaDVTE,The Pretender,Foo Fighters,7x8dCjCr0x6x2lXKujYD34,a1.00 t1.00,auto-ok
G5,official-pl-punk-rock-90s-2000s,Avril Lavigne,Sk8er Boi,YHymfdlGaVU,Sk8er Boi,Avril Lavigne,00Mb3DuaIH1kjrwOku9CGU,a1.00 t1.00,auto-ok
G5,official-pl-punk-rock-90s-2000s,Sum 41,In Too Deep,hq3FROVbchk,In Too Deep,Sum 41,1HNE2PX70ztbEl6MLxrpNL,a1.00 t1.00,auto-ok
G5,official-pl-punk-rock-90s-2000s,Blink-182,All the Small Things,ok5BJlAd5-4,All The Small Things,blink-182,2m1hi0nfMR9vdGC8UcrnwU,a1.00 t1.00,auto-ok
G5,official-pl-punk-rock-90s-2000s,Green Day,Basket Case,NUTGr5t3MoY,Basket Case,Green Day,6L89mwZXSOwYl76YXfX13s,a1.00 t1.00,auto-ok
G5,official-pl-punk-rock-90s-2000s,Nirvana,Smells Like Teen Spirit,hTWKbfoikeg,Smells Like Teen Spirit,Nirvana,4CeeEOM32jQcH3eN9Q2dGj,a1.00 t1.00,auto-ok
G5,official-pl-punk-rock-90s-2000s,Yellowcard,Ocean Avenue,X9fLbfzCqWw,Ocean Avenue,Yellowcard,23oxJmDc1V9uLUSmN2LIvx,a1.00 t1.00,auto-ok
G5,official-pl-punk-rock-90s-2000s,Linkin Park,Numb,kXYiU_JCYtU,Numb,Linkin Park,2nLtzopw4rPReszdYBJU6h,a1.00 t1.00,auto-ok
G5,official-pl-punk-rock-90s-2000s,Papa Roach,Scars,eHbNU9WuVgw,Scars,Papa Roach,3TAtUJc4Sj913Cs5gBUeu0,a1.00 t1.00,auto-ok
G5,official-pl-punk-rock-90s-2000s,Wheatus,Teenage Dirtbag,FC3y9llDXuM,Teenage Dirtbag,Wheatus,25FTMokYEbEWHEdss5JLZS,a1.00 t1.00,auto-ok
G5,official-pl-punk-rock-90s-2000s,Bowling for Soup,1985,K38xNqZvBJI,1985,Bowling For Soup,5oQcOu1omDykbIPSdSQQNJ,a1.00 t1.00,auto-ok
G5,official-pl-punk-rock-90s-2000s,Fall Out Boy,"Sugar, We're Goin Down",uhG-vLZrb-g,"Sugar, We're Goin Down",Fall Out Boy,2TfSHkHiFO4gRztVIkggkE,a1.00 t1.00,auto-ok
G5,official-pl-punk-rock-90s-2000s,Simple Plan,I'm Just a Kid,qUALb0sGdto,I'm Just a Kid,Simple Plan,6otiaV2fagE3s8IvP6WkwG,a1.00 t1.00,auto-ok
G5,official-pl-punk-rock-90s-2000s,Nickelback,How You Remind Me,1cQh1ccqu8M,How You Remind Me,Nickelback,0gmbgwZ8iqyMPmXefof8Yf,a1.00 t1.00,auto-ok
G5,official-pl-punk-rock-90s-2000s,Good Charlotte,The Anthem,desJKYvdq9A,The Anthem,Good Charlotte,0BRHnOFm6sjxN1i9LJrUDu,a1.00 t1.00,auto-ok
G5,official-pl-punk-rock-90s-2000s,Creed,Higher,J16lInLZRms,Higher,Creed,1ZozJfi8u9cO2Ob8KwiwNT,a1.00 t1.00,auto-ok
G5,official-pl-punk-rock-90s-2000s,Linkin Park,In the End,eVTXPUF4Oz4,In the End,Linkin Park,60a0Rd6pjrkxjPbaKzXjfq,a1.00 t1.00,auto-ok
G5,official-pl-punk-rock-90s-2000s,Daniel Powter,Bad Day,gH476CxJxfg,Bad Day,Daniel Powter,0mUyMawtxj1CJ76kn9gIZK,a1.00 t1.00,auto-ok
G5,official-pl-punk-rock-90s-2000s,System of a Down,Chop Suey!,CSvFpBOe8eY,Chop Suey!,System Of A Down,2DlHlPMa4M17kufBvI2lEN,a1.00 t1.00,auto-ok
G5,official-pl-punk-rock-90s-2000s,Weezer,Hash Pipe,_9BGLtqqkVI,Hash Pipe,Weezer,2mPMFJvQ0v27gVqe5b6nDn,a1.00 t1.00,auto-ok
G5,official-pl-punk-rock-90s-2000s,3 Doors Down,Here Without You,kPBzTxZQG5Q,Here Without You,3 Doors Down,3NLrRZoMF0Lx6zTlYqeIo4,a1.00 t1.00,auto-ok
G5,official-pl-punk-rock-90s-2000s,Three Days Grace,Pain,Ud4HuAzHEUc,Pain,Three Days Grace,33daQo3S8j2NcJstEHXwhQ,a1.00 t1.00,auto-ok
G5,official-pl-punk-rock-90s-2000s,P.O.D.,Youth of the Nation,EDKwCvD56kw,Youth of the Nation,P.O.D.,0UrWr7Jnu1heq1o99ZwUd0,a1.00 t1.00,auto-ok
G5,official-pl-punk-rock-90s-2000s,Vertical Horizon,Everything You Want,rZoD8JEFjAE,Everything You Want,Vertical Horizon,4cKGldbhGJniI8BrB3K6tb,a1.00 t1.00,auto-ok
G5,official-pl-punk-rock-90s-2000s,Barenaked Ladies,One Week,fC_q9KPczAg,One Week,Barenaked Ladies,29hBRadFZf9QTGRHZmxm65,a1.00 t1.00,auto-ok
G5,official-pl-punk-rock-90s-2000s,Nirvana,In Bloom,PbgKEjNBHqM,In Bloom,Nirvana,2mvffzYUJ9Ld9xhsF5DUjU,a1.00 t1.00,auto-ok
G5,official-pl-punk-rock-90s-2000s,Fountains of Wayne,Stacy's Mom,dZLfasMPOU4,Stacy's Mom,Fountains Of Wayne,27L8sESb3KR79asDUBu8nW,a1.00 t1.00,auto-ok
G5,official-pl-punk-rock-90s-2000s,Good Charlotte,Lifestyles of the Rich and Famous,y-jC3H_8Dk4,Lifestyles of the Rich & Famous,Good Charlotte,2g2a5kDeZexbUTD8abcvm6,a1.00 t0.88,auto-ok
G5,official-pl-punk-rock-90s-2000s,Foo Fighters,Everlong,eBG7P-K-r1Y,Everlong,Foo Fighters,5UWwZ5lm5PKu6eKsHAGxOk,a1.00 t1.00,auto-ok
G5,official-pl-punk-rock-90s-2000s,The Killers,Mr. Brightside,pvIJyRkS9y0,Mr. Brightside,The Killers,003vvx7Niy0yvhvHt4a68B,a1.00 t1.00,auto-ok
G5,official-pl-punk-rock-90s-2000s,Trapt,Headstrong,HTvu1Yr3Ohk,Headstrong,Trapt,1AEYT6VxrxXPMoQUxsY0E4,a1.00 t1.00,auto-ok
G5,official-pl-punk-rock-90s-2000s,Everclear,Santa Monica,MW6E_TNgCsY,Santa Monica,Everclear,37EJtTS7jT5WUyXGZzrwnI,a1.00 t1.00,auto-ok
G5,official-pl-punk-rock-90s-2000s,Avril Lavigne,Complicated,pjrBPHjCiuI,Complicated,Avril Lavigne,5xEM5hIgJ1jjgcEBfpkt2F,a1.00 t1.00,auto-ok
G5,official-pl-punk-rock-90s-2000s,Three Days Grace,I Hate Everything About You,d8ekz_CSBVg,I Hate Everything About You,Three Days Grace,6rUp7v3l8yC4TKxAAR5Bmx,a1.00 t1.00,auto-ok
G5,official-pl-electro-edm,Avicii,Levels,_ovdm2yX4MA,Levels - Radio Edit,Avicii,5UqCQaDshqbIk3pkhy4Pjg,a1.00 t1.00,auto-ok
G5,official-pl-electro-edm,Alan Walker,Faded,psn_rs_a5O0,Faded,Alan Walker,7gHs73wELdeycvS48JfIos,a1.00 t1.00,auto-ok
G5,official-pl-electro-edm,Dillon Francis & DJ Snake,Get Low,l8RPFYq7mCo,Get Low,Dillon Francis / DJ Snake,3oZoXyU0SkDldgS7AcN4y4,a1.00 t1.00,auto-ok
G5,official-pl-electro-edm,deadmau5,Strobe,tKi9Z-f6qX4,Strobe,deadmau5,4kJWtxDDNb9oAk3h7sX3N4,a1.00 t1.00,auto-ok
G5,official-pl-electro-edm,Swedish House Mafia,Save the World,8xPJ6dwofUw,Save The World,Swedish House Mafia,65hRZOQkVjmBdusz1N7aOv,a1.00 t1.00,auto-ok
G5,official-pl-electro-edm,Skrillex,Bangarang,cR2XilcGYOo,Bangarang (feat. Sirah),Skrillex / Sirah,6VRhkROS2SZHGlp0pxndbJ,a1.00 t1.00,auto-ok
G5,official-pl-electro-edm,Zedd ft. Hayley Williams,Stay the Night,i-gyZ35074k,Stay The Night - Featuring Hayley Williams Of Paramore,Zedd / Hayley Williams,4bT2zLVv2T4GiK9q9KtI0v,a1.00 t1.00,auto-ok
G5,official-pl-electro-edm,Calvin Harris,Feel So Close,KtqQYPUJk8E,Feel So Close - Radio Edit,Calvin Harris,1gihuPhrLraKYrJMAEONyc,a1.00 t1.00,auto-ok
G5,official-pl-electro-edm,Calvin Harris ft. John Newman,Blame,IxxstCcJlsc,Blame (feat. John Newman),Calvin Harris / John Newman,07nH4ifBxUB4lZcsf44Brn,a1.00 t1.00,auto-ok
G5,official-pl-electro-edm,Shawn Mendes,There's Nothing Holdin' Me Back,dT2owtxkU8k,There's Nothing Holdin' Me Back,Shawn Mendes,7JJmb5XwzOO8jgpou264Ml,a1.00 t1.00,auto-ok
G5,official-pl-electro-edm,The Chainsmokers,#Selfie,kdemFfbS5H0,#SELFIE,The Chainsmokers,1HOlb9rdNOmy9b1Fakicjo,a1.00 t1.00,auto-ok
G5,official-pl-electro-edm,Alesso ft. Tove Lo,Heroes,a7SouU3ECpU,Heroes (we could be),Alesso / Tove Lo,3zU9rdflI65tK4dkkNSp77,a1.00 t1.00,auto-ok
G5,official-pl-electro-edm,Flo Rida,Good Feeling,3OnnDqH6Wj8,Good Feeling,Flo Rida,2LEF1A8DOZ9wRYikWgVlZ8,a1.00 t1.00,auto-ok
G5,official-pl-electro-edm,Zedd,Spectrum,IsuVMdnF8A0,Spectrum,Zedd / Matthew Koma,1dFkD1JfRMzwO6hwUsE8aS,a1.00 t1.00,auto-ok
G5,official-pl-electro-edm,Skrillex & Diplo ft. Justin Bieber,Where Are Ü Now,nntGTK2Fhb0,Where Are Ü Now (with Justin Bieber),Jack Ü / Skrillex / Diplo / Justin Bieber,66hayvUbTotekKU3H4ta1f,a1.00 t1.00,auto-ok
G5,official-pl-electro-edm,Kiiara,Gold,sO9cBXRcBvo,Gold,Kiiara,6ZSO7kPn8IMJFymyticbJO,a1.00 t1.00,auto-ok
G5,official-pl-electro-edm,DJ Snake ft. Justin Bieber,Let Me Love You,euCqAq6BRa4,Let Me Love You,DJ Snake / Justin Bieber,0lYBSQXN6rCTvUZvg9S0lU,a1.00 t1.00,auto-ok
G5,official-pl-electro-edm,Calvin Harris ft. Rihanna,This Is What You Came For,kOkQ4T5WO9E,This Is What You Came For,Calvin Harris / Rihanna,0azC730Exh71aQlOt9Zj3y,a1.00 t1.00,auto-ok
G5,official-pl-electro-edm,Calvin Harris ft. Ellie Goulding,Outside,J9NQFACZYEU,Outside (feat. Ellie Goulding),Calvin Harris / Ellie Goulding,7MmG8p0F9N3C4AXdK6o6Eb,a1.00 t1.00,auto-ok
G5,official-pl-electro-edm,Avicii vs Nicky Romero,I Could Be the One,bek1y2uiQGA,I Could Be The One (Avicii Vs. Nicky Romero) - Radio Edit,Avicii / Nicky Romero,1sh6lL6cmlcwhqZKGiKBua,a0.55 t1.00,no-match
G5,official-pl-electro-edm,Swedish House Mafia,Don't You Worry Child,1y6smkh6c-0,Don't You Worry Child - Radio Edit,Swedish House Mafia / John Martin,2V65y3PX4DkRhy1djlxd9p,a1.00 t1.00,auto-ok
G5,official-pl-electro-edm,Robin Schulz,Prayer in C,J1oKxRCghr4,Prayer in C - Robin Schulz Radio Edit,Lilly Wood and The Prick / Robin Schulz,5fnA9mkIfScSqHIpeDyvck,a1.00 t1.00,auto-ok
G5,official-pl-electro-edm,The Chainsmokers & Coldplay,Something Just Like This,FM7MFYoylVs,Something Just Like This,The Chainsmokers / Coldplay,1dNIEtp7AY3oDAKCGg2XkH,a1.00 t1.00,auto-ok
G5,official-pl-electro-edm,Kygo ft. Conrad Sewell,Firestone,9Sc-ir2UwGU,Firestone,Kygo / Conrad Sewell,1I8tHoNBFTuoJAlh4hfVVE,a1.00 t1.00,auto-ok
G5,official-pl-electro-edm,Major Lazer & DJ Snake ft. MØ,Lean On,YqeW9_5kURI,Lean On,Major Lazer / MØ / DJ Snake,4UKJUbcuStnnxLeJmVJsSc,a1.00 t1.00,auto-ok
G5,official-pl-electro-edm,The Chainsmokers ft. ROZES,Roses,FyASdjZE0R0,Roses,The Chainsmokers / ROZES,3vv9phIu6Y1vX3jcqaGz5Z,a1.00 t1.00,auto-ok
G5,official-pl-electro-edm,The Chainsmokers ft. Halsey,Closer,PT2_F-1esPk,Closer,The Chainsmokers / Halsey,7BKLCZ1jbUBVqRi2FVlTVw,a1.00 t1.00,auto-ok
G5,official-pl-electro-edm,Calvin Harris,Summer,McEoTIqoRKk,Summer,Calvin Harris,6YUTL4dYpB9xZO5qExPf05,a1.00 t1.00,auto-ok
G5,official-pl-electro-edm,Avicii,Wake Me Up,5y_KJAg8bHI,Wake Me Up,Avicii,0nrRP2bk19rLc0orkWPQk2,a1.00 t1.00,auto-ok
G5,official-pl-electro-edm,The Chainsmokers ft. Daya,Don't Let Me Down,Io0fBr1XBUA,Don't Let Me Down,The Chainsmokers / Daya,1i1fxkWeaMmKEB4T7zqbzK,a1.00 t1.00,auto-ok
G5,official-pl-electro-edm,Jack Ü ft. Kiesza,Take Ü There,C9slkeFXogU,Take Ü There (feat. Kiesza),Jack Ü / Skrillex / Diplo / Kiesza,2RpKh7kXSdO8NLrW9VQ46p,a1.00 t1.00,auto-ok
G5,official-pl-electro-edm,Zedd,Clarity,l9Q7GISatW0,Clarity,Zedd / Foxes,60wwxj6Dd9NJlirf84wr2c,a1.00 t1.00,auto-ok
G5,official-pl-electro-edm,David Guetta,Hey Mama,6Z6VimTcfmA,"Hey Mama (feat. Nicki Minaj, Bebe Rexha & Afrojack)",David Guetta / AFROJACK / Bebe Rexha / Nicki Minaj,285HeuLxsngjFn4GGegGNm,a1.00 t1.00,auto-ok
G5,official-pl-electro-edm,Martin Garrix,Animals,LvJdIYhC3Ck,Animals,Martin Garrix,0A9mHc7oYUoCECqByV8cQR,a1.00 t1.00,auto-ok
G5,official-pl-electro-edm,David Guetta,Titanium,P-gWGlf_VrY,Titanium (feat. Sia),David Guetta / Sia,0TDLuuLlV54CkRRUOahJb4,a1.00 t1.00,auto-ok
G5,official-pl-electro-edm,DVBBS & Borgeous,Tsunami,0EWbonj7f18,Tsunami,DVBBS / Borgeous,0vZCG0H9KhtU7K8MEUVAoV,a1.00 t1.00,auto-ok
G5,official-pl-electro-edm,"Dimitri Vegas, Like Mike & Martin Garrix",Tremor,9vMh9f41pqE,Tremor - Sensation 2014 Anthem,Dimitri Vegas & Like Mike / Martin Garrix / Dimitri Vegas,0gpvO8fKvZcQ4u54rdu469,a1.00 t1.00,auto-ok
G5,official-pl-electro-edm,"DJ Snake ft. Selena Gomez, Ozuna & Cardi B",Taki Taki,ixkoVwKQaJg,"Taki Taki (with Selena Gomez, Ozuna & Cardi B)",DJ Snake / Selena Gomez / Ozuna / Cardi B,4w8niZpiMy6qz1mntFA5uM,a1.00 t1.00,auto-ok
G5,official-pl-electro-edm,Tim Berg,Seek Bromance,eWUC5Q0RCAA,Seek Bromance - Avicii Vocal Edit,Tim Berg / Avicii,7tSO7DrrYpiMXX3zM4b3oM,a1.00 t1.00,auto-ok
G5,official-pl-electro-edm,David Guetta ft. Ne-Yo & Akon,Play Hard,5dbEhBKGOtY,Play Hard (feat. Ne-Yo & Akon),David Guetta / Ne-Yo / Akon,5YPMEOJ58kfl56VHxTgwx3,a1.00 t1.00,auto-ok
G5,official-pl-electro-edm,Skrillex,Scary Monsters and Nice Sprites,WSeNSzJ2-Jw,Scary Monsters and Nice Sprites,Skrillex,5q8oybjZelukF4h0CzSUN9,a1.00 t1.00,auto-ok
G5,official-pl-electro-edm,Martin Garrix & Bebe Rexha,In the Name of Love,RnBT9uUYb1w,In the Name of Love,Martin Garrix / Bebe Rexha,23L5CiUhw2jV1OIMwthR3S,a1.00 t1.00,auto-ok
G5,official-pl-electro-edm,Martin Garrix,Forbidden Voices,j2lJUKy0X_Q,Forbidden Voices,Martin Garrix,6EsH66Uto1zwZlDGQ6RokU,a1.00 t1.00,auto-ok
G5,official-pl-electro-edm,David Guetta ft. Usher,Without You,jUe8uoKdHao,Without You (feat. Usher),David Guetta / USHER,3UN6cIn3VIyg0z1LCuFSum,a1.00 t1.00,auto-ok
G5,official-pl-electro-edm,Taio Cruz,Dynamite,Vysgv7qVYTo,Dynamite,Taio Cruz,2CEgGE6aESpnmtfiZwYlbV,a1.00 t1.00,auto-ok
G5,official-pl-electro-edm,LMFAO ft. Lil Jon,Shots,XNtTEibFvlQ,Shots,LMFAO / Lil Jon,1V4jC0vJ5525lEF1bFgPX2,a1.00 t1.00,auto-ok
G5,official-pl-electro-edm,Calvin Harris & Alesso ft. Hurts,Under Control,yZqmarGShxg,Under Control (feat. Hurts),Calvin Harris / Alesso / Hurts,4J7CKHCF3mdL4diUsmW8lq,a1.00 t1.00,auto-ok
G5,official-pl-electro-edm,Axwell Λ Ingrosso,Sun Is Shining,nbXgHAzUWB0,Sun Is Shining,Axwell /\ Ingrosso / Axwell / Sebastian Ingrosso,4b2tcjrG1qUkSdsqEFP2dB,a1.00 t1.00,auto-ok
G5,official-pl-electro-edm,Galantis,Peanut Butter Jelly,4jBDnYE1WjI,Peanut Butter Jelly,Galantis,3aIhJDHxr1kgTSnutJxPTH,a1.00 t1.00,auto-ok
G5,official-pl-electro-edm,Galantis,Runaway (U & I),5XR7naZ_zZA,Runaway (U & I),Galantis,46lFttIf5hnUZMGvjK0Wxo,a1.00 t1.00,auto-ok
G5,official-pl-electro-edm,Zedd ft. Jon Bellion,Beautiful Now,n1a7o44WxNo,Beautiful Now,Zedd / Jon Bellion,2ISSQPb9LHHiV6ng2NXosL,a1.00 t1.00,auto-ok
G5,official-pl-electro-edm,Guru Josh Project,Infinity,jzy2dgEUOhY,Infinity 2008 - Klaas Vocal Edit,Guru Josh Project / Klaas,3aQz0z86zrKjd1mcZlonxE,a1.00 t1.00,auto-ok
G5,official-pl-electro-edm,Zara Larsson & MNEK,Never Forget You,KDxJlW6cxRk,Never Forget You,Zara Larsson / MNEK,6hmhG1b4LEyNuashVvuIAo,a1.00 t1.00,auto-ok
G5,official-pl-electro-edm,Rihanna ft. David Guetta,Right Now,0u8teXR8VE4,Right Now,Rihanna / David Guetta,42Ow7PS3YtCWplolUUigDo,a1.00 t1.00,auto-ok
G5,official-pl-electro-edm,Kygo ft. Parson James,Stole the Show,BgfcToAjfdc,Stole the Show,Kygo / Parson James,5masKPHeAOVNgxdLebIcK7,a1.00 t1.00,auto-ok
G5,official-pl-electro-edm,will.i.am ft. Britney Spears,Scream & Shout,kYtGl1dX5qI,Scream & Shout,will.i.am / Britney Spears,2iJuuzV8P9Yz0VSurttIV5,a1.00 t1.00,auto-ok
G5,official-pl-electro-edm,deadmau5 ft. Rob Swire,Ghosts 'n' Stuff,h7ArUgxtlJs,Ghosts 'n' Stuff,deadmau5 / Rob Swire,4ua0IepBEISCWwF8dTJvcU,a1.00 t1.00,auto-ok
G5,official-pl-electro-edm,DJ Snake & Lil Jon,Turn Down for What,HMUDVMiITOU,Turn Down for What,DJ Snake / Lil Jon,67awxiNHNyjMXhVgsHuIrs,a1.00 t1.00,auto-ok
G5,official-pl-soul-rnb,Alicia Keys,No One,rywUS-ohqeE,No One,Alicia Keys,6IwKcFdiRQZOWeYNhUiWIv,a1.00 t1.00,auto-ok
G5,official-pl-soul-rnb,Destiny's Child,Say My Name,sQgd6MccwZc,Say My Name,Destiny's Child,7H6ev70Weq6DdpZyyTmUXk,a1.00 t1.00,auto-ok
G5,official-pl-soul-rnb,TLC,Waterfalls,aIl23kwFUqM,Waterfalls,TLC,6qspW4YKycviDFjHBOaqUY,a1.00 t1.00,auto-ok
G5,official-pl-soul-rnb,Boyz II Men,End of the Road,zDKO6XYXioc,End Of The Road,Boyz II Men,3l3xTXsUXeWlkPqzMs7mPD,a1.00 t1.00,auto-ok
G5,official-pl-soul-rnb,Bill Withers,Lean on Me,gOZgo8gMIoM,Lean on Me,Bill Withers,5zCJvrT3C7cIfHsR5iG95l,a1.00 t1.00,auto-ok
G5,official-pl-soul-rnb,Beyoncé,Single Ladies (Put a Ring on It),CQpTT64uFcA,Single Ladies (Put a Ring on It),Beyoncé,557un1HgwYMuqfWGSTmnxw,a1.00 t1.00,auto-ok
G5,official-pl-soul-rnb,Marvin Gaye,What's Going On,H-kA3UtBj4M,What's Going On,Marvin Gaye,3Um9toULmYFGCpvaIPFw7l,a1.00 t1.00,auto-ok
G5,official-pl-soul-rnb,Stevie Wonder,I Just Called to Say I Love You,1bGOgY1CmiU,I Just Called To Say I Love You,Stevie Wonder,6RNDeRnWsRMjPdNVgupZCs,a1.00 t1.00,auto-ok
G5,official-pl-soul-rnb,Otis Redding,(Sittin' On) The Dock of the Bay,rTVjnBo96Ug,(Sittin' On) the Dock of the Bay - Mono,Otis Redding,3zBhihYUHBmGd2bcQIobrF,a1.00 t1.00,auto-ok
G5,official-pl-soul-rnb,Commodores,Brick House,rrBx6mAWYPU,Brick House,Commodores,5VJjhHyG8NZ5xdgG6uTb3P,a1.00 t1.00,auto-ok
G5,official-pl-soul-rnb,Lionel Richie,Hello,PDZcqBgCS74,Hello,Lionel Richie,6HMvJcdw6qLsyV1b5x29sa,a1.00 t1.00,auto-ok
G5,official-pl-soul-rnb,LaBelle,Lady Marmalade,t4LWIP7SAjY,Lady Marmalade,LaBelle,17VWTx7LD7liGlpnlGhUbn,a1.00 t1.00,auto-ok
G5,official-pl-soul-rnb,Aretha Franklin,Think,HqYnevHibaI,Think,Aretha Franklin,4yQw7FR9lcvL6RHtegbJBh,a1.00 t1.00,auto-ok
G5,official-pl-soul-rnb,Alicia Keys,If I Ain't Got You,Ju8Hr50Ckwk,If I Ain't Got You,Alicia Keys,3XVBdLihbNbxUwZosxcGuJ,a1.00 t1.00,auto-ok
G5,official-pl-soul-rnb,Missy Elliott,Work It,cjIvu7e6Wq8,Work It,Missy Elliott,3jagJCUbdqhDSPuxP8cAqF,a1.00 t1.00,auto-ok
G5,official-pl-soul-rnb,Mariah Carey,Always Be My Baby,LfRNRymrv9k,Always Be My Baby,Mariah Carey,2aBxt229cbLDOvtL7Xbb9x,a1.00 t1.00,auto-ok
G5,official-pl-soul-rnb,Nelly,Hot in Herre,GeZZr_p6vB8,Hot In Herre,Nelly,04KTF78FFg8sOHC1BADqbY,a1.00 t1.00,auto-ok
G5,official-pl-soul-rnb,Rick James,Super Freak,QYHxGBH6o4M,Super Freak,Rick James,2dCmGcEOQrMQhMMS8Vj7Ca,a1.00 t1.00,auto-ok
G5,official-pl-soul-rnb,Usher feat. Lil Jon & Ludacris,Yeah!,GxBSyx85Kp8,Yeah! (feat. Lil Jon & Ludacris),USHER / Lil Jon / Ludacris,5rb9QrpfcKFHM1EUbSIurX,a1.00 t1.00,auto-ok
G5,official-pl-soul-rnb,Bill Withers,Lovely Day,bEeaS6fuUoA,Lovely Day,Bill Withers,0bRXwKfigvpKZUurwqAlEh,a1.00 t1.00,auto-ok
G5,official-pl-soul-rnb,Destiny's Child,Survivor,Wmc8bQoL-J0,Survivor,Destiny's Child,2Mpj1Ul5OFPyyP4wB62Rvi,a1.00 t1.00,auto-ok
G5,official-pl-soul-rnb,James Brown,I Got You (I Feel Good),inNTZTINTtM,I Got You - 1964 Smash Version,James Brown,711ba03szQaASPznwdZkuw,a1.00 t1.00,auto-ok
G5,official-pl-soul-rnb,Janet Jackson,What Have You Done for Me Lately,r9uizdKZAGE,What Have You Done For Me Lately,Janet Jackson,2SFq0UIiBWkBgky0fkrHP0,a1.00 t1.00,auto-ok
G5,official-pl-soul-rnb,Gladys Knight & The Pips,I Heard It Through the Grapevine,hajBdDM2qdg,I Heard It Through The Grapevine,Gladys Knight & The Pips,1aRrJewQmqU3wMUf86VVc6,a0.59 t1.00,review
G5,official-pl-soul-rnb,Ben E. King,Stand By Me,hwZNL7QVJjE,Stand By Me,Ben E. King,3SdTKo2uVsxFblQjpScoHy,a1.00 t1.00,auto-ok
G5,official-pl-soul-rnb,"Earth, Wind & Fire",September,Gs069dndIYk,September,"Earth, Wind & Fire",2grjqo0Frpf2okIBiifQKs,a0.33 t1.00,no-match
G5,official-pl-soul-rnb,Nelly feat. Kelly Rowland,Dilemma,8WYHDfJDPDc,Dilemma,Nelly / Kelly Rowland,0ARK753YaiJbpLUk7z5yIM,a1.00 t1.00,auto-ok
G5,official-pl-soul-rnb,Chris Brown,With You,nmcdLOjGVzw,With You,Chris Brown,5Lgcn7u07bHuqbOtXkN62u,a1.00 t1.00,auto-ok
G5,official-pl-soul-rnb,Boyz II Men,I'll Make Love to You,fV8vB1BB2qc,I'll Make Love To You,Boyz II Men,7dfl9X38RhIvB3oSmmneq3,a1.00 t1.00,auto-ok
G5,official-pl-soul-rnb,Blackstreet feat. Dr. Dre,No Diggity,3KL9mRus19o,No Diggity,Blackstreet / Dr. Dre / Queen Pen,5tzDYbMDhomaADt9hKhANt,a1.00 t1.00,auto-ok
G5,official-pl-soul-rnb,Beyoncé feat. Jay-Z,Crazy in Love,ViwtNLUqkMY,Crazy In Love (feat. JAY-Z),Beyoncé / JAŸ-Z,5IVuqXILoxVWvWEPm82Jxr,a1.00 t1.00,auto-ok
G5,official-pl-soul-rnb,Marvin Gaye,Sexual Healing,rjlSiASsUIs,Sexual Healing,Marvin Gaye,3VZmChrnVW8JK6ano4gSED,a1.00 t1.00,auto-ok
G5,official-pl-soul-rnb,Otis Redding,Try a Little Tenderness,CjO7qdADCyQ,Try a Little Tenderness,Otis Redding,36AlMHDBFwSsD3FQOy1R81,a1.00 t1.00,auto-ok
G5,official-pl-soul-rnb,Aretha Franklin,Respect,A134hShx_gw,Respect,Aretha Franklin,7s25THrKz86DM225dOYwnr,a1.00 t1.00,auto-ok
G5,official-pl-soul-rnb,The Jackson 5,I Want You Back,x0q1H9xWOA8,I Want You Back,The Jackson 5,5LxvwujISqiB8vpRYv887S,a1.00 t1.00,auto-ok
G5,official-pl-soul-rnb,Sam & Dave,Soul Man,S_OX2HwWy-o,Soul Man,Sam & Dave,4eGHlplaq1ME8oetnTuFFf,a0.38 t1.00,no-match
G5,official-pl-soul-rnb,Al Green,Let's Stay Together,XXx6RDzR6eM,Let's Stay Together,Al Green,63xdwScd1Ai1GigAwQxE8y,a1.00 t1.00,auto-ok
G5,official-pl-soul-rnb,Bobby Brown,Every Little Step,P0FKzPfsxA4,Every Little Step,Bobby Brown,0s6e7ZafqOAUBDoQYGmxrc,a1.00 t1.00,auto-ok
G5,official-pl-soul-rnb,Toni Braxton,Un-Break My Heart,p2Rch6WvPJE,Un-Break My Heart,Toni Braxton,5Ihd9HrPvOADyVoonH9ZjB,a1.00 t1.00,auto-ok
G5,official-pl-soul-rnb,Roberta Flack,Killing Me Softly With His Song,DEbi_YjpA-Y,Killing Me Softly With His Song,Roberta Flack,3gsCAGsWr6pUm1Vy7CPPob,a1.00 t1.00,auto-ok
G5,official-pl-soul-rnb,Mariah Carey,Fantasy,qq09UkPRdFY,Fantasy,Mariah Carey,6xkryXuiZU360Lngd4sx13,a1.00 t1.00,auto-ok
G5,official-pl-soul-rnb,KC and the Sunshine Band,Get Down Tonight,LHEsE9yN2CY,Get Down Tonight,KC & The Sunshine Band,7dNUfw7xbVXz4wyQTsMYmt,a0.83 t1.00,auto-ok
G5,official-pl-soul-rnb,Lauryn Hill,Ex-Factor,cE-bnWqLqxE,Ex-Factor,Ms. Lauryn Hill,2VjXGuPVVxyhMgER3Uz2Fe,a0.79 t1.00,review
G5,official-pl-soul-rnb,Ginuwine,Pony,lbnoG2dsUk0,Pony,Ginuwine,6mz1fBdKATx6qP4oP1I65G,a1.00 t1.00,auto-ok
G5,official-pl-soul-rnb,Montell Jordan,This Is How We Do It,0hiUuL5uTKc,This Is How We Do It,Montell Jordan,6aJ90LBl96bly9zuEH1U2X,a1.00 t1.00,auto-ok
G5,official-pl-soul-rnb,Bell Biv DeVoe,Poison,sb2np1HGqxg,Poison,Bell Biv DeVoe,6m59VvDUi0UQsB2eZ9wVbH,a1.00 t1.00,auto-ok
G5,official-pl-soul-rnb,TLC,No Scrubs,FrLequ6dUdM,No Scrubs,TLC,1KGi9sZVMeszgZOWivFpxs,a1.00 t1.00,auto-ok
G5,official-pl-soul-rnb,Michael Jackson,Man in the Mirror,P5vz6iwV38U,Man in the Mirror,Michael Jackson,50mf5MGiYq7C4bw1vAj2Ls,a1.00 t1.00,auto-ok
G5,official-pl-soul-rnb,Beyoncé,Irreplaceable,2EwViQxSJJQ,Irreplaceable,Beyoncé,6RX5iL93VZ5fKmyvNXvF1r,a1.00 t1.00,auto-ok
G5,official-pl-soul-rnb,Lauryn Hill,Doo Wop (That Thing),T6QKqFPRZSA,Doo Wop (That Thing),Ms. Lauryn Hill,0uEp9E98JB5awlA084uaIg,a0.79 t1.00,review
G5,official-pl-soul-rnb,"Earth, Wind & Fire",Shining Star,Lrle0x_DHBM,Shining Star,"Earth, Wind & Fire",0RgcOUQg4qYAEt9RIdf3oB,a0.33 t1.00,no-match
G5,official-pl-soul-rnb,Percy Sledge,When a Man Loves a Woman,GHhD4PD75zY,When a Man Loves a Woman,Percy Sledge,51FpzuGkRYXFgsE2zXt9av,a1.00 t1.00,auto-ok
G5,official-pl-soul-rnb,Stevie Wonder,Superstition,0CFuCYNx-1g,Superstition,Stevie Wonder,4N0TP4Rmj6QQezWV88ARNJ,a1.00 t1.00,auto-ok
G5,official-pl-60s,The Box Tops,The Letter,BqDjMZKf-wg,The Letter,The Box Tops,6RJK553YhstRzyKA4mug09,a1.00 t1.00,auto-ok
G5,official-pl-60s,Louis Armstrong,What a Wonderful World,VqhCQZaH4Vs,What A Wonderful World,Louis Armstrong,29U7stRjqHU6rMiS8BfaI9,a1.00 t1.00,auto-ok
G5,official-pl-60s,The Mamas & the Papas,California Dreamin',N-aK6JnyFmk,California Dreamin',The Mamas & The Papas,1ZEOIhSn6BKErV59bIgn76,a0.47 t1.00,no-match
G5,official-pl-60s,The Jimi Hendrix Experience,Purple Haze,WGoDaYjdfSg,Purple Haze,Jimi Hendrix,0wJoRiX5K5BxlqZTolB2LD,a0.44 t1.00,no-match
G5,official-pl-60s,Creedence Clearwater Revival,Fortunate Son,ec0XKhAHR5I,Fortunate Son,Creedence Clearwater Revival,4BP3uh0hFLFRb5cjsgLqDh,a1.00 t1.00,auto-ok
G5,official-pl-60s,The Kinks,You Really Got Me,fTTsY-oz6Go,You Really Got Me,The Kinks,6tZdL3Zp8JgrfDbsSeSV1S,a1.00 t1.00,auto-ok
G5,official-pl-60s,Ray Charles,Hit the Road Jack,Q8Tiz6INF7I,Hit the Road Jack,Ray Charles,2HoqbEOXgbDSLZ5XCePEXt,a1.00 t1.00,auto-ok
G5,official-pl-60s,Steppenwolf,Born to Be Wild,rMbATaj7Il8,Born To Be Wild,Steppenwolf,2VPGmrcBw5X4yAu3B8UZNE,a1.00 t1.00,auto-ok
G5,official-pl-60s,The Who,My Generation,qN5zw04WxCc,My Generation,The Who,2EMmHEhCZSMMEM85HTFJvj,a1.00 t1.00,auto-ok
G5,official-pl-60s,Tommy James and the Shondells,Crimson and Clover,GpGEeneO-t0,Crimson and Clover (Single Version),Tommy James & The Shondells,74ohdXevc7VsXl96ofi3Kn,a0.86 t1.00,auto-ok
G5,official-pl-60s,The Turtles,Happy Together,mRCe5L1imxg,Happy Together,The Turtles,1JO1xLtVc8mWhIoE3YaCL0,a1.00 t1.00,auto-ok
G5,official-pl-60s,The Monkees,Daydream Believer,xvqeSJlgaNk,Daydream Believer,The Monkees,7uEcCGtM1FBBGIhPozhJjv,a1.00 t1.00,auto-ok
G5,official-pl-60s,The Mamas & the Papas,"Monday, Monday",h81Ojd3d2rY,"Monday, Monday - Single Version",The Mamas & The Papas,3EFb1qDgIqf9MegIryKtDj,a0.47 t1.00,no-match
G5,official-pl-60s,Van Morrison,Brown Eyed Girl,UfmkgQRmmeE,Brown Eyed Girl,Van Morrison,4CNL4GBNTdVIU5Nk6hB4LC,a1.00 t1.00,auto-ok
G5,official-pl-60s,Elvis Presley,Can't Help Falling in Love,vGJTaP6anOU,Can't Help Falling in Love,Elvis Presley,44AyOl4qVkzS48vBsbNXaC,a1.00 t1.00,auto-ok
G5,official-pl-60s,The Beatles,Hey Jude,A_MjCqQoLLA,Hey Jude,The Beatles,1eT2CjXwFXNx6oY5ydvzKU,a1.00 t1.00,auto-ok
G5,official-pl-60s,The Rolling Stones,Paint It Black,O4irXQhgMqg,"Paint It, Black",The Rolling Stones,63T7DJ1AFDD6Bn8VzG6JE8,a1.00 t1.00,auto-ok
G5,official-pl-60s,The Temptations,My Girl,y3KJ7d2qBoA,My Girl,The Temptations,745H5CctFr12Mo7cqa1BMH,a1.00 t1.00,auto-ok
G5,official-pl-60s,Bobby Hebb,Sunny,mVhy7JPqM7A,Sunny,Bobby Hebb,4vju55Ag7apDL2CfotuE7Q,a1.00 t1.00,auto-ok
G5,official-pl-60s,The Doors,Light My Fire,xXgCIjYjXWY,Light My Fire,The Doors,5uvosCdMlFdTXhoazkTI5R,a1.00 t1.00,auto-ok
G5,official-pl-60s,The Beach Boys,Surfin' USA,fIO7h1ICrJ4,Surfin' U.S.A.,The Beach Boys,2EPr9Wx7e1cpGEbNAtuN7x,a1.00 t0.83,auto-ok
G5,official-pl-60s,Buffalo Springfield,For What It's Worth,gp5JCrSXkJY,For What It's Worth,Buffalo Springfield,1qRA5BS78u3gME0loMl9AA,a1.00 t1.00,auto-ok
G5,official-pl-60s,The Troggs,Wild Thing,gSWInYFVksg,Wild Thing,The Troggs,7jGzYUZ2Bgg8BDfYlQRfn8,a1.00 t1.00,auto-ok
G5,official-pl-60s,Otis Redding,Try a Little Tenderness,UnPMoAb4y8U,Try a Little Tenderness,Otis Redding,36AlMHDBFwSsD3FQOy1R81,a1.00 t1.00,auto-ok
G5,official-pl-60s,Marvin Gaye,I Heard It Through the Grapevine,cXWHpbpNdHE,I Heard It Through The Grapevine,Marvin Gaye,1tqT6DhmsrtQgyCKUwotiw,a1.00 t1.00,auto-ok
G5,official-pl-60s,The Beach Boys,Good Vibrations,Eab_beh07HU,Good Vibrations,The Beach Boys,6aU6a9tdn2vHhnPGlboFZX,a1.00 t1.00,auto-ok
G5,official-pl-60s,Roy Orbison,"Oh, Pretty Woman",Ikweq0THs88,"Oh, Pretty Woman",Roy Orbison,52HAHV1j93s5B8GoTNI7DJ,a1.00 t1.00,auto-ok
G5,official-pl-60s,The Righteous Brothers,Unchained Melody,IxuEtL7gxoM,Unchained Melody,The Righteous Brothers,2qhASBzpbFhPRtrnZ5lLnz,a1.00 t1.00,auto-ok
G5,official-pl-60s,Ben E. King,Stand by Me,hwZNL7QVJjE,Stand By Me,Ben E. King,3SdTKo2uVsxFblQjpScoHy,a1.00 t1.00,auto-ok
G5,official-pl-60s,Creedence Clearwater Revival,Bad Moon Rising,5BmEGm-mraE,Bad Moon Rising,Creedence Clearwater Revival,20OFwXhEXf12DzwXmaV7fj,a1.00 t1.00,auto-ok
G5,official-pl-60s,The Righteous Brothers,You've Lost That Lovin' Feelin',uOnYY9Mw2Fg,You've Lost That Lovin' Feelin',The Righteous Brothers,5GMw6X6BbCDGO9gApQYRSa,a1.00 t1.00,auto-ok
G5,official-pl-60s,Frank Sinatra,My Way,qQzdAsjWGPg,My Way - 2008 Remastered,Frank Sinatra,2YkIDPL5lGhRhomCq4S2RO,a1.00 t1.00,auto-ok
G5,official-pl-60s,Otis Redding,Sittin' on the Dock of the Bay,rTVjnBo96Ug,(Sittin' On) the Dock of the Bay - Mono,Otis Redding,3zBhihYUHBmGd2bcQIobrF,a1.00 t0.66,review
G5,official-pl-60s,Simon & Garfunkel,The Sound of Silence,4fWyzwo1xg0,The Sound of Silence,Simon & Garfunkel,3YfS47QufnLDFA71FUsgCM,a0.33 t1.00,no-match
G5,official-pl-60s,Simon & Garfunkel,Mrs. Robinson,9C1BCAgu2I8,"Mrs. Robinson - From ""The Graduate"" Soundtrack",Simon & Garfunkel,0iOZM63lendWRTTeKhZBSC,a0.33 t1.00,no-match
G5,official-pl-60s,Aretha Franklin,Respect,6FOUqQt3Kg0,Respect,Aretha Franklin,7s25THrKz86DM225dOYwnr,a1.00 t1.00,auto-ok
G5,official-pl-60s,The Jimi Hendrix Experience,All Along the Watchtower,TLV4_xaYynY,All Along the Watchtower,Jimi Hendrix,2aoo2jlRnM3A0NyLQqMN2f,a0.44 t1.00,no-match
G5,official-pl-60s,Nancy Sinatra,These Boots Are Made for Walkin',SbyAZQ45uww,These Boots Are Made for Walkin',Nancy Sinatra,2PneNdtypG6XcgmWmGd9FI,a1.00 t1.00,auto-ok
G5,official-pl-60s,The Foundations,Build Me Up Buttercup,iol0B-clFFM,Build Me Up Buttercup - Mono,The Foundations,1tfZtA15BfJHQTUy3dqTKC,a1.00 t1.00,auto-ok
G5,official-pl-60s,Martha and the Vandellas,Dancing in the Street,CdvITn5cAVc,Dancing In The Street,Martha Reeves & The Vandellas,6rLqjzGV5VMLDWEnuUqi8q,a0.78 t1.00,review
G5,official-pl-60s,Shocking Blue,Venus,aPEhQugz-Ew,Venus,Shocking Blue,0Z3xhSOhrawLV81YdiDiiJ,a1.00 t1.00,auto-ok
G5,official-pl-60s,Ray Charles,Georgia on My Mind,fRgWBN8yt_E,Georgia on My Mind,Ray Charles,4DEAiNBvq5yBy7NzpVc02h,a1.00 t1.00,auto-ok
G5,official-pl-60s,Cream,White Room,VR90gQ-SIaY,White Room,Cream,3Xls4cNOwy01dtrNXb1inG,a1.00 t1.00,auto-ok
G5,official-pl-60s,The Rolling Stones,(I Can't Get No) Satisfaction,nrIPxlFzDi0,(I Can't Get No) Satisfaction - Mono,The Rolling Stones,2PzU4IB8Dr6mxV3lHuaG34,a1.00 t1.00,auto-ok
G5,official-pl-60s,Elvis Presley,Suspicious Minds,RxOBOhRECoo,Suspicious Minds,Elvis Presley,1H5IfYyIIAlgDX8zguUzns,a1.00 t1.00,auto-ok
G5,official-pl-60s,The Beatles,I Want to Hold Your Hand,IEfx6w3OWQw,I Want To Hold Your Hand - Remastered 2015,The Beatles,4pbG9SUmWIvsROVLF0zF9s,a1.00 t1.00,auto-ok
G5,official-pl-60s,The Animals,House of the Rising Sun,PqW4GCmQSt4,House of the Rising Sun,The Animals,4mn2kNTqiGLwaUR8JdhJ1l,a1.00 t1.00,auto-ok
G5,official-pl-60s,Booker T. & the M.G.'s,Green Onions,_bpS-cOBK6Q,Green Onions,Booker T. & the M.G.'s,4fQMGlCawbTkH9yPPZ49kP,a0.44 t1.00,no-match
G5,official-pl-60s,Johnny Cash,Ring of Fire,mIBTg7q9oNc,Ring of Fire,Johnny Cash,5rDkA2TFOImbiVenmnE9r4,a1.00 t1.00,auto-ok
G5,official-pl-60s,Procol Harum,A Whiter Shade of Pale,Mb3iPP-tHdA,A Whiter Shade of Pale - Original Single Version,Procol Harum,7DsQgIwg23u9gooCxkRTu3,a1.00 t1.00,auto-ok
G5,official-pl-60s,Steppenwolf,Magic Carpet Ride,U4WiyxXpyZc,Magic Carpet Ride,Steppenwolf,4c4jJJoaiY21t2TyRZgdWS,a1.00 t1.00,auto-ok
G5,official-pl-60s,Bob Dylan,Like a Rolling Stone,IwOfCgkyEj0,Like a Rolling Stone,Bob Dylan,3AhXZa8sUQht0UEdBJgpGc,a1.00 t1.00,auto-ok
G5,official-pl-saint-valentin,Norah Jones,Come Away With Me,9IZ_d6zadGw,Come Away With Me,Norah Jones,6jGnykaS6TkWp15utXSAeI,a1.00 t1.00,auto-ok
G5,official-pl-saint-valentin,Serge Gainsbourg & Jane Birkin,Je t'aime moi non plus,JIQiGN-vO-g,Je t'aime moi non plus,Serge Gainsbourg / Jane Birkin,5P0tWr5JZqDoi5wq2OalFH,a1.00 t1.00,auto-ok
G5,official-pl-saint-valentin,Elton John,Can You Feel the Love Tonight,KjgWWjkNbhU,Can You Feel the Love Tonight - End Title,Elton John,32RxZnEk5KyWUTZR4azxbD,a1.00 t1.00,auto-ok
G5,official-pl-saint-valentin,Umberto Tozzi,Ti amo,TxtjTag4-Mw,Ti Amo,Umberto Tozzi,0gAbf0NL9no1Urk1Wj8Uui,a1.00 t1.00,auto-ok
G5,official-pl-saint-valentin,Sam Smith,Stay With Me,bXDSR4GggUU,Stay With Me,Sam Smith,5Nm9ERjJZ5oyfXZTECKmRt,a1.00 t1.00,auto-ok
G5,official-pl-saint-valentin,The Cure,Lovesong,ks_qOI0lzho,Lovesong,The Cure,49edirvFZwWjxAMZJRg1hN,a1.00 t1.00,auto-ok
G5,official-pl-saint-valentin,Grégoire,Toi + Moi,1B083_AiXTU,Toi + Moi,Grégoire,1cl6UxttwMTjJXsdyMDUde,a1.00 t1.00,auto-ok
G5,official-pl-saint-valentin,The Police,Every Breath You Take,OMOGaugKpzs,Every Breath You Take,The Police,1JSTJqkT5qHq8MDJnJbRE1,a1.00 t1.00,auto-ok
G5,official-pl-saint-valentin,Chris Isaak,Wicked Game,PIh07c_P4hc,Wicked Game,Chris Isaak,7w5AOd6HrDIHewHfpABEss,a1.00 t1.00,auto-ok
G5,official-pl-saint-valentin,Adele,Someone Like You,hLQl3WQQoQ0,Someone Like You,Adele,3bNv3VuUOKgrf5hu3YcuRo,a1.00 t1.00,auto-ok
G5,official-pl-saint-valentin,Christina Perri,A Thousand Years,rtOvBOTyX00,a thousand years,Christina Perri,6lanRgr6wXibZr8KgzXxBl,a1.00 t1.00,auto-ok
G5,official-pl-saint-valentin,Extreme,More Than Words,UrIiLvg58SY,More Than Words,Extreme,1gVgkQFOKa8Wc1HYsJtPdH,a1.00 t1.00,auto-ok
G5,official-pl-saint-valentin,Michael Bublé,Everything,SPUJIbXN0WY,Everything,Michael Bublé,4T6HLdP6OcAtqC6tGnQelG,a1.00 t1.00,auto-ok
G5,official-pl-saint-valentin,Bee Gees,How Deep Is Your Love,XpqqjU7u5Yc,How Deep Is Your Love,Bee Gees,2JoZzpdeP2G6Csfdq5aLXP,a1.00 t1.00,auto-ok
G5,official-pl-saint-valentin,The Beatles,Something,IrW7dlDHH28,Something - Remastered 2009,The Beatles,0pNeVovbiZHkulpGeOx1Gj,a1.00 t1.00,auto-ok
G5,official-pl-saint-valentin,Nat King Cole,L-O-V-E,JErVP6xLZwg,L-O-V-E,Nat King Cole,4QxDOjgpYtQDxxbWPuEJOy,a1.00 t1.00,auto-ok
G5,official-pl-saint-valentin,Céline Dion,Pour que tu m'aimes encore,AzaTyxMduH4,Pour que tu m'aimes encore,Céline Dion,2hwHPUMNlR8WfCGOwBYco0,a1.00 t1.00,auto-ok
G5,official-pl-saint-valentin,Ed Sheeran,Thinking Out Loud,WpyfrixXBqU,Thinking out Loud,Ed Sheeran,34gCuhDGsG4bRPIf9bb02f,a1.00 t1.00,auto-ok
G5,official-pl-saint-valentin,All-4-One,I Swear,25rL-ooWICU,I Swear,All-4-One,4WUnM4KNZ0kjp0CUeoyOnS,a1.00 t1.00,auto-ok
G5,official-pl-saint-valentin,Eric Clapton,Wonderful Tonight,fxAiUq8yn34,Wonderful Tonight,Eric Clapton,6zC0mpGYwbNTpk9SKwh08f,a1.00 t1.00,auto-ok
G5,official-pl-saint-valentin,Lionel Richie & Diana Ross,Endless Love,UsqDoz2Co4o,Endless Love,Lionel Richie / Diana Ross,5iwyLsQ5yjnCaRrJGyAPZM,a1.00 t1.00,auto-ok
G5,official-pl-saint-valentin,Etta James,At Last,S-cbOl96RFM,At Last,Etta James,4Hhv2vrOTy89HFRcjU3QOx,a1.00 t1.00,auto-ok
G5,official-pl-saint-valentin,Ben E. King,Stand by Me,hwZNL7QVJjE,Stand By Me,Ben E. King,3SdTKo2uVsxFblQjpScoHy,a1.00 t1.00,auto-ok
G5,official-pl-saint-valentin,Boyz II Men,End of the Road,zDKO6XYXioc,End Of The Road,Boyz II Men,3l3xTXsUXeWlkPqzMs7mPD,a1.00 t1.00,auto-ok
G5,official-pl-saint-valentin,Whitney Houston,I Will Always Love You,3JWTaaS7LdU,I Will Always Love You,Whitney Houston,4eHbdreAnSOrDDsFfc4Fpm,a1.00 t1.00,auto-ok
G5,official-pl-saint-valentin,Alicia Keys,Fallin',Urdlvw0SSEc,Fallin',Alicia Keys,0KQx6HOpJueiSkztcS0r7D,a1.00 t1.00,auto-ok
G5,official-pl-saint-valentin,Richard Marx,Right Here Waiting,S_E2EHVxNAE,Right Here Waiting,Richard Marx,4LFwNJWoj74Yd71fIr1W8x,a1.00 t1.00,auto-ok
G5,official-pl-saint-valentin,Boyz II Men,I'll Make Love to You,fV8vB1BB2qc,I'll Make Love To You,Boyz II Men,7dfl9X38RhIvB3oSmmneq3,a1.00 t1.00,auto-ok
G5,official-pl-saint-valentin,Elvis Presley,Can't Help Falling in Love,vGJTaP6anOU,Can't Help Falling in Love,Elvis Presley,44AyOl4qVkzS48vBsbNXaC,a1.00 t1.00,auto-ok
G5,official-pl-saint-valentin,Goo Goo Dolls,Iris,NdYWuo9OFAw,Iris,The Goo Goo Dolls,6Qyc6fS4DsZjB2mRW9DsQs,a0.76 t1.00,review
G5,official-pl-saint-valentin,Ed Sheeran,Perfect,2Vv-BfVoq4g,Perfect,Ed Sheeran,0tgVpDi06FyKpA1z0VMD4v,a1.00 t1.00,auto-ok
G5,official-pl-saint-valentin,Alicia Keys,If I Ain't Got You,Ju8Hr50Ckwk,If I Ain't Got You,Alicia Keys,3XVBdLihbNbxUwZosxcGuJ,a1.00 t1.00,auto-ok
G5,official-pl-saint-valentin,Elvis Presley,Can't Help Falling in Love,vGJTaP6anOU,Can't Help Falling in Love,Elvis Presley,44AyOl4qVkzS48vBsbNXaC,a1.00 t1.00,auto-ok
G5,official-pl-saint-valentin,The Bangles,Eternal Flame,PSoOFn3wQV4,Eternal Flame,The Bangles / Susanna Hoffs,5MoDQWMDMaAGDEiWsJfeCi,a1.00 t1.00,auto-ok
G5,official-pl-saint-valentin,Goo Goo Dolls,Iris,NdYWuo9OFAw,Iris,The Goo Goo Dolls,6Qyc6fS4DsZjB2mRW9DsQs,a0.76 t1.00,review
G5,official-pl-saint-valentin,Savage Garden,Truly Madly Deeply,WQnAxOQxQIU,Truly Madly Deeply,Savage Garden,013AWvizllIUEC2FOBzOnh,a1.00 t1.00,auto-ok
G5,official-pl-saint-valentin,Ed Sheeran,Perfect,2Vv-BfVoq4g,Perfect,Ed Sheeran,0tgVpDi06FyKpA1z0VMD4v,a1.00 t1.00,auto-ok
G5,official-pl-saint-valentin,Aerosmith,I Don't Want to Miss a Thing,JkK8g6FMEXE,"I Don't Want to Miss a Thing - From ""Armageddon"" Soundtrack",Aerosmith,225xvV8r1yKMHErSWivnow,a1.00 t1.00,auto-ok
G5,official-pl-saint-valentin,Alicia Keys,If I Ain't Got You,Ju8Hr50Ckwk,If I Ain't Got You,Alicia Keys,3XVBdLihbNbxUwZosxcGuJ,a1.00 t1.00,auto-ok
G5,official-pl-saint-valentin,Queen,Crazy Little Thing Called Love,zO6D_BAuYCI,Crazy Little Thing Called Love - Remastered 2011,Queen,6xdLJrVj4vIXwhuG8TMopk,a1.00 t1.00,auto-ok
G5,official-pl-saint-valentin,The Bangles,Eternal Flame,PSoOFn3wQV4,Eternal Flame,The Bangles / Susanna Hoffs,5MoDQWMDMaAGDEiWsJfeCi,a1.00 t1.00,auto-ok
G5,official-pl-saint-valentin,George Michael,Careless Whisper,izGwDsrQ1eQ,Careless Whisper,George Michael,5WDLRQ3VCdVrKw0njWe5E5,a1.00 t1.00,auto-ok
G5,official-pl-saint-valentin,Savage Garden,Truly Madly Deeply,WQnAxOQxQIU,Truly Madly Deeply,Savage Garden,013AWvizllIUEC2FOBzOnh,a1.00 t1.00,auto-ok
G5,official-pl-saint-valentin,John Legend,All of Me,450p7goxZqg,All of Me,John Legend,3U4isOIWM3VvDubwSI3y7a,a1.00 t1.00,auto-ok
G5,official-pl-saint-valentin,Aerosmith,I Don't Want to Miss a Thing,JkK8g6FMEXE,"I Don't Want to Miss a Thing - From ""Armageddon"" Soundtrack",Aerosmith,225xvV8r1yKMHErSWivnow,a1.00 t1.00,auto-ok
G5,official-pl-saint-valentin,Shania Twain,You're Still the One,KNZH-emehxA,You're Still The One,Shania Twain,1wb4P4F0sxAQ2KXrRvsx6n,a1.00 t1.00,auto-ok
G5,official-pl-saint-valentin,Queen,Crazy Little Thing Called Love,zO6D_BAuYCI,Crazy Little Thing Called Love - Remastered 2011,Queen,6xdLJrVj4vIXwhuG8TMopk,a1.00 t1.00,auto-ok
G5,official-pl-saint-valentin,Bryan Adams,(Everything I Do) I Do It for You,Y0pdQU87dc8,(Everything I Do) I Do It For You,Bryan Adams,1Eb90nmqTrxylKFhcUzW8P,a1.00 t1.00,auto-ok
G5,official-pl-saint-valentin,George Michael,Careless Whisper,izGwDsrQ1eQ,Careless Whisper,George Michael,5WDLRQ3VCdVrKw0njWe5E5,a1.00 t1.00,auto-ok
G5,official-pl-saint-valentin,John Legend,All of Me,450p7goxZqg,All of Me,John Legend,3U4isOIWM3VvDubwSI3y7a,a1.00 t1.00,auto-ok
G5,official-pl-saint-valentin,Francis Cabrel,Je l'aime à mourir,MzvlalfN0Es,Je l'aime à mourir,Francis Cabrel,2XK2R8ElT2woHH2tfn6PgJ,a1.00 t1.00,auto-ok
G5,official-pl-saint-valentin,Shania Twain,You're Still the One,KNZH-emehxA,You're Still The One,Shania Twain,1wb4P4F0sxAQ2KXrRvsx6n,a1.00 t1.00,auto-ok
G5,official-pl-saint-valentin,Snow Patrol,Chasing Cars,GemKqzILV4w,Chasing Cars,Snow Patrol,5hnyJvgoWiQUYZttV4wXy6,a1.00 t1.00,auto-ok
G5,official-pl-saint-valentin,Bryan Adams,(Everything I Do) I Do It for You,Y0pdQU87dc8,(Everything I Do) I Do It For You,Bryan Adams,1Eb90nmqTrxylKFhcUzW8P,a1.00 t1.00,auto-ok
G5,official-pl-saint-valentin,Peabo Bryson & Regina Belle,A Whole New World,hZ1Rb9hC4JY,A Whole New World (Aladdin's Theme),Peabo Bryson / Regina Belle,4tS8xQfyPGc7f4lJ1JP6BX,a1.00 t1.00,auto-ok
G5,official-pl-saint-valentin,Francis Cabrel,Je l'aime à mourir,MzvlalfN0Es,Je l'aime à mourir,Francis Cabrel,2XK2R8ElT2woHH2tfn6PgJ,a1.00 t1.00,auto-ok
G5,official-pl-saint-valentin,Louis Armstrong,La vie en rose,8IJzYAda1wA,La vie en rose,Louis Armstrong,0Yj7WP1MbAqQVQA5Na4I7E,a1.00 t1.00,auto-ok
G5,official-pl-saint-valentin,Snow Patrol,Chasing Cars,GemKqzILV4w,Chasing Cars,Snow Patrol,5hnyJvgoWiQUYZttV4wXy6,a1.00 t1.00,auto-ok
G5,official-pl-saint-valentin,Jennifer Rush,The Power of Love,NiF6-0UTqtc,The Power of Love,Jennifer Rush,18DfMhEx4ddoreHrvZDF6Q,a1.00 t1.00,auto-ok
G5,official-pl-saint-valentin,Peabo Bryson & Regina Belle,A Whole New World,hZ1Rb9hC4JY,A Whole New World (Aladdin's Theme),Peabo Bryson / Regina Belle,4tS8xQfyPGc7f4lJ1JP6BX,a1.00 t1.00,auto-ok
G5,official-pl-saint-valentin,Stevie Wonder,I Just Called to Say I Love You,1SiylvmFI_8,I Just Called To Say I Love You,Stevie Wonder,6RNDeRnWsRMjPdNVgupZCs,a1.00 t1.00,auto-ok
G5,official-pl-saint-valentin,Louis Armstrong,La vie en rose,8IJzYAda1wA,La vie en rose,Louis Armstrong,0Yj7WP1MbAqQVQA5Na4I7E,a1.00 t1.00,auto-ok
G5,official-pl-saint-valentin,Lionel Richie,Hello,PDZcqBgCS74,Hello,Lionel Richie,6HMvJcdw6qLsyV1b5x29sa,a1.00 t1.00,auto-ok
G5,official-pl-saint-valentin,Jennifer Rush,The Power of Love,NiF6-0UTqtc,The Power of Love,Jennifer Rush,18DfMhEx4ddoreHrvZDF6Q,a1.00 t1.00,auto-ok
G5,official-pl-saint-valentin,The Righteous Brothers,Unchained Melody,qiiyq2xrSI0,Unchained Melody,The Righteous Brothers,2qhASBzpbFhPRtrnZ5lLnz,a1.00 t1.00,auto-ok
G5,official-pl-saint-valentin,Stevie Wonder,I Just Called to Say I Love You,1SiylvmFI_8,I Just Called To Say I Love You,Stevie Wonder,6RNDeRnWsRMjPdNVgupZCs,a1.00 t1.00,auto-ok
G5,official-pl-saint-valentin,Bruno Mars,Just the Way You Are,E-UJTGXof6Q,Just the Way You Are,Bruno Mars,47Slg6LuqLaX0VodpSCvPt,a1.00 t1.00,auto-ok
G5,official-pl-saint-valentin,Lionel Richie,Hello,PDZcqBgCS74,Hello,Lionel Richie,6HMvJcdw6qLsyV1b5x29sa,a1.00 t1.00,auto-ok
G5,official-pl-saint-valentin,Adele,Make You Feel My Love,9_LKDk5AF6g,Make You Feel My Love,Adele,273QnyCvJB65rScHJ1nPZb,a1.00 t1.00,auto-ok
G5,official-pl-saint-valentin,The Righteous Brothers,Unchained Melody,qiiyq2xrSI0,Unchained Melody,The Righteous Brothers,2qhASBzpbFhPRtrnZ5lLnz,a1.00 t1.00,auto-ok
G5,official-pl-saint-valentin,Bonnie Tyler,Total Eclipse of the Heart,lcOxhH8N3Bo,Total Eclipse of the Heart,Bonnie Tyler,7wuJGgpTNzbUyn26IOY6rj,a1.00 t1.00,auto-ok
G5,official-pl-saint-valentin,Bruno Mars,Just the Way You Are,E-UJTGXof6Q,Just the Way You Are,Bruno Mars,47Slg6LuqLaX0VodpSCvPt,a1.00 t1.00,auto-ok
G5,official-pl-metal,Papa Roach,Last Resort,j0lSpNtjPM8,Last Resort,Papa Roach,5W8YXBz9MTIDyrpYaCg2Ky,a1.00 t1.00,auto-ok
G5,official-pl-saint-valentin,Adele,Make You Feel My Love,9_LKDk5AF6g,Make You Feel My Love,Adele,273QnyCvJB65rScHJ1nPZb,a1.00 t1.00,auto-ok
G5,official-pl-saint-valentin,Bonnie Tyler,Total Eclipse of the Heart,lcOxhH8N3Bo,Total Eclipse of the Heart,Bonnie Tyler,7wuJGgpTNzbUyn26IOY6rj,a1.00 t1.00,auto-ok
G5,official-pl-metal,Aerosmith,Walk This Way,4B_UYYPb-Gk,Walk This Way,Aerosmith,4JfuiOWlWCkjP6OKurHjSn,a1.00 t1.00,auto-ok
G5,official-pl-metal,Ozzy Osbourne,Crazy Train,Djrl6fu8myo,Crazy Train,Ozzy Osbourne,7ACxUo21jtTHzy7ZEV56vU,a1.00 t1.00,auto-ok
G5,official-pl-metal,Papa Roach,Last Resort,j0lSpNtjPM8,Last Resort,Papa Roach,5W8YXBz9MTIDyrpYaCg2Ky,a1.00 t1.00,auto-ok
G5,official-pl-metal,Slayer,Raining Blood,z8ZqFlw6hYg,Raining Blood,Slayer,4fiOTntQKr24p07FvQDHZE,a1.00 t1.00,auto-ok
G5,official-pl-metal,Aerosmith,Walk This Way,4B_UYYPb-Gk,Walk This Way,Aerosmith,4JfuiOWlWCkjP6OKurHjSn,a1.00 t1.00,auto-ok
G5,official-pl-metal,AC/DC,Back in Black,zjx0D1Ivy-Q,Back In Black,AC/DC,08mG3Y1vljYA6bvDt4Wqkj,a1.00 t1.00,auto-ok
G5,official-pl-metal,Ozzy Osbourne,Crazy Train,Djrl6fu8myo,Crazy Train,Ozzy Osbourne,7ACxUo21jtTHzy7ZEV56vU,a1.00 t1.00,auto-ok
G5,official-pl-metal,Alice Cooper,School's Out,2Oo8QzDHimQ,School's Out,Alice Cooper,5Z8EDau8uNcP1E8JvmfkZe,a1.00 t1.00,auto-ok
G5,official-pl-metal,Slayer,Raining Blood,z8ZqFlw6hYg,Raining Blood,Slayer,4fiOTntQKr24p07FvQDHZE,a1.00 t1.00,auto-ok
G5,official-pl-metal,AC/DC,Back in Black,zjx0D1Ivy-Q,Back In Black,AC/DC,08mG3Y1vljYA6bvDt4Wqkj,a1.00 t1.00,auto-ok
G5,official-pl-metal,Korn,Blind,SGK00Q7xx-s,Blind,Korn,1pr9TZGOXeJUggIal1Wq3R,a1.00 t1.00,auto-ok
G5,official-pl-metal,Alice Cooper,School's Out,2Oo8QzDHimQ,School's Out,Alice Cooper,5Z8EDau8uNcP1E8JvmfkZe,a1.00 t1.00,auto-ok
G5,official-pl-metal,Aerosmith,Dream On,89dGC8de0CA,Dream On,Aerosmith,5Ih9gbqyxCzTJ43nuSuKnC,a1.00 t1.00,auto-ok
G5,official-pl-metal,Korn,Blind,SGK00Q7xx-s,Blind,Korn,1pr9TZGOXeJUggIal1Wq3R,a1.00 t1.00,auto-ok
G5,official-pl-metal,Slipknot,Psychosocial,5abamRO41fE,Psychosocial,Slipknot,3RAFcUBrCNaboRXoP3S5t1,a1.00 t1.00,auto-ok
G5,official-pl-metal,Aerosmith,Dream On,89dGC8de0CA,Dream On,Aerosmith,5Ih9gbqyxCzTJ43nuSuKnC,a1.00 t1.00,auto-ok
G5,official-pl-metal,Alice in Chains,Them Bones,zTuD8k3JvxQ,Them Bones (2022 Remaster),Alice In Chains,4A065x9kJt955eGVqf813g,a1.00 t1.00,auto-ok
G5,official-pl-metal,Slipknot,Psychosocial,5abamRO41fE,Psychosocial,Slipknot,3RAFcUBrCNaboRXoP3S5t1,a1.00 t1.00,auto-ok
G5,official-pl-metal,Accept,Balls to the Wall,B_3TlrZLpQ0,Balls to the Wall,Accept,5lnsKF9ozONnelE3isemRS,a1.00 t1.00,auto-ok
G5,official-pl-metal,Alice in Chains,Them Bones,zTuD8k3JvxQ,Them Bones (2022 Remaster),Alice In Chains,4A065x9kJt955eGVqf813g,a1.00 t1.00,auto-ok
G5,official-pl-metal,Motörhead,Overkill,3VNUyjRRjxM,Overkill,Motörhead,4XvvR8F6qOcnzgChO1uTIO,a1.00 t1.00,auto-ok
G5,official-pl-metal,Accept,Balls to the Wall,B_3TlrZLpQ0,Balls to the Wall,Accept,5lnsKF9ozONnelE3isemRS,a1.00 t1.00,auto-ok
G5,official-pl-metal,Metallica,Enter Sandman,CD-E-LDc384,Enter Sandman - Remastered 2021,Metallica,3DwQ7AH3xGD9h65ezslm6q,a1.00 t1.00,auto-ok
G5,official-pl-metal,Motörhead,Overkill,3VNUyjRRjxM,Overkill,Motörhead,4XvvR8F6qOcnzgChO1uTIO,a1.00 t1.00,auto-ok
G5,official-pl-metal,Europe,The Final Countdown,9jK-NcRmVcw,The Final Countdown,Europe,3MrRksHupTVEQ7YbA0FsZK,a1.00 t1.00,auto-ok
G5,official-pl-metal,Metallica,Enter Sandman,CD-E-LDc384,Enter Sandman - Remastered 2021,Metallica,3DwQ7AH3xGD9h65ezslm6q,a1.00 t1.00,auto-ok
G5,official-pl-metal,Rammstein,Du Hast,W3q8Od5qJio,Du hast,Rammstein,5awDvzxWfd53SSrsRZ8pXO,a1.00 t1.00,auto-ok
G5,official-pl-metal,Europe,The Final Countdown,9jK-NcRmVcw,The Final Countdown,Europe,3MrRksHupTVEQ7YbA0FsZK,a1.00 t1.00,auto-ok
G5,official-pl-metal,Pantera,Walk,AkFqg5wAuFk,Walk,Pantera,7fcfNW0XxTWlwVlftzfDOR,a1.00 t1.00,auto-ok
G5,official-pl-metal,Rammstein,Du Hast,W3q8Od5qJio,Du hast,Rammstein,5awDvzxWfd53SSrsRZ8pXO,a1.00 t1.00,auto-ok
G5,official-pl-metal,Dio,Holy Diver,EhGEGIBGLu8,Holy Diver,Dio,54yLLvpezvPO1lA3GspiZj,a1.00 t1.00,auto-ok
G5,official-pl-metal,Pantera,Walk,AkFqg5wAuFk,Walk,Pantera,7fcfNW0XxTWlwVlftzfDOR,a1.00 t1.00,auto-ok
G5,official-pl-metal,Dio,Holy Diver,EhGEGIBGLu8,Holy Diver,Dio,54yLLvpezvPO1lA3GspiZj,a1.00 t1.00,auto-ok
G5,official-pl-metal,AC/DC,Thunderstruck,v2AC41dglnM,Thunderstruck,AC/DC,57bgtoPSgt236HzfBOd8kj,a1.00 t1.00,auto-ok
G5,official-pl-metal,AC/DC,Thunderstruck,v2AC41dglnM,Thunderstruck,AC/DC,57bgtoPSgt236HzfBOd8kj,a1.00 t1.00,auto-ok
G5,official-pl-metal,Iron Maiden,The Trooper,t24ij5kI2cg,The Trooper - 2015 Remaster,Iron Maiden,4OROzZUy6gOWN4UGQVaZMF,a1.00 t1.00,auto-ok
G5,official-pl-metal,Iron Maiden,The Trooper,t24ij5kI2cg,The Trooper - 2015 Remaster,Iron Maiden,4OROzZUy6gOWN4UGQVaZMF,a1.00 t1.00,auto-ok
G5,official-pl-metal,Guns N' Roses,Welcome to the Jungle,9erLsEHAZRI,Welcome To The Jungle,Guns N' Roses,0G21yYKMZoHa30cYVi1iA8,a1.00 t1.00,auto-ok
G5,official-pl-metal,Guns N' Roses,Welcome to the Jungle,9erLsEHAZRI,Welcome To The Jungle,Guns N' Roses,0G21yYKMZoHa30cYVi1iA8,a1.00 t1.00,auto-ok
G5,official-pl-metal,Metallica,Nothing Else Matters,waBb-UM5m4g,Nothing Else Matters - Remastered 2021,Metallica,6QAsrXPnMSXIbV0yEJHlEX,a1.00 t1.00,auto-ok
G5,official-pl-metal,Metallica,Nothing Else Matters,waBb-UM5m4g,Nothing Else Matters - Remastered 2021,Metallica,6QAsrXPnMSXIbV0yEJHlEX,a1.00 t1.00,auto-ok
G5,official-pl-metal,Lamb of God,Redneck,oqdZpxkzNvc,Redneck,Lamb of God,1WZVnw0YWc7OLkVijEargx,a1.00 t1.00,auto-ok
G5,official-pl-metal,Lamb of God,Redneck,oqdZpxkzNvc,Redneck,Lamb of God,1WZVnw0YWc7OLkVijEargx,a1.00 t1.00,auto-ok
G5,official-pl-metal,Black Sabbath,War Pigs,PrZFscfJxXc,War Pigs - 2009 Remaster,Black Sabbath,6TYQRlRci6AkVrN9a5C7ne,a1.00 t1.00,auto-ok
G5,official-pl-metal,Black Sabbath,War Pigs,PrZFscfJxXc,War Pigs - 2009 Remaster,Black Sabbath,6TYQRlRci6AkVrN9a5C7ne,a1.00 t1.00,auto-ok
G5,official-pl-metal,Ratt,Round and Round,0u8teXR8VE4,Round and Round,Ratt,57P8gH8rjt4OqEoqzut1bL,a1.00 t1.00,auto-ok
G5,official-pl-metal,Ratt,Round and Round,0u8teXR8VE4,Round and Round,Ratt,57P8gH8rjt4OqEoqzut1bL,a1.00 t1.00,auto-ok
G5,official-pl-metal,Motörhead,Ace of Spades,86Iwytfa6ms,Ace of Spades,Motörhead,3CIOopLwvyMvXk97ZEksKO,a1.00 t1.00,auto-ok
G5,official-pl-metal,Motörhead,Ace of Spades,86Iwytfa6ms,Ace of Spades,Motörhead,3CIOopLwvyMvXk97ZEksKO,a1.00 t1.00,auto-ok
G5,official-pl-metal,System of a Down,Toxicity,iywaBOMvYLI,Toxicity,System Of A Down,0snQkGI5qnAmohLE7jTsTn,a1.00 t1.00,auto-ok
G5,official-pl-metal,System of a Down,Toxicity,iywaBOMvYLI,Toxicity,System Of A Down,0snQkGI5qnAmohLE7jTsTn,a1.00 t1.00,auto-ok
G5,official-pl-metal,System of a Down,Aerials,L-iepu3EtyE,Aerials,System Of A Down,4e9eGQYsOiBcftrWXwsVco,a1.00 t1.00,auto-ok
G5,official-pl-metal,System of a Down,Aerials,L-iepu3EtyE,Aerials,System Of A Down,4e9eGQYsOiBcftrWXwsVco,a1.00 t1.00,auto-ok
G5,official-pl-metal,Rammstein,Sonne,StZcUAPRRac,Sonne,Rammstein,3gVhsZtseYtY1fMuyYq06F,a1.00 t1.00,auto-ok
G5,official-pl-metal,Rammstein,Sonne,StZcUAPRRac,Sonne,Rammstein,3gVhsZtseYtY1fMuyYq06F,a1.00 t1.00,auto-ok
G5,official-pl-metal,Alice Cooper,Poison,Qq4j1LtCdww,Poison,Alice Cooper,5XcZRgJv3zMhTqCyESjQrF,a1.00 t1.00,auto-ok
G5,official-pl-metal,Alice Cooper,Poison,Qq4j1LtCdww,Poison,Alice Cooper,5XcZRgJv3zMhTqCyESjQrF,a1.00 t1.00,auto-ok
G5,official-pl-metal,Iron Maiden,The Number of the Beast,QcU_BeNXQp8,The Number of the Beast - 2015 Remaster,Iron Maiden,3nlGByvetDcS1uomAoiBmy,a1.00 t1.00,auto-ok
G5,official-pl-metal,Iron Maiden,The Number of the Beast,QcU_BeNXQp8,The Number of the Beast - 2015 Remaster,Iron Maiden,3nlGByvetDcS1uomAoiBmy,a1.00 t1.00,auto-ok
G5,official-pl-metal,Whitesnake,Here I Go Again,WyF8RHM1OCg,Here I Go Again - 1987 Version / 2018 Remaster,Whitesnake,58z9sfHe9s9zTvYGKehCWM,a1.00 t1.00,auto-ok
G5,official-pl-metal,Whitesnake,Here I Go Again,WyF8RHM1OCg,Here I Go Again - 1987 Version / 2018 Remaster,Whitesnake,58z9sfHe9s9zTvYGKehCWM,a1.00 t1.00,auto-ok
G5,official-pl-metal,Marilyn Manson,The Beautiful People,Ypkv0HeUvTc,The Beautiful People,Marilyn Manson,2aIB1CdRRG7YLBu9hNw9nR,a1.00 t1.00,auto-ok
G5,official-pl-metal,Marilyn Manson,The Beautiful People,Ypkv0HeUvTc,The Beautiful People,Marilyn Manson,2aIB1CdRRG7YLBu9hNw9nR,a1.00 t1.00,auto-ok
G5,official-pl-metal,Slayer,Angel of Death,K6_zsJ8KPP0,Angel Of Death,Slayer,5ohfpKB5tt275f4Y4lQ9F7,a1.00 t1.00,auto-ok
G5,official-pl-metal,Slayer,Angel of Death,K6_zsJ8KPP0,Angel Of Death,Slayer,5ohfpKB5tt275f4Y4lQ9F7,a1.00 t1.00,auto-ok
G5,official-pl-metal,Mötley Crüe,Kickstart My Heart,CmXWkMlKFkI,Kickstart My Heart,Mötley Crüe,4Yqy0GpeDEXLibWJCZyQew,a1.00 t1.00,auto-ok
G5,official-pl-metal,Mötley Crüe,Kickstart My Heart,CmXWkMlKFkI,Kickstart My Heart,Mötley Crüe,4Yqy0GpeDEXLibWJCZyQew,a1.00 t1.00,auto-ok
G5,official-pl-metal,Slipknot,Before I Forget,qw2LU1yS7aw,Before I Forget,Slipknot,6wqJeItl3Vc3az4ZicSQAB,a1.00 t1.00,auto-ok
G5,official-pl-metal,Slipknot,Before I Forget,qw2LU1yS7aw,Before I Forget,Slipknot,6wqJeItl3Vc3az4ZicSQAB,a1.00 t1.00,auto-ok
G5,official-pl-metal,Korn,Freak on a Leash,jRGrNDV2mKc,Freak On a Leash,Korn,6W21LNLz9Sw7sUSNWMSHRu,a1.00 t1.00,auto-ok
G5,official-pl-metal,Korn,Freak on a Leash,jRGrNDV2mKc,Freak On a Leash,Korn,6W21LNLz9Sw7sUSNWMSHRu,a1.00 t1.00,auto-ok
G5,official-pl-metal,Living Colour,Cult of Personality,7xxgRUyzgs0,Cult of Personality (2023 Remaster),Living Colour,4WG7Z3bNM3iE4vCYcXsxNx,a1.00 t1.00,auto-ok
G5,official-pl-metal,Living Colour,Cult of Personality,7xxgRUyzgs0,Cult of Personality (2023 Remaster),Living Colour,4WG7Z3bNM3iE4vCYcXsxNx,a1.00 t1.00,auto-ok
G5,official-pl-metal,Iron Maiden,Run to the Hills,Q3sJlr0kw8I,Run to the Hills - 2015 Remaster,Iron Maiden,4Zc7TCHzuNwL0AFBlyLdyr,a1.00 t1.00,auto-ok
G5,official-pl-metal,Iron Maiden,Run to the Hills,Q3sJlr0kw8I,Run to the Hills - 2015 Remaster,Iron Maiden,4Zc7TCHzuNwL0AFBlyLdyr,a1.00 t1.00,auto-ok
G5,official-pl-metal,Megadeth,Symphony of Destruction,vfpgpf6QVnI,Symphony Of Destruction,Megadeth,51TG9W3y9qyO8BY5RXKgnZ,a1.00 t1.00,auto-ok
G5,official-pl-metal,Megadeth,Symphony of Destruction,vfpgpf6QVnI,Symphony Of Destruction,Megadeth,51TG9W3y9qyO8BY5RXKgnZ,a1.00 t1.00,auto-ok
G5,official-pl-metal,Metallica,Master of Puppets,6xjJ2XIbGRk,Master Of Puppets,Metallica,2MuWTIM3b0YEAskbeeFE1i,a1.00 t1.00,auto-ok
G5,official-pl-metal,Metallica,Master of Puppets,6xjJ2XIbGRk,Master Of Puppets,Metallica,2MuWTIM3b0YEAskbeeFE1i,a1.00 t1.00,auto-ok
G5,official-pl-metal,Rage Against the Machine,Killing in the Name,bWXazVhlyxQ,Killing In The Name,Rage Against The Machine,59WN2psjkt1tyaxjspN8fp,a1.00 t1.00,auto-ok
G5,official-pl-metal,Rage Against the Machine,Killing in the Name,bWXazVhlyxQ,Killing In The Name,Rage Against The Machine,59WN2psjkt1tyaxjspN8fp,a1.00 t1.00,auto-ok
G5,official-pl-metal,Rage Against the Machine,Bulls on Parade,3L4YrGaR8E4,Bulls On Parade,Rage Against The Machine,0tZ3mElWcr74OOhKEiNz1x,a1.00 t1.00,auto-ok
G5,official-pl-metal,Rage Against the Machine,Bulls on Parade,3L4YrGaR8E4,Bulls On Parade,Rage Against The Machine,0tZ3mElWcr74OOhKEiNz1x,a1.00 t1.00,auto-ok
G5,official-pl-metal,Scorpions,Rock You Like a Hurricane,6yP1tcy9a10,Rock You Like a Hurricane - 2015 - Remaster,Scorpions,58dBJivB6lbAY5irCuAxJX,a1.00 t1.00,auto-ok
G5,official-pl-metal,Scorpions,Rock You Like a Hurricane,6yP1tcy9a10,Rock You Like a Hurricane - 2015 - Remaster,Scorpions,58dBJivB6lbAY5irCuAxJX,a1.00 t1.00,auto-ok
G5,official-pl-metal,Alice in Chains,Man in the Box,TAqZb52sgpU,Man in the Box,Alice In Chains,6gZVQvQZOFpzIy3HblJ20F,a1.00 t1.00,auto-ok
G5,official-pl-metal,Alice in Chains,Man in the Box,TAqZb52sgpU,Man in the Box,Alice In Chains,6gZVQvQZOFpzIy3HblJ20F,a1.00 t1.00,auto-ok
G5,official-pl-metal,Guns N' Roses,Sweet Child O' Mine,1w7OgIMMRc4,Sweet Child O' Mine,Guns N' Roses,7snQQk1zcKl8gZ92AnueZW,a1.00 t1.00,auto-ok
G5,official-pl-metal,Guns N' Roses,Sweet Child O' Mine,1w7OgIMMRc4,Sweet Child O' Mine,Guns N' Roses,7snQQk1zcKl8gZ92AnueZW,a1.00 t1.00,auto-ok
G5,official-pl-metal,Disturbed,Down with the Sickness,09LTT0xwdfw,Down with the Sickness,Disturbed,40rvBMQizxkIqnjPdEWY1v,a1.00 t1.00,auto-ok
G5,official-pl-metal,Disturbed,Down with the Sickness,09LTT0xwdfw,Down with the Sickness,Disturbed,40rvBMQizxkIqnjPdEWY1v,a1.00 t1.00,auto-ok
G5,official-pl-metal,Judas Priest,Breaking the Law,L397TWLwrUU,Breaking the Law,Judas Priest,2RaA6kIcvomt77qlIgGhCT,a1.00 t1.00,auto-ok
G5,official-pl-metal,Judas Priest,Breaking the Law,L397TWLwrUU,Breaking the Law,Judas Priest,2RaA6kIcvomt77qlIgGhCT,a1.00 t1.00,auto-ok
G5,official-pl-metal,Black Sabbath,Paranoid,BOTIIw76qiE,Paranoid,Black Sabbath,3hwuHzRicnu6Ji9i1JLzor,a1.00 t1.00,auto-ok
G5,official-pl-metal,Black Sabbath,Paranoid,BOTIIw76qiE,Paranoid,Black Sabbath,3hwuHzRicnu6Ji9i1JLzor,a1.00 t1.00,auto-ok
G5,official-pl-metal,Judas Priest,You've Got Another Thing Comin',WtuoFv4dcwM,You've Got Another Thing Comin',Judas Priest,4f3RDq9nYPBeR1yMSgnmBm,a1.00 t1.00,auto-ok
G5,official-pl-metal,Judas Priest,You've Got Another Thing Comin',WtuoFv4dcwM,You've Got Another Thing Comin',Judas Priest,4f3RDq9nYPBeR1yMSgnmBm,a1.00 t1.00,auto-ok
G5,official-pl-french-touch,Vitalic,Poney Part 1,JukJgxLiFLE,Poney Part 1,Vitalic,6ts1l6eCcuCqHeNtjY0o9u,a1.00 t1.00,auto-ok
G5,official-pl-french-touch,Modjo,Lady (Hear Me Tonight),mMfxI3r_LyA,Lady - Hear Me Tonight,Modjo,49X0LAl6faAusYq02PRAY6,a1.00 t1.00,auto-ok
G5,official-pl-french-touch,Lifelike & Kris Menace,Discopolis,5Ft8yL7VLR4,Discopolis - Extended Mix,Lifelike / Kris Menace,6aIaJSkAKic4wH6U0WzKLY,a1.00 t1.00,auto-ok
G5,official-pl-french-touch,Martin Solveig & Dragonette,Hello,WmH4iWoJfTo,Hello,Martin Solveig / Dragonette,2Hy89WQAxszEUQAvpja0nx,a1.00 t1.00,auto-ok
G5,official-pl-french-touch,Bob Sinclar,Together,ucVbmCL0u-g,Together,Bob Sinclar / Steve Edwards,10O1j3ORlM7hfwGCkoJcai,a1.00 t1.00,auto-ok
G5,official-pl-french-touch,Stardust,Music Sounds Better with You,EvHzRASaCxs,Music Sounds Better With You,Stardust / Benjamin Diamond / Alan Braxe / Thomas Bangalter,303ccTay2FiDTZ9fZ2AdBt,a1.00 t1.00,auto-ok
G5,official-pl-french-touch,Air,La Femme d'argent,YUX8fUrKRNU,La femme d'argent,Air,3ZzhV6JIDKWvWR7wiKWD0C,a1.00 t1.00,auto-ok
G5,official-pl-french-touch,Cassius,Cassius 1999,NDesnOyWzL0,Cassius 1999 - Radio Edit,Cassius,4CHGyhVoq5AVpG47klsVrL,a1.00 t1.00,auto-ok
G5,official-pl-french-touch,Phoenix,1901,HL548cHH3OY,1901,Phoenix,68hYdj3GepWm2R202KhJT7,a1.00 t1.00,auto-ok
G5,official-pl-french-touch,Mr. Oizo,Flat Beat,qmsbP13xu6k,Flat Beat,Mr. Oizo,7GP1ZmPGH1puBliT9S6Fi5,a1.00 t1.00,auto-ok
G5,official-pl-french-touch,Deadmau5,Ghosts 'n' Stuff,h7ArUgxtlJs,Ghosts 'n' Stuff,deadmau5 / Rob Swire,4ua0IepBEISCWwF8dTJvcU,a1.00 t1.00,auto-ok
G5,official-pl-french-touch,Gorillaz,Dare,uAOR6ib95kQ,DARE,Gorillaz,5KITn310R8bC3aZeErFo6S,a1.00 t1.00,auto-ok
G5,official-pl-french-touch,Fatboy Slim,The Rockafeller Skank,nmsTwQb1csc,The Rockafeller Skank,Fatboy Slim,5AgCO3dc2kuSicCsw09YCA,a1.00 t1.00,auto-ok
G5,official-pl-french-touch,The Chemical Brothers,Hey Boy Hey Girl,tpKCqp9CALQ,Hey Boy Hey Girl,The Chemical Brothers,7kXmJwrZGIhDaLT9sNo3ut,a1.00 t1.00,auto-ok
G5,official-pl-french-touch,The Prodigy,Breathe,6_PAHbqq-o4,Breathe,The Prodigy,0Ja4hLKiUSw01E01pJ1yGr,a1.00 t1.00,auto-ok
G5,official-pl-french-touch,Eiffel 65,Blue (Da Ba Dee),zA52uNzx7Y4,Blue (Da Ba Dee) - Gabry Ponte Video Edit,Eiffel 65 / Gabry Ponte,7lMIJ4EFWRVoAIPDpeGyM3,a1.00 t1.00,auto-ok
G5,official-pl-french-touch,Gala,Freed from Desire,p3l7fgvrEKM,Freed From Desire,Gala / Molella / Phil Jay,3u5N55tHf7hXATSQrjBh2q,a1.00 t1.00,auto-ok
G5,official-pl-french-touch,MGMT,Electric Feel,MmZexg8sxyk,Electric Feel,MGMT,3FtYbEfBqAlGO46NUDQSAt,a1.00 t1.00,auto-ok
G5,official-pl-french-touch,Basement Jaxx,Where's Your Head At,5rAOyh7YmEc,Where's Your Head At,Basement Jaxx,3cJh89D0za2SW705fNBo3b,a1.00 t1.00,auto-ok
G5,official-pl-french-touch,Zombie Nation,Kernkraft 400,z5LW07FTJbI,Kernkraft 400,Zombie Nation,6PUzxtIHkv346yP89NzP9X,a1.00 t1.00,auto-ok
G5,official-pl-french-touch,Snap!,Rhythm Is a Dancer,WMPM1q_Uyxc,Rhythm Is a Dancer,SNAP!,5uFYYOyT3EclOVhiFzPJSz,a1.00 t1.00,auto-ok
G5,official-pl-french-touch,Bob Sinclar,Love Generation,avCcCEB2jmg,Love Generation - Edit,Bob Sinclar / Gary Pine,7iee007QypdrTXbLVF5KuF,a1.00 t1.00,auto-ok
G5,official-pl-french-touch,David Guetta,Love Don't Let Me Go,QUdAT5Fwnvk,Love Don't Let Me Go,David Guetta,0mIAWTIXUP9Os5RBXKclO6,a1.00 t1.00,auto-ok
G5,official-pl-french-touch,Cassius,1999,Y-tDlBEQUf0,Cassius 1999 - Radio Edit,Cassius,4CHGyhVoq5AVpG47klsVrL,a1.00 t0.33,no-match
G5,official-pl-french-touch,Bob Sinclar,World Hold On,1iwSRFpKFsc,World Hold On (Children Of The Sky) - FISHER Rework,Bob Sinclar / FISHER / Steve Edwards,6kTwzV93qpcovlRPmBOXmn,a1.00 t1.00,auto-ok
G5,official-pl-french-touch,Martin Solveig,Hello,jNm_wrWquPs,Hello,Martin Solveig / Dragonette,2Hy89WQAxszEUQAvpja0nx,a1.00 t1.00,auto-ok
G5,official-pl-french-touch,The Chemical Brothers,Block Rockin' Beats,iTxOKsyZ0Lw,Block Rockin' Beats,The Chemical Brothers,1FNvrp5K02oThumS6gllzp,a1.00 t1.00,auto-ok
G5,official-pl-french-touch,Daft Punk,One More Time,A2VpR8HahKc,One More Time,Daft Punk,0DiWol3AO6WpXZgp0goxAV,a1.00 t1.00,auto-ok
G5,official-pl-french-touch,Stromae,Alors on Danse,7pKrVB5f2W0,Alors on danse - Radio Edit,Stromae,2GYHyAoLWpkxLVa4oYTVko,a1.00 t1.00,auto-ok
G5,official-pl-french-touch,Yael Naïm,New Soul,hhE7QMXRE1g,New Soul,Yael Naim,09nEPqqMCJ5gNioi7M2dth,a1.00 t1.00,auto-ok
G5,official-pl-french-touch,Justice,D.A.N.C.E.,tCnBrrnOefs,D.A.N.C.E.,Justice,33yAEqzKXexYM3WlOYtTfQ,a1.00 t1.00,auto-ok
G5,official-pl-french-touch,Daft Punk,Da Funk,PwILkY9gRrc,Da Funk,Daft Punk,0MyY4WcN7DIfbSmp5yej5z,a1.00 t1.00,auto-ok
G5,official-pl-french-touch,Justice vs Simian,We Are Your Friends,L0TvnWRSyr4,We Are Your Friends - Justice Vs Simian,Justice / Simian,5f5RzlEgheGXEsYAvmYil8,a0.41 t1.00,no-match
G5,official-pl-french-touch,Sébastien Tellier,La Ritournelle,crblDrrcunQ,La ritournelle,Sébastien Tellier,40at1IRgEDeq0Jun0VNsz2,a1.00 t1.00,auto-ok
G5,official-pl-french-touch,Air,Sexy Boy,R6Yfk-RL_9A,Sexy Boy,Air,6INLpBxo9F5QMer04VXEnd,a1.00 t1.00,auto-ok
G5,official-pl-french-touch,Haddaway,What Is Love,HEXWRTEbj1I,"What Is Love - 7"" Mix",Haddaway,7JkZ2hQdDonRURJjlMuh8q,a1.00 t1.00,auto-ok
G5,official-pl-french-touch,Eric Prydz,Call on Me,qetW6R9Jxs4,Call on Me - Radio Mix,Eric Prydz,1xNcBAoUw8Hz6LqK2jt4Ff,a1.00 t1.00,auto-ok
G5,official-pl-french-touch,Benny Benassi,Satisfaction,a0fkNdPiIL4,Satisfaction,Benny Benassi,2AAjkVffirRmmQkP5eCfpG,a1.00 t1.00,auto-ok
G5,official-pl-french-touch,Fatboy Slim,"Right Here, Right Now",ub747pprmJ8,"Right Here, Right Now",Fatboy Slim,5Sh9v7RwibuV34tdjscwx5,a1.00 t1.00,auto-ok
G5,official-pl-french-touch,Phoenix,Lisztomania,uF3reVVUbio,Lisztomania,Phoenix,4esUVfYnFcCCVHntx9FQCb,a1.00 t1.00,auto-ok
G5,official-pl-french-touch,The Prodigy,Firestarter,wmin5WkOuPw,Firestarter,The Prodigy,79CUrU5o2KAVDTNm4x3eGU,a1.00 t1.00,auto-ok
G5,official-pl-french-touch,The Supermen Lovers,Starlight,h61QG4s0I3U,Starlight - Radio Edit,The Supermen Lovers / Mani Hoffman,1HrPvGxk5GVWo7VbYEno8H,a1.00 t1.00,auto-ok
G5,official-pl-french-touch,Justice,Genesis,VKzWLUQizz8,Genesis,Justice,4wSmqFg31t6LsQWtzYAJob,a1.00 t1.00,auto-ok
G5,official-pl-french-touch,Darude,Sandstorm,y6120QOlsfU,Sandstorm,Darude,6Sy9BUbgFse0n0LPA5lwy5,a1.00 t1.00,auto-ok
G5,official-pl-french-touch,Alex Gaudino,Destination Calabria,Kq4OtRsdXls,Destination Calabria - Radio Edit,Alex Gaudino / Crystal Waters,5TmFTHZp7HjBXjjsFvCY6h,a1.00 t1.00,auto-ok
G5,official-pl-french-touch,Jamiroquai,Little L,1hHSH9sJUEo,Little L,Jamiroquai,7hhclvecTpNxNNRCk7NUoc,a1.00 t1.00,auto-ok
G5,official-pl-french-touch,Alice Deejay,Better Off Alone,Lgs9QUtWc3M,Better Off Alone,Alice Deejay,5XVjNRubJUW0iPhhSWpLCj,a1.00 t1.00,auto-ok
G5,official-pl-french-touch,Gorillaz,Feel Good Inc.,HyHNuVaZJ-k,Feel Good Inc.,Gorillaz / De La Soul,0d28khcov6AiegSCpG5TuT,a1.00 t1.00,auto-ok
G5,official-pl-country,Johnny Cash,Ring of Fire,5WyLhwYFgmk,Ring of Fire,Johnny Cash,5rDkA2TFOImbiVenmnE9r4,a1.00 t1.00,auto-ok
G5,official-pl-country,Dolly Parton,9 to 5,UbxUSsFXYo4,9 to 5,Dolly Parton,4w3tQBXhn5345eUXDGBWZG,a1.00 t1.00,auto-ok
G5,official-pl-country,Dolly Parton,Jolene,Ixrje2rXLMA,Jolene,Dolly Parton,2SpEHTbUuebeLkgs9QB7Ue,a1.00 t1.00,auto-ok
G5,official-pl-country,Shania Twain,Man! I Feel Like a Woman!,ZJL4UGSbeFg,Man! I Feel Like A Woman!,Shania Twain,6sxptembJVty4sNtcPMAVz,a1.00 t1.00,auto-ok
G5,official-pl-country,Carrie Underwood,"Jesus, Take the Wheel",lydBPm2KRaU,"Jesus, Take the Wheel",Carrie Underwood,3lec3CzDPAxsZokPph5w87,a1.00 t1.00,auto-ok
G5,official-pl-country,Darius Rucker,Wagon Wheel,WGP6ECozKy8,Wagon Wheel,Darius Rucker,3xdjjKMcMOFgo1eQrfbogM,a1.00 t1.00,auto-ok
G5,official-pl-country,Shania Twain,You're Still the One,g_pPc6j7_yk,You're Still The One,Shania Twain,1wb4P4F0sxAQ2KXrRvsx6n,a1.00 t1.00,auto-ok
G5,official-pl-country,Faith Hill,Breathe,yCmsZUN4r_s,Breathe,Faith Hill,3y4LxiYMgDl4RethdzpmNe,a1.00 t1.00,auto-ok
G5,official-pl-country,Toby Keith,"Courtesy of the Red, White and Blue",ruNrdmjcNTc,"Courtesy Of The Red, White And Blue (The Angry American)",Toby Keith,0M7mWKqwTIaVjYyxfZmtTa,a1.00 t1.00,auto-ok
G5,official-pl-country,Garth Brooks,The Dance,0HDM3eYp4KQ,The Dance - Live,Garth Brooks,5YryTlvhs7CLMpA0zjXiVB,a1.00 t1.00 !DANGER,review
G5,official-pl-country,Taylor Swift,Love Story,8xg3vE8Ie_E,Love Story,Taylor Swift,1D4PL9B8gOg78jiHg3FvBb,a1.00 t1.00,auto-ok
G5,official-pl-country,Willie Nelson,On the Road Again,dBN86y30Ufc,On the Road Again,Willie Nelson,2GyH5rvdnfkjzsTFaWrrov,a1.00 t1.00,auto-ok
G5,official-pl-country,Big & Rich,Save a Horse (Ride a Cowboy),Qt0_oPPK6eA,Save a Horse (Ride a Cowboy),Big & Rich,5s7m2xNZWgz5FqVSIvJcGA,a0.38 t1.00,no-match
G5,official-pl-country,Dixie Chicks,Goodbye Earl,Gw7gNf_9njs,Goodbye Earl,The Chicks,7rqaqQurHzR5xHAhdm1gmM,a0.67 t1.00,review
G5,official-pl-country,Alan Jackson,Chattahoochee,JW5UEW2kYvc,Chattahoochee,Alan Jackson,59kHPbwyyCApYA8RQQEuXm,a1.00 t1.00,auto-ok
G5,official-pl-country,Luke Combs,Beautiful Crazy,rItv9i6c7AY,Beautiful Crazy,Luke Combs,2rxQMGVafnNaRaXlRMWPde,a1.00 t1.00,auto-ok
G5,official-pl-country,Kenny Rogers & Dolly Parton,Islands in the Stream,HQW7I62TNOw,Islands In the Stream,Dolly Parton / Kenny Rogers,6dnco8haegnJYtylV26cBq,a1.00 t1.00,auto-ok
G5,official-pl-country,Johnny Cash,I Walk the Line,J-6fW66IUY4,I Walk the Line,Johnny Cash,7hxZF4jETnE5Q75rKQnMjE,a1.00 t1.00,auto-ok
G5,official-pl-country,Taylor Swift,You Belong With Me,VuNIsY6JdUw,You Belong With Me,Taylor Swift,1GEBsLDvJGw7kviySRI6GX,a1.00 t1.00,auto-ok
G5,official-pl-country,Bebe Rexha & Florida Georgia Line,Meant to Be,zDo0H8Fm7d0,Meant to Be (feat. Florida Georgia Line),Bebe Rexha / Florida Georgia Line,7iDa6hUg2VgEL1o1HjmfBn,a1.00 t1.00,auto-ok
G5,official-pl-country,Eric Church,Springsteen,l2gGXlW6wSY,Springsteen,Eric Church,05ZACkzW8YbRq3eFgIfSNB,a1.00 t1.00,auto-ok
G5,official-pl-country,Lonestar,Amazed,x-skFgrV59A,Amazed,Lonestar,6qc34bnVOyqGDPni8H5W0U,a1.00 t1.00,auto-ok
G5,official-pl-country,Lil Nas X,Old Town Road,7ysFgElQtjI,Old Town Road,Lil Nas X,0F7FA14euOIX8KcbEturGH,a1.00 t1.00,auto-ok
G5,official-pl-country,Kenny Rogers,The Gambler,7hx4gdlfamo,The Gambler,Kenny Rogers,5KqldkCunQ2rWxruMEtGh0,a1.00 t1.00,auto-ok
G5,official-pl-country,Brooks & Dunn,Boot Scootin' Boogie,d05tQrhNMkA,Boot Scootin' Boogie,Brooks & Dunn,7Fq9RwQxSn3kW85PrDUf0M,a0.55 t1.00,no-match
G5,official-pl-country,Lady Antebellum,Need You Now,eM213aMKTHg,Need You Now,Lady A,7GAaTpSoTWUTbP2Yxlt4Hd,a0.40 t1.00,no-match
G5,official-pl-country,Willie Nelson,Always on My Mind,9ULH8_CF0os,Always On My Mind,Willie Nelson,2xYQTU2bbg6WVAmpY1eae4,a1.00 t1.00,auto-ok
G5,official-pl-country,Florida Georgia Line,Cruise,zAND37zOC9g,Cruise,Florida Georgia Line,5BhsEd82G0Mnim0IUH6xkT,a1.00 t1.00,auto-ok
G5,official-pl-country,Chris Stapleton,Tennessee Whiskey,4zAThXFOy2c,Tennessee Whiskey,Chris Stapleton,3fqwjXwUGN6vbzIwvyFMhx,a1.00 t1.00,auto-ok
G4,official-pl-intros-legendaires,System of a Down,Toxicity,iywaBOMvYLI,Toxicity,System Of A Down,0snQkGI5qnAmohLE7jTsTn,a1.00 t1.00,auto-ok
G4,official-pl-intros-legendaires,Linkin Park,In the End,eVTXPUF4Oz4,In the End,Linkin Park,60a0Rd6pjrkxjPbaKzXjfq,a1.00 t1.00,auto-ok
G4,official-pl-intros-legendaires,Linkin Park,Numb,kXYiU_JCYtU,Numb,Linkin Park,2nLtzopw4rPReszdYBJU6h,a1.00 t1.00,auto-ok
G4,official-pl-intros-legendaires,AC/DC,Back in Black,zjx0D1Ivy-Q,Back In Black,AC/DC,08mG3Y1vljYA6bvDt4Wqkj,a1.00 t1.00,auto-ok
G4,official-pl-intros-legendaires,AC/DC,Thunderstruck,v2AC41dglnM,Thunderstruck,AC/DC,57bgtoPSgt236HzfBOd8kj,a1.00 t1.00,auto-ok
G4,official-pl-intros-legendaires,Derek and the Dominos,Layla,YS5JxrJLIEA,Layla,Derek & The Dominos,2kkvB3RNRzwjFdGhaUA0tz,a0.81 t1.00,review
G4,official-pl-intros-legendaires,Green Day,American Idiot,Ee_uujKuJMI,American Idiot,Green Day,6nTiIhLmQ3FWhvrGafw2zj,a1.00 t1.00,auto-ok
G4,official-pl-intros-legendaires,The Offspring,Pretty Fly (For a White Guy),QtTR-_Klcq8,Pretty Fly (For A White Guy),The Offspring,3SFXsFpeGmBTtQvKiwYMDA,a1.00 t1.00,auto-ok
G4,official-pl-intros-legendaires,Aerosmith,Walk This Way,4B_UYYPb-Gk,Walk This Way,Aerosmith,4JfuiOWlWCkjP6OKurHjSn,a1.00 t1.00,auto-ok
G4,official-pl-intros-legendaires,Red Hot Chili Peppers,Californication,YlUKcNNmywk,Californication,Red Hot Chili Peppers,48UPSzbZjgc449aqz8bxox,a1.00 t1.00,auto-ok
G4,official-pl-intros-legendaires,Rage Against the Machine,Killing in the Name,bWXazVhlyxQ,Killing In The Name,Rage Against The Machine,59WN2psjkt1tyaxjspN8fp,a1.00 t1.00,auto-ok
G4,official-pl-intros-legendaires,Blink-182,All the Small Things,9Ht5RZpzPqw,All The Small Things,blink-182,2m1hi0nfMR9vdGC8UcrnwU,a1.00 t1.00,auto-ok
G4,official-pl-intros-legendaires,Sum 41,In Too Deep,hq3FROVbchk,In Too Deep,Sum 41,1HNE2PX70ztbEl6MLxrpNL,a1.00 t1.00,auto-ok
G4,official-pl-intros-legendaires,The Beatles,Hey Jude,A_MjCqQoLLA,Hey Jude,The Beatles,1eT2CjXwFXNx6oY5ydvzKU,a1.00 t1.00,auto-ok
G4,official-pl-intros-legendaires,Creedence Clearwater Revival,Fortunate Son,ec0XKhAHR5I,Fortunate Son,Creedence Clearwater Revival,4BP3uh0hFLFRb5cjsgLqDh,a1.00 t1.00,auto-ok
G4,official-pl-intros-legendaires,Steppenwolf,Born to Be Wild,rMbATaj7Il8,Born To Be Wild,Steppenwolf,2VPGmrcBw5X4yAu3B8UZNE,a1.00 t1.00,auto-ok
G4,official-pl-intros-legendaires,Journey,Don't Stop Believin',1k8craCGpgs,Don't Stop Believin',Journey,77NNZQSqzLNqh2A9JhLRkg,a1.00 t1.00,auto-ok
G4,official-pl-intros-legendaires,Scorpions,Rock You Like a Hurricane,kdqkA3CE6nA,Rock You Like a Hurricane - 2015 - Remaster,Scorpions,58dBJivB6lbAY5irCuAxJX,a1.00 t1.00,auto-ok
G4,official-pl-intros-legendaires,Twisted Sister,We're Not Gonna Take It,V9AbeALNVkk,We're Not Gonna Take It,Twisted Sister,5X79VgaOn8pDTpTKu3PixN,a1.00 t1.00,auto-ok
G4,official-pl-intros-legendaires,Def Leppard,Pour Some Sugar on Me,0UIB9Y4OFPs,Pour Some Sugar On Me,Def Leppard,1aZLIbKEdsyqxyD6iNcrbA,a1.00 t1.00,auto-ok
G4,official-pl-intros-legendaires,Mötley Crüe,Kickstart My Heart,CmXWkMlKFkI,Kickstart My Heart,Mötley Crüe,4Yqy0GpeDEXLibWJCZyQew,a1.00 t1.00,auto-ok
G5,official-pl-un-seul-tube,Wheatus,Teenage Dirtbag,FC3y9llDXuM,Teenage Dirtbag,Wheatus,25FTMokYEbEWHEdss5JLZS,a1.00 t1.00,auto-ok
G5,official-pl-un-seul-tube,Las Ketchup,Aserejé,5llcBScGuAE,Aserejé - 2018 Club Edit,Las Ketchup,6od1gFH2ZM8Cm6a0NT4k7L,a1.00 t1.00,auto-ok
G5,official-pl-un-seul-tube,Daniel Powter,Bad Day,gH476CxJxfg,Bad Day,Daniel Powter,0mUyMawtxj1CJ76kn9gIZK,a1.00 t1.00,auto-ok
G5,official-pl-un-seul-tube,Natalie Imbruglia,Torn,VV1XWJN3nJo,Torn,Natalie Imbruglia,1Jaah2tmN9Hv81A87KZ1MU,a1.00 t1.00,auto-ok
G5,official-pl-un-seul-tube,Patrick Hernandez,Born to Be Alive,9UaJAnnipkY,Born to Be Alive - The Original,Patrick Hernandez,3XIEWK1V9n25PS9Vb6axj5,a1.00 t1.00,auto-ok
G5,official-pl-un-seul-tube,Twisted Sister,We're Not Gonna Take It,V9AbeALNVkk,We're Not Gonna Take It,Twisted Sister,5X79VgaOn8pDTpTKu3PixN,a1.00 t1.00,auto-ok
G5,official-pl-un-seul-tube,Gnarls Barkley,Crazy,bd2B6SjMh_w,Crazy,Gnarls Barkley / CeeLo Green / Danger Mouse,1vxw6aYJls2oq3gW0DujAo,a1.00 t1.00,auto-ok
G5,official-pl-boys-girls-bands,Boyz II Men,I'll Make Love to You,fV8vB1BB2qc,I'll Make Love To You,Boyz II Men,7dfl9X38RhIvB3oSmmneq3,a1.00 t1.00,auto-ok
G5,official-pl-boys-girls-bands,Destiny's Child,"Bills, Bills, Bills",NiF6-0UTqtc,"Bills, Bills, Bills",Destiny's Child,1Oi2zpmL81Q0yScF1zxaC0,a1.00 t1.00,auto-ok
G5,official-pl-boys-girls-bands,TLC,Waterfalls,8WEtxJ4-sh4,Waterfalls,TLC,6qspW4YKycviDFjHBOaqUY,a1.00 t1.00,auto-ok
G5,official-pl-boys-girls-bands,The Cardigans,Love Fool,NI6aOFI7hms,Lovefool,The Cardigans,7aQjPecQdIuNd1sz3KCDhD,a1.00 t0.89,auto-ok
G5,official-pl-boys-girls-bands,Destiny's Child,Say My Name,JHed3iCPesM,Say My Name,Destiny's Child,7H6ev70Weq6DdpZyyTmUXk,a1.00 t1.00,auto-ok
G5,official-pl-boys-girls-bands,Steps,"5,6,7,8",4NO-h9PFum4,"5, 6, 7, 8",Steps,3oWZwdnnwsCwMukQbPsEiy,a1.00 t1.00,auto-ok
G5,official-pl-boys-girls-bands,B*Witched,C'est la Vie,iim1HTKNSB4,C'est la Vie,B*Witched,0SHmApKzT0EWhbFKBjsOex,a1.00 t1.00,auto-ok
G5,official-pl-boys-girls-bands,Five,When the Lights Go Out,-u23PSdszYo,When the Lights Go Out - Radio Edit,Five / Cutfather & Joe,37giHQffMdB94OqVy4ZBd8,a1.00 t1.00,auto-ok
G5,official-pl-boys-girls-bands,Backstreet Boys,Quit Playing Games (with My Heart),18UD-R0yly0,Quit Playing Games (With My Heart),Backstreet Boys,0Uqs7ilt5kGX9NzFDWTBrP,a1.00 t1.00,auto-ok
G5,official-pl-boys-girls-bands,Backstreet Boys,Larger Than Life,lreFBmP-VyE,Larger Than Life,Backstreet Boys,6sbXGUn9V9ZaLwLdOfpKRE,a1.00 t1.00,auto-ok
G5,official-pl-boys-girls-bands,Atomic Kitten,Whole Again,1V0xQkk9kbc,Whole Again,Atomic Kitten,16MJqq0vEuW6GRX6faetTm,a1.00 t1.00,auto-ok
G5,official-pl-boys-girls-bands,Lifehouse,Hanging by a Moment,tPnK39ax_AM,Hanging By A Moment,Lifehouse,6jWLyg8AuMQ9LtIB2UlfOF,a1.00 t1.00,auto-ok
G5,official-pl-boys-girls-bands,Avril Lavigne,Complicated,5NPBIwQyPWE,Complicated,Avril Lavigne,5xEM5hIgJ1jjgcEBfpkt2F,a1.00 t1.00,auto-ok
G5,official-pl-boys-girls-bands,Savage Garden,Truly Madly Deeply,WQnAxOQxQIU,Truly Madly Deeply,Savage Garden,013AWvizllIUEC2FOBzOnh,a1.00 t1.00,auto-ok
G5,official-pl-boys-girls-bands,*NSYNC,Tearin' Up My Heart,N_Lbhv0xUY4,Tearin' up My Heart - Radio Edit,*NSYNC,73q3FpQVXWk5eSUnyo83E4,a1.00 t1.00,auto-ok
G5,official-pl-boys-girls-bands,Hanson,MMMBop,NHozn0YXAeE,MMMBop,Hanson,0lnxrQAd9ZxbhBBe7d8FO8,a1.00 t1.00,auto-ok
G5,official-pl-boys-girls-bands,Westlife,Uptown Girl,hMtQzFZzzZQ,Uptown Girl - Radio Edit,Westlife,2sFp6E7lNBbblJGmUtCfFH,a1.00 t1.00,auto-ok
G5,official-pl-boys-girls-bands,Westlife,Swear It Again,v0I4yktKwA0,Swear It Again - Radio Edit,Westlife,4ekWUsmWMaT5EI3VL0epBk,a1.00 t1.00,auto-ok
G5,official-pl-boys-girls-bands,Spice Girls,Wannabe,gJLIiF15wjQ,Wannabe,Spice Girls,1Je1IMUlBXcx1Fz0WE7oPT,a1.00 t1.00,auto-ok
G5,official-pl-boys-girls-bands,Britney Spears,...Baby One More Time,C-u5WLJ9Yk4,...Baby One More Time,Britney Spears,3MjUtNVVq3C8Fn0MP3zhXa,a1.00 t1.00,auto-ok
G5,official-pl-boys-girls-bands,Savage Garden,I Knew I Loved You,jjnmICxvoVY,I Knew I Loved You,Savage Garden,6nozDLxeL0TE4MS9GqYU1v,a1.00 t1.00,auto-ok
G5,official-pl-boys-girls-bands,Britney Spears,Oops!... I Did It Again,CduA0TULnow,Oops!...I Did It Again,Britney Spears,6naxalmIoLFWR0siv8dnQQ,a1.00 t1.00,auto-ok
G5,official-pl-boys-girls-bands,S Club 7,Don't Stop Movin',vm262cXxRrU,Don't Stop Movin',S Club,4dzreTCcGVgeF1vCcd22AC,a0.75 t1.00,review
G5,official-pl-boys-girls-bands,*NSYNC,It's Gonna Be Me,uWuNCQRcy7M,It's Gonna Be Me,*NSYNC,2AW37v0bDyuOzGP3XnmFuA,a1.00 t1.00,auto-ok
G5,official-pl-boys-girls-bands,Sugababes,Push the Button,ShaqG4iQlMA,Push The Button,Sugababes,3EDS89HeAhHiZKlljciK0a,a1.00 t1.00,auto-ok
G5,official-pl-boys-girls-bands,P!nk,Get the Party Started,mW1dbiD_zDk,Get the Party Started,P!nk,02jcEwywffn3Tsb48fXmlW,a1.00 t1.00,auto-ok
G5,official-pl-boys-girls-bands,Spice Girls,2 Become 1,FA5jsa1lR9c,2 Become 1,Spice Girls,36AWdhZIGLUTkWpJDhe7va,a1.00 t1.00,auto-ok
G5,official-pl-boys-girls-bands,S Club 7,Reach,47pzFNkTMcI,Reach,S Club,6MnWfOgKRkQtY1pRgoTwB1,a0.75 t1.00,review
G5,official-pl-boys-girls-bands,TLC,No Scrubs,FrLequ6dUdM,No Scrubs,TLC,1KGi9sZVMeszgZOWivFpxs,a1.00 t1.00,auto-ok
G5,official-pl-boys-girls-bands,Destiny's Child,Survivor,Wmc8bQoL-J0,Survivor,Destiny's Child,2Mpj1Ul5OFPyyP4wB62Rvi,a1.00 t1.00,auto-ok
G5,official-pl-boys-girls-bands,"Christina Aguilera, Lil' Kim, Mýa, P!nk",Lady Marmalade,RQa7SvVCdZk,"Lady Marmalade - From ""Moulin Rouge"" Soundtrack",Christina Aguilera / Lil' Kim / Mýa / P!nk,7GbqE3MlkKosIaCvf50JRK,a1.00 t1.00,auto-ok
G5,official-pl-pop-divas,Madonna,Hung Up,e99M6-7KW0k,Hung Up,Madonna,3850dYVgOFIXJh5U4BFEWH,a1.00 t1.00,auto-ok
G5,official-pl-pop-divas,Whitney Houston,I Wanna Dance with Somebody,eH3giaIzONA,I Wanna Dance with Somebody (Who Loves Me),Whitney Houston,2tUBqZG2AbRi7Q0BIrVrEj,a1.00 t1.00,auto-ok
G5,official-pl-pop-divas,Mariah Carey,All I Want for Christmas Is You,bXlk2q_kt3I,All I Want for Christmas Is You,Mariah Carey,0bYg9bo50gSsH3LtXe2SQn,a1.00 t1.00,auto-ok
G5,official-pl-pop-divas,Mariah Carey,Without You,4iusJui-BxM,Without You,Mariah Carey,0pkIJFV6mviH9dmBYsFwTM,a1.00 t1.00,auto-ok
G5,official-pl-pop-divas,Katy Perry,California Gurls,CTVJTt-Gfx8,California Gurls,Katy Perry / Snoop Dogg,6tS3XVuOyu10897O3ae7bi,a1.00 t1.00,auto-ok
G5,official-pl-pop-divas,Celine Dion,Pour que tu m'aimes encore,AzaTyxMduH4,Pour que tu m'aimes encore,Céline Dion,2hwHPUMNlR8WfCGOwBYco0,a1.00 t1.00,auto-ok
G5,official-pl-pop-divas,Christina Aguilera,Beautiful,eAfyFTzZDMM,Beautiful,Christina Aguilera,3TCauNPqFiniaYHBvEVoHG,a1.00 t1.00,auto-ok
G5,official-pl-pop-divas,Rihanna,Diamonds,lWA2pjMjpBs,Diamonds,Rihanna,6O20JhBJPePEkBdrB5sqRx,a1.00 t1.00,auto-ok
G5,official-pl-pop-divas,Alicia Keys,No One,rywUS-ohqeE,No One,Alicia Keys,6IwKcFdiRQZOWeYNhUiWIv,a1.00 t1.00,auto-ok
G5,official-pl-pop-divas,Lady Gaga,Just Dance,2Abk1jAONjw,Just Dance,Lady Gaga / Colby O'Donis,1dzQoRqT5ucxXVaAhTcT0J,a1.00 t1.00,auto-ok
G5,official-pl-pop-divas,Taylor Swift,Love Story,8xg3vE8Ie_E,Love Story,Taylor Swift,1D4PL9B8gOg78jiHg3FvBb,a1.00 t1.00,auto-ok
G5,official-pl-pop-divas,Ariana Grande,7 Rings,QYh6mYIJG2Y,7 rings,Ariana Grande,6ocbgoVGwYJhOv1GgI9NsF,a1.00 t1.00,auto-ok
G5,official-pl-generiques-films-series,Bill Medley & Jennifer Warnes,(I've Had) The Time of My Life,4BQLE_RrTSU,"(I've Had) The Time Of My Life - From ""Dirty Dancing"" Soundtrack",Bill Medley / Jennifer Warnes,6W7ztLBiRzBN46ZaPAcQ0F,a1.00 t1.00,auto-ok
G5,official-pl-generiques-films-series,Irene Cara,Flashdance... What a Feeling,IYKsjdkdRbw,Flashdance...What a Feeling - Radio Edit,Irene Cara,3cbV252akVZInSvJk7jAYX,a1.00 t1.00,auto-ok
G5,official-pl-generiques-films-series,Simon & Garfunkel,Mrs. Robinson,9C1BCAgu2I8,"Mrs. Robinson - From ""The Graduate"" Soundtrack",Simon & Garfunkel,0iOZM63lendWRTTeKhZBSC,a0.33 t1.00,no-match
G5,official-pl-generiques-films-series,Survivor,Burning Heart,Wa5B22KAkEk,"Burning Heart - From ""Rocky IV"" Soundtrack",Survivor,2avaSeKHI5l4sLruVfLdi2,a1.00 t1.00,auto-ok
G5,official-pl-generiques-films-series,Phil Collins,You'll Be in My Heart,8TEo-YycxJc,You'll Be In My Heart,Phil Collins,4Y8vb1uy9IjM2V1hqvrAid,a1.00 t1.00,auto-ok
G5,official-pl-generiques-films-series,Elton John,Can You Feel the Love Tonight,KjgWWjkNbhU,Can You Feel the Love Tonight - End Title,Elton John,32RxZnEk5KyWUTZR4azxbD,a1.00 t1.00,auto-ok
G5,official-pl-generiques-films-series,Idina Menzel,Let It Go,L0MK7qz13bU,"Let It Go - From ""Frozen""/Soundtrack Version",Idina Menzel,0qcr5FMsEO85NAQjrlDRKo,a1.00 t1.00,auto-ok
G5,official-pl-generiques-films-series,Peabo Bryson & Regina Belle,A Whole New World,hZ1Rb9hC4JY,A Whole New World (Aladdin's Theme),Peabo Bryson / Regina Belle,4tS8xQfyPGc7f4lJ1JP6BX,a1.00 t1.00,auto-ok
G5,official-pl-generiques-films-series,Paul McCartney & Wings,Live and Let Die,1PLAU_PXboc,Live And Let Die - Main Title,Paul McCartney / Wings,2cHbN7OosXb4pA20G9Jcyg,a1.00 t1.00,auto-ok
G5,official-pl-generiques-films-series,Madonna,Die Another Day,oYpnRAT40KU,Die Another Day,Madonna,7DUpuAzGUyJaJB3p9BC3Ms,a1.00 t1.00,auto-ok
G5,official-pl-generiques-films-series,Sam Smith,Writing's on the Wall,8jzDnsjYv9A,"Writing's On The Wall - From ""Spectre"" Soundtrack",Sam Smith,1PWnAEQcbwQwK759otUbta,a1.00 t1.00,auto-ok
G5,official-pl-generiques-films-series,Shirley Bassey,Goldfinger,Tvl8KH6WBO8,Goldfinger,Shirley Bassey,7r0EUONfPUZ8SD1vu4ro27,a1.00 t1.00,auto-ok
G5,official-pl-generiques-films-series,Harold Faltermeyer,Axel F,Qx2gvHjNhQ0,Axel F,Harold Faltermeyer,2kgqupahrJpYB4r1poTXEY,a1.00 t1.00,auto-ok
G5,official-pl-generiques-films-series,Roy Orbison,"Oh, Pretty Woman",Ikweq0THs88,"Oh, Pretty Woman",Roy Orbison,52HAHV1j93s5B8GoTNI7DJ,a1.00 t1.00,auto-ok
G5,official-pl-generiques-films-series,Louis Armstrong,What a Wonderful World,VqhCQZaH4Vs,What A Wonderful World,Louis Armstrong,29U7stRjqHU6rMiS8BfaI9,a1.00 t1.00,auto-ok
G5,official-pl-generiques-films-series,Chris Isaak,Wicked Game,PIh07c_P4hc,Wicked Game,Chris Isaak,7w5AOd6HrDIHewHfpABEss,a1.00 t1.00,auto-ok
G5,official-pl-generiques-films-series,Lionel Richie,Hello,PDZcqBgCS74,Hello,Lionel Richie,6HMvJcdw6qLsyV1b5x29sa,a1.00 t1.00,auto-ok
G5,official-pl-generiques-films-series,Stevie Wonder,I Just Called to Say I Love You,1bGOgY1CmiU,I Just Called To Say I Love You,Stevie Wonder,6RNDeRnWsRMjPdNVgupZCs,a1.00 t1.00,auto-ok
G6,official-pl-tubes-de-l-ete,Luis Fonsi,Despacito,kJQP7kiw5Fk,Despacito,Luis Fonsi / Daddy Yankee,6habFhsOp2NvshLv26DqMb,a1.00 t1.00,auto-ok
G6,official-pl-tubes-de-l-ete,Robin Thicke,Blurred Lines,yyDUC1LUXSU,Blurred Lines,Robin Thicke / T.I. / Pharrell Williams,0n4bITAu0Y0nigrz3MFJMb,a1.00 t1.00,auto-ok
G6,official-pl-tubes-de-l-ete,Don Omar,Danza Kuduro,7zp1TbLFPp8,Danza Kuduro,Don Omar / Lucenzo,2aopmM5RlENG9JYZAhe16M,a1.00 t1.00,auto-ok
G6,official-pl-tubes-de-l-ete,Jennifer Lopez,On the Floor,AmaekFwpjOY,On The Floor,Jennifer Lopez / Pitbull,3C0nOe05EIt1390bVABLyN,a1.00 t1.00,auto-ok
G6,official-pl-tubes-de-l-ete,Drake,One Dance,FOqKN-ouAUE,One Dance,Drake / Wizkid / Kyla,1zi7xx7UVEFkmKfv06H8x0,a1.00 t1.00,auto-ok
G6,official-pl-tubes-de-l-ete,Marc Anthony,Vivir Mi Vida,kMNPv_HXffQ,Vivir Mi Vida,Marc Anthony,3QHMxEOAGD51PDlbFPHLyJ,a1.00 t1.00,auto-ok
G6,official-pl-tubes-de-l-ete,Enrique Iglesias,Bailando,IJihBuoEhDk,Bailando - Spanish Version,Enrique Iglesias / Descemer Bueno / Gente De Zona,6PSKhwo0mVcOdjUOhVJd5p,a1.00 t1.00,auto-ok
G6,official-pl-tubes-de-l-ete,Alvaro Soler,Sofia,qaZ0oAh4evU,Sofia,Alvaro Soler,6t9jpM1Xtmp5E8D77FbMlz,a1.00 t1.00,auto-ok
G6,official-pl-tubes-de-l-ete,Kaoma,Lambada,-hosJTEjYQ4,Lambada - Original Version 1989,Kaoma,6xepovPqjvrkEw9Y5AMmTm,a1.00 t1.00,auto-ok
G6,official-pl-tubes-de-l-ete,Gipsy Kings,Bamboléo,NhGAQ6fjJxo,Bamboléo,Gipsy Kings,3iB8eciGU9vZkaDYkz7Ir9,a1.00 t1.00,auto-ok
G6,official-pl-tubes-de-l-ete,Las Ketchup,Aserejé,5llcBScGuAE,Aserejé - 2018 Club Edit,Las Ketchup,6od1gFH2ZM8Cm6a0NT4k7L,a1.00 t1.00,auto-ok
G6,official-pl-tubes-de-l-ete,Crazy Frog,Axel F,t0nxKPBiceo,Axel F,Crazy Frog,0Bo5fjMtTfCD8vHGebivqc,a1.00 t1.00,auto-ok
G6,official-pl-tubes-de-l-ete,Sean Paul,Temperature,dW2MmuA1nI4,Temperature,Sean Paul,0k2GOhqsrxDTAbFFSdNJjT,a1.00 t1.00,auto-ok
G6,official-pl-tubes-de-l-ete,Flo Rida,Good Feeling,3OnnDqH6Wj8,Good Feeling,Flo Rida,2LEF1A8DOZ9wRYikWgVlZ8,a1.00 t1.00,auto-ok
G6,official-pl-tubes-de-l-ete,The Black Eyed Peas,I Gotta Feeling,uSD4vsh1zDA,I Gotta Feeling,Black Eyed Peas,4kLLWz7srcuLKA7Et40PQR,a0.79 t1.00,review
G6,official-pl-tubes-de-l-ete,David Guetta,Titanium,P-gWGlf_VrY,Titanium (feat. Sia),David Guetta / Sia,0TDLuuLlV54CkRRUOahJb4,a1.00 t1.00,auto-ok
G6,official-pl-tubes-de-l-ete,J Balvin,Mi Gente,zg99uHoY3nY,Mi Gente,J Balvin / Willy William,6Nox5U3W0Bf9U0anGZz8f2,a1.00 t1.00,auto-ok
G6,official-pl-tubes-de-l-ete,Manu Chao,Me Gustas Tú,AmoBIMjRgKQ,Me Gustas Tu,Manu Chao,6b37xrsNCWYIUphFBazqD6,a1.00 t1.00,auto-ok
G6,official-pl-tubes-de-l-ete,Stromae,Papaoutai,WNa60w5HOB4,Papaoutai,Stromae,34dx8DACTJsc3rsJdaEIQw,a1.00 t1.00,auto-ok
G6,official-pl-tubes-de-l-ete,Karol G,Tusa,tbneQDc2H3I,Tusa,KAROL G / Nicki Minaj,7k4t7uLgtOxPwTpFmtJNTY,a1.00 t1.00,auto-ok
G6,official-pl-tubes-de-l-ete,Master KG,Jerusalema,dD7TtmFmNRQ,Jerusalema (feat. Nomcebo Zikode),Master KG / Nomcebo Zikode,2MlOUXmcofMackX3bxfSwi,a1.00 t1.00,auto-ok
G6,official-pl-tubes-de-l-ete,CKay,Love Nwantiti,7l22qaD31iE,love nwantiti (ah ah ah),CKay,2Xr1dTzJee307rmrkt8c0g,a1.00 t1.00,auto-ok
G6,official-pl-tubes-de-l-ete,Burna Boy,Last Last,421w1j87fEM,Last Last,Burna Boy,5YbPxJwPfrj7uswNwoF1pJ,a1.00 t1.00,auto-ok
G6,official-pl-latino,Karol G,Tusa,tbneQDc2H3I,Tusa,KAROL G / Nicki Minaj,7k4t7uLgtOxPwTpFmtJNTY,a1.00 t1.00,auto-ok
G6,official-pl-latino,Ricky Martin,María,ctQ4zbiF97Y,María - Pablo Flores Spanglish Radio Edit,Ricky Martin / Pablo Flores / Javier Garza,4bNqBlJkoueiFla9YsyNg9,a1.00 t1.00,auto-ok
G6,official-pl-latino,Elvis Crespo,Suavemente,_T_SIDKGRjs,Suavemente,Elvis Crespo,7JIjUx3GsL0upxmNJacmtz,a1.00 t1.00,auto-ok
G6,official-pl-latino,J Balvin,Ginza,jqjMu2NfiUI,Ginza,J Balvin,2C2TGgFzrTRIOdQS1vUN5h,a1.00 t1.00,auto-ok
G6,official-pl-latino,CNCO,Reggaetón Lento (Bailemos),ppiV9UnqRn4,Reggaetón Lento (Bailemos),CNCO,3AEZUABDXNtecAOSC1qTfo,a1.00 t1.00,auto-ok
G6,official-pl-latino,Cardi B,I Like It,xTlNMmZKwpA,I Like It,Cardi B / Bad Bunny / J Balvin,58q2HKrzhC3ozto2nDdN4z,a1.00 t1.00,auto-ok
G6,official-pl-latino,Santana,Oye Como Va,J7ATTjg7tpE,Oye Como Va,Santana,5u6y4u5EgDv0peILf60H5t,a1.00 t1.00,auto-ok
G6,official-pl-latino,Los Lobos,La Bamba,Jp6j5HJ-Cok,La Bamba,Los Lobos,0uMMLry3hzWGn3q3loqMkm,a1.00 t1.00,auto-ok
G6,official-pl-latino,Enrique Iglesias,Bailando,IJihBuoEhDk,Bailando - Spanish Version,Enrique Iglesias / Descemer Bueno / Gente De Zona,6PSKhwo0mVcOdjUOhVJd5p,a1.00 t1.00,auto-ok
G6,official-pl-latino,Selena,Bidi Bidi Bom Bom,RKGbjJarMeA,Bidi Bidi Bom Bom,Selena,0o9Vr0BGIQPh32staLHcuU,a1.00 t1.00,auto-ok
G6,official-pl-latino,Marc Anthony,Vivir mi vida,kMNPv_HXffQ,Vivir Mi Vida,Marc Anthony,3QHMxEOAGD51PDlbFPHLyJ,a1.00 t1.00,auto-ok
G6,official-pl-latino,Kaoma,Lambada,-hosJTEjYQ4,Lambada - Original Version 1989,Kaoma,6xepovPqjvrkEw9Y5AMmTm,a1.00 t1.00,auto-ok
G6,official-pl-latino,Manu Chao,Me Gustas Tú,AmoBIMjRgKQ,Me Gustas Tu,Manu Chao,6b37xrsNCWYIUphFBazqD6,a1.00 t1.00,auto-ok
G6,official-pl-latino,Luis Fonsi,Despacito,kJQP7kiw5Fk,Despacito,Luis Fonsi / Daddy Yankee,6habFhsOp2NvshLv26DqMb,a1.00 t1.00,auto-ok
G6,official-pl-latino,J Balvin,Mi Gente,wnJ6LuUFpMo,Mi Gente,J Balvin / Willy William,6Nox5U3W0Bf9U0anGZz8f2,a1.00 t1.00,auto-ok
G6,official-pl-latino,Michel Teló,Ai Se Eu Te Pego,hcm55lU9knw,Ai Se Eu Te Pego,Michel Teló,0INaMqjJJe1BZpnWuCxDzt,a1.00 t1.00,auto-ok
G6,official-pl-latino,Shakira,"Whenever, Wherever",5v-WAEvA7C4,"Whenever, Wherever",Shakira,2lnzGkdtDj5mtlcOW2yRtG,a1.00 t1.00,auto-ok
G6,official-pl-latino,Shakira,Waka Waka (This Time for Africa),czWcyZRAMtk,Waka Waka (This Time for Africa) - K-Mix,Shakira,63Tl9k1sH8tznn3bqoMuyF,a1.00 t1.00,auto-ok
G6,official-pl-latino,Santana,Smooth,6Whgn_iE5uc,Smooth (feat. Rob Thomas),Santana / Rob Thomas,0n2SEXB2qoRQg171q7XqeW,a1.00 t1.00,auto-ok
G6,official-pl-latino,Enrique Iglesias,Bailamos,NmVcrsX8ekU,Bailamos,Enrique Iglesias,2bbeNsFmjZqdoDhjLsKNWe,a1.00 t1.00,auto-ok
G6,official-pl-latino,Miami Sound Machine,Conga,54ItEmCnP80,Conga!,Miami Sound Machine / Gloria Estefan,3FdHgoJbH3DXNtGLh56pFu,a1.00 t1.00,auto-ok
G6,official-pl-latino,Prince Royce,Darte un Beso,YXnjy5YlDwk,Darte un Beso,Prince Royce,6cJLfIqwh0tCKRjYM3WpZ5,a1.00 t1.00,auto-ok
G6,official-pl-latino,Ricky Martin,She Bangs,CsF_lqnALQw,She Bangs - English Version,Ricky Martin,1uPrIHgYztXSkkcts9jet8,a1.00 t1.00,auto-ok
G6,official-pl-latino,Gipsy Kings,Bamboleo,NhGAQ6fjJxo,Bamboléo,Gipsy Kings,3iB8eciGU9vZkaDYkz7Ir9,a1.00 t1.00,auto-ok
G6,official-pl-latino,Becky G,Mayores,OI3shBXlqsw,Mayores,Becky G / Bad Bunny,2AY1UAimvTqjJC8vDJsOyy,a1.00 t1.00,auto-ok
G6,official-pl-latino,Becky G,Sin Pijama,zEf423kYfqk,Sin Pijama,Becky G / NATTI NATASHA,2ijef6ni2amuunRoKTlgww,a1.00 t1.00,auto-ok
G6,official-pl-latino,Romeo Santos,Propuesta Indecente,QFs3PIZb3js,Propuesta Indecente,Romeo Santos,5PycBIeabfvX3n9ILG7Vrv,a1.00 t1.00,auto-ok
G6,official-pl-latino,Daddy Yankee,Limbo,6BTjG-dhf5s,Limbo,Daddy Yankee,3pDhN3qB33AOPhQEkUCaWt,a1.00 t1.00,auto-ok
G6,official-pl-latino,Jhay Cortez,No Me Conoce,PEGccV-NOm8,No Me Conoce - Remix,JHAYCO / J Balvin / Bad Bunny,2beS6dD5rovBxSA1zYoSHR,a0.55 t1.00 !DANGER,no-match
G6,official-pl-latino,Álvaro Soler,Sofia,qaZ0oAh4evU,Sofia,Alvaro Soler,6t9jpM1Xtmp5E8D77FbMlz,a1.00 t1.00,auto-ok
G6,official-pl-latino,Daddy Yankee,Gasolina,CCF1_jI8Prk,Gasolina,Daddy Yankee,5YoITs1m0q8UOQ4AW7N5ga,a1.00 t1.00,auto-ok
G6,official-pl-latino,DJ Snake,Taki Taki,ixkoVwKQaJg,"Taki Taki (with Selena Gomez, Ozuna & Cardi B)",DJ Snake / Selena Gomez / Ozuna / Cardi B,4w8niZpiMy6qz1mntFA5uM,a1.00 t1.00,auto-ok
G6,official-pl-latino,Maluma,Felices los 4,t_jHrUE5IOk,Felices los 4,Maluma,1RouRzlg8OKFeqc6LvdxmB,a1.00 t1.00,auto-ok
G6,official-pl-latino,Don Omar,Danza Kuduro,7zp1TbLFPp8,Danza Kuduro,Don Omar / Lucenzo,2aopmM5RlENG9JYZAhe16M,a1.00 t1.00,auto-ok
G6,official-pl-latino,Juanes,La Camisa Negra,kRt2sRyup6A,La Camisa Negra,Juanes,2EM9zpAc7PVeoAydmbfVIL,a1.00 t1.00,auto-ok
G6,official-pl-latino,Las Ketchup,Aserejé,5llcBScGuAE,Aserejé - 2018 Club Edit,Las Ketchup,6od1gFH2ZM8Cm6a0NT4k7L,a1.00 t1.00,auto-ok
G6,official-pl-latino,Sean Paul,Temperature,dW2MmuA1nI4,Temperature,Sean Paul,0k2GOhqsrxDTAbFFSdNJjT,a1.00 t1.00,auto-ok
G6,official-pl-latino,Jennifer Lopez,On the Floor,AmaekFwpjOY,On The Floor,Jennifer Lopez / Pitbull,3C0nOe05EIt1390bVABLyN,a1.00 t1.00,auto-ok
G6,official-pl-latino,Manu Chao,Bongo Bong,a_UqAMQT_LE,Bongo Bong,Manu Chao,00SmB7n85SKROGjybsyq5i,a1.00 t1.00,auto-ok
G6,official-pl-slows-cultes,Goo Goo Dolls,Iris,NdYWuo9OFAw,Iris,The Goo Goo Dolls,6Qyc6fS4DsZjB2mRW9DsQs,a0.76 t1.00,review
G6,official-pl-slows-cultes,The Righteous Brothers,Unchained Melody,IxuEtL7gxoM,Unchained Melody,The Righteous Brothers,2qhASBzpbFhPRtrnZ5lLnz,a1.00 t1.00,auto-ok
G6,official-pl-slows-cultes,Eric Clapton,Wonderful Tonight,fxAiUq8yn34,Wonderful Tonight,Eric Clapton,6zC0mpGYwbNTpk9SKwh08f,a1.00 t1.00,auto-ok
G6,official-pl-slows-cultes,Extreme,More Than Words,UrIiLvg58SY,More Than Words,Extreme,1gVgkQFOKa8Wc1HYsJtPdH,a1.00 t1.00,auto-ok
G6,official-pl-slows-cultes,Metallica,Nothing Else Matters,waBb-UM5m4g,Nothing Else Matters - Remastered 2021,Metallica,6QAsrXPnMSXIbV0yEJHlEX,a1.00 t1.00,auto-ok
G6,official-pl-slows-cultes,Chris Isaak,Wicked Game,PIh07c_P4hc,Wicked Game,Chris Isaak,7w5AOd6HrDIHewHfpABEss,a1.00 t1.00,auto-ok
G6,official-pl-slows-cultes,Savage Garden,Truly Madly Deeply,WQnAxOQxQIU,Truly Madly Deeply,Savage Garden,013AWvizllIUEC2FOBzOnh,a1.00 t1.00,auto-ok
G6,official-pl-slows-cultes,Lionel Richie,Hello,PDZcqBgCS74,Hello,Lionel Richie,6HMvJcdw6qLsyV1b5x29sa,a1.00 t1.00,auto-ok
G6,official-pl-slows-cultes,Stevie Wonder,I Just Called to Say I Love You,1bGOgY1CmiU,I Just Called To Say I Love You,Stevie Wonder,6RNDeRnWsRMjPdNVgupZCs,a1.00 t1.00,auto-ok
G6,official-pl-slows-cultes,Boyz II Men,I'll Make Love to You,fV8vB1BB2qc,I'll Make Love To You,Boyz II Men,7dfl9X38RhIvB3oSmmneq3,a1.00 t1.00,auto-ok
G6,official-pl-slows-cultes,Joe Cocker & Jennifer Warnes,Up Where We Belong,bjrOcrisGyI,Up Where We Belong,Joe Cocker / Jennifer Warnes,5NoUgO4Kr93QymQGQlBC7b,a1.00 t1.00,auto-ok
G6,official-pl-slows-cultes,Heart,Alone,1Cw1ng75KP0,Alone - Remastered 2000,Heart,0h17TpfCKbbib1J37Qgj7r,a1.00 t1.00,auto-ok
G6,official-pl-slows-cultes,Scorpions,Still Loving You,FI3JWrBq35U,Still Loving You,Scorpions,0RdUX4WE0fO30VnlUbDVL6,a1.00 t1.00,auto-ok
G6,official-pl-slows-cultes,Europe,Carrie,fH0djhIPA2E,Carrie,Europe,29wJiSQcze8HEmxkUQykyp,a1.00 t1.00,auto-ok
G6,official-pl-slows-cultes,Poison,Every Rose Has Its Thorn,j2r2nDhTzO4,Every Rose Has Its Thorn,Poison,5qaSekPPKHIEA1Yn0qkCaC,a1.00 t1.00,auto-ok
G6,official-pl-slows-cultes,Christina Perri,A Thousand Years,rtOvBOTyX00,a thousand years,Christina Perri,6lanRgr6wXibZr8KgzXxBl,a1.00 t1.00,auto-ok
G6,official-pl-country,Garth Brooks,Friends in Low Places,b7P97b64Q5E,Friends In Low Places - Live,Garth Brooks,6edCj6jvE6Xs5ECmhMsSxp,a1.00 t1.00 !DANGER,review
G6,official-pl-country,Billy Ray Cyrus,Achy Breaky Heart,byQIPdHMpjc,Achy Breaky Heart,Billy Ray Cyrus,2EoIt9vdgFRNW03u5IvFsQ,a1.00 t1.00,auto-ok
G6,official-pl-country,Kenny Chesney,She Thinks My Tractor's Sexy,uWu3JqLMImY,She Thinks My Tractor's Sexy,Kenny Chesney,3QV7NYkrmV0Q0IHdFJw9hO,a1.00 t1.00,auto-ok
G6,official-pl-country,Tammy Wynette,Stand By Your Man,DwBirf4BWew,Stand By Your Man,Tammy Wynette,6xatfNMI8NkY5XxRHAeiS4,a1.00 t1.00,auto-ok
G6,official-pl-country,John Denver,"Take Me Home, Country Roads",1vrEljMfXYo,"Take Me Home, Country Roads",John Denver,1QbOvACeYanja5pbnJbAmk,a1.00 t1.00,auto-ok
G6,official-pl-country,Thomas Rhett,Die a Happy Man,yVkdfJ9PkRQ,Die A Happy Man,Thomas Rhett,5kNe7PE09d6Kvw5pAsx23n,a1.00 t1.00,auto-ok
G6,official-pl-country,Kacey Musgraves,Merry Go 'Round,GZfj2Ir3GgQ,Merry Go 'Round,Kacey Musgraves,5UDqWOgDdixYMAgAyNbpgh,a1.00 t1.00,auto-ok
G6,official-pl-country,Luke Bryan,Drink a Beer,nADTbWQof7Y,Drink A Beer,Luke Bryan,1PoGWZbJPGmViVi7CYbDUK,a1.00 t1.00,auto-ok
G6,official-pl-country,Maren Morris,My Church,5ScmZVBumVc,My Church,Maren Morris,1LM5zQv5pBKPyO7rm7Uz6U,a1.00 t1.00,auto-ok
G6,official-pl-country,Zac Brown Band,Chicken Fried,e4ujS1er1r0,Chicken Fried,Zac Brown Band,0LQtEJt7x0s6knb6RKdRYc,a1.00 t1.00,auto-ok
G6,official-pl-country,Chris Stapleton,Broken Halos,sXhhdNL05sY,Broken Halos,Chris Stapleton,06gD2ZtK3Dzc1BYqWExQJJ,a1.00 t1.00,auto-ok
G6,official-pl-country,Maren Morris,The Middle,M3rg-rh6MPo,The Middle,Zedd / Maren Morris / Grey,09IStsImFySgyp0pIQdqAc,a1.00 t1.00,auto-ok
G6,official-pl-country,Alan Jackson & Jimmy Buffett,It's Five O'Clock Somewhere,BPCjC543llU,It's Five O'Clock Somewhere,Alan Jackson / Jimmy Buffett,5oHHMDcVOmPSFrCgdbHPdb,a1.00 t1.00,auto-ok
G6,official-pl-country,Carrie Underwood,Before He Cheats,WaSy8yy-mr8,Before He Cheats,Carrie Underwood,0ZUo4YjG4saFnEJhdWp9Bt,a1.00 t1.00,auto-ok
G6,official-pl-country,Little Big Town,Girl Crush,JYZMT8otKdI,Girl Crush,Little Big Town,11qh54D0PKkBwelpDxxiEU,a1.00 t1.00,auto-ok
G6,official-pl-country,Kacey Musgraves,Follow Your Arrow,kQ8xqyoZXCc,Follow Your Arrow,Kacey Musgraves,4CLPNURPcKztF9RRdcWLGP,a1.00 t1.00,auto-ok
G6,official-pl-country,Jason Aldean,Dirt Road Anthem,Lb9q1ScC4cg,Dirt Road Anthem,Jason Aldean,5ZVGvay4xwgXMnQWffNYeU,a1.00 t1.00,auto-ok
G6,official-pl-hard-rock-80s,Aerosmith,Janie's Got a Gun,RqQn2ADZE1A,Janie's Got A Gun,Aerosmith,5fMwvrqujbQjUxcNPcYrUF,a1.00 t1.00,auto-ok
G6,official-pl-hard-rock-80s,Def Leppard,Pour Some Sugar on Me,0UIB9Y4OFPs,Pour Some Sugar On Me,Def Leppard,1aZLIbKEdsyqxyD6iNcrbA,a1.00 t1.00,auto-ok
G6,official-pl-hard-rock-80s,Bon Jovi,You Give Love a Bad Name,d2GynqGsokU,You Give Love A Bad Name,Bon Jovi,0rmGAIH9LNJewFw7nKzZnc,a1.00 t1.00,auto-ok
G6,official-pl-hard-rock-80s,Europe,Carrie,fH0djhIPA2E,Carrie,Europe,29wJiSQcze8HEmxkUQykyp,a1.00 t1.00,auto-ok
G6,official-pl-hard-rock-80s,Scorpions,Rock You Like a Hurricane,kdqkA3CE6nA,Rock You Like a Hurricane - 2015 - Remaster,Scorpions,58dBJivB6lbAY5irCuAxJX,a1.00 t1.00,auto-ok
G6,official-pl-hard-rock-80s,Scorpions,Still Loving You,FI3JWrBq35U,Still Loving You,Scorpions,0RdUX4WE0fO30VnlUbDVL6,a1.00 t1.00,auto-ok
G6,official-pl-hard-rock-80s,Journey,Don't Stop Believin',1k8craCGpgs,Don't Stop Believin',Journey,77NNZQSqzLNqh2A9JhLRkg,a1.00 t1.00,auto-ok
G6,official-pl-hard-rock-80s,Warrant,Cherry Pie,OjyZKfdwlng,Cherry Pie,Warrant,7LygtNjQ65PSdzVjUnHXQb,a1.00 t1.00,auto-ok
G6,official-pl-hard-rock-80s,Aerosmith,Dream On,89dGC8de0CA,Dream On,Aerosmith,5Ih9gbqyxCzTJ43nuSuKnC,a1.00 t1.00,auto-ok
G6,official-pl-hard-rock-80s,AC/DC,Highway to Hell,l482T0yNkeo,Highway to Hell,AC/DC,2zYzyRzz6pRmhPzyfMEC8s,a1.00 t1.00,auto-ok
G6,official-pl-hard-rock-80s,Heart,Alone,1Cw1ng75KP0,Alone - Remastered 2000,Heart,0h17TpfCKbbib1J37Qgj7r,a1.00 t1.00,auto-ok
G6,official-pl-hard-rock-80s,Mötley Crüe,Home Sweet Home,hHRNSeuvzlM,Home Sweet Home,Mötley Crüe,1kvq7ksGQWSyRysYYNd6lu,a1.00 t1.00,auto-ok
G6,official-pl-hard-rock-80s,Tesla,Signs,oeT5otk2R1g,Signs,Tesla,0G0pZ30n9V3mKTvtAbVn46,a1.00 t1.00,auto-ok
G6,official-pl-hard-rock-80s,Survivor,Eye of the Tiger,btPJPFnesV4,Eye of the Tiger,Survivor,2HHtWyy5CgaQbC7XSoOb0e,a1.00 t1.00,auto-ok
G6,official-pl-hard-rock-80s,Tom Petty and the Heartbreakers,Runnin' Down a Dream,Y1D3a5eDJIs,"Runnin' Down a Dream - Live at the Fillmore, 1997",Tom Petty and the Heartbreakers,6ZIqc8hMV2PqK5qPqvcI6H,a1.00 t1.00 !DANGER,review
G6,official-pl-hard-rock-80s,Cinderella,Don't Know What You Got (Till It's Gone),i28UEoLXVFQ,Don't Know What You Got (Till It's Gone),Cinderella,5QRs63VVKNaqUjg6XSSckM,a1.00 t1.00,auto-ok
G6,official-pl-hard-rock-80s,Scandal,The Warrior,47y5bo8wtqM,The Warrior (feat. Patty Smyth),Scandal / Patty Smyth,2hQnLzly0jRPpLPp23sA4i,a1.00 t1.00,auto-ok
G6,official-pl-hard-rock-80s,Foreigner,I Want to Know What Love Is,r3Pr1_v7hsw,I Want to Know What Love Is - 1999 Remaster,Foreigner,1JLn8RhQzHz3qDqsChcmBl,a1.00 t1.00,auto-ok
G6,official-pl-hard-rock-80s,Boston,More Than a Feeling,oR4uKcvQbGQ,More Than a Feeling,Boston,1QEEqeFIZktqIpPI4jSVSF,a1.00 t1.00,auto-ok
G6,official-pl-hard-rock-80s,Van Halen,Jump,SwYN7mTi6HM,Jump,Van Halen,6Fba9RZtC6vTY814JToDtP,a1.00 t1.00,auto-ok
G6,official-pl-hard-rock-80s,AC/DC,Back in Black,zjx0D1Ivy-Q,Back In Black,AC/DC,08mG3Y1vljYA6bvDt4Wqkj,a1.00 t1.00,auto-ok
G6,official-pl-hard-rock-80s,Twisted Sister,I Wanna Rock,SRwrg0db_zY,I Wanna Rock,Twisted Sister,64ywvJE5j3PmRHzuah2WKR,a1.00 t1.00,auto-ok
G6,official-pl-hard-rock-80s,Night Ranger,Sister Christian,z92bmlcmyq0,Sister Christian,Night Ranger,57trQKFZdJxHia4sMJioWk,a1.00 t1.00,auto-ok
G6,official-pl-hard-rock-80s,Def Leppard,Photograph,D4dHr8evt6k,Photograph,Def Leppard,18URo35acNKRTHfEdjTcGn,a1.00 t1.00,auto-ok
G6,official-pl-hard-rock-80s,Iron Maiden,The Trooper,X4bgXH3sJ2Q,The Trooper - 2015 Remaster,Iron Maiden,4OROzZUy6gOWN4UGQVaZMF,a1.00 t1.00,auto-ok
G6,official-pl-hard-rock-80s,Guns N' Roses,Sweet Child o' Mine,D2gWc5Sw75w,Sweet Child O' Mine,Guns N' Roses,7snQQk1zcKl8gZ92AnueZW,a1.00 t1.00,auto-ok
G6,official-pl-hard-rock-80s,Guns N' Roses,Welcome to the Jungle,9erLsEHAZRI,Welcome To The Jungle,Guns N' Roses,0G21yYKMZoHa30cYVi1iA8,a1.00 t1.00,auto-ok
G6,official-pl-hard-rock-80s,Mötley Crüe,Kickstart My Heart,CmXWkMlKFkI,Kickstart My Heart,Mötley Crüe,4Yqy0GpeDEXLibWJCZyQew,a1.00 t1.00,auto-ok
G6,official-pl-hard-rock-80s,Ratt,Round and Round,0u8teXR8VE4,Round and Round,Ratt,57P8gH8rjt4OqEoqzut1bL,a1.00 t1.00,auto-ok
G6,official-pl-hard-rock-80s,Bon Jovi,Livin' on a Prayer,lDK9QqIzhwk,Livin' On A Prayer,Bon Jovi,37ZJ0p5Jm13JPevGcx4SkF,a1.00 t1.00,auto-ok
G6,official-pl-hard-rock-80s,Europe,The Final Countdown,9jK-NcRmVcw,The Final Countdown,Europe,3MrRksHupTVEQ7YbA0FsZK,a1.00 t1.00,auto-ok
G6,official-pl-hard-rock-80s,Ozzy Osbourne,Flying High Again,udUCjJphE-0,Flying High Again,Ozzy Osbourne,3VPcxdwwo9TcjAOYZa5ZrP,a1.00 t1.00,auto-ok
G6,official-pl-hard-rock-80s,KISS,Detroit Rock City,iZq3i94mSsQ,Detroit Rock City,KISS,4Q9WS9ARvL7rkokSbnhM96,a1.00 t1.00,auto-ok
G6,official-pl-hard-rock-80s,Judas Priest,You've Got Another Thing Comin',WtuoFv4dcwM,You've Got Another Thing Comin',Judas Priest,4f3RDq9nYPBeR1yMSgnmBm,a1.00 t1.00,auto-ok
G6,official-pl-hard-rock-80s,Whitesnake,Here I Go Again,WyF8RHM1OCg,Here I Go Again - 1987 Version / 2018 Remaster,Whitesnake,58z9sfHe9s9zTvYGKehCWM,a1.00 t1.00,auto-ok
G6,official-pl-hard-rock-80s,Twisted Sister,We're Not Gonna Take It,V9AbeALNVkk,We're Not Gonna Take It,Twisted Sister,5X79VgaOn8pDTpTKu3PixN,a1.00 t1.00,auto-ok
G6,official-pl-hard-rock-80s,Survivor,Burning Heart,Wa5B22KAkEk,"Burning Heart - From ""Rocky IV"" Soundtrack",Survivor,2avaSeKHI5l4sLruVfLdi2,a1.00 t1.00,auto-ok
G6,official-pl-hard-rock-80s,Iron Maiden,Run to the Hills,86URGgqONvA,Run to the Hills - 2015 Remaster,Iron Maiden,4Zc7TCHzuNwL0AFBlyLdyr,a1.00 t1.00,auto-ok
G6,official-pl-hard-rock-80s,The Romantics,What I Like About You,Rqnw5IfbZOU,What I Like About You,The Romantics,6NdcSEhpGGAYXNnnhGS2s6,a1.00 t1.00,auto-ok
G6,official-pl-hard-rock-80s,Poison,Every Rose Has Its Thorn,j2r2nDhTzO4,Every Rose Has Its Thorn,Poison,5qaSekPPKHIEA1Yn0qkCaC,a1.00 t1.00,auto-ok
G6,official-pl-hard-rock-80s,Journey,Separate Ways (Worlds Apart),LatorN4P9aA,Separate Ways (Worlds Apart) [2023 Remaster],Journey,1pTw2cNrp9L3esxLAvWnN2,a1.00 t1.00,auto-ok
G6,official-pl-hard-rock-80s,Ozzy Osbourne,Crazy Train,Djrl6fu8myo,Crazy Train,Ozzy Osbourne,7ACxUo21jtTHzy7ZEV56vU,a1.00 t1.00,auto-ok
G6,official-pl-disney-en,Lea Salonga,Reflection,JMWJyzicqVo,Reflection,Lea Salonga / Disney,2AILbz83cBnrAMAG06rZts,a1.00 t1.00,auto-ok
G6,official-pl-disney-en,"Brad Kane, Lea Salonga",A Whole New World,AXvR11XpgyA,A Whole New World,Lea Salonga / Brad Kane / Disney,1hwdPQtFHISvZ9SXMkNrIK,a1.00 t1.00,auto-ok
G6,official-pl-disney-en,"Miguel, Natalia Lafourcade",Remember Me,3iDxU9eNQ_0,Remember Me (Dúo),Miguel / Natalia Lafourcade,3pCgIUkmRHKydu9HE03QKY,a1.00 t1.00,auto-ok
G6,official-pl-disney-en,Encanto Cast,We Don't Talk About Bruno,o01l3sotf1Q,We Don't Talk About Bruno,Carolina Gaitán - La Gaita / Mauro Castillo / Adassa / Rhenzy Feliz / Diane Guerrero / Stephanie Beatriz / Encanto - Cast,52xJxFP6TqMuO4Yt0eOkMz,a1.00 t1.00,auto-ok
G6,official-pl-disney-en,"Jerry Orbach, Angela Lansbury",Be Our Guest,6F29JppmaaQ,Be Our Guest,Angela Lansbury / Jerry Orbach / Chorus - Beauty And the Beast / Disney,6btdYzQ8eZFBrOlUKVHuz0,a1.00 t1.00,auto-ok
G6,official-pl-disney-en,Donny Osmond,I'll Make a Man Out of You,elBKil5zE2g,I'll Make a Man Out of You,Donny Osmond / Chorus - Mulan / Disney,28UMEtwyUUy5u0UWOVHwiI,a1.00 t1.00,auto-ok
G6,official-pl-disney-en,Angela Lansbury,Beauty and the Beast,sniX7lOcfZk,Beauty and the Beast,Angela Lansbury / Disney,2rJFFUEl1LURkV0b0OARXx,a1.00 t1.00,auto-ok
G6,official-pl-disney-en,Auli'i Cravalho,How Far I'll Go,cPAbx5kgCJo,How Far I'll Go,Auli'i Cravalho / Disney,3KzemxaWSSiYtnzOokd0Rs,a1.00 t1.00,auto-ok
G6,official-pl-disney-en,James Baskett,Zip-a-Dee-Doo-Dah,6bWyhj7siEY,Zip- A- Dee-Doo-Dah,James Baskett,2pMvRhzlGU3cHkmLutF4Lr,a1.00 t1.00,auto-ok
G6,official-pl-disney-en,Susan Egan,I Won't Say (I'm in Love),Tl0DMTlwLw4,I Won't Say (I'm In Love),Susan Egan / Cheryl Freeman / LaChanze / Vaneese Thomas / Lillias White / Disney,0PKmDncVOiNQLO6D1P6PXi,a1.00 t1.00,auto-ok
G6,official-pl-disney-en,Jessica Darrow,Surface Pressure,tQwVKr8rCYw,Surface Pressure,Jessica Darrow,760jhRscwGbIIe1m1IIQpU,a1.00 t1.00,auto-ok
G6,official-pl-disney-en,Dwayne Johnson,You're Welcome,79DijItQXMM,You're Welcome,Dwayne Johnson,1gAqEg0gMyxJrM4DOOaYEA,a1.00 t1.00,auto-ok
G6,official-pl-disney-en,Roger Bart,Go the Distance,zgnHF2CwrPs,Go the Distance,Roger Bart / Disney,0D1OY0M5A0qD5HGBvFmFid,a1.00 t1.00,auto-ok
G6,official-pl-disney-en,Robin Williams,Prince Ali,aEryAoLfnAA,Prince Ali,Robin Williams / Disney,6q2r0n2ph4w2p7fLbh5TKK,a1.00 t1.00,auto-ok
G6,official-pl-disney-en,"Louis Prima, Phil Harris, Bruce Reitherman",I Wan'na Be Like You,9JDzlhW3XTM,I Wan'na Be Like You (The Monkey Song),Louis Prima / Phil Harris / Bruce Reitherman,2EeVPGHq2I7fjeDfT6LEYX,a1.00 t1.00,auto-ok
G6,official-pl-disney-en,Phil Collins,You'll Be in My Heart,8TEo-YycxJc,You'll Be In My Heart,Phil Collins,4Y8vb1uy9IjM2V1hqvrAid,a1.00 t1.00,auto-ok
G6,official-pl-disney-en,"Jason Weaver, Rowan Atkinson, Laura Williams",I Just Can't Wait to Be King,INugjPMaOWs,I Just Can't Wait to Be King,Jason Weaver / Rowan Atkinson / Laura Williams,0qxtQ8rf3W1nId3D2r0xH4,a1.00 t1.00,auto-ok
G6,official-pl-disney-en,"Idina Menzel, Evan Rachel Wood",Show Yourself,nrZxwPwmgrw,Show Yourself,Idina Menzel / Evan Rachel Wood,50WeOnXhM1H7AZEeIDoWfZ,a1.00 t1.00,auto-ok
G6,official-pl-disney-en,"Carmen Twillie, Lebo M.",Circle of Life,GibiNy4d4gc,Circle of Life,Carmen Twillie / Lebo M.,0HU5JnVaKNTWf6GykV9Zn8,a1.00 t1.00,auto-ok
G6,official-pl-disney-en,Nathan Lane & Ernie Sabella,Hakuna Matata,0MxulhivCvI,Hakuna Matata,Nathan Lane / Ernie Sabella / Jason Weaver / Joseph Williams,5k3U0OGYBccHdKJJu3HrUN,a1.00 t1.00,auto-ok
G6,official-pl-disney-en,Phil Harris,The Bare Necessities,pi0ggakR8po,The Bare Necessities,Phil Harris / Bruce Reitherman,7h5crXBSY5SSpXRIlklv74,a1.00 t1.00,auto-ok
G6,official-pl-disney-en,Robin Williams,Friend Like Me,pF4OH-6NgFY,Friend Like Me,Robin Williams / Disney,70uZXOG2KTAHwcAgp4QyYr,a1.00 t1.00,auto-ok
G6,official-pl-disney-en,"Joseph Williams, Sally Dworsky, Nathan Lane, Ernie Sabella, Kristle Edwards",Can You Feel the Love Tonight,KjgWWjkNbhU,Can You Feel the Love Tonight,Joseph Williams / Sally Dworsky / Nathan Lane / Ernie Sabella / Kristle Edwards,5E8yddtSG3sH4hw2SfwcgW,a1.00 t1.00,auto-ok
G6,official-pl-disney-en,"Nathan Lane, Ernie Sabella, Jason Weaver",Hakuna Matata,UM2ihj-88uM,Hakuna Matata,Nathan Lane / Ernie Sabella / Jason Weaver / Joseph Williams,5k3U0OGYBccHdKJJu3HrUN,a1.00 t1.00,auto-ok
G6,official-pl-disney-en,Judy Kuhn,Colors of the Wind,U0VLL6YSFU8,Colors of the Wind,Judy Kuhn,1OYOLWqKmhkFIx2KC9ek1a,a1.00 t1.00,auto-ok
G6,official-pl-disney-en,Cliff Edwards,When You Wish Upon a Star,wEWowjC2dSk,When You Wish Upon a Star,Cliff Edwards / Disney Studio Chorus,1WrPa4lrIddctGWAIYYfP9,a1.00 t1.00,auto-ok
G6,official-pl-disney-en,Jodi Benson,Part of Your World,SXKlJuO07eM,Part of Your World,Jodi Benson / Disney,5J4pDyvjRrYfcgHetKjKSj,a1.00 t1.00,auto-ok
G6,official-pl-disney-en,Samuel E. Wright,Under the Sea,GC_mV1IpjWA,Under the Sea,Samuel E. Wright / Disney,4qqfI5oNO53a6W7nWfutKH,a1.00 t1.00,auto-ok
G6,official-pl-disney-en,Rascal Flatts,Life Is a Highway,U3sMjm9Eloo,Life is a Highway,Rascal Flatts,5gB2IrxOCX2j9bMnHKP38i,a1.00 t1.00,auto-ok
G6,official-pl-disney-en,Tony Jay,Hellfire,U3NoDEu7kpg,Heaven's Light/Hellfire,Tony Jay / Tom Hulce / Chorus - The Hunchback Of Notre Dame,7HrevXphE3Wf7xg2T5wyF5,a1.00 t0.35,no-match
G6,official-pl-disney-en,Keith David,Friends on the Other Side,yZAY-78zhmw,Friends on the Other Side,Keith David,14mNTV7rsvzkVfBmRepX1X,a1.00 t1.00,auto-ok
G6,official-pl-disney-en,Jemaine Clement,Shiny,93lrosBEW-Q,Shiny,Jemaine Clement / Disney,7qXlsUBBEQaFhHrvMYBcuC,a1.00 t1.00,auto-ok
G6,official-pl-disney-en,"Christopher Jackson, Rachel House, Nicole Scherzinger",Where You Are,ubZrAmRxy_M,Where You Are,Christopher Jackson / Rachel House / Nicole Scherzinger / Auli'i Cravalho / Louise Bush / Disney,0KBgLJ9hRd40jq1DeuYmNM,a1.00 t1.00,auto-ok
G6,official-pl-disney-en,"Phil Harris, Bruce Reitherman",The Bare Necessities,9ogQ0uge06o,The Bare Necessities,Phil Harris / Bruce Reitherman,7h5crXBSY5SSpXRIlklv74,a1.00 t1.00,auto-ok
G6,official-pl-disney-en,Idina Menzel,Let It Go,L0MK7qz13bU,"Let It Go - From ""Frozen""/Soundtrack Version",Idina Menzel,0qcr5FMsEO85NAQjrlDRKo,a1.00 t1.00,auto-ok
G6,official-pl-disney-en,"Lea Salonga, Harvey Fierstein, Jerry Tondo, Gedde Watanabe, Matthew Wilder",A Girl Worth Fighting For,HiqmZLOaD8o,A Girl Worth Fighting For,Lea Salonga / Harvey Fierstein / Matthew Wilder / James Hong / Jerry Tondo / Disney,3wjgPeXocinhLyPL37p70e,a1.00 t1.00,auto-ok
G6,official-pl-disney-en,"Mary Costa, Bill Shirley",Once Upon a Dream,TXbHShUnwxY,"Once Upon a Dream - From ""Sleeping Beauty"" / Soundtrack Version",Mary Costa / Bill Shirley / Chorus - Sleeping Beauty,2fQrmRbsGWrRy6X7nlLURp,a1.00 t1.00,auto-ok
G6,official-pl-disney-en,Shakira,Try Everything,c6rP-YP4c5I,Try Everything,Shakira,1N3dZ7TTWO6VcD4Y3hHYLZ,a1.00 t1.00,auto-ok
G6,official-pl-disney-en,"Idina Menzel, AURORA",Into the Unknown,gIOyB9ZXn8s,Into the Unknown,Idina Menzel / AURORA,3Z0oQ8r78OUaHvGPiDBR3W,a1.00 t1.00,auto-ok
G6,official-pl-disney-en,"Kristen Bell, Agatha Lee Monn, Katie Lopez",Do You Want to Build a Snowman?,V-zXT5bIBM0,"Do You Want to Build a Snowman? - From ""Frozen""/Soundtrack Version",Kristen Bell / Agatha Lee Monn / Katie Lopez,2yi7HZrBOC4bMUSTcs4VK6,a1.00 t1.00,auto-ok
G6,official-pl-disco-funk,Village People,Macho Man,Zg3q6qW2aKo,Macho Man,Village People,3wOJk31hFeYyc7Ex4J9VlQ,a1.00 t1.00,auto-ok
G6,official-pl-disco-funk,A Taste of Honey,Boogie Oogie Oogie,PhD58dP9kq8,Boogie Oogie Oogie,A Taste Of Honey,1Rl9GHgsflyIVqBRyO45Zo,a1.00 t1.00,auto-ok
G6,official-pl-disco-funk,Chic,Good Times,Er9xGRolrT4,Good Times,CHIC,0G3fbPbE1vGeABDEZF0jeG,a1.00 t1.00,auto-ok
G6,official-pl-disco-funk,Bee Gees,Night Fever,c8xnjaerP78,"Night Fever - From ""Saturday Night Fever"" Soundtrack",Bee Gees,0qemIQjSxcKyf42VPfZnfa,a1.00 t1.00,auto-ok
G6,official-pl-disco-funk,Rose Royce,Car Wash,PkxaunLybuM,Car Wash,Rose Royce,1tJtx09XQnxaynZLOaTNfZ,a1.00 t1.00,auto-ok
G6,official-pl-disco-funk,Sister Sledge,We Are Family,eBpYgpF1bqQ,We Are Family - 1995 Remaster,Sister Sledge,5IKLwqBQG6KU6MP2zP80Nu,a1.00 t1.00,auto-ok
G6,official-pl-disco-funk,Cheryl Lynn,Got to Be Real,fI569nw0YUQ,Got to Be Real,Cheryl Lynn,58r4JuwHhXLAkttkaUZfLw,a1.00 t1.00,auto-ok
G6,official-pl-disco-funk,KC and the Sunshine Band,That's the Way (I Like It),q3svW8PM_jc,That's the Way (I Like It),KC & The Sunshine Band,7s3FSodLpnKMzeMj17G5d0,a0.83 t1.00,auto-ok
G6,official-pl-disco-funk,ABBA,Dancing Queen,xFrGuyw1V8s,Dancing Queen,ABBA,0GjEhVFGZW8afUYGChu3Rr,a1.00 t1.00,auto-ok
G6,official-pl-disco-funk,The Trammps,Disco Inferno,A_sY2rjxq6M,Disco Inferno,The Trammps,5jUA1njy3h6ynHLvPdEVHt,a1.00 t1.00,auto-ok
G6,official-pl-disco-funk,The Pointer Sisters,I'm So Excited,8iwBM_YB1sE,I'm So Excited,The Pointer Sisters,1ot6jEe4w4hYnsOPjd3xKQ,a1.00 t1.00,auto-ok
G6,official-pl-disco-funk,Fleetwood Mac,Don't Stop,SBjQ9tuuTJQ,Don't Stop,Fleetwood Mac,6l6vgKIgXLnqgSMqf4nGNc,a1.00 t1.00,auto-ok
G6,official-pl-disco-funk,Commodores,Brick House,rrBx6mAWYPU,Brick House,Commodores,5VJjhHyG8NZ5xdgG6uTb3P,a1.00 t1.00,auto-ok
G6,official-pl-disco-funk,Chic,Le Freak,aXgSHL7efKg,Le Freak,CHIC,4qL9VYPB4XwJKAOq4xn2Mh,a1.00 t1.00,auto-ok
G6,official-pl-disco-funk,Diana Ross,I'm Coming Out,vqUVFukbrbU,I'm Coming Out,Diana Ross,3SnGymj6ijE2iuUfWxLo1q,a1.00 t1.00,auto-ok
G6,official-pl-disco-funk,Donna Summer,I Feel Love,yEbaeLv-aOo,I Feel Love,Donna Summer,1vCBk33l9HaWp5FOnhSGxk,a1.00 t1.00,auto-ok
G6,official-pl-disco-funk,Lipps Inc.,Funky Town,ax68rWI4Tuk,Funkytown,Lipps Inc.,2XVQdI3m0giGxNrwUhV3yP,a1.00 t0.90,auto-ok
G6,official-pl-disco-funk,"Earth, Wind & Fire",Boogie Wonderland,_93PWvC2_vU,Boogie Wonderland (with The Emotions),"Earth, Wind & Fire / The Emotions",6ztstiyZL6FXzh4aG46ZPD,a0.33 t1.00,no-match
G6,official-pl-disco-funk,Thelma Houston,Don't Leave Me This Way,svcbu-fv-GA,Don't Leave Me This Way,Thelma Houston,4Af8yzidDPc520TFd4TmkE,a1.00 t1.00,auto-ok
G6,official-pl-disco-funk,Patrick Hernandez,Born to Be Alive,9UaJAnnipkY,Born to Be Alive - The Original,Patrick Hernandez,3XIEWK1V9n25PS9Vb6axj5,a1.00 t1.00,auto-ok
G6,official-pl-disco-funk,Michael Jackson,Don't Stop 'Til You Get Enough,yURRmWtbTbo,Don't Stop 'Til You Get Enough,Michael Jackson,46eu3SBuFCXWsPT39Yg3tJ,a1.00 t1.00,auto-ok
G6,official-pl-disco-funk,ABBA,Gimme! Gimme! Gimme! (A Man After Midnight),XEjLoHdbVeE,Gimme! Gimme! Gimme! (A Man After Midnight),ABBA,3vkQ5DAB1qQMYO4Mr9zJN6,a1.00 t1.00,auto-ok
G6,official-pl-disco-funk,Labelle,Lady Marmalade,t4LWIP7SAjY,Lady Marmalade,LaBelle,17VWTx7LD7liGlpnlGhUbn,a1.00 t1.00,auto-ok
G6,official-pl-disco-funk,Parliament,Give Up the Funk (Tear the Roof off the Sucker),gBWH3OWfT2Y,Give Up The Funk (Tear The Roof Off The Sucker),Parliament,4XRkQloZFcRrCONN7ZQ49Y,a1.00 t1.00,auto-ok
G6,official-pl-disco-funk,Rick James,Super Freak,QYHxGBH6o4M,Super Freak,Rick James,2dCmGcEOQrMQhMMS8Vj7Ca,a1.00 t1.00,auto-ok
G6,official-pl-disco-funk,Kool & The Gang,Celebration,3GwjfUFyY6M,Celebration,Kool & The Gang,3K7Q9PHUWPTaknlbFPThn2,a0.31 t1.00,no-match
G6,official-pl-disco-funk,Wild Cherry,Play That Funky Music,MDZsNksbw2Q,Play That Funky Music,Wild Cherry,5uuJruktM9fMdN9Va0DUMl,a1.00 t1.00,auto-ok
G6,official-pl-disco-funk,Village People,Y.M.C.A.,CS9OO0S5w2k,Y.M.C.A,Village People,2MtwLMtwLU17payh5C4fYG,a1.00 t1.00,auto-ok
G6,official-pl-disco-funk,Kool & The Gang,Ladies Night,jKVnur5DkdI,Ladies Night,Kool & The Gang,2uKJxjqcFu2Pr2CEsGGYJa,a0.31 t1.00,no-match
G6,official-pl-disco-funk,Diana Ross,Upside Down,gHp7sq1Tzn0,Upside Down,Diana Ross,3pbtBomO4Zt5gGiqsYeiBH,a1.00 t1.00,auto-ok
G6,official-pl-disco-funk,Cameo,Word Up!,MZjAantupsA,Word Up,Cameo,7LoGfKBAaOl0nxhodJ1240,a1.00 t1.00,auto-ok
G6,official-pl-disco-funk,KISS,I Was Made for Lovin' You,Gcj34XixuYg,I Was Made For Lovin' You,KISS,07q0QVgO56EorrSGHC48y3,a1.00 t1.00,auto-ok
G6,official-pl-disco-funk,Rod Stewart,Do Ya Think I'm Sexy?,Hphwfq1wLJs,Do Ya Think I'm Sexy,Rod Stewart,3wsPg2KrRYZFi0inIFa41x,a1.00 t1.00,auto-ok
G6,official-pl-disco-funk,Hues Corporation,Rock the Boat,FfBKqaVk2Co,Rock the Boat,Hues Corporation,7fu3Tv5rcoGD1PZV7s57WW,a1.00 t1.00,auto-ok
G6,official-pl-disco-funk,Chaka Khan,I'm Every Woman,H7_sqdkaAfo,I'm Every Woman,Chaka Khan,1oFiPGBafH9Woo9AMwgBSl,a1.00 t1.00,auto-ok
G6,official-pl-disco-funk,Blondie,Heart of Glass,WGU_4-5RaxU,Heart Of Glass,Blondie,41AE8ODX2JETBCa6muhSLY,a1.00 t1.00,auto-ok
G6,official-pl-disco-funk,Frankie Valli & The Four Seasons,"December, 1963 (Oh, What a Night)",fhc13WNMNpg,"December, 1963 (Oh What a Night!)",Frankie Valli & The Four Seasons,4DlqkImZQBJHO3H1P30akk,a0.43 t1.00,no-match
G6,official-pl-disco-funk,"Earth, Wind & Fire",September,Gs069dndIYk,September,"Earth, Wind & Fire",2grjqo0Frpf2okIBiifQKs,a0.33 t1.00,no-match
G6,official-pl-disco-funk,Stevie Wonder,Superstition,0CFuCYNx-1g,Superstition,Stevie Wonder,4N0TP4Rmj6QQezWV88ARNJ,a1.00 t1.00,auto-ok
G7,official-pl-disco-dancefloor,Bee Gees,Night Fever,c8xnjaerP78,"Night Fever - From ""Saturday Night Fever"" Soundtrack",Bee Gees,0qemIQjSxcKyf42VPfZnfa,a1.00 t1.00,auto-ok
G7,official-pl-disco-dancefloor,Chic,Le Freak,aXgSHL7efKg,Le Freak,CHIC,4qL9VYPB4XwJKAOq4xn2Mh,a1.00 t1.00,auto-ok
G7,official-pl-disco-dancefloor,Chic,Good Times,Er9xGRolrT4,Good Times,CHIC,0G3fbPbE1vGeABDEZF0jeG,a1.00 t1.00,auto-ok
G7,official-pl-disco-dancefloor,Village People,Macho Man,Zg3q6qW2aKo,Macho Man,Village People,3wOJk31hFeYyc7Ex4J9VlQ,a1.00 t1.00,auto-ok
G7,official-pl-disco-dancefloor,"Earth, Wind & Fire",September,Gs069dndIYk,September,"Earth, Wind & Fire",2grjqo0Frpf2okIBiifQKs,a0.33 t1.00,no-match
G7,official-pl-disco-dancefloor,"Earth, Wind & Fire",Boogie Wonderland,god7hAPv8f0,Boogie Wonderland (with The Emotions),"Earth, Wind & Fire / The Emotions",6ztstiyZL6FXzh4aG46ZPD,a0.33 t1.00,no-match
G7,official-pl-disco-dancefloor,ABBA,Gimme! Gimme! Gimme!,XEjLoHdbVeE,Gimme! Gimme! Gimme! (A Man After Midnight),ABBA,3vkQ5DAB1qQMYO4Mr9zJN6,a1.00 t1.00,auto-ok
G7,official-pl-disco-dancefloor,ABBA,Waterloo,mcssw3utx7o,Waterloo,ABBA,3Dy4REq8O09IlgiwuHQ3sk,a1.00 t1.00,auto-ok
G7,official-pl-disco-dancefloor,Donna Summer,I Feel Love,yEbaeLv-aOo,I Feel Love,Donna Summer,1vCBk33l9HaWp5FOnhSGxk,a1.00 t1.00,auto-ok
G7,official-pl-disco-dancefloor,Sister Sledge,We Are Family,eBpYgpF1bqQ,We Are Family - 1995 Remaster,Sister Sledge,5IKLwqBQG6KU6MP2zP80Nu,a1.00 t1.00,auto-ok
G7,official-pl-disco-dancefloor,KC and the Sunshine Band,That's the Way (I Like It),q3svW8PM_jc,That's the Way (I Like It),KC & The Sunshine Band,7s3FSodLpnKMzeMj17G5d0,a0.83 t1.00,auto-ok
G7,official-pl-disco-dancefloor,Patrick Hernandez,Born to Be Alive,9UaJAnnipkY,Born to Be Alive - The Original,Patrick Hernandez,3XIEWK1V9n25PS9Vb6axj5,a1.00 t1.00,auto-ok
G7,official-pl-disco-dancefloor,Cheryl Lynn,Got to Be Real,fI569nw0YUQ,Got to Be Real,Cheryl Lynn,58r4JuwHhXLAkttkaUZfLw,a1.00 t1.00,auto-ok
G7,official-pl-disco-dancefloor,Rose Royce,Car Wash,PkxaunLybuM,Car Wash,Rose Royce,1tJtx09XQnxaynZLOaTNfZ,a1.00 t1.00,auto-ok
G7,official-pl-disco-dancefloor,Labelle,Lady Marmalade,t4LWIP7SAjY,Lady Marmalade,LaBelle,17VWTx7LD7liGlpnlGhUbn,a1.00 t1.00,auto-ok
G7,official-pl-disco-dancefloor,Thelma Houston,Don't Leave Me This Way,svcbu-fv-GA,Don't Leave Me This Way,Thelma Houston,4Af8yzidDPc520TFd4TmkE,a1.00 t1.00,auto-ok
G7,official-pl-disco-dancefloor,Diana Ross,Upside Down,gHp7sq1Tzn0,Upside Down,Diana Ross,3pbtBomO4Zt5gGiqsYeiBH,a1.00 t1.00,auto-ok
G7,official-pl-disco-dancefloor,Diana Ross,I'm Coming Out,vqUVFukbrbU,I'm Coming Out,Diana Ross,3SnGymj6ijE2iuUfWxLo1q,a1.00 t1.00,auto-ok
G7,official-pl-disco-dancefloor,A Taste of Honey,Boogie Oogie Oogie,PhD58dP9kq8,Boogie Oogie Oogie,A Taste Of Honey,1Rl9GHgsflyIVqBRyO45Zo,a1.00 t1.00,auto-ok
G7,official-pl-disco-dancefloor,The Pointer Sisters,I'm So Excited,8iwBM_YB1sE,I'm So Excited,The Pointer Sisters,1ot6jEe4w4hYnsOPjd3xKQ,a1.00 t1.00,auto-ok
G7,official-pl-disco-dancefloor,Kool & the Gang,Celebration,3GwjfUFyY6M,Celebration,Kool & The Gang,3K7Q9PHUWPTaknlbFPThn2,a0.31 t1.00,no-match
G7,official-pl-disco-dancefloor,Kool & the Gang,Ladies' Night,jKVnur5DkdI,Ladies Night,Kool & The Gang,2uKJxjqcFu2Pr2CEsGGYJa,a0.31 t1.00,no-match
G7,official-pl-disco-dancefloor,Chaka Khan,I'm Every Woman,H7_sqdkaAfo,I'm Every Woman,Chaka Khan,1oFiPGBafH9Woo9AMwgBSl,a1.00 t1.00,auto-ok
G7,official-pl-duos-cultes,The Human League,Don't You Want Me,uPudE8nDog0,Don't You Want Me,The Human League,3AIEEEIDJFnqv8rozNVCRZ,a1.00 t1.00,auto-ok
G7,official-pl-duos-cultes,Joe Cocker & Jennifer Warnes,Up Where We Belong,bjrOcrisGyI,Up Where We Belong,Joe Cocker / Jennifer Warnes,5NoUgO4Kr93QymQGQlBC7b,a1.00 t1.00,auto-ok
G7,official-pl-duos-cultes,Andrea Bocelli & Hélène Ségara,Vivo per lei,JqgYn4VlUEA,Vivo per lei,Andrea Bocelli / Giorgia,6cPLCU7hKjgjvLWzCevl7R,a1.00 t1.00,auto-ok
G7,official-pl-duos-cultes,Lady Gaga & Bradley Cooper,Shallow,bo_efYhYU2A,Shallow,Lady Gaga / Bradley Cooper,2VxeLyX666F8uXCJ0dZF8B,a1.00 t1.00,auto-ok
G7,official-pl-duos-cultes,Nelly & Kelly Rowland,Dilemma,8WYHDfJDPDc,Dilemma,Nelly / Kelly Rowland,0ARK753YaiJbpLUk7z5yIM,a1.00 t1.00,auto-ok
G7,official-pl-duos-cultes,Rihanna & Jay-Z,Umbrella,CvBfHwUxHIk,Umbrella,Rihanna / JAŸ-Z,49FYlytm3dAAraYgpoJZux,a1.00 t1.00,auto-ok
G7,official-pl-duos-cultes,Philip Bailey & Phil Collins,Easy Lover,JwQZQygg3Lk,Easy Lover,Philip Bailey / Phil Collins,7INi4pMPG4IE0Smx5y4KVf,a1.00 t1.00,auto-ok
G7,official-pl-duos-cultes,Mark Ronson & Bruno Mars,Uptown Funk,OPf0YbXqDm0,Uptown Funk (feat. Bruno Mars),Mark Ronson / Bruno Mars,32OlwWuMpZ6b0aN2RZOeMS,a1.00 t1.00,auto-ok
G7,official-pl-duos-cultes,The Pogues & Kirsty MacColl,Fairytale of New York,j9jbdgZidu8,Fairytale of New York (feat. Kirsty MacColl),The Pogues / Kirsty MacColl,3VTNVsTTu05dmTsVFrmGpK,a1.00 t1.00,auto-ok
G7,official-pl-duos-cultes,Aqua,Barbie Girl,ZyhrYis509A,Barbie Girl,Aqua,5ZrDlcxIDZyjOzHdYW1ydr,a1.00 t1.00,auto-ok
G7,official-pl-duos-cultes,Rihanna & Calvin Harris,We Found Love,tg00YEETFzg,We Found Love,Rihanna / Calvin Harris,0U10zFw4GlBacOy9VDGfGL,a1.00 t1.00,auto-ok
G7,official-pl-duos-cultes,Beyoncé & Jay-Z,Crazy in Love,ViwtNLUqkMY,Crazy In Love (feat. JAY-Z),Beyoncé / JAŸ-Z,5IVuqXILoxVWvWEPm82Jxr,a1.00 t1.00,auto-ok
G7,official-pl-duos-cultes,Blackstreet & Dr. Dre,No Diggity,3KL9mRus19o,No Diggity,Blackstreet / Dr. Dre / Queen Pen,5tzDYbMDhomaADt9hKhANt,a1.00 t1.00,auto-ok
G7,official-pl-duos-cultes,Paul McCartney & Stevie Wonder,Ebony and Ivory,TZtiJN6yiik,Ebony And Ivory,Paul McCartney / Stevie Wonder,1FYTt8izKA8EMqhULwqOcU,a1.00 t1.00,auto-ok
G7,official-pl-duos-cultes,Sonny & Cher,I Got You Babe,HKGjCPBSG38,I Got You Babe,Sonny & Cher,4SGBuq37Ol4HJr7pQqFMKa,a0.50 t1.00,no-match
G7,official-pl-duos-cultes,Bill Medley & Jennifer Warnes,(I've Had) The Time of My Life,4BQLE_RrTSU,"(I've Had) The Time Of My Life - From ""Dirty Dancing"" Soundtrack",Bill Medley / Jennifer Warnes,6W7ztLBiRzBN46ZaPAcQ0F,a1.00 t1.00,auto-ok
G7,official-pl-duos-cultes,Queen & David Bowie,Under Pressure,a01QQZyl-_I,Under Pressure,Queen / David Bowie,6suU8oBlW4O2pg88tOXgHo,a1.00 t1.00,auto-ok
G7,official-pl-duos-cultes,Jean-Jacques Goldman & Sirima,Là-bas,zFwaRmpzvjo,Là-bas,Jean-Jacques Goldman / Sirima,6pvfDHdFcjiIDXFxvDI879,a1.00 t1.00,auto-ok
G7,official-pl-duos-cultes,Kenny Rogers & Dolly Parton,Islands in the Stream,UaNGtgYwSsU,Islands In the Stream,Dolly Parton / Kenny Rogers,6dnco8haegnJYtylV26cBq,a1.00 t1.00,auto-ok
G7,official-pl-duos-cultes,Natasha St-Pier & Pascal Obispo,Tu trouveras,yB_UBqMRvKk,Tu trouveras,Natasha St-Pier,6kaD0ve95sXjnq6EITyVkv,a1.00 t1.00,auto-ok
G7,official-pl-duos-cultes,Frank & Nancy Sinatra,Somethin' Stupid,fwEN2gOJdbw,Somethin' Stupid,Frank Sinatra / Nancy Sinatra,4feXcsElKIVsGwkbnTHAfV,a0.38 t1.00,no-match
G7,official-pl-duos-cultes,John Travolta & Olivia Newton-John,You're the One That I Want,7oKPYe53h78,You're The One That I Want - From “Grease”,John Travolta / Olivia Newton-John,0B9x2BRHqj3Qer7biM3pU3,a1.00 t1.00,auto-ok
G7,official-pl-duos-cultes,Elton John & Kiki Dee,Don't Go Breaking My Heart,z0qW9P-uYfM,Don't Go Breaking My Heart,Elton John / Kiki Dee,7HW5WIw7ZgZORCzUxv5gW5,a1.00 t1.00,auto-ok
G7,official-pl-duos-cultes,Maroon 5 & Christina Aguilera,Moves Like Jagger,iEPTlhBmwRg,Moves Like Jagger,Maroon 5 / Christina Aguilera,1r299qCKBLgUS9XJ9m1kEx,a1.00 t1.00,auto-ok
G7,official-pl-duos-cultes,Mariah Carey & Whitney Houston,When You Believe,LKaXY4IdZ40,When You Believe - from The Prince of Egypt,Whitney Houston / Mariah Carey,0JN7vUgUolHGHFrOR8xk7S,a1.00 t1.00,auto-ok
G7,official-pl-duos-cultes,John Travolta & Olivia Newton-John,Summer Nights,ZW0DfsCzfq4,Summer Nights - From “Grease”,John Travolta / Olivia Newton-John,2AVkArcfALVk2X8sfPRzya,a1.00 t1.00,auto-ok
G7,official-pl-duos-cultes,Pitbull & Ne-Yo,Time of Our Lives,bXsmGSnq3lE,Time of Our Lives,Pitbull / Ne-Yo,2bJvI42r8EF3wxjOuDav4r,a1.00 t1.00,auto-ok
G7,official-pl-duos-cultes,Katy Perry & Snoop Dogg,California Gurls,F57P9C4SAW4,California Gurls,Katy Perry / Snoop Dogg,6tS3XVuOyu10897O3ae7bi,a1.00 t1.00,auto-ok
G7,official-pl-duos-cultes,Nick Cave & Kylie Minogue,Where the Wild Roses Grow,lDpnjE1LUvE,Where the Wild Roses Grow,Kylie Minogue / Nick Cave,28lQMRZpJmEzCyVMMNTu4H,a1.00 t1.00,auto-ok
G7,official-pl-duos-cultes,Eminem & Rihanna,Love the Way You Lie,uelHwf8o7_U,Love The Way You Lie,Eminem / Rihanna,15JINEqzVMv3SvJTAXAKED,a1.00 t1.00,auto-ok
G7,official-pl-duos-cultes,"Christina Aguilera, Lil' Kim, Mýa & Pink",Lady Marmalade,RQa7SvVCdZk,"Lady Marmalade - From ""Moulin Rouge"" Soundtrack",Christina Aguilera / Lil' Kim / Mýa / P!nk,7GbqE3MlkKosIaCvf50JRK,a1.00 t1.00,auto-ok
G7,official-pl-duos-cultes,Michael Jackson & Janet Jackson,Scream,0P4A1K4lXDo,Scream,Michael Jackson / Janet Jackson,32uog9ul33WrXqfKWoz4Z4,a1.00 t1.00,auto-ok
G7,official-pl-duos-cultes,Kylie Minogue & Jason Donovan,Especially for You,HayShZeBWaI,Especially for You,Kylie Minogue / Jason Donovan,0mVEYOASqm8DX7mCmHgIWt,a1.00 t1.00,auto-ok
G7,official-pl-duos-cultes,Garou & Céline Dion,Sous le vent,a2_ss9y-VjE,Sous le vent,Garou / Céline Dion,6VZB0ttlqGjpGMAcaomXh9,a1.00 t1.00,auto-ok
G7,official-pl-duos-cultes,Beyoncé & Shakira,Beautiful Liar,QrOe2h9RtWI,Beautiful Liar,Beyoncé / Shakira,2HWWNoWEEEECwZhAiLg7ib,a1.00 t1.00,auto-ok
G7,official-pl-duos-cultes,Paul McCartney & Michael Jackson,Say Say Say,aLEhh_XpJ-0,Say Say Say,Paul McCartney / Michael Jackson,2iwhqrveOYC8XLB7GZm63G,a1.00 t1.00,auto-ok
G7,official-pl-duos-cultes,Pitbull & Ne-Yo & Afrojack & Nayer,Give Me Everything,EPo5wWmKEaI,Give Me Everything (feat. Nayer),Pitbull / AFROJACK / Ne-Yo / Nayer,4QNpBfC0zvjKqPJcyqBy9W,a1.00 t1.00,auto-ok
G7,official-pl-duos-cultes,Nelly Furtado & Timbaland,Promiscuous,VXPvpK2ct4M,Promiscuous,Nelly Furtado / Timbaland,2gam98EZKrF9XuOkU13ApN,a1.00 t1.00,auto-ok
G7,official-pl-chanson-francaise-culte,France Gall,"Ella, elle l'a",lgHGU8gqz9U,"Ella, elle l'a",France Gall,3XM3TD08DSAzl84yasWP1x,a1.00 t1.00,auto-ok
G7,official-pl-chanson-francaise-culte,France Gall,Résiste,JEAX24VgAsk,Résiste,France Gall,2IAq7NOjlLVe6bnu0YwdOV,a1.00 t1.00,auto-ok
G7,official-pl-chanson-francaise-culte,Jean-Jacques Goldman,Quand la musique est bonne,-boDeijWuOY,Quand la musique est bonne,Jean-Jacques Goldman,0Wh6e5EkmQseBGVeJqzC9X,a1.00 t1.00,auto-ok
G7,official-pl-chanson-francaise-culte,Daniel Balavoine,L'Aziza,O4ACXQxCgc8,L'Aziza,Daniel Balavoine,1uFWyT4KLFXisiVkiBPCTb,a1.00 t1.00,auto-ok
G7,official-pl-chanson-francaise-culte,Daniel Balavoine,Mon fils ma bataille,U6HI__YOhe4,Mon fils ma bataille,Daniel Balavoine,0tZdYg6Tf2aGq2C4FyNzwN,a1.00 t1.00,auto-ok
G7,official-pl-chanson-francaise-culte,Michel Sardou,Les Lacs du Connemara,bpEmjxobvbY,Les lacs du Connemara,Michel Sardou,3vHswuqTNO0hIiW6am0tKB,a1.00 t1.00,auto-ok
G7,official-pl-chanson-francaise-culte,Joe Dassin,Les Champs-Élysées,tDWeLlvYyYU,Les Champs-Elysées,Joe Dassin,4VWbPQUPvLes814r6T11Jz,a1.00 t1.00,auto-ok
G7,official-pl-chanson-francaise-culte,Joe Dassin,Et si tu n'existais pas,fVCAFvIq_F8,Et si tu n'existais pas,Joe Dassin,1GeszH3DWCOKwK0d8D5gEZ,a1.00 t1.00,auto-ok
G7,official-pl-chanson-francaise-culte,Claude François,Alexandrie Alexandra,ZRaOzXS1slI,Alexandrie Alexandra,Claude François,2e9Sa881KIjKK0y86iNZ6C,a1.00 t1.00,auto-ok
G7,official-pl-chanson-francaise-culte,Michel Berger,La Groupie du pianiste,zO_q3kLdNCs,La groupie du pianiste,Michel Berger,6wKjE3MUATWp50BP22ENR1,a1.00 t1.00,auto-ok
G7,official-pl-chanson-francaise-culte,Téléphone,Ça (c'est vraiment toi),4P-vtgHb_oE,Ça (c'est vraiment toi) - Remasterisé en 2015,Téléphone,7p5Na4GvFzP6M7i1ti2YRJ,a1.00 t1.00,auto-ok
G7,official-pl-chanson-francaise-culte,Téléphone,Cendrillon,_tHbSMQeCdk,Cendrillon - Remasterisé en 2015,Téléphone,3uZyx7GfVWJh2Aum6xS6my,a1.00 t1.00,auto-ok
G7,official-pl-chanson-francaise-culte,Téléphone,Un autre monde,NrQnuMnL2ac,Un autre monde,Téléphone,0A87jB4esj0cTaL9wJhvXi,a1.00 t1.00,auto-ok
G7,official-pl-chanson-francaise-culte,Indochine,L'Aventurier,VDe-i6l4-NU,L'aventurier,Indochine,2UC5XnHA1Wn9FjQmbjNca9,a1.00 t1.00,auto-ok
G7,official-pl-chanson-francaise-culte,Indochine,J'ai demandé à la lune,KAOmC5qT02w,J'ai demandé à la lune,Indochine,2QSAj76Ba6aMFX9RlXdUdO,a1.00 t1.00,auto-ok
G7,official-pl-chanson-francaise-culte,Jean-Patrick Capdevielle,Quand t'es dans le désert,C_mRN_iq1-k,Quand t'es dans le désert,Jean-Patrick Capdevielle,5h4Xdlr3VMrPF3ZIzsnUqu,a1.00 t1.00,auto-ok
G7,official-pl-chanson-francaise-culte,Mylène Farmer,Désenchantée,Np8BO-TfXzc,Désenchantée,Mylène Farmer,15XYdD283tK9iyJzL738bn,a1.00 t1.00,auto-ok
G7,official-pl-chanson-francaise-culte,Mylène Farmer,Pourvu qu'elles soient douces,HJ_JBS4AjG8,Pourvu qu'elles soient douces,Mylène Farmer,4uz13X7lt8wiCfxf49TOyz,a1.00 t1.00,auto-ok
G7,official-pl-chanson-francaise-culte,Patrick Bruel,Casser la voix,r-951A8fuoU,Casser la voix,Patrick Bruel,6GKfnB8wQhmCqsHmgDAkN4,a1.00 t1.00,auto-ok
G7,official-pl-chanson-francaise-culte,Francis Cabrel,Je l'aime à mourir,MzvlalfN0Es,Je l'aime à mourir,Francis Cabrel,2XK2R8ElT2woHH2tfn6PgJ,a1.00 t1.00,auto-ok
G7,official-pl-chanson-francaise-culte,Renaud,Mistral gagnant,Tuoh3o0CM3Y,Mistral gagnant,Renaud,1MOSRjdAbUhvLNnHCdUEL5,a1.00 t1.00,auto-ok
G7,official-pl-chanson-francaise-culte,Renaud,Manhattan-Kaboul,qtLJnn3Up-I,Manhattan-Kaboul,Renaud / Axelle Red,7eJdx83TiKsVqAzLFBelMO,a1.00 t1.00,auto-ok
G7,official-pl-chanson-francaise-culte,Alain Souchon,Foule sentimentale,5IRPgzPZQl8,Foule sentimentale,Alain Souchon,2W4ZxAHZAXOf6r65pCskGR,a1.00 t1.00,auto-ok
G7,official-pl-chanson-francaise-culte,Charles Aznavour,La Bohème,fVfnEyLOkrM,La bohème,Charles Aznavour,1WvvmEowf7hiz5EnyAwtTj,a1.00 t1.00,auto-ok
G7,official-pl-chanson-francaise-culte,Édith Piaf,La Vie en rose,-0KvBnIvTFs,La Vie en rose,Édith Piaf,3lAun9V0YdTlCSIEXPvfsY,a1.00 t1.00,auto-ok
G7,official-pl-chanson-francaise-culte,Édith Piaf,"Non, je ne regrette rien",4r454dad7tc,"Non, je ne regrette rien",Édith Piaf,3dkIE8P7hvl3tHl9KSb6dA,a1.00 t1.00,auto-ok
G7,official-pl-chanson-francaise-culte,Johnny Hallyday,Allumer le feu,aR7j7bDRSO4,Allumer le feu,Johnny Hallyday,1T5Q8MLqpSoiuQDvZ2ygkg,a1.00 t1.00,auto-ok
G7,official-pl-chanson-francaise-culte,Johnny Hallyday,Que je t'aime,cYjal6zXzkM,Que je t'aime,Johnny Hallyday,0v08PAQre7a9IrVp5Gal8N,a1.00 t1.00,auto-ok
G7,official-pl-chanson-francaise-culte,Michel Fugain,Une belle histoire,AErazxVXkHw,Une belle histoire - Love Michel Fugain,Michel Fugain / Arcadian / Claudio Capéo / Corneille / Anaïs Delva / Olivier Dion / Mickaël Dos Santos / Patrick Fiori / Florent Mothe / Damien Sargue,0cp8gS8208teQeHQ8d7akt,a1.00 t1.00,auto-ok
G7,official-pl-chanson-francaise-culte,Pierre Bachelet,Les Corons,rygifBeBKUU,Les corons,Pierre Bachelet,1bIupoWqwPhmPbXekHD5QR,a1.00 t1.00,auto-ok
G7,official-pl-chanson-francaise-culte,Jeanne Mas,En rouge et noir,YwOHEOdQlt0,En rouge et noir,Jeanne Mas,1Gcv4C4s4aJTtm8THwEdFN,a1.00 t1.00,auto-ok
G7,official-pl-chanson-francaise-culte,Desireless,"Voyage, voyage",2KFtLUS_lb4,Voyage voyage,Desireless,2d8D7uk3tbAThjRkdfrx9c,a1.00 t1.00,auto-ok
G7,official-pl-chanson-francaise-culte,Images,Les Démons de minuit,kjVeown7umM,Les démons de minuit,Images,2ne2QYNb5DjByvKPOtzQaM,a1.00 t1.00,auto-ok
G7,official-pl-chanson-francaise-culte,Début de Soirée,Nuit de folie,uPNPGWBe4sM,Nuit de folie,Début De Soirée,1vBXixLz7cVLLTdR4Xe8aL,a1.00 t1.00,auto-ok
G7,official-pl-chanson-francaise-culte,Cookie Dingler,Femme libérée,qnohSv2mRsk,Femme libérée,Cookie Dingler,6yKvNUcS8XOx2rXip07kHQ,a1.00 t1.00,auto-ok
G7,official-pl-chanson-francaise-culte,Vanessa Paradis,Joe le taxi,KZUOTqVj4k8,Joe le taxi,Vanessa Paradis,7nZCg1jgmXIjSBRifWkmaJ,a1.00 t1.00,auto-ok
G7,official-pl-latino-fiesta,Luis Fonsi,Despacito,kJQP7kiw5Fk,Despacito,Luis Fonsi / Daddy Yankee,6habFhsOp2NvshLv26DqMb,a1.00 t1.00,auto-ok
G7,official-pl-latino-fiesta,Don Omar,Danza Kuduro,7zp1TbLFPp8,Danza Kuduro,Don Omar / Lucenzo,2aopmM5RlENG9JYZAhe16M,a1.00 t1.00,auto-ok
G7,official-pl-latino-fiesta,Enrique Iglesias,Bailando,IJihBuoEhDk,Bailando - Spanish Version,Enrique Iglesias / Descemer Bueno / Gente De Zona,6PSKhwo0mVcOdjUOhVJd5p,a1.00 t1.00,auto-ok
G7,official-pl-latino-fiesta,Ricky Martin,María,ctQ4zbiF97Y,María - Pablo Flores Spanglish Radio Edit,Ricky Martin / Pablo Flores / Javier Garza,4bNqBlJkoueiFla9YsyNg9,a1.00 t1.00,auto-ok
G7,official-pl-latino-fiesta,Marc Anthony,Vivir Mi Vida,kMNPv_HXffQ,Vivir Mi Vida,Marc Anthony,3QHMxEOAGD51PDlbFPHLyJ,a1.00 t1.00,auto-ok
G7,official-pl-latino-fiesta,Manu Chao,Me Gustas Tú,AmoBIMjRgKQ,Me Gustas Tu,Manu Chao,6b37xrsNCWYIUphFBazqD6,a1.00 t1.00,auto-ok
G7,official-pl-latino-fiesta,Manu Chao,Bongo Bong,a_UqAMQT_LE,Bongo Bong,Manu Chao,00SmB7n85SKROGjybsyq5i,a1.00 t1.00,auto-ok
G7,official-pl-latino-fiesta,Gipsy Kings,Bamboléo,NhGAQ6fjJxo,Bamboléo,Gipsy Kings,3iB8eciGU9vZkaDYkz7Ir9,a1.00 t1.00,auto-ok
G7,official-pl-latino-fiesta,Las Ketchup,Aserejé,5llcBScGuAE,Aserejé - 2018 Club Edit,Las Ketchup,6od1gFH2ZM8Cm6a0NT4k7L,a1.00 t1.00,auto-ok
G7,official-pl-latino-fiesta,J Balvin,Mi Gente,zg99uHoY3nY,Mi Gente,J Balvin / Willy William,6Nox5U3W0Bf9U0anGZz8f2,a1.00 t1.00,auto-ok
G7,official-pl-latino-fiesta,J Balvin,Ginza,jqjMu2NfiUI,Ginza,J Balvin,2C2TGgFzrTRIOdQS1vUN5h,a1.00 t1.00,auto-ok
G7,official-pl-latino-fiesta,Maluma,Felices los 4,t_jHrUE5IOk,Felices los 4,Maluma,1RouRzlg8OKFeqc6LvdxmB,a1.00 t1.00,auto-ok
G7,official-pl-latino-fiesta,Karol G,Tusa,tbneQDc2H3I,Tusa,KAROL G / Nicki Minaj,7k4t7uLgtOxPwTpFmtJNTY,a1.00 t1.00,auto-ok
G7,official-pl-latino-fiesta,CNCO,Reggaetón Lento,ppiV9UnqRn4,Reggaetón Lento (Bailemos),CNCO,3AEZUABDXNtecAOSC1qTfo,a1.00 t1.00,auto-ok
G7,official-pl-latino-fiesta,Sean Paul,Temperature,dW2MmuA1nI4,Temperature,Sean Paul,0k2GOhqsrxDTAbFFSdNJjT,a1.00 t1.00,auto-ok
G7,official-pl-latino-fiesta,Sean Paul,Get Busy,oPQ3o14ksaM,Get Busy,Sean Paul,6bK9BH9Ts8Gj5JFvnQkzak,a1.00 t1.00,auto-ok
G7,official-pl-latino-fiesta,Jennifer Lopez,On the Floor,AmaekFwpjOY,On The Floor,Jennifer Lopez / Pitbull,3C0nOe05EIt1390bVABLyN,a1.00 t1.00,auto-ok
G7,official-pl-latino-fiesta,Romeo Santos,Propuesta Indecente,QFs3PIZb3js,Propuesta Indecente,Romeo Santos,5PycBIeabfvX3n9ILG7Vrv,a1.00 t1.00,auto-ok
G7,official-pl-latino-fiesta,Prince Royce,Darte un Beso,YXnjy5YlDwk,Darte un Beso,Prince Royce,6cJLfIqwh0tCKRjYM3WpZ5,a1.00 t1.00,auto-ok
G7,official-pl-latino-fiesta,Álvaro Soler,Sofia,qaZ0oAh4evU,Sofia,Alvaro Soler,6t9jpM1Xtmp5E8D77FbMlz,a1.00 t1.00,auto-ok
G7,official-pl-latino-fiesta,Daddy Yankee,Limbo,6BTjG-dhf5s,Limbo,Daddy Yankee,3pDhN3qB33AOPhQEkUCaWt,a1.00 t1.00,auto-ok
G7,official-pl-reggae,The Specials,Ghost Town,RZ2oXzrnti4,Ghost Town,The Specials,6ewN9MaFbi78oDLT9wYDgn,a1.00 t1.00,auto-ok
G7,official-pl-reggae,Shaggy,Boombastic,6W5pq4bIzIw,Boombastic,Shaggy,4fxF8ljwryMZX5c9EKrLFE,a1.00 t1.00,auto-ok
G7,official-pl-reggae,Bob Marley & The Wailers,Could You Be Loved,uf9DjrIEEwc,Could You Be Loved,Bob Marley & The Wailers,5O4erNlJ74PIF6kGol1ZrC,a0.45 t1.00,no-match
G7,official-pl-reggae,Bob Marley & The Wailers,Redemption Song,yv5xonFSC4c,Redemption Song,Bob Marley & The Wailers,7MKcM6TfaGKQVFfhstCbOw,a0.45 t1.00,no-match
G7,official-pl-reggae,Chaka Demus & Pliers,Murder She Wrote,2uiL5ewGP1w,Murder She Wrote,Chaka Demus / Pliers,1p95AiYvIJKzeDTFZr6gwo,a1.00 t1.00,auto-ok
G7,official-pl-reggae,Bob Marley & The Wailers,"No Woman, No Cry",IT8XvzIfi4U,"No Woman, No Cry - Live At The Lyceum, London/1975",Bob Marley & The Wailers,5rPnv4gceOGKCqbN06F2aJ,a0.45 t1.00 !DANGER,no-match
G7,official-pl-reggae,Bob Marley & The Wailers,One Love,zCgu_GSex0k,One Love / People Get Ready,Bob Marley & The Wailers,2BSwGHTh4kmckqXQfaCaAp,a0.45 t1.00,no-match
G7,official-pl-reggae,Bob Marley & The Wailers,"Get Up, Stand Up",CwIdvOTzvqc,"Get Up, Stand Up",Bob Marley & The Wailers,0q5giEtY4wsFTwjWqswLwx,a0.45 t1.00,no-match
G7,official-pl-reggae,Sean Paul,Get Busy,oPQ3o14ksaM,Get Busy,Sean Paul,6bK9BH9Ts8Gj5JFvnQkzak,a1.00 t1.00,auto-ok
G7,official-pl-reggae,UB40,Red Red Wine,zXt56MB-3vc,Red Red Wine,UB40,4uOKFydzAejjSFqYbv1XPt,a1.00 t1.00,auto-ok
G7,official-pl-reggae,MAGIC!,Rude,PIh2xe4jnpk,Rude,MAGIC!,6RtPijgfPKROxEzTHNRiDp,a1.00 t1.00,auto-ok
G7,official-pl-reggae,Sublime,Santeria,LTCyZvb2Uzw,Santeria,Sublime,2hnMS47jN0etwvFPzYk11f,a1.00 t1.00,auto-ok
G7,official-pl-reggae,10cc,Dreadlock Holiday,5y4qmWF9TIM,Dreadlock Holiday,10cc,1LOZMYF5s8qhW7Rv4w2gun,a1.00 t1.00,auto-ok
G7,official-pl-reggae,Bob Marley,No Woman No Cry,IT8XvzIfi4U,No Woman No Cry,Bob Marley & The Wailers,3PQLYVskjUeRmRIfECsL0X,a0.45 t1.00,no-match
G7,official-pl-reggae,Bob Marley,Could You Be Loved,Uv6VnSrgvec,Could You Be Loved,Bob Marley & The Wailers,5O4erNlJ74PIF6kGol1ZrC,a0.45 t1.00,no-match
G7,official-pl-reggae,Bob Marley,Three Little Birds,CoabDBD1N2Q,Three Little Birds,Bob Marley & The Wailers,7vggqxNKwd6xdRoYS0pQtM,a0.45 t1.00,no-match
G7,official-pl-reggae,Bob Marley,Jamming,_qRN8HoZtbo,Jamming,Bob Marley & The Wailers,4aUCPal9bxTnQkEfdIY6sG,a0.45 t1.00,no-match
G7,official-pl-reggae,Inner Circle,Sweat (A La La La La Long),AdIer7rKyq0,Sweat (A La La La La Long),Inner Circle,24Si0Kw3pu2RxX1jrbBg5A,a1.00 t1.00,auto-ok
G7,official-pl-reggae,Desmond Dekker,Israelites,r5JHGi0awgc,Israelites,Desmond Dekker & The Aces / Desmond Dekker / ACES,5U1GMgbXXM5eLvKUDnvqNS,a1.00 t1.00,auto-ok
G7,official-pl-reggae,Madness,One Step Beyond,dv_kJCMN4EU,One Step Beyond - 2009 Remaster,Madness,4pJbXCpZSUlYBlVa9gHTtu,a1.00 t1.00,auto-ok
G7,official-pl-reggae,Bob Marley & The Wailers,Three Little Birds,NOyRsPDPfMM,Three Little Birds,Bob Marley & The Wailers,7vggqxNKwd6xdRoYS0pQtM,a0.45 t1.00,no-match
G7,official-pl-reggae,Arrow,Hot Hot Hot,5HDgGzI0Pb8,Hot Hot Hot,Arrow,6crugCWXWcKcdwfht3taFT,a1.00 t1.00,auto-ok
G7,official-pl-reggae,Shaggy,It Wasn't Me,T_x6QmuJdms,It Wasn't Me,Shaggy / Rik Rok,3WkibOpDF7cQ5xntM1epyf,a1.00 t1.00,auto-ok
G7,official-pl-reggae,Sister Nancy,Bam Bam,a9OopCd1gpE,Bam Bam,Sister Nancy,1p2ea5Dy0tOnt9q4wfy4aX,a1.00 t1.00,auto-ok
G7,official-pl-reggae,Damian Marley,Welcome to Jamrock,qYeZo50yFLw,Welcome To Jamrock,Damian Marley,22AbXxQbMdVqEz7xJjhccG,a1.00 t1.00,auto-ok
G7,official-pl-reggae,Musical Youth,Pass the Dutchie,EsyUa63NM1E,Pass The Dutchie,Musical Youth,1BkY0N8ChFk2mdLbAUu8ZK,a1.00 t1.00,auto-ok
G7,official-pl-reggae,Bob Marley & The Wailers,Buffalo Soldier,QiESgCu9Ehw,Buffalo Soldier,Bob Marley & The Wailers,0QyBdoz2JktWEo111DBEx9,a0.45 t1.00,no-match
G7,official-pl-reggae,Ziggy Marley,Tomorrow People,AM8M-HHSbp0,Tomorrow People - Live at Kcrw,Ziggy Marley,4e8d2oJWPy9X3hU9UM5yWx,a1.00 t1.00 !DANGER,review
G7,official-pl-reggae,Jimmy Cliff,I Can See Clearly Now,FscIgtDJFXg,I Can See Clearly Now,Jimmy Cliff,7aJZxI6TVdIvQSuWxQ4rqp,a1.00 t1.00,auto-ok
G7,official-pl-reggae,Sublime,What I Got,0Uc3ZrmhDN4,What I Got,Sublime,3B4q6KbHbGV51HO3GznBFF,a1.00 t1.00,auto-ok
G7,official-pl-reggae,Toots & The Maytals,54-46 Was My Number,F2fV-_eiKxE,54-46 Was My Number,Gov't Mule / Toots Hibbert,4SeRG6A2vtxoI0V4WWHRiU,a0.38 t1.00,no-match
G7,official-pl-reggae,Sean Kingston,Beautiful Girls,MrTz5xjmso4,Beautiful Girls,Sean Kingston,67D9O4Oau629qirRXtTWCS,a1.00 t1.00,auto-ok
G7,official-pl-reggae,Eddy Grant,Electric Avenue,vtPk5IUbdH0,Electric Avenue,Eddy Grant,55AMcB2JAUr7wmM3Z9Vgqc,a1.00 t1.00,auto-ok
G7,official-pl-musicals-us,Irene Cara,Flashdance... What a Feeling,IYKsjdkdRbw,Flashdance...What a Feeling - Radio Edit,Irene Cara,3cbV252akVZInSvJk7jAYX,a1.00 t1.00,auto-ok
G7,official-pl-musicals-us,Bill Medley & Jennifer Warnes,The Time of My Life,4BQLE_RrTSU,"(I've Had) The Time Of My Life - From ""Dirty Dancing"" Soundtrack",Bill Medley / Jennifer Warnes,6W7ztLBiRzBN46ZaPAcQ0F,a1.00 t1.00,auto-ok
G7,official-pl-musicals-us,Dwayne Johnson,You're Welcome,79DijItQXMM,You're Welcome,Dwayne Johnson,1gAqEg0gMyxJrM4DOOaYEA,a1.00 t1.00,auto-ok
G7,official-pl-musicals-us,Whitney Houston,I Wanna Dance with Somebody,eH3giaIzONA,I Wanna Dance with Somebody (Who Loves Me),Whitney Houston,2tUBqZG2AbRi7Q0BIrVrEj,a1.00 t1.00,auto-ok
G7,official-pl-musicals-us,Idina Menzel,Let It Go,L0MK7qz13bU,"Let It Go - From ""Frozen""/Soundtrack Version",Idina Menzel,0qcr5FMsEO85NAQjrlDRKo,a1.00 t1.00,auto-ok
G7,official-pl-musicals-us,Les Misérables Cast,One Day More,IddP8AAIGTQ,One Day More,Les Misérables Cast,4hIPVoHpk0pICSvbfl8hb7,a1.00 t1.00,auto-ok
G7,official-pl-musicals-us,Elton John,Can You Feel the Love Tonight,KjgWWjkNbhU,Can You Feel the Love Tonight - End Title,Elton John,32RxZnEk5KyWUTZR4azxbD,a1.00 t1.00,auto-ok
G7,official-pl-musicals-us,Auli'i Cravalho,How Far I'll Go,cPAbx5kgCJo,How Far I'll Go,Auli'i Cravalho / Disney,3KzemxaWSSiYtnzOokd0Rs,a1.00 t1.00,auto-ok
G7,official-pl-musicals-us,Lady Gaga & Bradley Cooper,Shallow,bo_efYhYU2A,Shallow,Lady Gaga / Bradley Cooper,2VxeLyX666F8uXCJ0dZF8B,a1.00 t1.00,auto-ok
G7,official-pl-musicals-us,John Travolta,Greased Lightnin',wK63eUyk-iM,Greased Lightnin' - From “Grease”,John Travolta / Jeff Conaway,1XNE0QfNjdroSdosMIk8F6,a1.00 t1.00,auto-ok
G7,official-pl-musicals-us,Chicago Cast,Cell Block Tango,0c2bKZMxEQg,Cell Block Tango,Ute Lemper / Rohan Seinor / Chicago Ensemble (London (1997)),0Td6V2b6pgvOPn7u9q3fEl,a0.56 t1.00,review
G7,official-pl-musicals-us,Hairspray Cast,You Can't Stop the Beat,UgDv3MAM6v0,You Can't Stop the Beat - Medley,Laura Bell Bundy / Matthew Morrison / Linda Hart / Original Broadway Cast of Hairspray,4WETOI0rRKTLF1NqJ8E5Xf,a0.36 t1.00,no-match
G7,official-pl-musicals-us,Idina Menzel,Defying Gravity,MslDnwerQRA,Defying Gravity,Idina Menzel,5KAgETMr8CnOXDy9K0womp,a1.00 t1.00,auto-ok
G7,official-pl-musicals-us,Kristin Chenoweth,Popular,OdQ1CG11wTQ,"Popular - From ""Wicked"" Original Broadway Cast Recording/2003",Kristin Chenoweth,3qRdnokzp095ATCeNltNs8,a1.00 t1.00,auto-ok
G7,official-pl-musicals-us,Elaine Paige,Memory,qIt5G26Z25E,Memory,Elaine Paige,6wNNhduAv04cytUxHgYv1F,a1.00 t1.00,auto-ok
G7,official-pl-musicals-us,Catherine Zeta-Jones,All That Jazz,sFa4JVU4sO8,Overture/And All That Jazz,Catherine Zeta-Jones / Renée Zellweger / Taye Diggs,3cGmUgp7hF5Eb8NyuEmtCA,a1.00 t0.50,no-match
G7,official-pl-musicals-us,Ryan Gosling & Emma Stone,City of Stars,GTWqwSNQCcg,City Of Stars,Ryan Gosling,5BMwpS4iYKR30kq9U9beaT,a1.00 t1.00,auto-ok
G7,official-pl-musicals-us,Bee Gees,How Deep Is Your Love,XpqqjU7u5Yc,How Deep Is Your Love,Bee Gees,2JoZzpdeP2G6Csfdq5aLXP,a1.00 t1.00,auto-ok
G7,official-pl-musicals-us,Whitney Houston,I Will Always Love You,3JWTaaS7LdU,I Will Always Love You,Whitney Houston,4eHbdreAnSOrDDsFfc4Fpm,a1.00 t1.00,auto-ok
G7,official-pl-musicals-us,Kenny Loggins,Footloose,ltrMfT4Qz5Y,Footloose,Kenny Loggins,6W2VbtvMrDXm5vYeB7amkO,a1.00 t1.00,auto-ok
G7,official-pl-musicals-us,Bonnie Tyler,Holding Out for a Hero,bWcASV2sey0,"Holding Out for a Hero - From ""Footloose"" Soundtrack",Bonnie Tyler,5Hyr47BBGpvOfcykSCcaw9,a1.00 t1.00,auto-ok
G7,official-pl-musicals-us,Adele,Skyfall,DeumyOzKqgI,Skyfall,Adele,6VObnIkLVruX4UVyxWhlqm,a1.00 t1.00,auto-ok
G7,official-pl-musicals-us,Olivia Newton-John,Hopelessly Devoted to You,wugWGhItaQA,Hopelessly Devoted To You - From “Grease”,Olivia Newton-John,5BUq9bdtsm3LWw5laJeJ4R,a1.00 t1.00,auto-ok
G7,official-pl-musicals-us,"Ziv Zaifman, Hugh Jackman & Michelle Williams",A Million Dreams,pSQk-4fddDI,A Million Dreams,Ziv Zaifman / Hugh Jackman / Michelle Williams,0RoA7ObU6phWpqhlC9zH4Z,a1.00 t1.00,auto-ok
G7,official-pl-musicals-us,Idina Menzel & AURORA,Into the Unknown,gIOyB9ZXn8s,Into the Unknown,Idina Menzel / AURORA,3Z0oQ8r78OUaHvGPiDBR3W,a1.00 t1.00,auto-ok
G7,official-pl-musicals-us,Sam Smith,Writing's on the Wall,8jzDnsjYv9A,"Writing's On The Wall - From ""Spectre"" Soundtrack",Sam Smith,1PWnAEQcbwQwK759otUbta,a1.00 t1.00,auto-ok
G7,official-pl-musicals-us,Nikki Blonsky,Good Morning Baltimore,HcaPr2FdaQc,Good Morning Baltimore,Nikki Blonsky / Motion Picture Cast of Hairspray,0XoVXIggK81o9urLqFc161,a1.00 t1.00,auto-ok
G7,official-pl-musicals-us,John Travolta & Olivia Newton-John,Summer Nights,4j5mg6N39c4,Summer Nights - From “Grease”,John Travolta / Olivia Newton-John,2AVkArcfALVk2X8sfPRzya,a1.00 t1.00,auto-ok
G7,official-pl-musicals-us,Hugh Jackman,The Greatest Show,3E2m5RRZNS0,The Greatest Show,Hugh Jackman / Keala Settle / Zac Efron / Zendaya / The Greatest Showman Ensemble,4ylWMuGbMXNDgDd8lErEle,a1.00 t1.00,auto-ok
G7,official-pl-musicals-us,Madonna,Don't Cry for Me Argentina,KD_1Z8iUDho,Don't Cry for Me Argentina,Madonna,0bLRXQaWzmSXRXPmP6JnEF,a1.00 t1.00,auto-ok
G7,official-pl-musicals-us,La La Land Cast,Another Day of Sun,lV5XmoWC8Mo,Another Day Of Sun,La La Land Cast,5kRBzRZmZTXVg8okC7SJFZ,a1.00 t1.00,auto-ok
G7,official-pl-musicals-us,Keala Settle,This Is Me,uOtlcuqREBE,This Is Me,Keala Settle / The Greatest Showman Ensemble,45aBsnKRWUzhwbcqOJLwfe,a1.00 t1.00,auto-ok
G7,official-pl-musicals-us,John Travolta & Olivia Newton-John,You're the One That I Want,LwfnXM5wzxo,You're The One That I Want - From “Grease”,John Travolta / Olivia Newton-John,0B9x2BRHqj3Qer7biM3pU3,a1.00 t1.00,auto-ok
G7,official-pl-rap-fr-culte,Niska,Réseaux,r7Oy0BOGxDM,Réseaux,Niska,0HKNlsZ0zFlSqUqWj1nVVG,a1.00 t1.00,auto-ok
G7,official-pl-rap-fr-culte,Aya Nakamura,Djadja,iPGgnzc34tY,Djadja,Aya Nakamura,7sKDftgGirHWTVFMtJoDoh,a1.00 t1.00,auto-ok
G7,official-pl-rap-fr-culte,Aya Nakamura,Copines,BBwepkVurCI,Copines,Aya Nakamura,1Bhm5HNO1cq8olDbBmokyL,a1.00 t1.00,auto-ok
G7,official-pl-rap-fr-culte,Black M,Sur ma route,bB28ah9AOUQ,Sur ma route,Black M,3Uyt0WO3wOopnUBCe9BaXl,a1.00 t1.00,auto-ok
G7,official-pl-rap-fr-culte,Vald,Désaccordé,kutk2XHEZNU,Désaccordé,Vald,4ueL4j6iOPX23UG5VsvGrm,a1.00 t1.00,auto-ok
G7,official-pl-rap-fr-culte,SCH,Mannschaft,cgDZN44WpoE,Mannschaft (feat. Freeze Corleone),SCH / Freeze corleone,03cOUvF1fyW60AuUfUNiDc,a1.00 t1.00,auto-ok
G7,official-pl-rap-fr-culte,MC Solaar,Caroline,dO5bGhA-W-Q,Caroline,MC Solaar,7esR7jO5Fyl78B6CwwhZJy,a1.00 t1.00,auto-ok
G7,official-pl-rap-fr-culte,IAM,Je danse le Mia,4a1-1qlhb5g,Je danse le Mia,IAM,6P8YkdLMTBA7z5nhKXgyi3,a1.00 t1.00,auto-ok
G7,official-pl-rap-fr-culte,IAM,Demain c'est loin,_eObAFn9F4E,"Demain, c'est loin",IAM,0QtKyWOrV5Vhw2n5Yf7LcF,a1.00 t1.00,auto-ok
G7,official-pl-rap-fr-culte,Suprême NTM,Laisse pas traîner ton fils,biYdUZXfz9I,Laisse pas traîner ton fils,Suprême NTM,19wTIVLYwubMX8XZppB6lH,a1.00 t1.00,auto-ok
G7,official-pl-rap-fr-culte,MC Solaar,Bouge de là,eaPfUf051sc,Bouge de là - Part. 1,MC Solaar,3RpPBJljuDR89pd9Au8JKy,a1.00 t1.00,auto-ok
G7,official-pl-rap-fr-culte,MC Solaar,Nouveau Western,4s2VaI4sgrY,Nouveau western,MC Solaar,229qdMCBoifrNO40j8wmQb,a1.00 t1.00,auto-ok
G7,official-pl-rap-fr-culte,Booba,Tombé pour elle,1z2KJK0cVNo,Tombé pour elle,Booba,25SoeVSj1Ca3KMKdGHZG4e,a1.00 t1.00,auto-ok
G7,official-pl-rap-fr-culte,Booba,DKR,KbYpghM6d-g,DKR,Booba,0QLjm2PNqKRJfWsxDPa9Ra,a1.00 t1.00,auto-ok
G7,official-pl-rap-fr-culte,Diam's,La Boulette,Ed9GVVT1zz0,La Boulette (Génération Nan Nan),Diam's,1Vf09Cxf2jqSkU6sfueYAq,a1.00 t1.00,auto-ok
G7,official-pl-rap-fr-culte,Sexion d'Assaut,Désolé,wExpZNxWA_U,Désolé,Sexion d'Assaut,5NsOnvpjvH9sCz8TyVOmOz,a1.00 t1.00,auto-ok
G7,official-pl-rap-fr-culte,Maître Gims,Bella,flDppn2F6wY,Bella,GIMS,1vELwZM3uBYWd8HrtddD4l,a0.36 t1.00,no-match
G7,official-pl-rap-fr-culte,Maître Gims,Sapés comme jamais,c5eJinslaeI,Sapés comme jamais (feat. Niska) - Pilule bleue,GIMS / Niska,0CJ31BEjjl1tPIj0CKi9kH,a0.36 t1.00,no-match
G7,official-pl-rap-fr-culte,Soprano,Cosmo,Z3PTfGsh7Hw,Cosmo,Soprano,2a7Sqh8bpbabVWlY2jRET9,a1.00 t1.00,auto-ok
G7,official-pl-rap-fr-culte,Stromae,Papaoutai,WNa60w5HOB4,Papaoutai,Stromae,34dx8DACTJsc3rsJdaEIQw,a1.00 t1.00,auto-ok
G7,official-pl-rap-fr-culte,Stromae,Formidable,S_xH7noaqTA,Formidable,Stromae,2AMysGXOe0zzZJMtH3Nizb,a1.00 t1.00,auto-ok
G7,official-pl-rap-fr-culte,Stromae,Tous les mêmes,lH7wGCV7x2c,Tous les mêmes,Stromae,6M4nkEPZMj58acftDRTuKL,a1.00 t1.00,auto-ok
G7,official-pl-rap-fr-culte,Orelsan,Basique,2bjk26RwjyU,Basique,Orelsan,45T3Ee5uw32XI2X1VNsJqn,a1.00 t1.00,auto-ok
G7,official-pl-rap-fr-culte,Bigflo & Oli,Dommage,8AF-Sm8d8yk,Dommage,Bigflo & Oli,4BEWiTPV0v87mBryf7gdxK,a0.60 t1.00,review
G7,official-pl-rap-fr-culte,PNL,Le Monde ou rien,umF1kfVujhM,Le monde ou rien,PNL,7dn6WQzScfRGpp7XdTiCj0,a1.00 t1.00,auto-ok
G7,official-pl-rap-fr-culte,Damso,Macarena,j5l0qasNAoY,Θ. Macarena,Damso,2ewjMyCbNv2X1dB2qIDCwD,a1.00 t1.00,auto-ok
G7,official-pl-films-hard,Aimee Mann,Wise Up (Magnolia),Ec8SJqGd6o0,Wise Up,Aimee Mann,0SpdCj83hKPcwTqNzUkWXr,a1.00 t1.00,auto-ok
G7,official-pl-films-hard,Kavinsky,Nightcall (Drive),MV_3Dpw-BRY,Nightcall,Kavinsky,73bDvrmSBh2fr53tLDH9oA,a1.00 t1.00,auto-ok
G7,official-pl-films-hard,Gustavo Santaolalla,The Wings (Brokeback Mountain),Ewez8M9-iFg,The Wings,Gustavo Santaolalla,0NLinDVPDkD2OCCqhh6PZ5,a1.00 t1.00,auto-ok
G7,official-pl-films-hard,Daft Punk,End of Line (Tron: Legacy),x3gdLqoM6Ec,End of Line,Daft Punk,09TlxralXOGX35LUutvw7I,a1.00 t1.00,auto-ok
G7,official-pl-films-hard,Clint Mansell,Lux Aeterna (Requiem for a Dream),aOHmfq2AUaU,Lux Aeterna,Clint Mansell / Kronos Quartet,62Da3JOu9H9EIgmqV7DoLG,a1.00 t1.00,auto-ok
G7,official-pl-films-hard,Hans Zimmer,A Way of Life (The Last Samurai),EUYpKwgqi1M,A Way of Life,Hans Zimmer,6DHYWelHYuynVVPv2m58wl,a1.00 t1.00,auto-ok
G7,official-pl-films-hard,Alexandre Desplat,Mr. Moustafa (The Grand Budapest Hotel),7r8-3n3mMrE,Mr. Moustafa,Alexandre Desplat,1uNhvxpkPrNHUNfeclo6xD,a1.00 t1.00,auto-ok
G7,official-pl-films-hard,M83,Outro,Eyjj8BgsBGU,Outro,M83,1s9i7W8zx7Nxx78MUIsvjV,a1.00 t1.00,auto-ok
G7,official-pl-films-hard,Joe Hisaishi,Merry-Go-Round of Life (Howl's Moving Castle),f7SS57LFPco,Merry-Go-Round of Life - from 'Howl's Moving Castle',Joe Hisaishi,39uLYYZytVUwcjgeYLI409,a1.00 t1.00,auto-ok
G7,official-pl-films-hard,Trent Reznor & Atticus Ross,Hand Covers Bruise (The Social Network),wuDNXxa2SC0,Hand Covers Bruise,Trent Reznor and Atticus Ross,1v0uVPU6BWcbog5BiWLWVa,a0.41 t1.00,no-match
G7,official-pl-films-hard,Daft Punk,Derezzed,F4eccPBFEjE,Derezzed,Daft Punk,7hqlHZIXhwAzpWQxm9KzBd,a1.00 t1.00,auto-ok
G7,official-pl-films-hard,Michael Giacchino,Married Life,F2bk_9T482g,Married Life,Michael Giacchino,7iocNjLrxPHLl8njgRlv5U,a1.00 t1.00,auto-ok
G7,official-pl-films-hard,Elliott Smith,Needle in the Hay,EgNgvCLRqWc,Needle In The Hay,Elliott Smith,1bFPKxP56XWDXJOwo3Kvfp,a1.00 t1.00,auto-ok
G7,official-pl-films-hard,Télépopmusik,Breathe,vyut3GyQtn0,Breathe,Télépopmusik / Angela McCluskey,0uKrhHBDUQ4w5fv4qwOubP,a1.00 t1.00,auto-ok
G7,official-pl-films-hard,Hans Zimmer,Time,RxabLA7UQ9k,Time,Hans Zimmer,6ZFbXIJkuI1dVNWvzJzown,a1.00 t1.00,auto-ok
G7,official-pl-films-hard,Dario Marianelli,Briony (Atonement),BTbP5goexCc,Briony,Dario Marianelli / Jean-Yves Thibaudet / Benjamin Wallfisch / English Chamber Orchestra,1RQWPaEoYDgsBCALXY5tgL,a1.00 t1.00,auto-ok
G7,official-pl-films-hard,Jonny Greenwood,Future Markets (There Will Be Blood),9V5xXjLD8KQ,Future Markets,Jonny Greenwood,1cglJmsp5BnHpOBfizdNaE,a1.00 t1.00,auto-ok
G7,official-pl-films-hard,Justin Hurwitz,City of Stars (La La Land),6DmflxfmIB8,City Of Stars (Humming),Justin Hurwitz / Emma Stone,3gbwtdRrtD05lz08DTxfFt,a1.00 t1.00,auto-ok
G7,official-pl-films-hard,Whiplash Original Soundtrack,Caravan (Whiplash),38CRu1rCaKg,Caravan,John Wasson,2Xtsv7BUMrNodQWH2JPOc0,a0.18 t1.00,no-match
G7,official-pl-films-hard,Jóhann Jóhannsson,The Theory of Everything,s5Z0JD-qLTI,The Theory of Everything,Jóhann Jóhannsson,5fJD7wh9yoSTpl9d5rgl7l,a1.00 t1.00,auto-ok
G7,official-pl-films-hard,Philip Glass,The Hours (Theme),BkMrkQuk2ZY,The Hours,Philip Glass,2vHxeotyQDiCsKaYsaDG5P,a1.00 t1.00,auto-ok
G7,official-pl-films-hard,Band of Horses,The Funeral,cMFWFhTFohk,The Funeral,Band of Horses,5lRzWDEe7UuedU2QPsFg0K,a1.00 t1.00,auto-ok
G7,official-pl-films-hard,Zero 7,In the Waiting Line,5tZlu4wP4pw,In The Waiting Line,Zero 7 / Sophie Barker,6EOJjwcPgGWe98IDyCsBmY,a1.00 t1.00,auto-ok
G7,official-pl-films-hard,Annie Lennox,Into the West,JgcoBKWTW14,Into the West,Annie Lennox,0gSEyG7pOFuHM05433EibX,a1.00 t1.00,auto-ok
G7,official-pl-films-hard,Yann Tiersen,Comptine d'un autre été,NvryolGa19A,"Comptine d'un autre été, l'après-midi",Yann Tiersen,14rZjW3RioG7WesZhYESso,a1.00 t1.00,auto-ok
G7,official-pl-films-hard,John Murphy,"In the House, In a Heartbeat",ST2H8FWDvEA,In the House - In a Heartbeat,John Murphy,0cWPe8mPRyLMxxe94eRVzs,a1.00 t1.00,auto-ok
G7,official-pl-films-hard,David Bowie,Heroes,lXgkuM2NhYI,"""Heroes"" - 2017 Remaster",David Bowie,7Jh1bpe76CNTCgdgAdBw4Z,a1.00 t1.00,auto-ok
G7,official-pl-noel,Elton John,Step into Christmas,IbRtGMm96F8,Step Into Christmas - Remastered 1995,Elton John,11P4sSu6BH2lAbWk1sL6cK,a1.00 t1.00,auto-ok
G7,official-pl-noel,Mariah Carey,All I Want for Christmas Is You,bXlk2q_kt3I,All I Want for Christmas Is You,Mariah Carey,0bYg9bo50gSsH3LtXe2SQn,a1.00 t1.00,auto-ok
G7,official-pl-noel,Wham!,Last Christmas,ELG1faxK2D0,Last Christmas,Wham!,2FRnf9qhLbvw8fu4IBXx78,a1.00 t1.00,auto-ok
G7,official-pl-noel,Ariana Grande,Santa Tell Me,jnXxxKZ57Tw,Santa Tell Me,Ariana Grande,0lizgQ7Qw35od7CYaoMBZb,a1.00 t1.00,auto-ok
G7,official-pl-noel,Bobby Helms,Jingle Bell Rock,nIhs1T7OcZg,Jingle Bell Rock,Bobby Helms,7vQbuQcyTflfCIOu3Uzzya,a1.00 t1.00,auto-ok
G7,official-pl-noel,The Ronettes,Sleigh Ride,XZTzai1H9DM,Sleigh Ride,The Ronettes,5ASM6Qjiav2xPe7gRkQMsQ,a1.00 t1.00,auto-ok
G7,official-pl-noel,John Lennon,Happy Xmas (War Is Over),flA5ndOyZbI,Happy Xmas (War Is Over) - Remastered 2010,John Lennon / Yoko Ono,27RYrbL6S02LNVhDWVl38b,a1.00 t1.00,auto-ok
G7,official-pl-noel,José Feliciano,Feliz Navidad,N8NcQzMQN_U,Feliz Navidad,José Feliciano,0oPdaY4dXtc3ZsaG17V972,a1.00 t1.00,auto-ok
G7,official-pl-noel,Sia,Snowman,gset79KMmt0,Snowman,Sia,7uoFMmxln0GPXQ0AcCBXRq,a1.00 t1.00,auto-ok
G7,official-pl-noel,Andy Williams,It's the Most Wonderful Time of the Year,gFtb3EtjEic,It's the Most Wonderful Time of the Year,Andy Williams,5hslUAKq9I9CG2bAulFkHN,a1.00 t1.00,auto-ok
G7,official-pl-noel,Pentatonix,Hallelujah,LRP8d7hhpoQ,Hallelujah,Pentatonix,550rQQCGkrTzvp4SfpOPzx,a1.00 t1.00,auto-ok
G7,official-pl-noel,Nat King Cole,The Christmas Song (Chestnuts Roasting on an Open Fire),hwacxSnc4tI,The Christmas Song (Merry Christmas To You),Nat King Cole,4PS1e8f2LvuTFgUs1Cn3ON,a1.00 t1.00,auto-ok
G7,official-pl-noel,Band Aid,Do They Know It's Christmas?,RH-xd5bPKTA,Do They Know It's Christmas? - 1984 Version,Band Aid,0247StOpd3AkeBQzANX4Zf,a1.00 t1.00,auto-ok
G7,official-pl-noel,Chris Rea,Driving Home for Christmas,c2quXHinymQ,Driving Home for Christmas,Chris Rea,3Z3QhZAZpqwZa1phsbQ3JZ,a1.00 t1.00,auto-ok
G7,official-pl-noel,Wizzard,I Wish It Could Be Christmas Everyday,IJPc7esgvsA,I Wish It Could Be Christmas Everyday,Wizzard,1mH6tZC6iXIHPI6EixCwxw,a1.00 t1.00,auto-ok
G7,official-pl-noel,Brenda Lee,Rockin' Around the Christmas Tree,TFsZy9t-qDc,Rockin' Around The Christmas Tree,Brenda Lee,2EjXfH91m7f8HiJN1yQg97,a1.00 t1.00,auto-ok
G7,official-pl-noel,Jona Lewie,Stop the Cavalry,rDBfGrfUuug,Stop The Cavalry,Jona Lewie,2bPQuniBB9x0fRtxDly0kr,a1.00 t1.00,auto-ok
G7,official-pl-noel,Shakin' Stevens,Merry Christmas Everyone,X2LcVwRfH-w,Merry Christmas Everyone,Shakin' Stevens,2TE4xW3ImvpltVU0cPcKUn,a1.00 t1.00,auto-ok
G7,official-pl-noel,Paul McCartney,Wonderful Christmastime,94Ye-3C1FC8,Wonderful Christmastime - Edited Version / Remastered 2011,Paul McCartney,1SV1fxF65n9NhRHp3KlBuu,a1.00 t1.00,auto-ok
G7,official-pl-noel,Slade,Merry Xmas Everybody,B6uhanKNKis,Merry Xmas Everybody,Slade,0z5jr9YE1siursT3dJUwDV,a1.00 t1.00,auto-ok
G7,official-pl-noel,Dean Martin,Let It Snow! Let It Snow! Let It Snow!,mN7LW0Y00kE,Let It Snow! Let It Snow! Let It Snow!,Dean Martin,2uFaJJtFpPDc5Pa95XzTvg,a1.00 t1.00,auto-ok
G7,official-pl-noel,Darlene Love,Christmas (Baby Please Come Home),UV8x7H3DD8Y,Christmas (Baby Please Come Home),Darlene Love,46pF1zFimM582ss1PrMy68,a1.00 t1.00,auto-ok
G7,official-pl-noel,The Pogues & Kirsty MacColl,Fairytale of New York,j9jbdgZidu8,Fairytale of New York (feat. Kirsty MacColl),The Pogues / Kirsty MacColl,3VTNVsTTu05dmTsVFrmGpK,a1.00 t1.00,auto-ok
G7,official-pl-noel,The Waitresses,Christmas Wrapping,ARq6uYSsUq0,Christmas Wrapping,The Waitresses,3nhzTOc939C4v4ecTEZTPl,a1.00 t1.00,auto-ok
G7,official-pl-noel,Coldplay,Christmas Lights,z1rYmzQ8C9Q,Christmas Lights,Coldplay,4fzyvSu73BhGvi96p2zwjL,a1.00 t1.00,auto-ok
G7,official-pl-noel,David Bowie & Bing Crosby,Peace on Earth / Little Drummer Boy,DiXjbI3kRus,Peace On Earth / Little Drummer Boy,Bing Crosby / David Bowie,5d1ImOkOVGFjhrCHZ9S6qe,a1.00 t1.00,auto-ok
G7,official-pl-noel,Michael Bublé,It's Beginning to Look a Lot Like Christmas,QJ5DOWPGxwg,It's Beginning to Look a Lot like Christmas,Michael Bublé,3it2BvJfyhPEWF3kD2TZJ1,a1.00 t1.00,auto-ok
G7,official-pl-britpop-90s,Blur,Song 2,SSbBvKaM6sk,Song 2,Blur,3GfOAdcoc3X5GPiiXmpBjK,a1.00 t1.00,auto-ok
G7,official-pl-britpop-90s,The Presidents of the United States of America,Peaches,wvAnQqVJ3XQ,Peaches,The Presidents Of The United States Of America,750wm5pwuAQfnSLX8mxa5f,a1.00 t1.00,auto-ok
G7,official-pl-britpop-90s,The Prodigy,Firestarter,wmin5WkOuPw,Firestarter,The Prodigy,79CUrU5o2KAVDTNm4x3eGU,a1.00 t1.00,auto-ok
G7,official-pl-britpop-90s,No Doubt,Don't Speak,TR3Vdo5etCQ,Don't Speak,No Doubt,6urCAbunOQI4bLhmGpX7iS,a1.00 t1.00,auto-ok
G7,official-pl-britpop-90s,Oasis,Don't Look Back in Anger,639wzt3LYEw,Don't Look Back In Anger,Oasis,7ppPZa3TRUSGKaks9wH7VT,a1.00 t1.00,auto-ok
G7,official-pl-britpop-90s,Radiohead,Creep,fAuT8_dboWo,Creep,Radiohead,70LcF31zb1H0PyJoS1Sx1r,a1.00 t1.00,auto-ok
G7,official-pl-britpop-90s,Blur,Parklife,YSuHrTfcikU,Parklife,Blur,3mqRLlD9j92BBv1ueFhJ1l,a1.00 t1.00,auto-ok
G7,official-pl-britpop-90s,Radiohead,Karma Police,1uYWYWPc9HU,Karma Police,Radiohead,63OQupATfueTdZMWTxW03A,a1.00 t1.00,auto-ok
G7,official-pl-britpop-90s,Pulp,Disco 2000,qJS3xnD7Mus,Disco 2000,Pulp,48nfjq644cod3jFR0gpSuU,a1.00 t1.00,auto-ok
G7,official-pl-britpop-90s,Oasis,Champagne Supernova,VGfDg7wju6M,Champagne Supernova,Oasis,6EMynpZ10GVcwVqiLZj6Ye,a1.00 t1.00,auto-ok
G7,official-pl-britpop-90s,The La's,There She Goes,CZXLLMbJdZ4,There She Goes,The La's,4c6vZqYHFur11FbWATIJ9P,a1.00 t1.00,auto-ok
G7,official-pl-britpop-90s,Suede,Animal Nitrate,AGgSE2ZtCzk,Animal Nitrate,Suede,3Cf6hpnrWfhGA59IK4E8F8,a1.00 t1.00,auto-ok
G7,official-pl-britpop-90s,Pulp,Common People,yuTMWgOduFM,Common People,Pulp,3SzP7yEGRSbfnkkNVMxxYa,a1.00 t1.00,auto-ok
G7,official-pl-britpop-90s,Oasis,Wonderwall,PoJh4JNedns,Wonderwall,Oasis,1qPbGZqppFwLwcBC1JQ6Vr,a1.00 t1.00,auto-ok
G7,official-pl-britpop-90s,The Verve,The Drugs Don't Work,gffm0lPFmvM,The Drugs Don't Work,The Verve,15kLz0zNFdtsaJdXKSGmTU,a1.00 t1.00,auto-ok
G7,official-pl-britpop-90s,The Verve,Bitter Sweet Symphony,1lyu1KKwC74,Bitter Sweet Symphony - Remastered 2016,The Verve,57iDDD9N9tTWe75x6qhStw,a1.00 t1.00,auto-ok
G7,official-pl-britpop-90s,The Prodigy,Breathe,rmHDhAohJlQ,Breathe,The Prodigy,0Ja4hLKiUSw01E01pJ1yGr,a1.00 t1.00,auto-ok
G7,official-pl-britpop-90s,Chumbawamba,Tubthumping,2H5uWRjFsGc,Tubthumping,Chumbawamba,5YScXJKtefsgdskIy60N7A,a1.00 t1.00,auto-ok
G7,official-pl-britpop-90s,Eagle-Eye Cherry,Save Tonight,Nntd2fgMUYw,Save Tonight,Eagle-Eye Cherry,0smyCrJiibi2uwCiq5R1vj,a1.00 t1.00,auto-ok
G7,official-pl-britpop-90s,The Wallflowers,One Headlight,Zzyfcys1aLM,One Headlight,The Wallflowers,0z1b34WikhOH9ZxU8QDWcv,a1.00 t1.00,auto-ok
G7,official-pl-britpop-90s,Semisonic,Closing Time,xGytDsqkQY8,Closing Time,Semisonic,1A5V1sxyCLpKJezp75tUXn,a1.00 t1.00,auto-ok
G7,official-pl-britpop-90s,Jamiroquai,Virtual Insanity,4JkIs37a2JE,Virtual Insanity - Remastered 2013,Jamiroquai,2Bxt2qamL6iu0XN0Td484J,a1.00 t1.00,auto-ok
G7,official-pl-britpop-90s,Supergrass,Caught by the Fuzz,BYpxU2s4EF4,Caught by the Fuzz,Supergrass,0ZKUdmYrrXQmp7NWag0F2s,a1.00 t1.00,auto-ok
G7,official-pl-britpop-90s,Travis,Why Does It Always Rain on Me?,PXatLOWjr-k,Why Does It Always Rain On Me?,Travis,5MmWgG5KgiqSxkOZdVXRQA,a1.00 t1.00,auto-ok
G8,official-pl-italie,Toto Cutugno,L'Italiano,Jx_VYLoJjlA,L'italiano,Toto Cutugno,2S7RApTsKT0CtYojYq2cKz,a1.00 t1.00,auto-ok
G8,official-pl-italie,Al Bano & Romina Power,Felicità,bchtaG5NE5E,Felicità,Al Bano,1cGDtUEQfeoNL3nmgkZ1Fx,a1.00 t1.00,auto-ok
G8,official-pl-italie,Ricchi e Poveri,Sarà perché ti amo,m3xfP4M50wo,Sarà perché ti amo,Ricchi E Poveri,7037bX3jdaUWUAXL12CHGy,a1.00 t1.00,auto-ok
G8,official-pl-italie,Umberto Tozzi,Ti amo,TxtjTag4-Mw,Ti Amo,Umberto Tozzi,0gAbf0NL9no1Urk1Wj8Uui,a1.00 t1.00,auto-ok
G8,official-pl-italie,Umberto Tozzi,Gloria,8Zs7VWqNGHg,Gloria,Umberto Tozzi,35tzxthMBglBMjmZ7Fn1hj,a1.00 t1.00,auto-ok
G8,official-pl-italie,Eros Ramazzotti,Più bella cosa,KR7kU5vzRbc,Più bella cosa,Eros Ramazzotti,0KligwQn4Iy344p2Q5m6k6,a1.00 t1.00,auto-ok
G8,official-pl-italie,Laura Pausini,La solitudine,hynkbcyGsCM,La solitudine,Laura Pausini,5bxQHscWvyaQbm37igKP4K,a1.00 t1.00,auto-ok
G8,official-pl-italie,Adriano Celentano,Azzurro,HCyzGuipTd4,Azzurro - Remastered,Adriano Celentano,1MrGHAvAddzd812rBqXPWb,a1.00 t1.00,auto-ok
G8,official-pl-italie,Måneskin,Zitti e buoni,QN1odfjtMoo,ZITTI E BUONI,Måneskin,776AftMmFFAWUIEAb3lHhw,a1.00 t1.00,auto-ok
G8,official-pl-italie,Toto Cutugno,Insieme: 1992,VkmncrAPILw,Insieme: 1992,Toto Cutugno,44noNMO0iv87Tds7dwcpQU,a1.00 t1.00,auto-ok
G8,official-pl-italie,Ricchi e Poveri,Mamma Maria,DN1Re5gM8Gc,Mamma Maria,Ricchi E Poveri,7tVEeTbzEJkHP0EqUu6rmf,a1.00 t1.00,auto-ok
G8,official-pl-italie,Sabrina,Boys (Summertime Love),hBE7luv9fuo,Boys - Summertime Love,Sabrina,1uI848raFaNWwe9HjHpjQ5,a1.00 t1.00,auto-ok
G8,official-pl-italie,Ryan Paris,Dolce Vita,EXmABxvHTG4,Dolce Vita,Ryan Paris,2fv6Qeb7Z3uaqBeYINvJ0f,a1.00 t1.00,auto-ok
G8,official-pl-italie,Domenico Modugno,Volare (Nel blu dipinto di blu),7wWiC0e3b2I,Volare,Domenico Modugno,71hIekopkrYCGgggsBOpVG,a1.00 t1.00,auto-ok
G8,official-pl-italie,Eros Ramazzotti,Cose della vita,8w_E3fyzPnw,Cose Della Vita (with Tina Turner),Eros Ramazzotti / Tina Turner,2bJtJv5NGkYUFP6prU3WSg,a1.00 t1.00,auto-ok
G8,official-pl-italie,Laura Pausini,Strani amori,2-WN_msvOj0,Strani amori,Laura Pausini,4gXSgEQeLRwCmpa6foSspX,a1.00 t1.00,auto-ok
G8,official-pl-italie,Lucio Dalla,Caruso,1qa_TMy3m7c,Caruso,Lucio Dalla,6HYm04mKq02OtLMf6sGEFR,a1.00 t1.00,auto-ok
G8,official-pl-italie,Andrea Bocelli,Con te partirò,nVUHHW1tJYA,Con Te Partirò,Andrea Bocelli,7zrpoAJte9o12TzawqgdD0,a1.00 t1.00,auto-ok
G8,official-pl-italie,Mahmood,Soldi,22lISUXgSUw,Soldi,Mahmood,4szQkW1CDHqbRZGltXJdd3,a1.00 t1.00,auto-ok
G8,official-pl-fr-2010s-hard,Florent Pagny,Le Soldat,EXKSd9WpdeU,Le soldat,Florent Pagny,6AyFrKktqL7ikwIUUGLZut,a1.00 t1.00,auto-ok
G8,official-pl-fr-2010s-hard,Slimane,Lou,7MuJGOKIv7I,Luna,Slimane / Boostee,1bd9nD6PZuwyBii3vgvhgj,a1.00 t0.25,no-match
G8,official-pl-fr-2010s-hard,Bénabar,Pour la peine,Y95LNv2xz3A,Le dîner,Bénabar,3OK8lPgSMxSLNEQjzCxQXj,a1.00 t0.31,no-match
G8,official-pl-fr-2010s-hard,Maître Gims,Tu vas me manquer,92g2tRnHWOw,Tu vas me manquer - Pilule bleue,GIMS,54MFLMtI1lDZXzWCnrL2jo,a0.36 t1.00,no-match
G8,official-pl-fr-2010s-hard,Vianney,Tcheu la chance,,beau-papa,Vianney,5wXkbtZO1HsOQ1P75zi35p,a1.00 t0.27,no-match
G8,official-pl-fr-2010s-hard,Brigitte,La folie,0PEbXUJGPxo,LA VIE EN ROSE - Remastered,Max Santomo / Brigitte,7APcBkBM6Ha1Yza4yMzWaE,a1.00 t0.29,no-match
G8,official-pl-fr-2010s-hard,Phoenix,Trying to Be Cool,OePvsCfKHJg,Trying To Be Cool,Phoenix,3adprsGoZuParw5pyhhLCc,a1.00 t1.00,auto-ok
G8,official-pl-fr-2010s-hard,Bigflo & Oli,Comme moi,lNR_LkDju6g,Dommage,Bigflo & Oli,4BEWiTPV0v87mBryf7gdxK,a0.60 t0.33,no-match
G8,official-pl-fr-2010s-hard,Aya Nakamura,Djadja,iPGgnzc34tY,Djadja,Aya Nakamura,7sKDftgGirHWTVFMtJoDoh,a1.00 t1.00,auto-ok
G8,official-pl-fr-2010s-hard,Indila,Tourner dans le vide,vtNJMAyeP0s,Tourner Dans Le Vide,Indila,1MqzIgGsHP4cNjPboevsfq,a1.00 t1.00,auto-ok
G8,official-pl-fr-2010s-hard,Soprano,Mon précieux,OVmfGb8XKSg,Mon précieux,Soprano,5iVW4ipZpHbkqbsW91EH0e,a1.00 t1.00,auto-ok
G8,official-pl-fr-2010s-hard,Calogero,La marche du président,7l7eXx_8DHY,Face à la mer,Calogero / Passi,4nz1v2ghmGRo3RTZKxaC3P,a1.00 t0.27,no-match
G8,official-pl-fr-2010s-hard,Kendji Girac,Les yeux de la mama,YgP2whwA2Wg,Les yeux de la mama,Kendji Girac,27jzdLZg3naniynbrXi8yE,a1.00 t1.00,auto-ok
G8,official-pl-fr-2010s-hard,Bénabar,Effets secondaires,Ncia7LYEcQc,L'effet papillon,Bénabar,3qFvUBaptuxm8jt8JTU6J4,a1.00 t0.22,no-match
G8,official-pl-fr-2010s-hard,Benjamin Biolay,Volver,m1GYzlm7uPc,Volver,Benjamin Biolay,0Ph5fB8lvN3ofliixBV78a,a1.00 t1.00,auto-ok
G8,official-pl-fr-2010s-hard,ZAZ,La fée,9Wrlv7L_Bj8,La fée,Zaz,06pqXPHiUMiTagMqmDKttd,a1.00 t1.00,auto-ok
G8,official-pl-fr-2010s-hard,Grand Corps Malade,Roméo kiffe Juliette,RcxRMikZrbY,Roméo kiffe Juliette,Grand Corps Malade,6PKSD1CJ07ZSM908hNPv1Q,a1.00 t1.00,auto-ok
G8,official-pl-fr-2010s-hard,Angèle,Evidemment,Wa5B22KAkEk,CP_009_ Évidemment,Angèle / Orelsan,5XoaHIInmGuv7j6KssXWBg,a1.00 t0.59,review
G8,official-pl-fr-2010s-hard,Stromae,Formidable,S_xH7noaqTA,Formidable,Stromae,2AMysGXOe0zzZJMtH3Nizb,a1.00 t1.00,auto-ok
G8,official-pl-fr-2010s-hard,Stromae,Tous les mêmes,CAMWdvo71ls,Tous les mêmes,Stromae,6M4nkEPZMj58acftDRTuKL,a1.00 t1.00,auto-ok
G8,official-pl-fr-2010s-hard,Vegedream,Ramenez la coupe à la maison,RHb5LKnnxLg,Ramenez la coupe à la maison,Vegedream,45eY7Qi2PDUs8WJEhjGWdN,a1.00 t1.00,auto-ok
G8,official-pl-fr-2010s-hard,Indila,Dernière danse,K5KAc5CoCuk,Dernière danse,Indila,65uoaqX5qcjXZRheAj1qQT,a1.00 t1.00,auto-ok
G8,official-pl-fr-2010s-hard,Angèle,Balance ton quoi,Hi7Rx3En7-k,Balance ton quoi,Angèle,2jX5c5RFp0A9E1GDsvGxIa,a1.00 t1.00,auto-ok
G8,official-pl-rap-fr,Damso,Macarena,j5l0qasNAoY,Θ. Macarena,Damso,2ewjMyCbNv2X1dB2qIDCwD,a1.00 t1.00,auto-ok
G8,official-pl-rap-fr,Orelsan,La terre est ronde,oGdhZyS2ozo,La terre est ronde,Orelsan,2wyreldlNuoBG7ju3fUynK,a1.00 t1.00,auto-ok
G8,official-pl-rap-fr,Soprano,Hiro,VLPRQUbhIT0,Hiro (feat. Indila),Soprano / Indila,1RHiqaz9MG1tKqJ9ny5Alf,a1.00 t1.00,auto-ok
G8,official-pl-rap-fr,Booba,DKR,KbYpghM6d-g,DKR,Booba,0QLjm2PNqKRJfWsxDPa9Ra,a1.00 t1.00,auto-ok
G8,official-pl-rap-fr,PNL,Le monde ou rien,umF1kfVujhM,Le monde ou rien,PNL,7dn6WQzScfRGpp7XdTiCj0,a1.00 t1.00,auto-ok
G8,official-pl-rap-fr,IAM,Je danse le Mia,4a1-1qlhb5g,Je danse le Mia,IAM,6P8YkdLMTBA7z5nhKXgyi3,a1.00 t1.00,auto-ok
G8,official-pl-rap-fr,NTM,Laisse pas traîner ton fils,biYdUZXfz9I,Laisse pas traîner ton fils,Suprême NTM,19wTIVLYwubMX8XZppB6lH,a0.27 t1.00,no-match
G8,official-pl-rap-fr,Soprano,Cosmo,Z3PTfGsh7Hw,Cosmo,Soprano,2a7Sqh8bpbabVWlY2jRET9,a1.00 t1.00,auto-ok
G8,official-pl-rap-fr,Booba,Tombé pour elle,1z2KJK0cVNo,Tombé pour elle,Booba,25SoeVSj1Ca3KMKdGHZG4e,a1.00 t1.00,auto-ok
G8,official-pl-rap-fr,Aya Nakamura,Djadja,iPGgnzc34tY,Djadja,Aya Nakamura,7sKDftgGirHWTVFMtJoDoh,a1.00 t1.00,auto-ok
G8,official-pl-rap-fr,Niska,Réseaux,r7Oy0BOGxDM,Réseaux,Niska,0HKNlsZ0zFlSqUqWj1nVVG,a1.00 t1.00,auto-ok
G8,official-pl-rap-fr,Sexion d'Assaut,Désolé,wExpZNxWA_U,Désolé,Sexion d'Assaut,5NsOnvpjvH9sCz8TyVOmOz,a1.00 t1.00,auto-ok
G8,official-pl-rap-fr,Lefa,Toulon Marseille,W50RvzaezQA,Phénoménal,R.E.D.K. / Lefa,2yfejttEaIjv6mfQasLGO0,a1.00 t0.25,no-match
G8,official-pl-rap-fr,SCH,Mannschaft,cgDZN44WpoE,Mannschaft (feat. Freeze Corleone),SCH / Freeze corleone,03cOUvF1fyW60AuUfUNiDc,a1.00 t1.00,auto-ok
G8,official-pl-rap-fr,Orelsan,Basique,2bjk26RwjyU,Basique,Orelsan,45T3Ee5uw32XI2X1VNsJqn,a1.00 t1.00,auto-ok
G8,official-pl-rap-fr,Diam's,La boulette,Ed9GVVT1zz0,La Boulette (Génération Nan Nan),Diam's,1Vf09Cxf2jqSkU6sfueYAq,a1.00 t1.00,auto-ok
G8,official-pl-rap-fr,La Fouine,Marina,26QCYqJkXrk,Flying Blue,La Fouine / L2B,7JGEUwyfP2oH2nbMllxeo8,a1.00 t0.18,no-match
G8,official-pl-rap-fr,Sexion d'Assaut,Wati House,eIrRPLzDrHU,Wati House,Sexion d'Assaut,1QYzARrGUVT5Zk75HQXHJ1,a1.00 t1.00,auto-ok
G8,official-pl-rap-fr,Lacrim,A.W.A.,tOwuXkPIl-s,A.W.A,Lacrim / French Montana,3xf9GbVqLnDgL2x0xztcTV,a1.00 t1.00,auto-ok
G8,official-pl-rap-fr,Vald,Désaccordé,kutk2XHEZNU,Désaccordé,Vald,4ueL4j6iOPX23UG5VsvGrm,a1.00 t1.00,auto-ok
G8,official-pl-rap-fr,PNL,Au DD,BtyHYIpykN0,Au DD,PNL,5lCxlSBFyP5g4EhVypAoOu,a1.00 t1.00,auto-ok
G8,official-pl-rap-fr,Stromae,Formidable,S_xH7noaqTA,Formidable,Stromae,2AMysGXOe0zzZJMtH3Nizb,a1.00 t1.00,auto-ok
G8,official-pl-rap-fr,Stromae,Papaoutai,oiKj0Z_Xnjc,Papaoutai,Stromae,34dx8DACTJsc3rsJdaEIQw,a1.00 t1.00,auto-ok
G8,official-pl-afrobeats,Rema,Calm Down,h1iXtgCOCxo,Calm Down,Rema,6hgoYQDUcPyCz7LcTUHKxa,a1.00 t1.00,auto-ok
G8,official-pl-afrobeats,Kizz Daniel,Cough (Odoyewu),4j7Fa2PCMow,Cough (Odo),Kizz Daniel,3nT2nrfb3FMLg03W4mPaBl,a1.00 t1.00,auto-ok
G8,official-pl-afrobeats,Wizkid,Bad to Me,zw3e6mRWLHY,Bad To Me,Wizkid,2HYcI74UpbMMxLZ1m7Xnfn,a1.00 t1.00,auto-ok
G8,official-pl-afrobeats,Rema,Charm,MOt3KLHyDhU,Charm,Rema,1iBWjQ9af9NnUd5xnQDB3k,a1.00 t1.00,auto-ok
G8,official-pl-afrobeats,Tems,Free Mind,mlaTJrQdmiY,Free Mind,Tems,2mzM4Y0Rnx2BDZqRnhQ5Q6,a1.00 t1.00,auto-ok
G8,official-pl-afrobeats,Tems,Try Me,hVEp-P2-rqY,Try Me,Tems,4Ieod2ueT9GEEz9ILN84qP,a1.00 t1.00,auto-ok
G8,official-pl-afrobeats,Ayra Starr,Bloody Samaritan,tSSKOX_XW1M,Bloody Samaritan,Ayra Starr,1OoPhcM78evXIxjmSzCnmf,a1.00 t1.00,auto-ok
G8,official-pl-afrobeats,CKay,Love Nwantiti (Ah Ah Ah),7l22qaD31iE,love nwantiti (ah ah ah),CKay,2Xr1dTzJee307rmrkt8c0g,a1.00 t1.00,auto-ok
G8,official-pl-afrobeats,Master KG,Jerusalema,dD7TtmFmNRQ,Jerusalema (feat. Nomcebo Zikode),Master KG / Nomcebo Zikode,2MlOUXmcofMackX3bxfSwi,a1.00 t1.00,auto-ok
G8,official-pl-afrobeats,Davido,Fall,3Iyuym-Gci0,Fall,Davido,4ou5xyFUJX4VwX76tw1qb1,a1.00 t1.00,auto-ok
G8,official-pl-afrobeats,Yemi Alade,Johnny,oZoWlTFJiGg,Johnny,Yemi Alade,0Cw5y3wboBz8VTWkMkmIDo,a1.00 t1.00,auto-ok
G8,official-pl-afrobeats,Fireboy DML,Peru,GP_LpUoNx-I,Peru,Fireboy DML / Ed Sheeran,3s1KwrLP0NlFWiWbjz6bfQ,a1.00 t1.00,auto-ok
G8,official-pl-afrobeats,Burna Boy,Ye,Y1jiNNqDxsE,Ye,Burna Boy,3FskQrDXcY24ur2fCvz35O,a1.00 t1.00,auto-ok
G8,official-pl-afrobeats,Wizkid,Essence,m77FDcKg96Q,Essence (feat. Tems),Wizkid / Tems,5FG7Tl93LdH117jEKYl3Cm,a1.00 t1.00,auto-ok
G8,official-pl-afrobeats,Burna Boy,City Boys,cdsUfPdEvY4,City Boys,Burna Boy,4RoKNqyZ9622tcAeNPNv5k,a1.00 t1.00,auto-ok
G8,official-pl-afrobeats,Asake,Lonely at the Top,3JQA7W_dLUg,Lonely At The Top,Asake,5ZtK8XAVnoaGdBXZWCEVCY,a1.00 t1.00,auto-ok
G8,official-pl-afrobeats,Camila Cabello feat. Ed Sheeran,Bam Bam,Sg6CZsD1LRI,Bam Bam (feat. Ed Sheeran),Camila Cabello / Ed Sheeran,3lDSWvR0FXWGXo7mhDUs3v,a1.00 t1.00,auto-ok
G8,official-pl-afrobeats,Burna Boy,Last Last,421w1j87fEM,Last Last,Burna Boy,5YbPxJwPfrj7uswNwoF1pJ,a1.00 t1.00,auto-ok
G8,official-pl-afrobeats,Davido,Stand Strong,OqTpz0ZIgu4,Stand Strong (feat. Sunday Service Choir),Davido / Sunday Service Choir,1XUf5lpeTQbrohZWdx6Sbz,a1.00 t1.00,auto-ok
G8,official-pl-afrobeats,Davido,Unavailable,ZBnn_4v2PYM,UNAVAILABLE (feat. Musa Keys),Davido / Musa Keys,2kaH2Z8ezDUKf6fNw250rZ,a1.00 t1.00,auto-ok
G8,official-pl-afrobeats,Asake,Sungba,vI6-ya4Cjjo,Sungba,Asake,3KO1322zrWwGa8TWQDBFvg,a1.00 t1.00,auto-ok
G8,official-pl-afrobeats,Kizz Daniel,Buga (Lo Lo),g8L1ke-yJx4,Buga (Lo Lo Lo),Kizz Daniel / Tekno,4eZZofkV1OQ9GDqAgHqNpA,a1.00 t1.00,auto-ok
G8,official-pl-guilty-pleasures,Las Ketchup,Aserejé (The Ketchup Song),5llcBScGuAE,The Ketchup Song (Aserejé) - Spanglish Version,Las Ketchup,6UEfyhyfhYQsyipxOd95Ie,a1.00 t0.13,no-match
G8,official-pl-guilty-pleasures,Lou Bega,Mambo No. 5 (A Little Bit of...),EK_LN3XEcnw,Mambo No. 5 (a Little Bit of...),Lou Bega,6x4tKaOzfNJpEJHySoiJcs,a1.00 t1.00,auto-ok
G8,official-pl-guilty-pleasures,Haddaway,What Is Love,HEXWRTEbj1I,"What Is Love - 7"" Mix",Haddaway,7JkZ2hQdDonRURJjlMuh8q,a1.00 t1.00,auto-ok
G8,official-pl-guilty-pleasures,Gala,Freed from Desire,4eJckVIJk5c,Freed From Desire,Gala / Molella / Phil Jay,3u5N55tHf7hXATSQrjBh2q,a1.00 t1.00,auto-ok
G8,official-pl-guilty-pleasures,Cascada,Everytime We Touch,4G6QDNC4jPs,Everytime We Touch,Cascada,5YJtMNWKe55yr49cyJgxva,a1.00 t1.00,auto-ok
G8,official-pl-guilty-pleasures,2 Unlimited,No Limit,qM5W7Xn7FiA,No Limit,2 Unlimited,1hGvGM76KOX6tpAyaHB0au,a1.00 t1.00,auto-ok
G8,official-pl-guilty-pleasures,Crazy Frog,Axel F,t0nxKPBiceo,Axel F,Crazy Frog,0Bo5fjMtTfCD8vHGebivqc,a1.00 t1.00,auto-ok
G8,official-pl-guilty-pleasures,Daddy DJ,Daddy DJ,tiKcjawMVgI,Daddy DJ - Chico & Tonio Radio Edit / Remastered 2025,Daddy DJ / Chico & Tonio,0l2c67gYvWLmYkz8l1gbdn,a1.00 t1.00,auto-ok
G8,official-pl-guilty-pleasures,Aqua,Doctor Jones,-1jPUB7gRyg,Doctor Jones,Aqua,6EBDmMZBQkWrj7jWlGhFU1,a1.00 t1.00,auto-ok
G8,official-pl-guilty-pleasures,DJ Ötzi,Hey Baby (Uhh Ahh),9YFtlvDOVVE,"Hey Baby (Uhh, ahh)",Anton / DJ Ötzi,28FRcsSqCrY8GtG5KOjSiY,a1.00 t1.00,auto-ok
G8,official-pl-guilty-pleasures,Corona,The Rhythm of the Night,M4rJdf97JbA,The Rhythm Of The Night,Corona,5UCPOJs8VJARoIX6acKRuJ,a1.00 t1.00,auto-ok
G8,official-pl-karaoke-komptoir,Queen,Bohemian Rhapsody,fJ9rUzIMcZQ,Bohemian Rhapsody,Queen,3z8h0TU7ReDPLIbEnYhWZb,a1.00 t1.00,auto-ok
G8,official-pl-karaoke-komptoir,Journey,Don't Stop Believin',1k8craCGpgs,Don't Stop Believin',Journey,77NNZQSqzLNqh2A9JhLRkg,a1.00 t1.00,auto-ok
G8,official-pl-karaoke-komptoir,Neil Diamond,Sweet Caroline,1vhFnTjia_I,Sweet Caroline,Neil Diamond,62AuGbAkt8Ox2IrFFb8GKV,a1.00 t1.00,auto-ok
G8,official-pl-karaoke-komptoir,Bon Jovi,Livin' on a Prayer,CuUefy9bT9U,Livin' On A Prayer,Bon Jovi,37ZJ0p5Jm13JPevGcx4SkF,a1.00 t1.00,auto-ok
G8,official-pl-karaoke-komptoir,ABBA,Dancing Queen,-sVB91NTa4A,Dancing Queen,ABBA,0GjEhVFGZW8afUYGChu3Rr,a1.00 t1.00,auto-ok
G8,official-pl-karaoke-komptoir,Survivor,Eye of the Tiger,kI-TBmie1Yc,Eye of the Tiger,Survivor,2HHtWyy5CgaQbC7XSoOb0e,a1.00 t1.00,auto-ok
G8,official-pl-karaoke-komptoir,Village People,Y.M.C.A.,Q7c9gopd69k,Y.M.C.A,Village People,2MtwLMtwLU17payh5C4fYG,a1.00 t1.00,auto-ok
G8,official-pl-karaoke-komptoir,Europe,The Final Countdown,lZzcQ-uQ8R0,The Final Countdown,Europe,3MrRksHupTVEQ7YbA0FsZK,a1.00 t1.00,auto-ok
G8,official-pl-karaoke-komptoir,Robbie Williams,Angels,luwAMFcc2f8,Angels,Robbie Williams,1M2nd8jNUkkwrc1dgBPTJz,a1.00 t1.00,auto-ok
G8,official-pl-karaoke-komptoir,Kiss,I Was Made for Lovin' You,Gcj34XixuYg,I Was Made For Lovin' You,KISS,07q0QVgO56EorrSGHC48y3,a1.00 t1.00,auto-ok
G8,official-pl-karaoke-komptoir,Michel Sardou,Les Lacs du Connemara,bpEmjxobvbY,Les lacs du Connemara,Michel Sardou,3vHswuqTNO0hIiW6am0tKB,a1.00 t1.00,auto-ok
G8,official-pl-karaoke-komptoir,Jean-Jacques Goldman,Quand la musique est bonne,-boDeijWuOY,Quand la musique est bonne,Jean-Jacques Goldman,0Wh6e5EkmQseBGVeJqzC9X,a1.00 t1.00,auto-ok
G8,official-pl-karaoke-komptoir,Indochine,L'Aventurier,VDe-i6l4-NU,L'aventurier,Indochine,2UC5XnHA1Wn9FjQmbjNca9,a1.00 t1.00,auto-ok
G8,official-pl-karaoke-komptoir,Joe Dassin,Les Champs-Élysées,tDWeLlvYyYU,Les Champs-Elysées,Joe Dassin,4VWbPQUPvLes814r6T11Jz,a1.00 t1.00,auto-ok
G8,official-pl-karaoke-komptoir,Claude François,Alexandrie Alexandra,ZRaOzXS1slI,Alexandrie Alexandra,Claude François,2e9Sa881KIjKK0y86iNZ6C,a1.00 t1.00,auto-ok
G8,official-pl-karaoke-komptoir,France Gall,Résiste,JEAX24VgAsk,Résiste,France Gall,2IAq7NOjlLVe6bnu0YwdOV,a1.00 t1.00,auto-ok
G8,official-pl-karaoke-komptoir,Patrick Sébastien,Le Petit Bonhomme en mousse,LJP4ICgu-6g,Le petit bonhomme en mousse - Live,Patrick Sébastien,3LL6dYLac79BJ2UVY493x0,a1.00 t1.00 !DANGER,review
G8,official-pl-karaoke-komptoir,Daniel Balavoine,L'Aziza,O4ACXQxCgc8,L'Aziza,Daniel Balavoine,1uFWyT4KLFXisiVkiBPCTb,a1.00 t1.00,auto-ok
G8,official-pl-james-bond,John Barry Orchestra,James Bond Theme,Ii1tc493bZM,James Bond Theme,John Barry Orchestra,7JlloKiG2pSNmRfpoB7kUD,a1.00 t1.00,auto-ok
G8,official-pl-james-bond,Sheena Easton,For Your Eyes Only,J_2qcb243E8,For Your Eyes Only,Sheena Easton,4jRJWlkCn3pAwezfqFODU3,a1.00 t1.00,auto-ok
G8,official-pl-james-bond,Gladys Knight,Licence to Kill,ZnSbrx5YByY,Licence To Kill,Gladys Knight,2ytwDkF0RLOi6qL2uJ2cQG,a1.00 t1.00,auto-ok
G8,official-pl-james-bond,Adele,Skyfall,DeumyOzKqgI,Skyfall,Adele,6VObnIkLVruX4UVyxWhlqm,a1.00 t1.00,auto-ok
G8,official-pl-james-bond,Carly Simon,Nobody Does It Better,KKAToS9wguc,Nobody Does It Better,Carly Simon,49RUdNvwSiUTC8fBh4KKoC,a1.00 t1.00,auto-ok
G8,official-pl-james-bond,Sheryl Crow,Tomorrow Never Dies,2BxTwJtpGYA,Tomorrow Never Dies,Sheryl Crow,3peBSjcjaouspgb68WK2sk,a1.00 t1.00,auto-ok
G8,official-pl-james-bond,Billie Eilish,No Time to Die,GB_S2qFh5lU,No Time To Die,Billie Eilish,73SpzrcaHk0RQPFP73vqVR,a1.00 t1.00,auto-ok
G8,official-pl-james-bond,Queen,Killer Queen,2ZBtPf7FOoM,Killer Queen,Queen,300YN8ebGB90nDuzgz0f3O,a1.00 t1.00,auto-ok
G8,official-pl-james-bond,Sade,Smooth Operator,4TYv2PhG89A,Smooth Operator - Single Version,Sade,1Hv1VTm8zeOeybub15mA2R,a1.00 t1.00,auto-ok
G8,official-pl-james-bond,Shirley Bassey,Diamonds Are Forever,Pxs0RV2gnVE,Diamonds Are Forever,Shirley Bassey,3Tp3nTswQmMzmQRqZu4iM2,a1.00 t1.00,auto-ok
G8,official-pl-james-bond,Lady Gaga,Bad Romance,qrO4YZeyl0I,Bad Romance,Lady Gaga,0SiywuOBRcynK0uKGWdCnn,a1.00 t1.00,auto-ok
G8,official-pl-james-bond,Tina Turner,GoldenEye,8K3BTWLXqPI,Goldeneye,Tina Turner,528QhCT2v3HgD71RmrSUNW,a1.00 t1.00,auto-ok
G8,official-pl-james-bond,Madonna,Die Another Day,oYpnRAT40KU,Die Another Day,Madonna,7DUpuAzGUyJaJB3p9BC3Ms,a1.00 t1.00,auto-ok
G8,official-pl-james-bond,Paul McCartney & Wings,Live and Let Die,1PLAU_PXboc,Live And Let Die - Main Title,Paul McCartney / Wings,2cHbN7OosXb4pA20G9Jcyg,a1.00 t1.00,auto-ok
G8,official-pl-james-bond,Chris Cornell,You Know My Name,YnzgdBAKyJo,"You Know My Name - From ""Casino Royale"" Soundtrack",Chris Cornell,3acBQxxlyb0jC2xqndDzSf,a1.00 t1.00,auto-ok
G8,official-pl-james-bond,Duran Duran,A View to a Kill,hJzotJUlQws,A View to a Kill,Duran Duran,6I4snLrVOrJsLdd43isc27,a1.00 t1.00,auto-ok
G8,official-pl-james-bond,Shirley Bassey,Goldfinger,Tvl8KH6WBO8,Goldfinger,Shirley Bassey,7r0EUONfPUZ8SD1vu4ro27,a1.00 t1.00,auto-ok
G8,official-pl-james-bond,Garbage,The World Is Not Enough,JBrz-5ai1mo,The World Is Not Enough,Garbage,2mg6Z7RiQLC1aeF1jGm4RB,a1.00 t1.00,auto-ok
G8,official-pl-james-bond,a-ha,The Living Daylights,z61NEfYK0fc,The Living Daylights,a-ha,4tWe3Fr8HrQPq2iFOpEGZs,a1.00 t1.00,auto-ok
G8,official-pl-james-bond,Rihanna,Diamonds,lWA2pjMjpBs,Diamonds,Rihanna,6O20JhBJPePEkBdrB5sqRx,a1.00 t1.00,auto-ok
G8,official-pl-james-bond,Britney Spears,Toxic,LOZuxwVk7TU,Toxic,Britney Spears,6I9VzXrHxO9rA9A5euc8Ak,a1.00 t1.00,auto-ok
G8,official-pl-james-bond,Sam Smith,Writing's on the Wall,8jzDnsjYv9A,"Writing's On The Wall - From ""Spectre"" Soundtrack",Sam Smith,1PWnAEQcbwQwK759otUbta,a1.00 t1.00,auto-ok
G8,official-pl-fr-2000s-hard,Renaud,Encore une nuit,uv37yxc51bE,Morgane de toi - 2013 Remaster,Renaud,3v6ClatJ2nG0TIpfL3HwY1,a1.00 t0.27,no-match
G8,official-pl-fr-2000s-hard,Philippe Katerine,Louxor j'adore,nLN8pvR8hDg,Louxor j'adore,Philippe Katerine,60udb73Xe8KJ7IzBhn3ptV,a1.00 t1.00,auto-ok
G8,official-pl-fr-2000s-hard,Justice,Stress,0qXmxVySMzw,Stress,Justice,1YdbiBOWvFUi6Zko3HXyEG,a1.00 t1.00,auto-ok
G8,official-pl-fr-2000s-hard,Calogero,Yalla,apb37tPgF54,Yalla,Calogero,4L5WINC4Ufg9GL8dJMH0uF,a1.00 t1.00,auto-ok
G8,official-pl-fr-2000s-hard,Camille,Ta douleur,YhQclI06QPw,Ta douleur,Camille,53CPBUZViJhspNT8nuAO9L,a1.00 t1.00,auto-ok
G8,official-pl-fr-2000s-hard,Yelle,À cause des garçons,JqYhuwu614Y,À cause des garçons,Yelle,4kti5sAkWBOhPyCVItDYf8,a1.00 t1.00,auto-ok
G8,official-pl-fr-2000s-hard,Oldelaf et Monsieur D,Le café,UGtKGX8B9hU,Le café,Oldelaf et Monsieur D.,1DdYVh9hQw7VXOkDgxHEQk,a1.00 t1.00,auto-ok
G8,official-pl-fr-2000s-hard,Justice,D.A.N.C.E.,sy1dYFGkPUE,D.A.N.C.E.,Justice,33yAEqzKXexYM3WlOYtTfQ,a1.00 t1.00,auto-ok
G8,official-pl-fr-2000s-hard,Stromae,Alors on danse,VHoT4N43jK8,Alors on danse - Radio Edit,Stromae,2GYHyAoLWpkxLVa4oYTVko,a1.00 t1.00,auto-ok
G8,official-pl-fr-2000s-hard,Indochine,J'ai demandé à la lune,KAOmC5qT02w,J'ai demandé à la lune,Indochine,2QSAj76Ba6aMFX9RlXdUdO,a1.00 t1.00,auto-ok
G8,official-pl-fr-2000s-hard,Daft Punk,One More Time,FGBhQbmPwH8,One More Time,Daft Punk,0DiWol3AO6WpXZgp0goxAV,a1.00 t1.00,auto-ok
G8,official-pl-fr-2000s-hard,Noir Désir,Le vent nous portera,NtYLxlOq2S4,Le vent nous portera,Noir Désir,2ZQVJD9I6GCqXmkmMuEoLa,a1.00 t1.00,auto-ok
G8,official-pl-fr-2000s-hard,Alizée,Mademoiselle Juliette,EWaKNQL-uaE,Mademoiselle Juliette (Remastered 2023),Alizée,0DqnMxBTk3gDjYwwoeeRL3,a1.00 t1.00,auto-ok
G8,official-pl-fr-2000s-hard,Mylène Farmer,Salomé,8rvoBk5Iw9o,Désenchantée,Mylène Farmer,15XYdD283tK9iyJzL738bn,a1.00 t0.25,no-match
G8,official-pl-fr-2000s-hard,Sniper,Du rire aux larmes,0q4bXZ5Capw,Du rire aux larmes,SNIPER,6zZCtw9AERrVu5p33Slx4a,a1.00 t1.00,auto-ok
G8,official-pl-fr-2000s-hard,Mickey 3D,Respire,Iwb6u1Jo1Mc,Respire,Mickey 3d,2xcuDxTLlp0ro2GYlS1i9G,a1.00 t1.00,auto-ok
G8,official-pl-fr-2000s-hard,Yael Naim,New Soul,hhE7QMXRE1g,New Soul,Yael Naim,09nEPqqMCJ5gNioi7M2dth,a1.00 t1.00,auto-ok
G8,official-pl-fr-2000s-hard,Daft Punk,Aerodynamic,L93-7vRfxNs,Aerodynamic,Daft Punk,3H3cOQ6LBLSvmcaV7QkZEu,a1.00 t1.00,auto-ok
G8,official-pl-fr-2000s-hard,Kyo,Dernière danse,K5KAc5CoCuk,Dernière danse,Kyo,7mNErWes3YegbRLgZuILl5,a1.00 t1.00,auto-ok
G8,official-pl-fr-2000s-hard,Diam's & Tunisiano,Mauvaise foi nocturne,TwhoaPgBwI8,Confessions Nocturnes,Diam's / Vitaa,0C9qil6cXEEJ8AzrMUEHv6,a1.00 t0.43,no-match
G8,official-pl-fr-2000s-hard,Roméo et Juliette,Aimer,V_BFU_2WbeM,Aimer (from Roméo et Juliette: de la Haine à l’Amour),Gérard Presgurvic / André Rieu / Johann Strauss Orchestra,5bX7UH6eqJozZV6cRDgbUh,a0.25 t1.00,no-match
G8,official-pl-eurodance-90s,Corona,The Rhythm of the Night,M4rJdf97JbA,The Rhythm Of The Night,Corona,5UCPOJs8VJARoIX6acKRuJ,a1.00 t1.00,auto-ok
G8,official-pl-eurodance-90s,Snap!,Rhythm Is a Dancer,WMPM1q_Uyxc,Rhythm Is a Dancer,SNAP!,5uFYYOyT3EclOVhiFzPJSz,a1.00 t1.00,auto-ok
G8,official-pl-eurodance-90s,Cascada,Everytime We Touch,4G6QDNC4jPs,Everytime We Touch,Cascada,5YJtMNWKe55yr49cyJgxva,a1.00 t1.00,auto-ok
G8,official-pl-eurodance-90s,Aqua,Doctor Jones,-1jPUB7gRyg,Doctor Jones,Aqua,6EBDmMZBQkWrj7jWlGhFU1,a1.00 t1.00,auto-ok
G8,official-pl-fr-2010s-mix,Black M,Je suis chez moi,hsOqEhMumaw,Je suis chez moi,Black M,3jyQ5s7TlKm5tqmpICahUY,a1.00 t1.00,auto-ok
G8,official-pl-fr-2010s-mix,Pomme,On brûlera,jabih9mV6RQ,On brûlera,Pomme,52APn0QJbjtcHRK0fiXpL6,a1.00 t1.00,auto-ok
G8,official-pl-fr-2010s-mix,Damien Saez,J'accuse,yVlAJOmoVQs,J'accuse,Saez,1cnATC0mQNipvfoAbLScfb,a0.36 t1.00,no-match
G8,official-pl-fr-2010s-mix,Stromae,Quand c'est?,2ux5zHXzbmw,quand c'est ?,Stromae,6sAtOPSyH7lmdazTYqOxjC,a1.00 t1.00,auto-ok
G8,official-pl-fr-2010s-mix,Boulevard des airs,Bruxelles,t_YqQIc6U_w,Bruxelles,Boulevard des Airs,3o9FyxQbCzMsyPLwcr0RIK,a1.00 t1.00,auto-ok
G8,official-pl-fr-2010s-mix,Indochine,Cyborg,QrJgb2Fmdv0,Victoria,Indochine,1AWcqVDY31x9nSOACK4EJT,a1.00 t0.25,no-match
G8,official-pl-fr-2010s-mix,M. Pokora,Tombé sous le charme,yRGiYUEFFww,Tombé,M. Pokora,3EiDyqPIjDDo6F8RS5Lj4t,a1.00 t0.25,no-match
G8,official-pl-fr-2010s-mix,Florent Pagny,Le présent d'abord,pGWrX6nC-pk,Le présent d'abord,Florent Pagny,2dT9t0cYUTyVLcrpdJO6rc,a1.00 t1.00,auto-ok
G8,official-pl-fr-2010s-mix,Tal,Le sens de la vie,8H0-eEWSE00,Le Sens de la vie,TAL,6GTKCSwYLWRxfaTv6hS6Xe,a1.00 t1.00,auto-ok
G8,official-pl-fr-2010s-mix,Angèle,Balance ton quoi,Hi7Rx3En7-k,Balance ton quoi,Angèle,2jX5c5RFp0A9E1GDsvGxIa,a1.00 t1.00,auto-ok
G8,official-pl-fr-2010s-mix,Indila,Tourner dans le vide,F3wpq-i150c,Tourner Dans Le Vide,Indila,1MqzIgGsHP4cNjPboevsfq,a1.00 t1.00,auto-ok
G8,official-pl-fr-2010s-mix,Stromae,Tous les mêmes,CAMWdvo71ls,Tous les mêmes,Stromae,6M4nkEPZMj58acftDRTuKL,a1.00 t1.00,auto-ok
G8,official-pl-fr-2010s-mix,Indila,Dernière danse,K5KAc5CoCuk,Dernière danse,Indila,65uoaqX5qcjXZRheAj1qQT,a1.00 t1.00,auto-ok
G8,official-pl-fr-2010s-mix,Chimène Badi,Cassandre,UH5g-Bq3ds0,Je viens du Sud,Chimène Badi,3mUCcWgGsK1VtZ3Zebe6u1,a1.00 t0.13,no-match
G8,official-pl-fr-2010s-mix,Bénabar,Tomber dans ses bras,jwcmsz3xibg,TOMBER AMOUREUSE,Nicolas Rosenthal,3epE80PYxdgRRX48eYPxTW,a0.18 t0.45,no-match
G8,official-pl-fr-2010s-mix,Yannick Noah,Angela,7hHHAm9_a_M,Angela,Yannick Noah,3Ps96aO0laQ4o8Xe4iuEJe,a1.00 t1.00,auto-ok
G8,official-pl-fr-2010s-mix,Ed Sheeran ft. Vianney,Pages blanches,3ArJlad2q74,The A Team,Ed Sheeran,1VdZ0vKfR5jneCmWIUAMxK,a1.00 t0.21,no-match
G8,official-pl-fr-2010s-mix,Vegedream,Ramenez la coupe à la maison,RHb5LKnnxLg,Ramenez la coupe à la maison,Vegedream,45eY7Qi2PDUs8WJEhjGWdN,a1.00 t1.00,auto-ok
G8,official-pl-fr-2010s-mix,Aya Nakamura,Djadja,iPGgnzc34tY,Djadja,Aya Nakamura,7sKDftgGirHWTVFMtJoDoh,a1.00 t1.00,auto-ok
G8,official-pl-fr-2010s-mix,Christine and the Queens,Tilted,9RBzsjga73s,Tilted,Christine and the Queens,3lvs2R16GHIFEt0EJFFXPn,a1.00 t1.00,auto-ok
G8,official-pl-fr-2010s-mix,Christophe Maé,Il est où le bonheur,m5qXr9lLdwA,Il est où le bonheur,Christophe Maé,1TM73fujNDKSpigPLfxCZm,a1.00 t1.00,auto-ok
G9,official-pl-eurovision,Ruslana,Wild Dances,q5TeDlawdz0,Wild Dances,Ruslana,1Lav2Z3RKu71MJLIjQz4dQ,a1.00 t1.00,auto-ok
G9,official-pl-eurovision,Lena,Satellite,8QSgNM9yNjo,Satellite,Lena,2UjNsh4ipNrmog6wdS2JVv,a1.00 t1.00,auto-ok
G9,official-pl-eurovision,Alexander Rybak,Fairytale,1rVY08gRGmA,Fairytale,Alexander Rybak,3MnAsEBBsEj86d03RgO4EM,a1.00 t1.00,auto-ok
G9,official-pl-eurovision,ABBA,Waterloo,mcssw3utx7o,Waterloo,ABBA,3Dy4REq8O09IlgiwuHQ3sk,a1.00 t1.00,auto-ok
G9,official-pl-eurovision,Måneskin,Zitti e buoni,QN1odfjtMoo,ZITTI E BUONI,Måneskin,776AftMmFFAWUIEAb3lHhw,a1.00 t1.00,auto-ok
G9,official-pl-eurovision,Netta,Toy,CziHrYYSyPc,Toy,Netta,6VO6JrvcuGMfPOQgT6kSGE,a1.00 t1.00,auto-ok
G9,official-pl-eurovision,Go_A,Shum,U7-dxzp6Jvs,SHUM,Go_A,29bhnde7Gvnp7rvY9zsq5S,a1.00 t1.00,auto-ok
G9,official-pl-eurovision,Joost Klein,Europapa,gJLIiF15wjQ,Europapa,Joost,0uHrMbMv3c78398pIANDqR,a0.45 t1.00,no-match
G9,official-pl-eurovision,Kalush Orchestra,Stefania,Zm6G9iwVzlA,Stefania (Kalush Orchestra),KALUSH / Kalush Orchestra,2vHzOWRKYPLu8umRPIFuOq,a1.00 t1.00,auto-ok
G9,official-pl-eurovision,Lordi,Hard Rock Hallelujah,-6Xl9tBWt54,Hard Rock Hallelujah,Lordi,7sZTvm0Sx8umbyQViTE2Qc,a1.00 t1.00,auto-ok
G9,official-pl-eurovision,Helena Paparizou,My Number One,r0CmpaSV0tc,My Number One,Helena Paparizou,6LkCvCc9oFoLDv4DLhzTox,a1.00 t1.00,auto-ok
G9,official-pl-eurovision,Marie Myriam,L'oiseau et l'enfant,uwJUhRWpk4E,L'oiseau et l'enfant,Marie Myriam,7Hy0CZtFcREucLDXB5jp6m,a1.00 t1.00,auto-ok
G9,official-pl-eurovision,Loreen,Euphoria,t5qURKt4maw,Euphoria,Loreen,2knr7ikPt4l7bk92qS4ZXW,a1.00 t1.00,auto-ok
G9,official-pl-eurovision,Salvador Sobral,Amar pelos dois,ymFVfzu-2mw,Amar Pelos Dois,Salvador Sobral,1bLjhPvRT5uNnVby1ytmXi,a1.00 t1.00,auto-ok
G9,official-pl-eurovision,Daði og Gagnamagnið,Think About Things,1HU7ocv3S2o,Think About Things (Eurovision 2020 Iceland) [8-Bit Dadi Og Gagnamagnid Emulation],8-Bit Arcade,5p39nXvdhOjzNv5vzhupay,a0.22 t1.00,no-match
G9,official-pl-eurovision,Dana International,Diva,NsPksS8QWWY,Diva - Hebrew Version,Dana International,1tZpqw1C7DFmZjjZWSmvlg,a1.00 t1.00,auto-ok
G9,official-pl-eurovision,Jamala,1944,0C7E19yz23g,1944,Jamala,1AZQTUs1FPy7YHH8aad3dA,a1.00 t1.00,auto-ok
G9,official-pl-eurovision,Måns Zelmerlöw,Heroes,PHZ-7pZ_5Sc,Heroes,Måns Zelmerlöw,4ciaNqHWA2IzHphZaVRzHI,a1.00 t1.00,auto-ok
G9,official-pl-eurovision,Little Big,Uno,L_dWvTCdDQ4,UNO,Little Big,1ucAgkQ4EQDCSXQ2kEk99k,a1.00 t1.00,auto-ok
G9,official-pl-eurovision,Mahmood,Soldi,22lISUXgSUw,Soldi,Mahmood,4szQkW1CDHqbRZGltXJdd3,a1.00 t1.00,auto-ok
G9,official-pl-eurovision,Toto Cutugno,Insieme: 1992,VkmncrAPILw,Insieme: 1992,Toto Cutugno,44noNMO0iv87Tds7dwcpQU,a1.00 t1.00,auto-ok
G9,official-pl-series-tv,Jeff Beal,House of Cards Main Title,BcfMTSHHfu4,House Of Cards Main Title Theme,Jeff Beal,51pqlgzFBtqcRmb1CKdc56,a1.00 t1.00,auto-ok
G9,official-pl-series-tv,The Rembrandts,Friends Theme (I'll Be There for You),q-9kPks0IfE,Friends: I'll Be There for You,The Rembrandts,1WNrjr7V3z7nE8AMs4B2kP,a1.00 t0.41,no-match
G9,official-pl-series-tv,Fever Ray,Vikings Main Title (If I Had a Heart),EBAzlNJonO8,Keep the Streets Empty for Me,Fever Ray,1ZsUmKQt3RvaxuHVHbJlyI,a1.00 t0.17,no-match
G9,official-pl-series-tv,Nerf Herder,Buffy the Vampire Slayer Theme,OO-m2CZ02Xw,Buffy The Vampire Slayer- Theme From The Television Series,Brandon K. Verrett,3Mr1OpafE8IOKtNOM3sNuX,a0.29 t1.00,no-match
G9,official-pl-series-tv,Michael Giacchino,Lost Main Title,QS3ZwsfeiYQ,Main Title,Michael Giacchino,4lNwXXRmoFwh2S77EaY9s0,a1.00 t0.67,review
G9,official-pl-series-tv,Curtis Stigers & The Forest Rangers,This Life (Sons of Anarchy),gmSWkFQsuPM,"This Life (Theme from ""Sons of Anarchy"")",Curtis Stigers / The Forest Rangers,3fSKfGA4zXkzQh1huixeVw,a1.00 t1.00,auto-ok
G9,official-pl-series-tv,Danny Elfman,The Simpsons Main Title,Woxi97lOtys,The Simpsons: Main Titles (Live),Danny Elfman / Danish National Symphony Orchestra / The Danish Radio Big Band / Danish National Concert Choir / Christian Schumann,5QbDsCVodnEAmPG4wjzhHb,a1.00 t1.00 !DANGER,review
G9,official-pl-series-tv,RJD2,A Beautiful Mine (Mad Men),vD12mZiFPtM,A Beautiful Mine (Theme Music From Mad Men),RJD2,2702GtxVwaqYxLCgmTF5AS,a1.00 t1.00,auto-ok
G9,official-pl-series-tv,Bear McCreary,The Walking Dead Theme,taNeTh7ihkI,The Walking Dead (Main Title Theme),Bear McCreary / Steven Kaplan / Baltic House Orchestra,0vBpbNkls2CVuOhn5GcthZ,a1.00 t1.00,auto-ok
G9,official-pl-series-tv,Kyle Dixon & Michael Stein,Stranger Things Theme,_EEPAvqjLH4,Stranger Things Theme,Kyle Dixon / Michael Stein / London Music Works,3P4uwMT4QJeiWgMlmh591z,a1.00 t1.00,auto-ok
G9,official-pl-series-tv,Nick Cave & The Bad Seeds,Peaky Blinders Theme (Red Right Hand),RrxePKps87k,Red Right Hand (Immortal),Nick Cave,5QzC9JhouZtgQoT9Y1hQKB,a1.00 t0.25,no-match
G9,official-pl-series-tv,Massive Attack,House M.D. Theme (Teardrop),u7K72X4eo_s,Safe From Harm - 2012 Mix/Master,Massive Attack / Shara Nelson,1vNNfTgHsrpOXeiaXQBlH7,a1.00 t0.20,no-match
G9,official-pl-series-tv,The Handsome Family,Far From Any Road (True Detective),Pl6MCWMU8aE,"Far From Any Road - Main Title Theme from ""True Detective""",The Handsome Family,1PmWRQ2TPB5FCOvinqx7ql,a1.00 t1.00,auto-ok
G9,official-pl-series-tv,Angelo Badalamenti,Twin Peaks Theme,pXrjMaVoTy0,Twin Peaks Theme,Angelo Badalamenti,5xdtUZKYnE4l7KSzgQ6MBD,a1.00 t1.00,auto-ok
G9,official-pl-series-tv,Mark Snow,The X-Files Main Title,Qz2wnSVeITg,The X Files,Mark Ayres,1NS5JMtdxXcVGcXeefgKp2,a0.50 t1.00,no-match
G9,official-pl-series-tv,Ima Robot,Greenback Boogie (Suits),PhJnpbicLnk,Greenback Boogie,Ima Robot,74RBxG1kzNOYOgDGn5RO8S,a1.00 t1.00,auto-ok
G9,official-pl-series-tv,Dave Porter,Breaking Bad Main Title,ilfYnhXD-bE,Breaking Bad Main Title Theme (Extended),Dave Porter,2hsLpiKNkWpd4e9QuVdhar,a1.00 t1.00,auto-ok
G9,official-pl-series-tv,Ramin Djawadi,Game of Thrones (Main Title),eCemS3f-LDU,Game Of Thrones (Main Title),Ramin Djawadi / Z!GOR,1YzPNhZZwHgNV5R2niyHoq,a1.00 t1.00,auto-ok
G9,official-pl-series-tv,Douglas J. Cuomo,Sex and the City Theme,VAIFcUbuqEo,Theme from Sex and the city,Douglas J. Cuomo / Sjöbo Ungdomsorkester,47noCMDQoFt1WQ59KBh8EZ,a1.00 t0.37,no-match
G9,official-pl-series-tv,Rodrigo Amarante,Narcos Main Title (Tuyo),PtJ6yAGjsIs,Narcos,Tidjo,4z88yJIbFtZkL26kXE9M1y,a0.13 t1.00,no-match
G9,official-pl-fr-90s-hard,Marc Lavoine,L'amour de ma vie,U02LXUNcdTo,Elle a les yeux revolver,Marc Lavoine,1fU9wVDi3yZrawv1Rc4vcS,a1.00 t0.29,no-match
G9,official-pl-fr-90s-hard,Native,Tu planes sur moi,-PB4IIzEspM,Tu planes sur moi (Version masterisée 2021),Native,2OsTA210PL3yi1CV1acECf,a1.00 t1.00,auto-ok
G9,official-pl-fr-90s-hard,Liane Foly,Au fur et à mesure,YTxK-PJgJuM,Au fur et à mesure,Liane Foly,2znYKtzWBFLIzSiwnbbGvA,a1.00 t1.00,auto-ok
G9,official-pl-fr-90s-hard,Pow woW,Le chat,6AN_45QjOLA,Le chat,Pow Wow,7BSEnYIlIsZdY0BZbNr0yn,a1.00 t1.00,auto-ok
G9,official-pl-fr-90s-hard,MC Solaar,Nouveau Western,4s2VaI4sgrY,Nouveau western,MC Solaar,229qdMCBoifrNO40j8wmQb,a1.00 t1.00,auto-ok
G9,official-pl-fr-90s-hard,Khaled,Didi,jNL4mzzs5ZA,Didi,Khaled,4xbAZSAfXfksdBXSvtAHLJ,a1.00 t1.00,auto-ok
G9,official-pl-fr-90s-hard,Stomy Bugsy,Que justice soit faite,3wafM4bzLmY,Mes forces décuplent quand on m'inculpe (feat. Assïa),Stomy Bugsy / Assia,56uBezxRFAmIdztdUPvQAT,a1.00 t0.21,no-match
G9,official-pl-fr-90s-hard,Louise Attaque,Léa,Wt6eHMIhVxI,Léa,Louise Attaque,709Vk4ahhCM6ENgRVTTYw6,a1.00 t1.00,auto-ok
G9,official-pl-fr-90s-hard,Céline Dion,Pour que tu m'aimes encore,AzaTyxMduH4,Pour que tu m'aimes encore,Céline Dion,2hwHPUMNlR8WfCGOwBYco0,a1.00 t1.00,auto-ok
G9,official-pl-fr-90s-hard,Doc Gynéco,Nirvana,JYcekMwrVaI,Nirvana,Doc Gynéco,7aVlhDQNBEDVye653bUDeF,a1.00 t1.00,auto-ok
G9,official-pl-fr-90s-hard,Les Négresses Vertes,Zobi la mouche,b14czToj5bo,Zobi la mouche,Les Négresses Vertes,3CEEt3Yy9BoxkkNHorYVpV,a1.00 t1.00,auto-ok
G9,official-pl-fr-90s-hard,IAM,Demain c'est loin,_eObAFn9F4E,"Demain, c'est loin",IAM,0QtKyWOrV5Vhw2n5Yf7LcF,a1.00 t1.00,auto-ok
G9,official-pl-fr-90s-hard,Les Innocents,L'autre Finistère,tKlcV9QAn5s,L'autre Finistère,Les Innocents,7idH9AnDtl02fve6bb0w4v,a1.00 t1.00,auto-ok
G9,official-pl-fr-90s-hard,Pascal Obispo,Tombé pour elle,S_4TmECivi4,Tombé pour elle - L'île aux oiseaux,Pascal Obispo,1pf23WlPof998K3ezEuH0G,a1.00 t1.00,auto-ok
G9,official-pl-fr-90s-hard,Noir Désir,À ton étoile,BFQLqbZpOOQ,À ton étoile,Noir Désir,7eDzQGkrSmhCstPQ3ho446,a1.00 t1.00,auto-ok
G9,official-pl-fr-90s-hard,Florent Pagny,Caruso,53a_yC4oBsc,Caruso - Edit,Florent Pagny,6hzYm5996aRNtqmCdL4Jku,a1.00 t1.00,auto-ok
G9,official-pl-fr-90s-hard,Alain Souchon,Foule sentimentale,V_SNDGwwGFM,Foule sentimentale,Alain Souchon,2W4ZxAHZAXOf6r65pCskGR,a1.00 t1.00,auto-ok
G9,official-pl-fr-90s-hard,Manau,La tribu de Dana,80hMEKlLVgQ,La tribu de Dana,Manau,64gCM9yZv2jpNflclKUnXu,a1.00 t1.00,auto-ok
G9,official-pl-fr-90s-mix,Yannick Noah,Saga Africa,b9hS4_nhYCs,Saga Africa (ambiance secousse),Yannick Noah,6ouQVLPPEplvVA62uXh2ar,a1.00 t1.00,auto-ok
G9,official-pl-fr-90s-mix,Mylène Farmer,Je t'aime mélancolie,KrT9F7J8FlU,Je t'aime mélancolie - Remix Version,Mylène Farmer,1nUI5XCjwiVc2kefbz8L3C,a1.00 t1.00 !DANGER,review
G9,official-pl-fr-90s-mix,Matmatah,Lambé an dro,do9KqKFBy90,Lambé An Dro,Matmatah,4TQxGBi80EZbm6COxwIcGR,a1.00 t1.00,auto-ok
G9,official-pl-fr-90s-mix,Fredericks Goldman Jones,À nos actes manqués,xxddJMlnICI,A nos actes manqués,Carole Fredericks / Jean-Jacques Goldman / Michael Jones,49l4Fv41jWi2TGCsPmseKY,a0.38 t1.00,no-match
G9,official-pl-fr-90s-mix,Worlds Apart,Je te donne,WYjXfymLvSc,Je Te Donne,Worlds Apart,5bQhPNavO5eOiBNvRYESzY,a1.00 t1.00,auto-ok
G9,official-pl-fr-90s-mix,Akhenaton,Bad Boys de Marseille,_AKNGgSmhoY,"Bad Boys de Marseille, Pt. 2 (feat. Shurik'n)",Akhenaton / Fonky Family / Shurik'n,78ujFEl6ZHZF8wRy7dYo0T,a1.00 t1.00,auto-ok
G9,official-pl-fr-90s-mix,Dolly,Mascara,duzOksadaNs,Baila,Dolly Danse,0C5WvAdKtXPHCjTPQCFIBy,a0.45 t0.29,no-match
G9,official-pl-fr-90s-mix,Ensemble Solidarité Sida,Sa raison d'être,2KRvvRN8hMc,Je veux Ta présence,Hervé Kumingi,14EPk17tfEWCz4EdTFqYgo,a0.21 t0.21,no-match
G9,official-pl-fr-90s-mix,Stephan Eicher,Déjeuner en paix,SD27eir2GNw,Déjeuner en paix,Stephan Eicher,6DFzpa0eHyEkvQ2oeewmA2,a1.00 t1.00,auto-ok
G9,official-pl-fr-90s-mix,Florent Pagny,Vivre pour le meilleur,Xs-_NZ0LhrA,Savoir aimer,Florent Pagny,0x8GIrcAO8msuslNoTKIXM,a1.00 t0.32,no-match
G9,official-pl-fr-90s-mix,Manau,La tribu de Dana,80hMEKlLVgQ,La tribu de Dana,Manau,64gCM9yZv2jpNflclKUnXu,a1.00 t1.00,auto-ok
G9,official-pl-fr-90s-mix,Francis Cabrel,"Je t'aimais, je t'aime, je t'aimerai",EVeZzR677DU,"Je t'aimais, je t'aime, je t'aimerai",Francis Cabrel,6G1Prx5bZTrvYLjHeD5CvK,a1.00 t1.00,auto-ok
G9,official-pl-fr-90s-mix,Céline Dion,Pour que tu m'aimes encore,AzaTyxMduH4,Pour que tu m'aimes encore,Céline Dion,2hwHPUMNlR8WfCGOwBYco0,a1.00 t1.00,auto-ok
G9,official-pl-fr-90s-mix,Étienne Daho,Saudade,EbjNZtEAFxg,Saudade - 2016 Remaster,Étienne Daho,1xZUZAcmPjj1e9dYGavve2,a1.00 t1.00,auto-ok
G9,official-pl-fr-90s-mix,Fredericks Goldman Jones,Né en 17 à Leidenstadt,B1T2taOC1WA,Né en 17 à Leidenstadt,Carole Fredericks / Jean-Jacques Goldman / Michael Jones,3ZSYec83Q9b9xELhFtbzZy,a0.38 t1.00,no-match
G9,official-pl-fr-90s-mix,Lilicub,Voyage en Italie,bse02AUNP_o,Voyage en Italie,Lilicub,5FmknnkNLdiGeDndWfuxON,a1.00 t1.00,auto-ok
G9,official-pl-fr-90s-mix,Alain Souchon,Foule sentimentale,V_SNDGwwGFM,Foule sentimentale,Alain Souchon,2W4ZxAHZAXOf6r65pCskGR,a1.00 t1.00,auto-ok
G9,official-pl-fr-90s-mix,Jordy,Dur dur d'être bébé,7IiLZ0dvDWU,Dur Dur d'être bébé !,Jordy,72kapv3rME4uCcRkIe9AQ6,a1.00 t1.00,auto-ok
G9,official-pl-fr-2010s-easy,Stromae,Papaoutai,WNa60w5HOB4,Papaoutai,Stromae,34dx8DACTJsc3rsJdaEIQw,a1.00 t1.00,auto-ok
G9,official-pl-fr-2010s-easy,Stromae,Tous les mêmes,lH7wGCV7x2c,Tous les mêmes,Stromae,6M4nkEPZMj58acftDRTuKL,a1.00 t1.00,auto-ok
G9,official-pl-fr-2010s-easy,Kendji Girac,Andalouse,TitJFtjAAWk,Andalouse,Kendji Girac,0fqlz0L5w16uQrELsFxTp0,a1.00 t1.00,auto-ok
G9,official-pl-fr-2010s-easy,Maître Gims,Bella,flDppn2F6wY,Bella,GIMS,1vELwZM3uBYWd8HrtddD4l,a0.36 t1.00,no-match
G9,official-pl-fr-2010s-easy,ZAZ,Je veux,0TFNGRYMz1U,Je veux,Zaz,734dz1YaFITwawPpM25fSt,a1.00 t1.00,auto-ok
G9,official-pl-fr-2010s-easy,PNL,Au DD,BtyHYIpykN0,Au DD,PNL,5lCxlSBFyP5g4EhVypAoOu,a1.00 t1.00,auto-ok
G9,official-pl-fr-2010s-easy,Calogero,Cinquième saison,sTSR1UD2W7k,Si seulement je pouvais lui manquer,Calogero,4iHzUEBK1UkPsti0hGRGFF,a1.00 t0.29,no-match
G9,official-pl-fr-2010s-easy,Indila,Dernière danse,K5KAc5CoCuk,Dernière danse,Indila,65uoaqX5qcjXZRheAj1qQT,a1.00 t1.00,auto-ok
G9,official-pl-fr-2010s-easy,Angèle,Balance ton quoi,Hi7Rx3En7-k,Balance ton quoi,Angèle,2jX5c5RFp0A9E1GDsvGxIa,a1.00 t1.00,auto-ok
G9,official-pl-fr-2010s-easy,Bigflo & Oli,Dommage,8AF-Sm8d8yk,Dommage,Bigflo & Oli,4BEWiTPV0v87mBryf7gdxK,a0.60 t1.00,review
G9,official-pl-fr-2010s-easy,Lartiste,Mafiosa,Y9UXMgNk4Do,Mafiosa (feat. Caroliina),Lartiste / Caroliina,0WxiQqTcK3ZErx2mMWgtm6,a1.00 t1.00,auto-ok
G9,official-pl-fr-2010s-easy,Black M,Sur ma route,bB28ah9AOUQ,Sur ma route,Black M,3Uyt0WO3wOopnUBCe9BaXl,a1.00 t1.00,auto-ok
G9,official-pl-fr-2010s-easy,Maître Gims,Sapés comme jamais,c5eJinslaeI,Sapés comme jamais (feat. Niska) - Pilule bleue,GIMS / Niska,0CJ31BEjjl1tPIj0CKi9kH,a0.36 t1.00,no-match
G9,official-pl-fr-2010s-easy,Bilal Hassani,Roi,BEPWr-IE_2o,Roi,Bilal Hassani,7pLQelyQgfxEqc26woIhBA,a1.00 t1.00,auto-ok
G9,official-pl-fr-2010s-easy,Clara Luciani,La Grenade,85m-Qgo9_nE,La grenade,Clara Luciani,7ixCRBD0FZMRBeOBhTu2KD,a1.00 t1.00,auto-ok
G9,official-pl-fr-2010s-easy,Aya Nakamura,Copines,BBwepkVurCI,Copines,Aya Nakamura,1Bhm5HNO1cq8olDbBmokyL,a1.00 t1.00,auto-ok
G9,official-pl-fr-2010s-easy,Indila,Tourner dans le vide,vtNJMAyeP0s,Tourner Dans Le Vide,Indila,1MqzIgGsHP4cNjPboevsfq,a1.00 t1.00,auto-ok
G9,official-pl-fr-2010s-easy,Aya Nakamura,Djadja,_WTIreLNKLc,Djadja,Aya Nakamura,7sKDftgGirHWTVFMtJoDoh,a1.00 t1.00,auto-ok
G9,official-pl-cinema-fr-bo,Pierre Bachelet,Les Corons,rygifBeBKUU,Les corons,Pierre Bachelet,1bIupoWqwPhmPbXekHD5QR,a1.00 t1.00,auto-ok
G9,official-pl-cinema-fr-bo,Cook Da Books,Your Eyes,5hYXy6yQPo0,Your Eyes,Vladimir Cosma / Cook da Books,7AaUxBAMKkUUf9bUSLw1NZ,a1.00 t1.00,auto-ok
G9,official-pl-cinema-fr-bo,Luis Mariano,Mexico,cKeQcmlvKEE,Mexico,Luis Mariano,1FlM93FFdy4zmAXrpvVZS5,a1.00 t1.00,auto-ok
G9,official-pl-cinema-fr-bo,Alain Souchon,Foule sentimentale,5IRPgzPZQl8,Foule sentimentale,Alain Souchon,2W4ZxAHZAXOf6r65pCskGR,a1.00 t1.00,auto-ok
G9,official-pl-cinema-fr-bo,Stromae,Formidable,S_xH7noaqTA,Formidable,Stromae,2AMysGXOe0zzZJMtH3Nizb,a1.00 t1.00,auto-ok
G9,official-pl-cinema-fr-bo,Serge Gainsbourg,"Sea, Sex and Sun",DFa7dG25wp0,"Sea, Sex And Sun",Serge Gainsbourg,2RJBXZ8bWc6DDOuIlPdF7R,a1.00 t1.00,auto-ok
G9,official-pl-cinema-fr-bo,Les Bronzés,"Quand te reverrai-je, pays merveilleux",yBNscWhrz9Q,"Quand te reverrai-je, pays merveilleux ?",Michel Blanc,3V4JVjXmwzRpbT0ev7sns0,a0.17 t1.00,no-match
G9,official-pl-cinema-fr-bo,Les Choristes,Caresse sur l'océan,R8dKomfe_0s,Caresse sur l'océan,Bruno Coulais / La Maîtrise de Saint Marc - LES CHORISTES,2pLFt1rg1vvdc2bxbpm152,a0.33 t1.00,no-match
G9,official-pl-cinema-fr-bo,Patrick Hernandez,Born to Be Alive,9UaJAnnipkY,Born to Be Alive - The Original,Patrick Hernandez,3XIEWK1V9n25PS9Vb6axj5,a1.00 t1.00,auto-ok
G9,official-pl-cinema-fr-bo,"Earth, Wind & Fire",Boogie Wonderland,_93PWvC2_vU,Boogie Wonderland (with The Emotions),"Earth, Wind & Fire / The Emotions",6ztstiyZL6FXzh4aG46ZPD,a0.33 t1.00,no-match
G9,official-pl-cinema-fr-bo,Ritchie Valens,La Bamba,Coy8Hoa1DNw,La Bamba - Single Version,Ritchie Valens,2aEeghgUcnu75tzcolFMfs,a1.00 t1.00,auto-ok
G9,official-pl-cinema-fr-bo,Richard Sanderson,Reality,ipc1O2sIk8c,Reality,Vladimir Cosma / Richard Sanderson,1gci2QBGH5nzPWePv6ATom,a1.00 t1.00,auto-ok
G9,official-pl-cinema-fr-bo,Ludovico Einaudi,Una Mattina,IukERq7ROO4,Una Mattina,Ludovico Einaudi,0Dkibk70FDp6t7eOZNemNQ,a1.00 t1.00,auto-ok
G9,official-pl-cinema-fr-bo,Yann Tiersen,Comptine d'un autre été : L'après-midi,I0cZukTFXNw,"Comptine d'un autre été, l'après-midi",Yann Tiersen,14rZjW3RioG7WesZhYESso,a1.00 t1.00,auto-ok
G9,official-pl-cinema-fr-bo,Les Choristes,Vois sur ton chemin,aSO5fQTmHNY,Vois sur ton chemin,Bruno Coulais / La Maîtrise de Saint Marc - LES CHORISTES,0HfK6NPVb69533dKqTPokh,a0.33 t1.00,no-match
G9,official-pl-cinema-fr-bo,Stromae,Papaoutai,oiKj0Z_Xnjc,Papaoutai,Stromae,34dx8DACTJsc3rsJdaEIQw,a1.00 t1.00,auto-ok
G9,official-pl-cinema-fr-bo,Indila,Dernière danse,K5KAc5CoCuk,Dernière danse,Indila,65uoaqX5qcjXZRheAj1qQT,a1.00 t1.00,auto-ok
G9,official-pl-cinema-fr-bo,Yann Tiersen,La valse d'Amélie,uzurqBnALkw,La valse d'Amélie,Yann Tiersen,7MIN37CiVP1lVjqKNmLMWk,a1.00 t1.00,auto-ok
G9,official-pl-boomers-60-plus,Céline Dion,Pour que tu m'aimes encore,AzaTyxMduH4,Pour que tu m'aimes encore,Céline Dion,2hwHPUMNlR8WfCGOwBYco0,a1.00 t1.00,auto-ok
G9,official-pl-boomers-60-plus,Renaud,Manhattan-Kaboul,qtLJnn3Up-I,Manhattan-Kaboul,Renaud / Axelle Red,7eJdx83TiKsVqAzLFBelMO,a1.00 t1.00,auto-ok
G9,official-pl-boomers-60-plus,Georges Moustaki,Le métèque,WI5mld3uDz8,Le métèque,Georges Moustaki,2s87dcsw2KjuhDnVqJ98Cu,a1.00 t1.00,auto-ok
G9,official-pl-boomers-60-plus,Alain Bashung,Gaby oh Gaby,gPKqSkC4-Rw,Gaby oh Gaby - Remix 1991,Alain Bashung,05qoPv4EaGAQ0OqOPtm186,a1.00 t1.00 !DANGER,review
G9,official-pl-boomers-60-plus,Claude François,"Belles, belles, belles",F6anG1hPs44,Belles belles belles,Claude François,1Q6j1dx7pXzuLZLAexFWuQ,a1.00 t1.00,auto-ok
G9,official-pl-boomers-60-plus,Bourvil,La tendresse,wEhw9AMYOoA,La tendresse,Bourvil,3zGyeDSDFss9IgJw3dPPIX,a1.00 t1.00,auto-ok
G9,official-pl-boomers-60-plus,Indochine,J'ai demandé à la lune,KAOmC5qT02w,J'ai demandé à la lune,Indochine,2QSAj76Ba6aMFX9RlXdUdO,a1.00 t1.00,auto-ok
G9,official-pl-boomers-60-plus,Noir Désir,Le vent nous portera,NrgcRvBJYBE,Le vent nous portera,Noir Désir,2ZQVJD9I6GCqXmkmMuEoLa,a1.00 t1.00,auto-ok
G9,official-pl-boomers-60-plus,Michel Sardou,Les lacs du Connemara,bpEmjxobvbY,Les lacs du Connemara,Michel Sardou,3vHswuqTNO0hIiW6am0tKB,a1.00 t1.00,auto-ok
G9,official-pl-boomers-60-plus,Joe Dassin,Et si tu n'existais pas,fVCAFvIq_F8,Et si tu n'existais pas,Joe Dassin,1GeszH3DWCOKwK0d8D5gEZ,a1.00 t1.00,auto-ok
G9,official-pl-boomers-60-plus,Michel Fugain,Une belle histoire,AErazxVXkHw,Une belle histoire - Love Michel Fugain,Michel Fugain / Arcadian / Claudio Capéo / Corneille / Anaïs Delva / Olivier Dion / Mickaël Dos Santos / Patrick Fiori / Florent Mothe / Damien Sargue,0cp8gS8208teQeHQ8d7akt,a1.00 t1.00,auto-ok
G9,official-pl-boomers-60-plus,Jean-Jacques Goldman,Né en 17 à Leidenstadt,UnSz5YYEc1Y,Né en 17 à Leidenstadt,Carole Fredericks / Jean-Jacques Goldman / Michael Jones,3ZSYec83Q9b9xELhFtbzZy,a1.00 t1.00,auto-ok
G9,official-pl-boomers-60-plus,Michel Sardou,Je vais t'aimer,EbfL4kjiGOc,Je vais t'aimer,Michel Sardou,3TqoXM2sHgEFXgd1ywgyZf,a1.00 t1.00,auto-ok
G9,official-pl-boomers-60-plus,Hugues Aufray,Adieu monsieur le professeur,nXW-5lWbXIg,Adieu monsieur le professeur,Hugues Aufray,09fc4Tyg7MhP9TovMe6zFX,a1.00 t1.00,auto-ok
G9,official-pl-boomers-60-plus,Renaud,Mistral gagnant,Tuoh3o0CM3Y,Mistral gagnant,Renaud,1MOSRjdAbUhvLNnHCdUEL5,a1.00 t1.00,auto-ok
G9,official-pl-boomers-60-plus,Nino Ferrer,Le Sud,He5dcAOXSY4,Le sud,Nino Ferrer,6nfZUEYD5hcUnMUR55gAXD,a1.00 t1.00,auto-ok
G9,official-pl-boomers-60-plus,Charlélie Couture,Comme un avion sans aile,nGeA_hwTBSk,Comme un avion sans aile,Charlelie Couture,0YFLNz59b1JPU6o8gSdOqF,a1.00 t1.00,auto-ok
G9,official-pl-boomers-60-plus,Lilicub,Voyage en Italie,bse02AUNP_o,Voyage en Italie,Lilicub,5FmknnkNLdiGeDndWfuxON,a1.00 t1.00,auto-ok
G9,official-pl-fr-80s-mix,Élégance,"Vacances, j'oublie tout",JdG0xgEQzK4,Vacances j'oublie tout - Version originale 1982,Elegance,4CnnzgLEJUULotAm74v4yn,a1.00 t1.00,auto-ok
G9,official-pl-fr-80s-mix,Francis Cabrel,Sarbacane,75MMjly5AjM,Sarbacane,Francis Cabrel,6DWPy0oSLzVEREa6KbGS9V,a1.00 t1.00,auto-ok
G9,official-pl-fr-80s-mix,Téléphone,Argent trop cher,MY4OK0FXEYg,Argent trop cher,Téléphone,6cPaLorlb6NAyNzcwvYpjG,a1.00 t1.00,auto-ok
G9,official-pl-fr-80s-mix,Renaud,Marche à l'ombre,EHU6A3aG7iQ,Marche à l'ombre,Renaud,3WP1dRyg523ZgH7PzUM8ya,a1.00 t1.00,auto-ok
G9,official-pl-fr-80s-mix,François Feldman,Magic Boulevard,FmxPETsLQms,Magic boulevard,François Feldman,5vogPiSHHoSB77PXp3QeR0,a1.00 t1.00,auto-ok
G9,official-pl-fr-80s-mix,Niagara,La belle inconnue,-cYQKDm26Kc,Quand la ville dort,Niagara,260xVQGeGUDyHYWp4FXdia,a1.00 t0.21,no-match
G9,official-pl-fr-80s-mix,France Gall,"Ella, elle l'a",lgHGU8gqz9U,"Ella, elle l'a",France Gall,3XM3TD08DSAzl84yasWP1x,a1.00 t1.00,auto-ok
G9,official-pl-fr-80s-mix,Mireille Mathieu,Femme amoureuse,zAxOxticVE8,Une femme amoureuse,Mireille Mathieu,0uNbQRIDBIA8ttt9c0ijki,a1.00 t0.79,review
G9,official-pl-fr-80s-mix,Jean-Patrick Capdevielle,Quand t'es dans le désert,C_mRN_iq1-k,Quand t'es dans le désert,Jean-Patrick Capdevielle,5h4Xdlr3VMrPF3ZIzsnUqu,a1.00 t1.00,auto-ok
G9,official-pl-fr-80s-mix,Herbert Léonard,Pour le plaisir,x36hqnfWsaQ,Pour le plaisir,Herbert Léonard,3UbjLaV37WezwuvT2pdsIL,a1.00 t1.00,auto-ok
G9,official-pl-fr-80s-mix,Kaoma,La lambada,iyLdoQGBchQ,Lambada - Original Version 1989,Kaoma,6xepovPqjvrkEw9Y5AMmTm,a1.00 t0.70,review
G9,official-pl-fr-80s-mix,Daniel Balavoine,"Mon fils, ma bataille",U6HI__YOhe4,Mon fils ma bataille,Daniel Balavoine,0tZdYg6Tf2aGq2C4FyNzwN,a1.00 t1.00,auto-ok
G9,official-pl-fr-80s-mix,Ottawan,"T'es OK, t'es bath, t'es in",2XVHXW2u_98,"T'es OK, T'es Bath, T'es In - Version single",Ottawan,5AjA6G0HZYzrgE3b6SGJgG,a1.00 t1.00,auto-ok
G9,official-pl-fr-80s-mix,Sabine Paturel,Les bêtises,gD7trwyPGKA,Les bêtises,Sabine Paturel,7IuGwCqXmm0499tyw7Nfu5,a1.00 t1.00,auto-ok
G9,official-pl-fr-80s-mix,Yves Duteil,La langue de chez nous,9LCZzltHSDk,La langue de chez nous,Yves Duteil,30XmHRsuR9Nvc0wvls8okr,a1.00 t1.00,auto-ok
G9,official-pl-fr-80s-mix,Desireless,Voyage voyage,6PDmZnG8KsM,Voyage voyage,Desireless,2d8D7uk3tbAThjRkdfrx9c,a1.00 t1.00,auto-ok
G9,official-pl-fr-80s-mix,Patricia Kaas,Mademoiselle chante le blues,wy7N5M700Y8,Mademoiselle chante le blues,Patricia Kaas,6vjDUJqVKU9Ws7AIHBCAv9,a1.00 t1.00,auto-ok
G9,official-pl-fr-2010s-medium,Vianney,Pas là,nBI0bDH8W28,Pas là,Vianney,55txN6pmN5RAOjGPnINMlg,a1.00 t1.00,auto-ok
G9,official-pl-fr-2010s-medium,Bigflo & Oli,Allez allez allez,kSiPwM31Y08,Allez le stade toulousain,Bigflo et oli,7nOuGSvuMYS9TlH2ELu6CP,a0.46 t0.32,no-match
G9,official-pl-fr-2010s-medium,Imany,Catastrophe,AnRhb474F8E,Take Care,Imany,4Z4MDDYaQhQv7fyhhtBdxP,a1.00 t0.27,no-match
G9,official-pl-fr-2010s-medium,Tal,Pourtant,Xdk-XVpnjeY,Pourtant,Syrano,7lHS0AOjDPfGCMYtDQo8pV,a0.17 t1.00,no-match
G9,official-pl-fr-2010s-medium,Keen'V,Petite Émilie,9JaVW9u-zrE,Petite Emilie,Keen' V,1ZkaWbXzWZJd6U9VaXVPOa,a1.00 t1.00,auto-ok
G9,official-pl-fr-2010s-medium,Christine and the Queens,Christine,C3QBPjyipqM,Christine,Christine and the Queens,6tNDVXXaYWsBd3Mqhfelvl,a1.00 t1.00,auto-ok
G9,official-pl-fr-2010s-medium,3 Cafés Gourmands,À nos souvenirs,voQhp1K2TSk,À nos souvenirs,Trois Cafés Gourmands,3LgrzjwX7RVTtAX9Ai12Qm,a0.76 t1.00,review
G9,official-pl-fr-2010s-medium,Stromae,Carmen,wdpXyI3_Qpk,carmen,Stromae,1pRvlcrVxqdDAyYT1Ym3Wq,a1.00 t1.00,auto-ok
G9,official-pl-fr-2010s-medium,Louane,Je vole,rd92pp1GhHQ,Je vole,Louane,5CLkunLzzmoI5vzwlR5QeV,a1.00 t1.00,auto-ok
G9,official-pl-fr-2010s-medium,Christine and the Queens,Saint Claude,_C7lXrdjrjQ,Saint Claude,Christine and the Queens,7zp7JGAykY6Z19qP633p5M,a1.00 t1.00,auto-ok
G9,official-pl-fr-2010s-medium,Mozart Opéra Rock,Tatoue-moi,GRUKZTWQf9o,Tatoue moi,Mozart Opera Rock,4ZRY58aEy2TsixskDcEOIJ,a1.00 t1.00,auto-ok
G9,official-pl-fr-2010s-medium,Amir,J'ai cherché,kQysGibXphE,J'ai cherché,Amir,1lzRxwbdl86iJlYMz48KoD,a1.00 t1.00,auto-ok
G9,official-pl-fr-2010s-medium,Louane,Maman,rxuuG3WmXVE,maman,Louane,1iJ9cSEWYQsd2M7ROFyIZx,a1.00 t1.00,auto-ok
G9,official-pl-fr-2010s-medium,Soprano,Hello,0BR1vCaPhCo,Hello,Soprano,1noq2AhSIXxjO9LiJHvUko,a1.00 t1.00,auto-ok
G9,official-pl-fr-2010s-medium,2 Frères,La promesse,rArne7YvmGc,Maudite promesse - Live,2Frères,4epe8qJvSL4rxuH2k9rxzV,a0.88 t0.63 !DANGER,review
G9,official-pl-fr-2010s-medium,Indila,Dernière danse,K5KAc5CoCuk,Dernière danse,Indila,65uoaqX5qcjXZRheAj1qQT,a1.00 t1.00,auto-ok
G9,official-pl-fr-2010s-medium,Stromae,Papaoutai,oiKj0Z_Xnjc,Papaoutai,Stromae,34dx8DACTJsc3rsJdaEIQw,a1.00 t1.00,auto-ok
G9,official-pl-fr-2000s-easy,Garou & Céline Dion,Sous le vent,a2_ss9y-VjE,Sous le vent,Garou / Céline Dion,6VZB0ttlqGjpGMAcaomXh9,a1.00 t1.00,auto-ok
G9,official-pl-fr-2000s-easy,Ilona Mitrecey,Un monde parfait,y8p0BxMykqg,Un monde parfait,Ilona Mitrecey,4Dd8r3d1Tu2mvvjn2Vj4Sg,a1.00 t1.00,auto-ok
G9,official-pl-fr-2000s-easy,K.Maro,Femme like u,P9M-y0nk6_0,Femme Like U,K.Maro,4iVnfuAmwJNAGsiHz8Po6Y,a1.00 t1.00,auto-ok
G9,official-pl-fr-2000s-easy,Diam's & Vitaa,Confessions nocturnes,TwhoaPgBwI8,Confessions Nocturnes,Diam's / Vitaa,0C9qil6cXEEJ8AzrMUEHv6,a1.00 t1.00,auto-ok
G9,official-pl-fr-2000s-easy,Garou,Seul,R3jDPgpUN9k,Seul,Garou,7MRyru6giOwdtFYL5KQEVq,a1.00 t1.00,auto-ok
G9,official-pl-fr-2000s-easy,Alizée,Moi... Lolita,QpbHdIrtpNo,Moi... Lolita,Alizée,6e0LjNPkRqxIAlmmdjWSV8,a1.00 t1.00,auto-ok
G9,official-pl-fr-2000s-easy,Indochine,J'ai demandé à la lune,KAOmC5qT02w,J'ai demandé à la lune,Indochine,2QSAj76Ba6aMFX9RlXdUdO,a1.00 t1.00,auto-ok
G9,official-pl-fr-2000s-easy,Juanes,La Camisa Negra,kRt2sRyup6A,La Camisa Negra,Juanes,2EM9zpAc7PVeoAydmbfVIL,a1.00 t1.00,auto-ok
G9,official-pl-fr-2000s-easy,Nolwenn Leroy,Cassé,5UGaerggjdY,Cassé,Nolwenn Leroy,1YqHug87ndn6HN6D00Smuw,a1.00 t1.00,auto-ok
G9,official-pl-fr-2000s-easy,Bonnie Tyler & Kareen Antonn,Si demain... (Turn Around),MXGokfLRUKI,Si demain... (Turn round),Bonnie Tyler / Kareen Antonn,5F0i9xFqKYS1RVUEKPBaYy,a1.00 t1.00,auto-ok
G9,official-pl-fr-2000s-easy,Calogero,Si seulement je pouvais lui manquer,oN576VDwQP8,Si seulement je pouvais lui manquer,Calogero,4iHzUEBK1UkPsti0hGRGFF,a1.00 t1.00,auto-ok
G9,official-pl-fr-2000s-easy,Carla Bruni,Quelqu'un m'a dit,EelX_LwPHbA,Quelqu'un m'a dit,Carla Bruni,6w9Pf2VV4kZNcExAjcG2hw,a1.00 t1.00,auto-ok
G9,official-pl-fr-2000s-easy,Yannick Noah,Aux arbres citoyens,U8DD1c24bwk,Aux arbres citoyens,Yannick Noah,2poOtKwdjc39DRNmY6wRV2,a1.00 t1.00,auto-ok
G9,official-pl-fr-2000s-easy,Najoua Belyzel,Mon ange,XAwqxx-M0mE,Ô Mon Amour,Najoua Belyzel,1pptbhmhvpGMWT2pJXPcCi,a1.00 t0.45,no-match
G9,official-pl-fr-2000s-easy,Camille,Le festin,p_hdmt4vpBo,Le Festin,Camille / Michael Giacchino,02JIdsrod3BYucThfUFDUX,a1.00 t1.00,auto-ok
G9,official-pl-fr-2000s-easy,Grégoire,Toi + moi,1B083_AiXTU,Toi + Moi,Grégoire,1cl6UxttwMTjJXsdyMDUde,a1.00 t1.00,auto-ok
G9,official-pl-fr-2000s-easy,Renaud,Manhattan-Kaboul,qtLJnn3Up-I,Manhattan-Kaboul,Renaud / Axelle Red,7eJdx83TiKsVqAzLFBelMO,a1.00 t1.00,auto-ok
G10,official-pl-rock-fr,Mano Negra,Mala Vida,gwcO1lIa_S8,Mala Vida,Mano Negra,0UY0JLj9kxOlgF6FHogCmX,a1.00 t1.00,auto-ok
G10,official-pl-rock-fr,Les Rita Mitsouko,Le petit train,Pn5X4_JCJgg,Le petit train,Les Rita Mitsouko,4c09RSf8d6djYaA7eULKqJ,a1.00 t1.00,auto-ok
G10,official-pl-rock-fr,Mano Negra,King Kong Five,x7cBZTiBfAA,King Kong Five,Mano Negra,5DCHjrbjn6KN9CqkEfsd2K,a1.00 t1.00,auto-ok
G10,official-pl-rock-fr,Skip the Use,Ghost,KJ_uPu5iDVE,Ghost,Skip the Use,3eFNBjKcEt3OJYnlJLQS6Q,a1.00 t1.00,auto-ok
G10,official-pl-rock-fr,Sinsemilia,Tout le bonheur du monde,dGBQUcQZmYQ,Tout le bonheur du monde,Sinsémilia,2jY4XzyntBSe2ns2EwA2pL,a1.00 t1.00,auto-ok
G10,official-pl-rock-fr,Indochine,Canary Bay,z3K-pBlZFWc,Canary Bay,Indochine,3WOFIGsCzse0Wa3kd1UGG8,a1.00 t1.00,auto-ok
G10,official-pl-rock-fr,Manu Chao,Clandestino,TyA-oz7lSrc,Clandestino,Manu Chao,51R2M1JgyFfRS3e6v5wCt3,a1.00 t1.00,auto-ok
G10,official-pl-rock-fr,Tryo,L'hymne de nos campagnes,srb0lAK5wbA,L'hymne de nos campagnes 2019,Tryo / L.E.J / Zaz / Claudio Capéo / Vianney / Gauvain Sers / Sylvain Duthu / Bigflo & Oli,3GO03CmbzX84bS9Llcc7XY,a1.00 t1.00,auto-ok
G10,official-pl-rock-fr,Stromae,Alors on danse,VHoT4N43jK8,Alors on danse - Radio Edit,Stromae,2GYHyAoLWpkxLVa4oYTVko,a1.00 t1.00,auto-ok
G10,official-pl-rock-fr,Shaka Ponk,My Name Is Stain,EF2PGnZmXCI,My Name Is Stain,Shaka Ponk,5CGoooF86pFWxjbkIfl5q4,a1.00 t1.00,auto-ok
G10,official-pl-rock-fr,Noir Désir,Tostaky,4XgGJP7Du-8,Tostaky (Le continent),Noir Désir,0gK79vjy7hKz3HRMR1iayq,a1.00 t1.00,auto-ok
G10,official-pl-rock-fr,Téléphone,Un autre monde,NrQnuMnL2ac,Un autre monde,Téléphone,0A87jB4esj0cTaL9wJhvXi,a1.00 t1.00,auto-ok
G10,official-pl-rock-fr,Téléphone,Ça (c'est vraiment toi),4P-vtgHb_oE,Ça (c'est vraiment toi) - Remasterisé en 2015,Téléphone,7p5Na4GvFzP6M7i1ti2YRJ,a1.00 t1.00,auto-ok
G10,official-pl-rock-fr,Alain Bashung,La nuit je mens,0MYN8mAEKUo,La nuit je mens,Alain Bashung,7AOmyblplMezwpYuuh9Ltr,a1.00 t1.00,auto-ok
G10,official-pl-rock-fr,Mickey 3D,Tu lui diras,wBJ8eYrIpI8,Les gens raisonnables,Mickey 3d,14FWWR9YkXEv4PtL7N8yFH,a1.00 t0.24,no-match
G10,official-pl-rock-fr,Manau,La tribu de Dana,80hMEKlLVgQ,La tribu de Dana,Manau,64gCM9yZv2jpNflclKUnXu,a1.00 t1.00,auto-ok
G10,official-pl-rock-fr,Noir Désir,Marlène,ZachhBX3Z3Q,Marlène,Noir Désir,1aEIIWx3zVV2M9vwgA0rWt,a1.00 t1.00,auto-ok
G10,official-pl-films-medium,Michael Giacchino,Married Life (Up),vynvegQ9Ecw,Married Life,Michael Giacchino,7iocNjLrxPHLl8njgRlv5U,a1.00 t1.00,auto-ok
G10,official-pl-films-medium,Yann Tiersen,La Valse d'Amélie,uzurqBnALkw,La valse d'Amélie,Yann Tiersen,7MIN37CiVP1lVjqKNmLMWk,a1.00 t1.00,auto-ok
G10,official-pl-films-medium,Thomas Newman,Any Other Name (American Beauty),EfVRQKKvlXc,Any Other Name,Thomas Newman,33B1XmfncHqnfkrYZIcHbD,a1.00 t1.00,auto-ok
G10,official-pl-films-medium,Harold Faltermeyer,Axel F (Beverly Hills Cop),Qx2gvHjNhQ0,"Axel F - From ""Beverly Hills Cop""",Harold Faltermeyer / Retrofuture,2pAv6qvrxVdZCfGH4rrrzK,a1.00 t1.00,auto-ok
G10,official-pl-films-medium,Hans Zimmer,Now We Are Free (Gladiator),mQQKZ5cgybU,Now We Are Free,Hans Zimmer / Klaus Badelt / Lisa Gerrard / Gavin Greenaway / The Lyndhurst Orchestra,1elGwF4VwkwglV4nCBPJtv,a1.00 t1.00,auto-ok
G10,official-pl-films-medium,Trevor Jones,Promentory (Last of the Mohicans),UUCF8BzuxBI,Promentory,Trevor Jones,0NA8uE9ctlsQYeiyGKN5LO,a1.00 t1.00,auto-ok
G10,official-pl-films-medium,John Williams,Theme from Schindler's List,cLgJQ8Zj3AA,Theme From Schindler's List,John Williams / Itzhak Perlman / Boston Symphony Orchestra,42gZM6AQ9BDMaTyTmMDVlN,a1.00 t1.00,auto-ok
G10,official-pl-films-medium,Ennio Morricone,Gabriel's Oboe (The Mission),s7w-IeNR9ko,Gabriel's Oboe,Ennio Morricone,6opPrJUpq4Pl5c84eCwLmo,a1.00 t1.00,auto-ok
G10,official-pl-films-medium,Whitney Houston,The Bodyguard (I Will Always Love You),3JWTaaS7LdU,I Have Nothing,Whitney Houston,31er9IGsfFbwqy1pH4aiTP,a1.00 t0.14,no-match
G10,official-pl-films-medium,Hans Zimmer,Time (Inception),RxabLA7UQ9k,Time,Hans Zimmer,6ZFbXIJkuI1dVNWvzJzown,a1.00 t1.00,auto-ok
G10,official-pl-films-medium,John Williams,The Imperial March (Star Wars),u7HF4JG1pOg,The Imperial March (Darth Vader's Theme),John Williams / London Symphony Orchestra,2bw4WgXyXP90hIex7ur58y,a1.00 t1.00,auto-ok
G10,official-pl-films-medium,Ennio Morricone,Cinema Paradiso (Main Theme),ndp74trZSSU,Cinema Paradiso (Main Theme),Ennio Morricone,0FFOaRW0WTJgd12cKEKuaC,a1.00 t1.00,auto-ok
G10,official-pl-films-medium,John Barry,Out of Africa (Main Theme),SMa7ymgHkpE,"Out Of Africa (End Credits) - From ""Out Of Africa""",John Barry,3lDqlQGS0wZl0ugVWSwLPX,a1.00 t1.00,auto-ok
G10,official-pl-films-medium,Carter Burwell,Bella's Lullaby (Twilight),Z7-3_h0vxXA,"Bella's Lullaby (From ""Twilight"")",Carter Burwell / See Siang Wong,5djt2IiLLsQMeBiLWJQlGB,a1.00 t1.00,auto-ok
G10,official-pl-films-medium,Adele,Skyfall,DeumyOzKqgI,Skyfall,Adele,6VObnIkLVruX4UVyxWhlqm,a1.00 t1.00,auto-ok
G10,official-pl-films-medium,John Williams,Theme from Jaws,E-sX2Y0W8l0,"Jaws: Theme from ""Jaws""",John Williams / Boston Pops Orchestra,3kmOXwx5UUOa5ly5WIYE9O,a1.00 t0.75,review
G10,official-pl-films-medium,John Murphy,Adagio in D Minor (Sunshine),FWmCKhBmFVY,"Adagio in D Minor - From ""Sunshine""",John Murphy / The City of Prague Philharmonic Orchestra / James Fitzpatrick,64ylSB0v4R9tlWSsHynhHi,a1.00 t1.00,auto-ok
G10,official-pl-musicales-fr,Bruno Pelletier,Le temps des cathédrales,O8VHyPAipCE,Le temps des cathédrales,Bruno Pelletier,3YGu8R8qOorKrfhpdeluyW,a1.00 t1.00,auto-ok
G10,official-pl-musicales-fr,Roméo et Juliette (cast),Vérone,p9OhvAFbnUY,"Vérone - Roméo & Juliette, Les enfants de Vérone",Stéphane Métro,3q8nnXX0R2qeae0poz50A7,a0.18 t1.00,no-match
G10,official-pl-musicales-fr,Robin des Bois (cast),À nous,6HkiCuZoyj0,À nos souvenirs,Trois Cafés Gourmands,7j50VF5s6GUNeymlIp96iD,a0.38 t0.40,no-match
G10,official-pl-musicales-fr,Le Roi Soleil (cast),Tant qu'on rêve encore,d7TCJk-J9fg,Tant qu'on rêve encore,Le Roi Soleil,5byvZit3pl20c1jTWGB7pP,a1.00 t1.00,auto-ok
G10,official-pl-musicales-fr,Daniel Lévi,L'envie d'aimer,mCog_OTKjjE,L'envie d'aimer,Les Dix Commandements / Daniel Levi,7EVIaUR0GxTSFifhyqK2qu,a1.00 t1.00,auto-ok
G10,official-pl-musicales-fr,Hélène Ségara,Bohémienne,dNCylkiJoZ8,Bohémienne,Hélène Ségara,6Of7NcvsTNsHLW585eyoma,a1.00 t1.00,auto-ok
G10,official-pl-musicales-fr,Roméo et Juliette (cast),J'ai peur,mV3i6Bbva4E,"J'ai peur - Roméo & Juliette, Les enfants de Vérone",Damien Sargue,36zcMXKbSasbbq5JvGEF1y,a0.24 t1.00,no-match
G10,official-pl-musicales-fr,Mozart Opéra Rock,Penser l'impossible,910emiYv1J8,Penser l'impossible,Mozart Opera Rock,3E0HSNO6PLtusTjsfjEV0D,a1.00 t1.00,auto-ok
G10,official-pl-musicales-fr,Bruno Pelletier,Lune,KfMt3FNo5Mw,Lune,Bruno Pelletier,7LimG66e67Ee7Z2voFXYzm,a1.00 t1.00,auto-ok
G10,official-pl-musicales-fr,Florent Mothe,L'assasymphonie,8HE4BZ_FN5U,L'assasymphonie,Mozart Opera Rock / Florent Mothe,3fAOSZc5hTpnXxSO43ymwu,a1.00 t1.00,auto-ok
G10,official-pl-musicales-fr,Hélène Ségara,Vivre,8ByyFvHFU8E,Vivre,Hélène Ségara,7CLbCwABl0PnzKB8X3As8X,a1.00 t1.00,auto-ok
G10,official-pl-musicales-fr,Daniel Lévi,Mon frère,wR0cK_RTnPk,Mon frère,Ahmed Mouici / Daniel Levi,7DNE42Z1OspAyUgn7ONRdS,a1.00 t1.00,auto-ok
G10,official-pl-musicales-fr,"1789, les Amants de la Bastille",Ça ira mon amour,6Om4EIUWrYQ,Ca Ira Mon Amour - Extrait De “1789”,Rod Janois,5hX1BsPMx5fki3BZWP60sY,a0.00 t1.00,no-match
G10,official-pl-musicales-fr,Mozart Opéra Rock,Vivre à en crever,1yNEohtQSW8,Vivre à en crever,Mozart Opera Rock,7JDcceMelimTjxLmWMOjMd,a1.00 t1.00,auto-ok
G10,official-pl-musicales-fr,Emmanuel Moire,Je fais de toi mon essentiel,o7bUl9yhhH8,Je fais de toi mon essentiel (feat. Anne-Laure Girbal),Le Roi Soleil / Emmanuel Moire / Anne-Laure Girbal,6H4TH5ntp7KzYePysRBcuT,a1.00 t1.00,auto-ok
G10,official-pl-musicales-fr,"1789, les Amants de la Bastille",Tomber dans ses yeux,U9xKbqUbAJQ,Tomber Dans Ses Yeux,"The Paris Cast Of 1789, Les Amants De La Bastille / Louis Delort / Camille Lou",4uQxkfZ5bbS5v0Ad4i6Ogo,a0.08 t1.00,no-match
G10,official-pl-fr-90s-medium,Suprême NTM,Laisse pas trainer ton fils,biYdUZXfz9I,Laisse pas traîner ton fils,Suprême NTM,19wTIVLYwubMX8XZppB6lH,a1.00 t1.00,auto-ok
G10,official-pl-fr-90s-medium,Tryo,Désolé pour hier soir,dYkeH5UVw8U,Désolé pour hier soir,Tryo,4pI3b2w9WACkH3Wx5gM7ag,a1.00 t1.00,auto-ok
G10,official-pl-fr-90s-medium,Céline Dion,Je sais pas,fTBnztH6Sxs,Je sais pas,Céline Dion,1NwJn3oKyyaEITEEfDek0N,a1.00 t1.00,auto-ok
G10,official-pl-fr-90s-medium,2 Be 3,Toujours là pour toi,dAXZF-KmnJ8,Toujours là pour toi - Never Gonna Give You Up,2 Be 3,45SeHRJDYGGhj7YhiqC6cQ,a1.00 t1.00,auto-ok
G10,official-pl-fr-90s-medium,Jean-Jacques Goldman,Veiller tard,CB-dsRx9xlE,Veiller tard,Jean-Jacques Goldman,69bgkzNHwmuLwlxUu6PVTI,a1.00 t1.00,auto-ok
G10,official-pl-fr-90s-medium,Lara Fabian,Je t'aime,I9Brisw-kus,Je T’aime,Lara Fabian,28mwuJqKOjRpqo14GuKSkj,a1.00 t1.00,auto-ok
G10,official-pl-fr-90s-medium,Les Innocents,Je suis bien,MCXd_9wsT5w,L'autre finistère,Les Innocents,0peab24FczqEtFcVhOnYmj,a1.00 t0.24,no-match
G10,official-pl-fr-90s-medium,Bruno Pelletier,Le temps des cathédrales,EocLKUzsaoc,Le temps des cathédrales,Bruno Pelletier,3YGu8R8qOorKrfhpdeluyW,a1.00 t1.00,auto-ok
G10,official-pl-fr-90s-medium,Vanessa Paradis,Tandem,yu1-ZeQ-leI,Tandem,Vanessa Paradis,6mFaHdKJlNkdbSs275lBZ2,a1.00 t1.00,auto-ok
G10,official-pl-fr-90s-medium,Noir Désir,L'homme pressé,by1RRP9wa_Y,L'homme pressé,Noir Désir,637T4loKlXPwfUdQVZjPTV,a1.00 t1.00,auto-ok
G10,official-pl-fr-90s-medium,Manu Chao,Bongo Bong,a_UqAMQT_LE,Bongo Bong,Manu Chao,00SmB7n85SKROGjybsyq5i,a1.00 t1.00,auto-ok
G10,official-pl-fr-90s-medium,IAM,Petit frère,NonWfgHegDU,Petit frère,IAM,3jqBLwtTiUYismDiZgAgPE,a1.00 t1.00,auto-ok
G10,official-pl-fr-90s-medium,MC Solaar,Bouge de là,eaPfUf051sc,Bouge de là - Part. 1,MC Solaar,3RpPBJljuDR89pd9Au8JKy,a1.00 t1.00,auto-ok
G10,official-pl-fr-90s-medium,Patricia Kaas,Il me dit que je suis belle,yOEXcfsDl6E,Il me dit que je suis belle (Version album),Patricia Kaas,5oHLDVSTy3M5mXWNAgnzvF,a1.00 t1.00,auto-ok
G10,official-pl-fr-90s-medium,Manau,La Tribu de Dana,80hMEKlLVgQ,La tribu de Dana,Manau,64gCM9yZv2jpNflclKUnXu,a1.00 t1.00,auto-ok
G10,official-pl-fr-90s-medium,Hélène Ségara,Vivo per lei,JqgYn4VlUEA,Vivo per lei - Live,Bruno Pelletier / Hélène Ségara,5JA3nDHwPo7G19BR24k67E,a1.00 t1.00 !DANGER,review
G10,official-pl-fr-2000s-mix,Pigloo,Le papa pingouin,IDEXLK-n1J4,Le Papa Pingouin,Pigloo,18sK4fcZvpKWM3Ytn1EOwV,a1.00 t1.00,auto-ok
G10,official-pl-fr-2000s-mix,Renaud,Les bobos,xZJSmV6t-8Q,Les bobos,Renaud,26QSpye3i7J9OXnmN5JnPg,a1.00 t1.00,auto-ok
G10,official-pl-fr-2000s-mix,Jenifer,Donne-moi le temps,VYErbv_vNCI,Donne-moi le temps,Jenifer,40xyvJDp2caK50dhre26JU,a1.00 t1.00,auto-ok
G10,official-pl-fr-2000s-mix,Boy,Soleils Cou Coupés,Ukg95p1W_aQ,Soleil,Roméo Elvis,5SNfvgi4TUwx4Si0lFn3G2,a0.09 t1.00,no-match
G10,official-pl-fr-2000s-mix,Louis Bertignac,Ces idées-là,ksYOJ1mJGuA,Ces idées-là - Live,Louis Bertignac,5JY1oAM4L9GAFInprSxHeB,a1.00 t1.00 !DANGER,review
G10,official-pl-fr-2000s-mix,Vitalic,Le frunkp,hvzFPqM7THk,No Fun - edit,Vitalic,1RhPey0JYSNtNar1VHvYOU,a1.00 t0.44,no-match
G10,official-pl-fr-2000s-mix,Keny Arkana,La rage,Bylh9TEPymw,La rage,Keny Arkana,0cCi1Gf9lHNf6s17GwreLa,a1.00 t1.00,auto-ok
G10,official-pl-fr-2000s-mix,Tété,À la faveur de l'automne,1mvz7I7Dp5c,À la faveur de l'automne,Tété,5XCeCprrLZHLHHmKxYOXq1,a1.00 t1.00,auto-ok
G10,official-pl-fr-2000s-mix,Indochine,J'ai demandé à la lune,KAOmC5qT02w,J'ai demandé à la lune,Indochine,2QSAj76Ba6aMFX9RlXdUdO,a1.00 t1.00,auto-ok
G10,official-pl-fr-2000s-mix,Philippe Katerine,La banane,h3ilLEN1Qew,La banane,Philippe Katerine,1tkUiDUKwPrzBmThNI5Cid,a1.00 t1.00,auto-ok
G10,official-pl-fr-2000s-mix,Fatal Bazooka,Fous ta cagoule,YciiwoXQmag,Fous ta cagoule,Fatal Bazooka,1YjCFn4DXR2Dl3NWUuWtT2,a1.00 t1.00,auto-ok
G10,official-pl-fr-2000s-mix,Alizée,Moi... Lolita,uGFU0kizUE0,Moi... Lolita,Alizée,6e0LjNPkRqxIAlmmdjWSV8,a1.00 t1.00,auto-ok
G10,official-pl-fr-2000s-mix,Sliimy,Tomber pour la France,SC06NyI6KKU,Tomber,LRMS,5b3Rk70npYzOO9BuB0EhE1,a0.33 t1.00,no-match
G10,official-pl-fr-2000s-mix,Bashung,Madame rêve,4Fkqf34loWk,Madame rêve,Alain Bashung,2aQJPmRgbbqMHpv4W2yvWX,a0.54 t1.00,no-match
G10,official-pl-fr-2000s-mix,Doc Gynéco & Vitaa,Comme avant,KnFCNQUTgaU,Affaires de famille (feat. Doc Gynéco),Ärsenik / Doc Gynéco,02Lb9asWxa7wlsSTngHJbc,a1.00 t0.16,no-match
G10,official-pl-fr-2000s-mix,Tryo,Désolé pour hier soir,dYkeH5UVw8U,Désolé pour hier soir,Tryo,4pI3b2w9WACkH3Wx5gM7ag,a1.00 t1.00,auto-ok
G1,official-pl-boys-girls-bands,Salt-N-Pepa,Whatta Man,4vaN01VLYSQ,Whatta Man,Salt-N-Pepa / En Vogue,7sJN693sYKEIEMu7fc5VnJ,a1.00 t1.00,auto-ok
G1,official-pl-boys-girls-bands,En Vogue,Free Your Mind,calm3oK08QU,Free Your Mind,En Vogue,2vG1yrWSMiL6egg6w4e9ma,a1.00 t1.00,auto-ok
G1,official-pl-boys-girls-bands,Spice Girls,Say You'll Be There,9ro0FW9Qt-4,Say You'll Be There,Spice Girls,1yTQ39my3MoNROlFw3RDNy,a1.00 t1.00,auto-ok
G1,official-pl-boys-girls-bands,Spice Girls,Stop,5JD6ejmlpa8,Stop,Spice Girls,3FteycP8CaXS1MhjcXekVT,a1.00 t1.00,auto-ok
G1,official-pl-boys-girls-bands,Spice Girls,Viva Forever,maxwBHyLOwY,Viva Forever,Spice Girls,6BPDPcnbDMDf58srVzbfX9,a1.00 t1.00,auto-ok
G1,official-pl-boys-girls-bands,Backstreet Boys,Everybody (Backstreet's Back),6M6samPEMpM,Everybody (Backstreet's Back) - Radio Edit,Backstreet Boys,1di1BEgJYzPvXUuinsYJGP,a1.00 t1.00,auto-ok
G1,official-pl-boys-girls-bands,Backstreet Boys,As Long as You Love Me,960wzRtcl-Y,As Long as You Love Me,Backstreet Boys,3UpS7kBnkVQYG13pDDFTC4,a1.00 t1.00,auto-ok
G1,official-pl-boys-girls-bands,*NSYNC,Pop,PN_vfV1lX1A,Pop,*NSYNC,0Jc8qF1mUPo1A96HE9QxZz,a1.00 t1.00,auto-ok
G1,official-pl-boys-girls-bands,Take That,Back for Good,_QbLy34Jriw,Back for Good - Radio Mix,Take That,6vcdzohhBSbNdsZBh5IRpQ,a1.00 t1.00,auto-ok
G1,official-pl-boys-girls-bands,Take That,Never Forget,yoO_1FFr56k,Never Forget,Take That,33HJHGsDWZ8XcXaN6POuRI,a1.00 t1.00,auto-ok
G1,official-pl-boys-girls-bands,Take That,Relight My Fire,40Od45DjCA4,Relight My Fire (feat. Lulu),Take That / Lulu,4UGzL9fNdZPnrb9oseuDSi,a1.00 t1.00,auto-ok
G1,official-pl-boys-girls-bands,Take That,Patience,IFX1Dqo9Gls,Patience,Take That,4DxybsoSiMUW0JI2oM0SSN,a1.00 t1.00,auto-ok
G1,official-pl-boys-girls-bands,Take That,Shine,lNQRKyIRe3E,Shine,Take That,1hrsEHe39nYu1pJx0Nrxd7,a1.00 t1.00,auto-ok
G1,official-pl-boys-girls-bands,Boyzone,No Matter What,7eul_Vt6SZY,No Matter What,Boyzone,5KVPav34JaKkXwBTJHnPgo,a1.00 t1.00,auto-ok
G1,official-pl-boys-girls-bands,Boyzone,Words,ICYVPjNe11o,Words,Boyzone,2dNjHVd9urrtILcZBK70r1,a1.00 t1.00,auto-ok
G1,official-pl-boys-girls-bands,Westlife,Flying Without Wings,fZOW8ZuLG2o,Flying Without Wings,Westlife,1pDylAt4nUPy2r72KRQDYX,a1.00 t1.00,auto-ok
G1,official-pl-boys-girls-bands,Westlife,My Love,ulOb9gIGGd0,My Love,Westlife,5p0ietGkLNEqx1Z7ijkw5g,a1.00 t1.00,auto-ok
G1,official-pl-boys-girls-bands,Five,Everybody Get Up,qZUn-KtTNmA,Everybody Get Up - Radio Edit,Five,0WGn8xhpPumX73lECUY5Yo,a1.00 t1.00,auto-ok
G1,official-pl-boys-girls-bands,Five,Keep On Movin',FbWJVult-9M,Keep On Movin',Five / Steve Mac,0mrU1w2UMIZnR2I6oguwGz,a1.00 t1.00,auto-ok
G1,official-pl-boys-girls-bands,Five,If Ya Gettin' Down,bQU5dYDt7-U,If Ya Gettin' Down,Five,6UespeVK9gGMnEyeMktQhU,a1.00 t1.00,auto-ok
G1,official-pl-boys-girls-bands,S Club 7,Bring It All Back,GLQ0biK-ZgA,Bring It All Back,S Club,3v0uXfyMEZ1lGvBOv1Y4ar,a0.75 t1.00,review
G1,official-pl-boys-girls-bands,Destiny's Child,Independent Women,-g0QzhV6k6g,"Independent Women, Pt. 1",Destiny's Child,69XUpOpjzDKcfdxqZebGiI,a1.00 t1.00,auto-ok
G1,official-pl-boys-girls-bands,Destiny's Child,Bootylicious,IyYnnUcgeMc,Bootylicious,Destiny's Child,41nT1Sp6ChR65FbsdLlFHW,a1.00 t1.00,auto-ok
G1,official-pl-boys-girls-bands,Destiny's Child,Jumpin' Jumpin',Vjw92oUduEM,"Jumpin', Jumpin'",Destiny's Child,4pmc2AxSEq6g7hPVlJCPyP,a1.00 t1.00,auto-ok
G1,official-pl-boys-girls-bands,TLC,Creep,-jv1YB1iNnQ,Creep,TLC,1aWV3uY3SIEZVbmv45oFWS,a1.00 t1.00,auto-ok
G1,official-pl-boys-girls-bands,TLC,Unpretty,QsJa-6Ci1Rk,Unpretty,TLC,0BUoLE4o9eVahDHvTqak67,a1.00 t1.00,auto-ok
G1,official-pl-boys-girls-bands,All Saints,Never Ever,Zu8hy7Ct92s,Never Ever,All Saints,7ziHnshbknkpFLDW5yGBjO,a1.00 t1.00,auto-ok
G1,official-pl-boys-girls-bands,All Saints,Pure Shores,XI0vVvxq9rY,Pure Shores,All Saints,6ZLGthToczpvnL5Eoy6yrY,a1.00 t1.00,auto-ok
G1,official-pl-boys-girls-bands,Sugababes,About You Now,j48X5hl9-Tg,About You Now,Sugababes,1ctdfJSzp6qF2iDAVdDrfl,a1.00 t1.00,auto-ok
G1,official-pl-boys-girls-bands,Girls Aloud,Sound of the Underground,V9Wv4SCBiTE,Sound Of The Underground,Girls Aloud,0SKjqIViHaXWhmaKuJbMrq,a1.00 t1.00,auto-ok
G1,official-pl-boys-girls-bands,Girls Aloud,The Promise,RW0BMuLnNXA,The Promise,Girls Aloud,4bWFegbqiVc8FPTgaGFgVG,a1.00 t1.00,auto-ok
G1,official-pl-boys-girls-bands,Atomic Kitten,Eternal Flame,m8nYlaFSgc0,Eternal Flame,Atomic Kitten,7f8ghanV3NPAwbiSfI4aNU,a1.00 t1.00,auto-ok
G1,official-pl-boys-girls-bands,Steps,Tragedy,OiwDHHcHPh0,Tragedy,Steps,3Yqk2pdNJUtI7VOtweASV8,a1.00 t1.00,auto-ok
G1,official-pl-boys-girls-bands,Steps,One for Sorrow,T1ur2jQtPpk,One for Sorrow,Steps,3bPQDNT1ZydBAkdg6cJAJx,a1.00 t1.00,auto-ok
G1,official-pl-boys-girls-bands,New Kids on the Block,Step by Step,iCrargw1rrM,Step by Step,New Kids On The Block,6J6RWKCPN5RFKHUKEUFjxS,a1.00 t1.00,auto-ok
G1,official-pl-boys-girls-bands,New Kids on the Block,You Got It (The Right Stuff),d1lU5tv6Xls,You Got It (The Right Stuff),New Kids On The Block,4buDeg67vos7KP1yHrS9wl,a1.00 t1.00,auto-ok
G1,official-pl-boys-girls-bands,En Vogue,Don't Let Go (Love),zXafuSnq4BA,Don't Let Go (Love),En Vogue,06TuMCjDEYjTOJScCRzmjf,a1.00 t1.00,auto-ok
G1,official-pl-boys-girls-bands,Eternal,Stay,coVIl06A4BE,Stay,Eternal / Jonathan Wales / Paul Jervier / Steve Jervier,3DCAjSZiLK127tGL0URVGE,a1.00 t1.00,auto-ok
G1,official-pl-boys-girls-bands,2 Be 3,Partir un jour,-adMrwyTJU0,Partir un jour,2 Be 3,1DtVWIZqHqf1a0GXCnuMpA,a1.00 t1.00,auto-ok
G1,official-pl-boys-girls-bands,Worlds Apart,Quand je rêve de toi,WqzBOhg-StU,I'm Dreaming Of You (Quand Je Reve De Toi),Worlds Apart,7oOTF1urEZA04l2eEYeynR,a1.00 t0.25,no-match
G1,official-pl-boys-girls-bands,G-Squad,Une seule vie,YiV2GDg9dNA,Ma Peine,Gunstylero / Sexy Shab,3kZmd1P6uiCBBeisHjZ5uo,a0.22 t0.23,no-match
G1,official-pl-boys-girls-bands,Alliage,Te garder près de moi,zR2HBZXPCk8,Te Garder Près De Moi,Super Hits,7ypr2VHIpiOgAlNR4s6QjI,a0.00 t1.00,no-match
G1,official-pl-boys-girls-bands,Pow woW,Le Lion est mort ce soir,vjqXYGs_Vi0,Le lion est mort ce soir,Pow Wow,0hUMKXGkWnvv7VP25otgMM,a1.00 t1.00,auto-ok
G1,official-pl-boys-girls-bands,Les Worlds Apart,Baby on n'oublie pas,xchGAzcDNlw,On ne change pas,Céline Dion,06T13g0Hh00zWwMjtpqIKU,a0.13 t0.45,no-match
G1,official-pl-boys-girls-bands,L5,Toutes les femmes de ta vie,FAK-1LYZtb4,Toutes les femmes de ta vie,L5,3PkVPI5Qj87BCyNBUQ2pJB,a1.00 t1.00,auto-ok
G1,official-pl-boys-girls-bands,One Direction,What Makes You Beautiful,UlANZSYZ2Js,What Makes You Beautiful,One Direction,4cluDES4hQEUhmXj6TXkSo,a1.00 t1.00,auto-ok
G1,official-pl-boys-girls-bands,One Direction,Story of My Life,W-TE_Ys4iwM,Story of My Life,One Direction,4nVBt6MZDDP6tRVdQTgxJg,a1.00 t1.00,auto-ok
G1,official-pl-boys-girls-bands,One Direction,Best Song Ever,o_v9MY_FMcw,Best Song Ever,One Direction,5T7ZFtCcOgkpjxcuaeZbw0,a1.00 t1.00,auto-ok
G1,official-pl-boys-girls-bands,Little Mix,Black Magic,BM6w27puq_g,Black Magic,Little Mix,6rmXhRIemCTPyMYZRDN7Qg,a1.00 t1.00,auto-ok
G1,official-pl-latino,Carlos Santana,Smooth,QcUxrpIwuQ4,Smooth (feat. Rob Thomas),Santana / Rob Thomas,0n2SEXB2qoRQg171q7XqeW,a0.50 t1.00,no-match
G1,official-pl-latino,Pitbull,Timber,EQzXwcZS-FU,Timber,Pitbull / Kesha,3cHyrEgdyYRjgJKSOiOtcS,a1.00 t1.00,auto-ok
G1,official-pl-latino,Camila Cabello,Havana,HCjNJDNzw8Y,Havana (feat. Young Thug),Camila Cabello / Young Thug,1rfofaqEpACxVEHIZBJe6W,a1.00 t1.00,auto-ok
G1,official-pl-latino,Shakira,La Tortura,Dsp_8Lm1eSk,La Tortura (feat. Alejandro Sanz),Shakira / Alejandro Sanz,53AafWSzYsiJKnAtJTUB5f,a1.00 t1.00,auto-ok
G1,official-pl-latino,Bad Bunny,Dakiti,TmKh7lAwnBI,DÁKITI,Bad Bunny / JHAYCO,47EiUVwUp4C9fGccaPuUCS,a1.00 t1.00,auto-ok
G1,official-pl-latino,Juanes,A Dios le Pido,kMIaYXxLnUA,A Dios Le Pido,Juanes,129lYDVKnWtlJc2PZJviuA,a1.00 t1.00,auto-ok
G1,official-pl-latino,Gipsy Kings,Volare,aQGYY6KFjb0,Volare (Nel Blu di Pinto di Blu),Gipsy Kings,4OjJAGDDZTLlTNeOMBl7UM,a1.00 t1.00,auto-ok
G1,official-pl-latino,Carlos Santana,Maria Maria,DE-9mwfTXlc,Maria Maria (feat. The Product G&B),Santana / The Product G&B,3XKIUb7HzIF1Vu9usunMzc,a0.50 t1.00,no-match
G1,official-pl-latino,Chayanne,Torero,GuZzuQvv7uc,Torero,Chayanne,709CndJJB3GTUhQD0LLFse,a1.00 t1.00,auto-ok
G1,official-pl-latino,Chayanne,Salomé,Z2BMBrCKMcY,Salomé,Chayanne,4dtlsMh8wam865qaU4WEnM,a1.00 t1.00,auto-ok
G1,official-pl-latino,Paulina Rubio,Ni una sola palabra,Kkdhtb9DVWQ,Ni Una Sola Palabra,Paulina Rubio,5xXYuYk2CzHfk3kLKYmRRb,a1.00 t1.00,auto-ok
G1,official-pl-latino,Pitbull,Give Me Everything,EPo5wWmKEaI,Give Me Everything (feat. Nayer),Pitbull / AFROJACK / Ne-Yo / Nayer,4QNpBfC0zvjKqPJcyqBy9W,a1.00 t1.00,auto-ok
G1,official-pl-latino,Nicky Jam,El Perdón,LQ6UwPMCwco,El Perdón (with Enrique Iglesias),Nicky Jam / Enrique Iglesias,7qCAVkHWZkF44OzOUKf8Cr,a1.00 t1.00,auto-ok
G1,official-pl-latino,Ozuna,Taki Taki,iH3uetMaaUc,"Taki Taki (with Selena Gomez, Ozuna & Cardi B)",DJ Snake / Selena Gomez / Ozuna / Cardi B,4w8niZpiMy6qz1mntFA5uM,a1.00 t1.00,auto-ok
G1,official-pl-latino,Karol G,Bichota,_BoGdzGTn8Y,BICHOTA,KAROL G,1WvrDdouh6C51In1SdATbq,a1.00 t1.00,auto-ok
G1,official-pl-latino,Bad Bunny,Tití Me Preguntó,XxQgfs2eRKY,Tití Me Preguntó,Bad Bunny,1IHWl5LamUGEuP4ozKQSXZ,a1.00 t1.00,auto-ok
G1,official-pl-latino,Rosalía,Despechá,5g2hT4GmAGU,DESPECHÁ,ROSALÍA,53tfEupEzQRtVFOeZvk7xq,a1.00 t1.00,auto-ok
G1,official-pl-latino,Aventura,Obsesión,SEjw5rdyvVg,Obsesion,Aventura / Judy Santos,65H6t1WQBim6q93yM8fEwn,a1.00 t1.00,auto-ok
G1,official-pl-latino,Gloria Estefan,Conga,54ItEmCnP80,Conga,Gloria Estefan / Miami Sound Machine,4aMT5LHe8A2uIc11H8Cx2m,a1.00 t1.00,auto-ok
G1,official-pl-latino,Gloria Estefan,Rhythm Is Gonna Get You,zZx53etCFYY,Rhythm Is Gonna Get You,Gloria Estefan,6gBcyxdwgcnA8UQnB9vwRc,a1.00 t1.00,auto-ok
G1,official-pl-latino,Jennifer Lopez,Let's Get Loud,Q91hydQRGyM,Let's Get Loud,Jennifer Lopez,6kQz6t5z1FK4uohPh8Kd73,a1.00 t1.00,auto-ok
G1,official-pl-latino,Álvaro Soler,El Mismo Sol,aNHwNreDp3A,El Mismo Sol,Alvaro Soler / Nils Faller,3kmYPyed00Maoo8UFP22SN,a1.00 t1.00,auto-ok
G1,official-pl-latino,Maná,Oye Mi Amor,OhXeBoTlCr4,Oye Mi Amor,Maná,5EJ2THuhAapEIeQOtXUQ0x,a1.00 t1.00,auto-ok
G1,official-pl-latino,Maná,Rayando el Sol,9mBkBhCOUN0,Rayando el Sol,Maná,4Ofg5uuH7qqDIXpAJMpXZV,a1.00 t1.00,auto-ok
G1,official-pl-latino,Celia Cruz,La Vida Es un Carnaval,7Ho86ggAVrY,La Vida Es Un Carnaval,Celia Cruz,1BwrMGGhPA6GarWIYaFrW8,a1.00 t1.00,auto-ok
G1,official-pl-latino,Buena Vista Social Club,Chan Chan,INkLVwtIr_I,Chan Chan,Buena Vista Social Club,3bxZhauuIU4ubctdRZwPYW,a1.00 t1.00,auto-ok
G1,official-pl-latino,Inna,Hot,_el0NVICO-4,Hot,INNA,7F1lHcpnTycnimQrCxDFI5,a1.00 t1.00,auto-ok
G1,official-pl-latino,King Africa,La Bomba,P9wB0MCu1-g,La Bomba,King Africa,27PX39s143e1NVFNB7UhJb,a1.00 t1.00,auto-ok
G1,official-pl-latino,Thalía,Arrasando,Fn1h3AQk_TQ,Arrasando,Thalia,1EhDeCHd34jt7dMDqkGQBC,a1.00 t1.00,auto-ok
G1,official-pl-latino,Wisin & Yandel,Rakata,dpH2TZ1261Y,Rakata,Wisin & Yandel,0mHrQV5Tu8cjioNpNGG7N1,a0.42 t1.00,no-match
G1,official-pl-latino,Tego Calderón,Pa' que retozen,9hKtfKaS3zI,Pa' Que Retozen,Tego Calderón,5YJ4BVvTFmVCxUyhKejHfR,a1.00 t1.00,auto-ok
G1,official-pl-latino,Café Tacvba,Eres,2bgpYddTD6Q,Eres,Café Tacvba,6kdCN6gTWLcLxmLXoUcwuI,a1.00 t1.00,auto-ok
G1,official-pl-latino,Bomba Estéreo,Soy Yo,X1C2H26huWM,Soy Yo,Bomba Estéreo,4Egb5xP6cniUx0kgZd5zLB,a1.00 t1.00,auto-ok
G1,official-pl-latino,Calle 13,Atrévete-te-te,-laefcpo2EI,Atrévete-Te-Te,Calle 13,1q8NdCAQ9QUjpYiqzdd3mv,a1.00 t1.00,auto-ok
G1,official-pl-latino,Don Omar,Dile,P_TLL5e73i8,Dile,Don Omar,72YHgP5Zueyh9ilIjkaEaB,a1.00 t1.00,auto-ok
G1,official-pl-latino,Wisin,Que Viva la Vida,JQu_QiI_GFw,Que Viva la Vida,Wisin,6IqbQelrOB6nTORNj4q2Ma,a1.00 t1.00,auto-ok
G1,official-pl-latino,Zion & Lennox,La Player (Bandolera),UKFtdw2gsTU,La player (Bandolera),Zion & Lennox,0VKkyBKCXyR99navhVRqcP,a0.36 t1.00,no-match
G1,official-pl-latino,Ozuna,Se Preparó,1-0VIFgO6e4,Se Preparó,Ozuna,1m69ELEgE6k5ZWsap40ozt,a1.00 t1.00,auto-ok
G1,official-pl-latino,Anuel AA,China,gFZfwWZV074,China,Anuel AA / Daddy Yankee / KAROL G / J Balvin / Ozuna,2ksOAxtIxY8yElEWw8RhgK,a1.00 t1.00,auto-ok
G1,official-pl-latino,Feid,Classy 101,cD5T1Y4b7wA,CLASSY 101,Feid / Young Miko,6XSqqQIy7Lm7SnwxS4NrGx,a1.00 t1.00,auto-ok
G1,official-pl-latino,Quevedo,Quédate,QlZNGcVfeF0,Quedate Conmigo Querida,Jorge “Toro” Quevedo,5jTMG6dXt6GGuPuWIWKUc2,a0.39 t1.00,no-match
G1,official-pl-latino,Mau y Ricky,Mi Mala,DpM62ZwR15g,Mi Mala,Mau y Ricky / KAROL G,3OuRc4Wfy9jhJmDH2LPrcI,a1.00 t1.00,auto-ok
G1,official-pl-latino,Cali y El Dandee,Yo Te Esperaré,lWh1TKGmGJk,Yo Te Esperaré,Cali Y El Dandee,0mGvaKpwLYoybnIoboC3uS,a1.00 t1.00,auto-ok
G1,official-pl-eurodance-90s,La Bouche,Be My Lover,P3MtiifXp9k,Be My Lover,La Bouche,3vSn1frPgFcRXrjWOfhMLl,a1.00 t1.00,auto-ok
G1,official-pl-eurodance-90s,Dr. Alban,It's My Life,Lcy7g05AbC0,It's My Life,Dr. Alban,4TOGkYS141L15SkVosAp7Z,a1.00 t1.00,auto-ok
G1,official-pl-eurodance-90s,Real McCoy,Another Night,Pav2f4b-1ZE,Another Night,Real McCoy,3pEuO9J2MTEmec8kUfYYvl,a1.00 t1.00,auto-ok
G1,official-pl-eurodance-90s,Cappella,U Got 2 Let the Music,pqiHJMFXUX8,U Got 2 Let The Music,Cappella,79zbbqdbNXtRY6govKU8Z9,a1.00 t1.00,auto-ok
G1,official-pl-eurodance-90s,DJ BoBo,Somebody Dance with Me,vrUSqnpfFLo,Somebody Dance with Me,DJ BoBo,7M2wk27EePpYr9TH3uZY1r,a1.00 t1.00,auto-ok
G1,official-pl-eurodance-90s,Masterboy,Feel the Heat of the Night,IBnshjEceKA,Feel the heat of the night - Radio Edit,Masterboy,44o1MQVbm8S827avRs4RHc,a1.00 t1.00,auto-ok
G1,official-pl-eurodance-90s,Captain Hollywood Project,More and More,8B2mc3QN_3g,More And More - Single Version,Captain Hollywood Project,0JXXm3RqxU8EKzX4P8M0n3,a1.00 t1.00,auto-ok
G1,official-pl-eurodance-90s,Twenty 4 Seven,Is It Love,ANRfrabgW98,Is It Love,Twenty 4 Seven / Stay-C,26aj54n9Ov8hoODW2mrryR,a1.00 t1.00,auto-ok
G1,official-pl-eurodance-90s,Pharao,I Show You Secrets,6gz_Ua36z7w,I Show You Secrets,Pharao,5vScG3CpqbSBSXF5o0LFsG,a1.00 t1.00,auto-ok
G1,official-pl-eurodance-90s,Maxx,Get-A-Way,eLhDCBNHzwU,Get A Way,Maxx,71Cid4UeolaHRzdbmMDAVb,a1.00 t1.00,auto-ok
G1,official-pl-eurodance-90s,Fun Factory,Close to You,PrGtuxNURnM,Close to You,Fun Factory,70DbNpe8D1QnGi92Mo2MK1,a1.00 t1.00,auto-ok
G1,official-pl-eurodance-90s,Magic Affair,Omen III,wgAKnsO6N-s,Omen III - Single Edit,Magic Affair,5FA90DipIi1TKifttlVKF1,a1.00 t1.00,auto-ok
G1,official-pl-eurodance-90s,Scatman John,Scatman's World,Ic2Cjw7kydI,Scatman (ski-ba-bop-ba-dop-bop),Scatman John,623rRTKwGmgjH6sjE9uWLh,a1.00 t1.00,auto-ok
G1,official-pl-eurodance-90s,Mr. President,Coco Jamboo,c1vcOhdZ4do,Coco Jamboo,Mr. President,1vXB0If9PfpM5mcTShrQQU,a1.00 t1.00,auto-ok
G1,official-pl-eurodance-90s,La Bouche,Sweet Dreams,EmuL2ve6C8M,Sweet Dreams,La Bouche,2wz5weI4PREzpexKfrKgwv,a1.00 t1.00,auto-ok
G1,official-pl-eurodance-90s,Real McCoy,Run Away,TPcHR0u9v5A,Run Away,Real McCoy,0ibYVniVLMJWvc3eNfYk8T,a1.00 t1.00,auto-ok
G1,official-pl-eurodance-90s,Corona,Try Me Out,HBOKqT3HtGc,Try Me Out,Corona,32VLtbLCPUwKnFi0AJkN7k,a1.00 t1.00,auto-ok
G1,official-pl-eurodance-90s,E-Type,This Is the Way,7w1HeDqYCU4,This Is The Way - Radio Edit,E-Type,1BBIW3lDfwK9PXOFOedZmo,a1.00 t1.00,auto-ok
G1,official-pl-eurodance-90s,E-Type,Set the World on Fire,K9Tw8baMPpM,"Set The World On Fire - 7"" Version",E-Type,67rBycpa8FTFJkQwP5FzP1,a1.00 t1.00,auto-ok
G1,official-pl-eurodance-90s,Sash!,Encore une fois,5uLmJF21XoM,Encore Une Fois,Sash!,7L3KTNiCJcKWsDzKKkbOxC,a1.00 t1.00,auto-ok
G1,official-pl-eurodance-90s,Sash!,Ecuador,hQtjQLg-cWY,Ecuador - Original Radio Edit,Sash!,1arJHhz6TxMV50SNvSmGnV,a1.00 t1.00,auto-ok
G1,official-pl-eurodance-90s,ATB,9 PM (Till I Come),QFGMQZyvnmY,9 PM (Till I Come) - Radio Edit,ATB,5oRcArT4YUU0hAo5EzNW3u,a1.00 t1.00,auto-ok
G1,official-pl-eurodance-90s,Eiffel 65,Move Your Body,VHL6Vow-Ei4,Move Your Body - Gabry Ponte Original Radio Edit,Eiffel 65 / Gabry Ponte,62zvIKhj6dgj5zjgiLmgcW,a1.00 t1.00,auto-ok
G1,official-pl-eurodance-90s,Robert Miles,Children,vFtF2dqeo5c,Children - Dream Version,Robert Miles,3zZCK9CqutoHe93hYO7Ksa,a1.00 t1.00,auto-ok
G1,official-pl-eurodance-90s,Zhi-Vago,Celebrate the Love,ZTnKW5FvF78,Celebrate (The Love) - Radio Version,Zhi-Vago / Claudio Mangione,5H2kdrrliKZawLbHngybAz,a1.00 t1.00,auto-ok
G1,official-pl-eurodance-90s,Antico,Mistral,bHpjgjjEzzQ,Mistral,Virael,5YDDS0w4fO6BUJbJDhksHB,a0.00 t1.00,no-match
G1,official-pl-eurodance-90s,Livin' Joy,Dreamer,QFixpXRLiTU,Dreamer,Livin' Joy,0r1veUx7ezhSwTZESVYEIt,a1.00 t1.00,auto-ok
G1,official-pl-eurodance-90s,Black Box,Ride on Time,dGo_TCGVDdI,Ride on Time,Black Box,3pgainA2dH9c7e8JVYGRCN,a1.00 t1.00,auto-ok
G1,official-pl-eurodance-90s,Cappella,Move on Baby,mS1dAovhXOc,Move On Baby,Cappella,1PavRrF6Ydo0HSePmMt5tL,a1.00 t1.00,auto-ok
G1,official-pl-eurodance-90s,2 Brothers on the 4th Floor,Dreams,KhQku_7MYI0,Dreams (Will Come Alive),2 Brothers On The 4th Floor,4Fqm5rqB0WMx0hPOwgRjFr,a1.00 t1.00,auto-ok
G1,official-pl-eurodance-90s,Activate,Save Me,mJDtlYqZK5w,Save Me Tonight,Jennifer Lopez / David Guetta,4WuAr5SE1ZfXxu6OWtykkG,a0.17 t1.00,no-match
G1,official-pl-eurodance-90s,Centory,Take It to the Limit,GK9TPuxX2II,Take It to the Limit - Radio Version,Centory / Turbo B,4a4Nh4JamUFpzsXO9u5PvS,a1.00 t1.00,auto-ok
G1,official-pl-eurodance-90s,Dune,Hardcore Vibes,maPrpcHwXsc,Hardcore Vibes,Dune,4eEwRzT2L2EFMKk7cLnVtt,a1.00 t1.00,auto-ok
G1,official-pl-eurodance-90s,Marusha,Somewhere Over the Rainbow,ohfSJC44oe8,Somewhere over the Rainbow,Marusha,6WK2R6UwBGMxiu7qrT72kj,a1.00 t1.00,auto-ok
G1,official-pl-eurodance-90s,Interactive,Forever Young,jnPDZvtO8Bc,Forever Young - Radio Version,Interactive,1tZL5aX8SfaCdqL5ML6O4f,a1.00 t1.00,auto-ok
G1,official-pl-eurodance-90s,Mark 'Oh,Tears Don't Lie,phn2y4RS0jo,Tears Don't Lie (Long Version),Mark 'Oh,7jrGkYkif3OvdSUhPPbH0b,a1.00 t1.00,auto-ok
G1,official-pl-eurodance-90s,Brooklyn Bounce,Get Ready to Bounce,CsxOcbPK6jM,Get Ready to Bounce - Radio Attack,Brooklyn Bounce,6mPbOsUZXQGSVkisLJriJg,a1.00 t1.00,auto-ok
G1,official-pl-eurodance-90s,Klubbheads,Discohopping,vShx6tQE3Oo,Discohopping - Klubbheads Euro Mix,Klubbheads,6AGv6665jLylrcrEzy7B0n,a1.00 t1.00,auto-ok
G1,official-pl-eurodance-90s,Paradisio,Bailando,5xgGH7y7HHI,Bailando,Paradisio,6PwbVXIomkvk4YcafiOc6i,a1.00 t1.00,auto-ok
G1,official-pl-eurodance-90s,Lou Bega,I Got a Girl,A5WSqWJ4obg,I Got a Girl,Lou Bega,6zZaRp7MQ3S0eatEv4SYuE,a1.00 t1.00,auto-ok
G1,official-pl-eurodance-90s,Aqua,Turn Back Time,Ls0WfopgR9k,Turn Back Time,Aqua,04ad6JdnrYtTQ2hjc4LulJ,a1.00 t1.00,auto-ok
G1,official-pl-eurodance-90s,Daze,Superhero,Ai6G6eqjvjA,Superhero,Daze,5w24xZUicD68LjnZvtougC,a1.00 t1.00,auto-ok
G1,official-pl-eurodance-90s,Toy-Box,Tarzan & Jane,GVDtZyOU0Ro,Tarzan & Jane,Toy-Box,2R3gfyDoBo0uXZSwTiKysZ,a1.00 t1.00,auto-ok
G1,official-pl-eurodance-90s,Bellini,Samba de Janeiro,HAiHEQblKeQ,Samba de Janeiro,Bellini,5aIfLbdgkbH7NbQryd1poB,a1.00 t1.00,auto-ok
G1,official-pl-eurodance-90s,Antique,Opa Opa,Dqzrofdwi-g,Opa Opa,Antique,0YWmrHLItfjD7pJ8NzlXke,a1.00 t1.00,auto-ok
G1,official-pl-eurodance-90s,Vengaboys,We're Going to Ibiza,MXXRHpVed3M,We're Going To Ibiza!,Vengaboys,6trzHhvr6xqYJkNnbWwXz2,a1.00 t1.00,auto-ok
G1,official-pl-eurodance-90s,Sqeezer,Blue Jeans,4u5u13_Im5E,Blue Jeans (2025),Sqeezer,06Czrv6O2xOgtG29nUuPyQ,a1.00 t1.00,auto-ok
G1,official-pl-eurodance-90s,DJ Quicksilver,Bellissima,Z7bgdF6WBG4,Bellissima - Radio Mix,DJ Quicksilver,4W8njwKQsbLFj3dZx82DWT,a1.00 t1.00,auto-ok
G1,official-pl-eurodance-90s,Three Drives,Greece 2000,bO9HTBSxGbs,Greece 2000,Three Drives On A Vinyl / Three Drives,0TZL4krCFcuTlYZ8J9kcBX,a1.00 t1.00,auto-ok
G1,official-pl-eurodance-90s,Sylver,Turn the Tide,2pspyVddtkU,Turn the Tide,Sylver,5dRLF2IgfKRXI6wvc48465,a1.00 t1.00,auto-ok
G1,official-pl-eurodance-90s,Ian Van Dahl,Castles in the Sky,npYyiwpPR2I,Castles In The Sky - Radio Mix,Ian van Dahl / Marsha,3KhoIbIPMmoGthbBAPxgOK,a1.00 t1.00,auto-ok
G1,official-pl-eurodance-90s,DJ Sammy,Heaven,ZwY4YPxTufs,Heaven,DJ Sammy / Yanou / Do,0V7oLs7j1j1kucu67TkVmr,a1.00 t1.00,auto-ok
G1,official-pl-eurodance-90s,Cascada,What Hurts the Most,yBl3yrXqrUE,What Hurts The Most - Radio Mix,Cascada,7wLpJLGN1tUnLf0o9GVWva,a1.00 t1.00,auto-ok
G1,official-pl-eurodance-90s,Groove Coverage,Moonlight Shadow,XE9X6mpW3SY,Moonlight Shadow - Original Mix,Groove Coverage,2bd1FeFKgVACAUhcuyf9cC,a1.00 t1.00,auto-ok
G1,official-pl-eurodance-90s,Special D,Come with Me,OnXoQARU7J4,Come With Me - Radio Edit,Special D.,3qLhHLgFCvq6YEzqZhCPEd,a1.00 t1.00,auto-ok
G1,official-pl-eurodance-90s,Lasgo,Something,QWbAaTDlBls,Something,Lasgo,4xYQVaR2wQoS6xz0SSa5Ys,a1.00 t1.00,auto-ok
G1,official-pl-eurodance-90s,Milk Inc,Walk on Water,CAuCYfY73Wc,Walk on Water - H2O Radio Mix,Milk Inc.,6Phug5Bw0QShaFvRMeBVzZ,a1.00 t1.00,auto-ok
G1,official-pl-eurodance-90s,Sash!,Adelante,U5LBLuaFpoU,Adelante,Sash!,3iYiV6IDYj8S9GKJPGNleq,a1.00 t1.00,auto-ok
G1,official-pl-eurodance-90s,Mauro Picotto,Komodo,pn73q9l3ILw,Komodo (Radio Edit),Mauro Picotto,3NjmHXAKcpg5e0BseNJtUJ,a1.00 t1.00,auto-ok
G2,official-pl-2000s-mix,Lady Gaga,Just Dance,2Abk1jAONjw,Just Dance,Lady Gaga / Colby O'Donis,1dzQoRqT5ucxXVaAhTcT0J,a1.00 t1.00,auto-ok
G2,official-pl-2000s-mix,Hoobastank,The Reason,fV4DiAyExN0,The Reason,Hoobastank,5B5eTk7DF8KVp1zpQoY1XY,a1.00 t1.00,auto-ok
G2,official-pl-2000s-mix,Natalie Imbruglia,Torn,VV1XWJN3nJo,Torn,Natalie Imbruglia,1Jaah2tmN9Hv81A87KZ1MU,a1.00 t1.00,auto-ok
G2,official-pl-2000s-mix,The Black Eyed Peas,Pump It,ZaI2IlHwmgQ,Pump It,Black Eyed Peas,2ygMBIctKIAfbEBcT9065L,a0.79 t1.00,review
G2,official-pl-2000s-mix,U2,Beautiful Day,co6WMzDOh1o,Beautiful Day,U2,0gzqZ9d1jIKo9psEIthwXe,a1.00 t1.00,auto-ok
G2,official-pl-2000s-mix,Santana,Smooth,6Whgn_iE5uc,Smooth (feat. Rob Thomas),Santana / Rob Thomas,0n2SEXB2qoRQg171q7XqeW,a1.00 t1.00,auto-ok
G2,official-pl-2000s-mix,System of a Down,Toxicity,iywaBOMvYLI,Toxicity,System Of A Down,0snQkGI5qnAmohLE7jTsTn,a1.00 t1.00,auto-ok
G2,official-pl-2000s-mix,Avril Lavigne,Sk8er Boi,TIy3n2b7V9k,Sk8er Boi,Avril Lavigne,00Mb3DuaIH1kjrwOku9CGU,a1.00 t1.00,auto-ok
G2,official-pl-2000s-mix,Wheatus,Teenage Dirtbag,FC3y9llDXuM,Teenage Dirtbag,Wheatus,25FTMokYEbEWHEdss5JLZS,a1.00 t1.00,auto-ok
G2,official-pl-2000s-mix,M.I.A.,Paper Planes,ewRjZoRtu0Y,Paper Planes,M.I.A.,1ixbwbeBi5ufN4noUKmW5a,a1.00 t1.00,auto-ok
G2,official-pl-2000s-mix,Destiny's Child,Survivor,Wmc8bQoL-J0,Survivor,Destiny's Child,2Mpj1Ul5OFPyyP4wB62Rvi,a1.00 t1.00,auto-ok
G2,official-pl-2000s-mix,Nelly,Hot in Herre,GeZZr_p6vB8,Hot In Herre,Nelly,04KTF78FFg8sOHC1BADqbY,a1.00 t1.00,auto-ok
G2,official-pl-2000s-mix,Coldplay,Clocks,d020hcWA_Wg,Clocks,Coldplay,0BCPKOYdS2jbQ8iyB56Zns,a1.00 t1.00,auto-ok
G2,official-pl-2000s-mix,Coldplay,Fix You,k4V3Mo61fJM,Fix You,Coldplay,7LVHVU3tWfcxj5aiPFEW4Q,a1.00 t1.00,auto-ok
G2,official-pl-2000s-mix,Yeah Yeah Yeahs,Heads Will Roll,vw3k_jWa-gI,Heads Will Roll,Yeah Yeah Yeahs,2WRFD9WczJ975X2K1Y9YVs,a1.00 t1.00,auto-ok
G2,official-pl-2000s-mix,Arctic Monkeys,Mardy Bum,0jX6aSTt9ek,Mardy Bum,Arctic Monkeys,2fyIS6GXMgUcSv4oejx63f,a1.00 t1.00,auto-ok
G2,official-pl-2000s-mix,Justin Timberlake,Cry Me a River,DksSPZTZES0,Cry Me a River,Justin Timberlake,7Lf7oSEVdzZqTA0kEDSlS5,a1.00 t1.00,auto-ok
G2,official-pl-2000s-mix,Evanescence,Bring Me to Life,3YxaaGgTQYM,Bring Me To Life,Evanescence,0COqiPhxzoWICwFCS4eZcp,a1.00 t1.00,auto-ok
G2,official-pl-2000s-mix,The White Stripes,Seven Nation Army,0J2QdDbelmY,Seven Nation Army,The White Stripes,3dPQuX8Gs42Y7b454ybpMR,a1.00 t1.00,auto-ok
G2,official-pl-2000s-mix,Alicia Keys,No One,rywUS-ohqeE,No One,Alicia Keys,6IwKcFdiRQZOWeYNhUiWIv,a1.00 t1.00,auto-ok
G2,official-pl-2000s-mix,Gorillaz,Feel Good Inc.,HyHNuVaZJ-k,Feel Good Inc.,Gorillaz / De La Soul,0d28khcov6AiegSCpG5TuT,a1.00 t1.00,auto-ok
G2,official-pl-2000s-mix,Kings of Leon,Use Somebody,gnhXHvRoUd0,Use Somebody,Kings of Leon,5VGlqQANWDKJFl0MBG3sg2,a1.00 t1.00,auto-ok
G2,official-pl-2000s-mix,Corinne Bailey Rae,Put Your Records On,rjOhZZyn30k,Put Your Records On,Corinne Bailey Rae,5f5YqZZe34nsabun39eqo8,a1.00 t1.00,auto-ok
G2,official-pl-2000s-mix,Timbaland,Apologize,ZSM3w1v-A_Y,Apologize,Timbaland / OneRepublic,6q3zC9dDD4lUNk8nfUztXy,a1.00 t1.00,auto-ok
G2,official-pl-2000s-mix,Foo Fighters,The Pretender,SBjQ9tuuTJQ,The Pretender,Foo Fighters,7x8dCjCr0x6x2lXKujYD34,a1.00 t1.00,auto-ok
G2,official-pl-2000s-mix,Fountains of Wayne,Stacy's Mom,dZLfasMPOU4,Stacy's Mom,Fountains Of Wayne,27L8sESb3KR79asDUBu8nW,a1.00 t1.00,auto-ok
G2,official-pl-2000s-mix,Eminem,Lose Yourself,xFYQQPAOz7Y,Lose Yourself,Eminem,7MJQ9Nfxzh8LPZ9e9u68Fq,a1.00 t1.00,auto-ok
G2,official-pl-2000s-mix,Leona Lewis,Bleeding Love,7_weSk0BonM,Bleeding Love,Leona Lewis,7wZUrN8oemZfsEd1CGkbXE,a1.00 t1.00,auto-ok
G2,official-pl-2000s-mix,Red Hot Chili Peppers,Scar Tissue,mzJj5-lubeM,Scar Tissue,Red Hot Chili Peppers,1G391cbiT3v3Cywg8T7DM1,a1.00 t1.00,auto-ok
G2,official-pl-2000s-mix,Green Day,Boulevard of Broken Dreams,Soa3gO7tL-c,Boulevard of Broken Dreams,Green Day,1hwJKpe0BPUsq6UUrwBWTw,a1.00 t1.00,auto-ok
G2,official-pl-2000s-mix,Christina Aguilera,Lady Marmalade,RQa7SvVCdZk,"Lady Marmalade - From ""Moulin Rouge"" Soundtrack",Christina Aguilera / Lil' Kim / Mýa / P!nk,7GbqE3MlkKosIaCvf50JRK,a1.00 t1.00,auto-ok
G2,official-pl-2000s-mix,Red Hot Chili Peppers,Californication,YlUKcNNmywk,Californication,Red Hot Chili Peppers,48UPSzbZjgc449aqz8bxox,a1.00 t1.00,auto-ok
G2,official-pl-2000s-mix,Jet,Are You Gonna Be My Girl,tuK6n2Lkza0,Are You Gonna Be My Girl,Jet,72zZfHPYx43shcP3eKkYi5,a1.00 t1.00,auto-ok
G2,official-pl-2000s-mix,Train,Drops of Jupiter,7Xf-Lesrkuc,Drops of Jupiter (Tell Me),Train,2hKdd3qO7cWr2Jo0Bcs0MA,a1.00 t1.00,auto-ok
G2,official-pl-2000s-mix,Gnarls Barkley,Crazy,bd2B6SjMh_w,Crazy,Gnarls Barkley / CeeLo Green / Danger Mouse,1vxw6aYJls2oq3gW0DujAo,a1.00 t1.00,auto-ok
G2,official-pl-2000s-mix,Foo Fighters,All My Life,xQ04WbgI9rg,All My Life,Foo Fighters,6tsojOQ5wHaIjKqIryLZK6,a1.00 t1.00,auto-ok
G2,official-pl-2000s-mix,Cascada,Everytime We Touch,4G6QDNC4jPs,Everytime We Touch,Cascada,5YJtMNWKe55yr49cyJgxva,a1.00 t1.00,auto-ok
G2,official-pl-2000s-mix,The Calling,Wherever You Will Go,iAP9AF6DCu4,Wherever You Will Go,The Calling,5QpaGzWp0hwB5faV8dkbAz,a1.00 t1.00,auto-ok
G2,official-pl-2000s-mix,Kanye West,Stronger,PsO6ZnUZI0g,Stronger,Kanye West,0j2T0R9dR9qdJYsB7ciXhf,a1.00 t1.00,auto-ok
G2,official-pl-2000s-mix,Arcade Fire,Wake Up,aTyKDWv4q38,Wake Up,Arcade Fire,6Hmj7SrLRbreLVfVS7mV1S,a1.00 t1.00,auto-ok
G2,official-pl-2000s-mix,Junior Senior,Move Your Feet,c-0tvTqLw2s,Move Your Feet,Junior Senior,4DX82Vc8qAH4jJPvKxvwg6,a1.00 t1.00,auto-ok
G2,official-pl-2000s-mix,Muse,Knights of Cydonia,GjXWtEqs8I4,Knights of Cydonia,Muse,7ouMYWpwJ422jRcDASZB7P,a1.00 t1.00,auto-ok
G2,official-pl-2000s-mix,Snow Patrol,Chasing Cars,GemKqzILV4w,Chasing Cars,Snow Patrol,5hnyJvgoWiQUYZttV4wXy6,a1.00 t1.00,auto-ok
G2,official-pl-2000s-mix,Shakira,Hips Don't Lie,DUT5rEU6pqM,Hips Don't Lie (feat. Wyclef Jean),Shakira / Wyclef Jean,3d0WouFnFmr0K3kjeza3fF,a1.00 t1.00,auto-ok
G2,official-pl-2000s-mix,Beyoncé,Crazy in Love,ViwtNLUqkMY,Crazy In Love (feat. JAY-Z),Beyoncé / JAŸ-Z,5IVuqXILoxVWvWEPm82Jxr,a1.00 t1.00,auto-ok
G2,official-pl-2000s-mix,Usher,Yeah!,o314ZqHp1-0,Yeah! (feat. Lil Jon & Ludacris),USHER / Lil Jon / Ludacris,5rb9QrpfcKFHM1EUbSIurX,a1.00 t1.00,auto-ok
G2,official-pl-2000s-mix,Lady Gaga,Poker Face,bESGLojNYSo,Poker Face,Lady Gaga,1QV6tiMFM6fSOKOGLMHYYg,a1.00 t1.00,auto-ok
G2,official-pl-2000s-mix,Avril Lavigne,Complicated,5NPBIwQyPWE,Complicated,Avril Lavigne,5xEM5hIgJ1jjgcEBfpkt2F,a1.00 t1.00,auto-ok
G2,official-pl-2000s-mix,Nelly,Dilemma,8WYHDfJDPDc,Dilemma,Nelly / Kelly Rowland,0ARK753YaiJbpLUk7z5yIM,a1.00 t1.00,auto-ok
G3,official-pl-un-seul-tube,Anita Ward,Ring My Bell,r1UkZLT20TI,Ring My Bell,Anita Ward,7GK2KVYH8FrTC9zehmjVMd,a1.00 t1.00,auto-ok
G3,official-pl-un-seul-tube,Carl Douglas,Kung Fu Fighting,GDQu1j_8xb8,Kung Fu Fighting,Carl Douglas,7K8QsHbmUpSX37oOCL4e2g,a1.00 t1.00,auto-ok
G3,official-pl-un-seul-tube,Dee-Lite,Groove Is in the Heart,hIpT8H40Apo,Groove Is in the Heart,Deee-Lite,2He3NOyqtLNE3RQPpeDdSb,a0.89 t1.00,auto-ok
G3,official-pl-un-seul-tube,Steam,Na Na Hey Hey Kiss Him Goodbye,FRlTjErEDPQ,Na Na Hey Hey Kiss Him Goodbye,Steam,5xMLcSEstX1jN4arpNXqtX,a1.00 t1.00,auto-ok
G3,official-pl-un-seul-tube,DJ Sammy,Heaven,ZwY4YPxTufs,Heaven,DJ Sammy / Yanou / Do,0V7oLs7j1j1kucu67TkVmr,a1.00 t1.00,auto-ok
G3,official-pl-un-seul-tube,Mr. Big,To Be with You,icsAF0TjP4E,To Be With You,Mr. Big,3bP47tw8MOgtrwdO1iahVl,a1.00 t1.00,auto-ok
G3,official-pl-un-seul-tube,Marcy Playground,Sex and Candy,8dQYscoYsx0,Sex and Candy,Marcy Playground,7KJvpM9fwlHMT1p3dCumdC,a1.00 t1.00,auto-ok
G3,official-pl-un-seul-tube,Plastic Bertrand,Ça plane pour moi,RDHjeiys3a0,Ca Plane Pour Moi,Plastic Bertrand,4sf4Lq52b2iCoAgpge7a9g,a1.00 t1.00,auto-ok
G3,official-pl-un-seul-tube,Men Without Hats,The Safety Dance,-ojOHMhxDbY,The Safety Dance,Men Without Hats,5O4NFbDqJ8SOfbjnIhdPDt,a1.00 t1.00,auto-ok
G3,official-pl-un-seul-tube,Kajagoogoo,Too Shy,HheB-yHgCcM,Too Shy,Kajagoogoo,6WEBIVqiEsevfgJefTyuQQ,a1.00 t1.00,auto-ok
G3,official-pl-un-seul-tube,Modern Talking,Cheri Cheri Lady,eNvUS-6PTbs,Cheri Cheri Lady,Modern Talking,2aEuA8PSqLa17Y4hKPj5rr,a1.00 t1.00,auto-ok
G3,official-pl-un-seul-tube,Soft Cell,"Say Hello, Wave Goodbye",y9KgEs3Zksg,"Say Hello, Wave Goodbye - 7"" Single Version",Soft Cell,0Lx6O1tC3CPF1giLJIt5Jv,a1.00 t1.00,auto-ok
G3,official-pl-un-seul-tube,Taco,Puttin' On the Ritz,TMstTM01m28,Puttin' on the Ritz,Taco,1taGkdO3DQsNRIQrarhVvc,a1.00 t1.00,auto-ok
G3,official-pl-un-seul-tube,Re-Flex,The Politics of Dancing,AN40EWNZK8A,The Politics of Dancing,Re-Flex,6edIZ76uLiHDkW64VVxGk8,a1.00 t1.00,auto-ok
G3,official-pl-un-seul-tube,Murray Head,One Night in Bangkok,Ix3WVxFzW_M,One Night in Bangkok,Murray Head,6erBowZaW6Ur3vNOWhS2zM,a1.00 t1.00,auto-ok
G3,official-pl-un-seul-tube,Aneka,Japanese Boy,YyTruRHZsFQ,Japanese Boy,Aneka,4VmmNHz5nigftA0B3GR0M5,a1.00 t1.00,auto-ok
G3,official-pl-un-seul-tube,Lipps,Designer Music,XZ1kvZGkkJw,Designer Music,Lipps Inc.,5aVvVMwfFwu5JSoMFZojDE,a0.56 t1.00,review
G3,official-pl-un-seul-tube,Lou Reed,Perfect Day,zloVAR1RPWA,Perfect Day,Lou Reed,4TOMI010Sd4ZAX4aZ5TS85,a1.00 t1.00,auto-ok
G3,official-pl-un-seul-tube,Buggles,Video Killed the Radio Star,W8r-tXRLazs,Video Killed The Radio Star,The Buggles,7o7E1nrHWncYY7PY94gCiX,a0.64 t1.00,review
G3,official-pl-latino-fiesta,Shakira,La Tortura,Dsp_8Lm1eSk,La Tortura (feat. Alejandro Sanz),Shakira / Alejandro Sanz,53AafWSzYsiJKnAtJTUB5f,a1.00 t1.00,auto-ok
G3,official-pl-latino-fiesta,Juanes,A Dios le Pido,kMIaYXxLnUA,A Dios Le Pido,Juanes,129lYDVKnWtlJc2PZJviuA,a1.00 t1.00,auto-ok
G3,official-pl-latino-fiesta,Gipsy Kings,Volare,aQGYY6KFjb0,Volare (Nel Blu di Pinto di Blu),Gipsy Kings,4OjJAGDDZTLlTNeOMBl7UM,a1.00 t1.00,auto-ok
G3,official-pl-latino-fiesta,Carlos Santana,Smooth,QcUxrpIwuQ4,Smooth (feat. Rob Thomas),Santana / Rob Thomas,0n2SEXB2qoRQg171q7XqeW,a0.50 t1.00,no-match
G3,official-pl-latino-fiesta,Carlos Santana,Maria Maria,DE-9mwfTXlc,Maria Maria (feat. The Product G&B),Santana / The Product G&B,3XKIUb7HzIF1Vu9usunMzc,a0.50 t1.00,no-match
G3,official-pl-latino-fiesta,Chayanne,Torero,GuZzuQvv7uc,Torero,Chayanne,709CndJJB3GTUhQD0LLFse,a1.00 t1.00,auto-ok
G3,official-pl-latino-fiesta,Chayanne,Salomé,Z2BMBrCKMcY,Salomé,Chayanne,4dtlsMh8wam865qaU4WEnM,a1.00 t1.00,auto-ok
G3,official-pl-latino-fiesta,Thalía,Arrasando,Fn1h3AQk_TQ,Arrasando,Thalia,1EhDeCHd34jt7dMDqkGQBC,a1.00 t1.00,auto-ok
G3,official-pl-latino-fiesta,Paulina Rubio,Ni una sola palabra,Kkdhtb9DVWQ,Ni Una Sola Palabra,Paulina Rubio,5xXYuYk2CzHfk3kLKYmRRb,a1.00 t1.00,auto-ok
G3,official-pl-latino-fiesta,Pitbull,Give Me Everything,EPo5wWmKEaI,Give Me Everything (feat. Nayer),Pitbull / AFROJACK / Ne-Yo / Nayer,4QNpBfC0zvjKqPJcyqBy9W,a1.00 t1.00,auto-ok
G3,official-pl-latino-fiesta,Pitbull,Timber,EQzXwcZS-FU,Timber,Pitbull / Kesha,3cHyrEgdyYRjgJKSOiOtcS,a1.00 t1.00,auto-ok
G3,official-pl-latino-fiesta,Nicky Jam,El Perdón,LQ6UwPMCwco,El Perdón (with Enrique Iglesias),Nicky Jam / Enrique Iglesias,7qCAVkHWZkF44OzOUKf8Cr,a1.00 t1.00,auto-ok
G3,official-pl-latino-fiesta,Ozuna,Taki Taki,iH3uetMaaUc,"Taki Taki (with Selena Gomez, Ozuna & Cardi B)",DJ Snake / Selena Gomez / Ozuna / Cardi B,4w8niZpiMy6qz1mntFA5uM,a1.00 t1.00,auto-ok
G3,official-pl-latino-fiesta,Karol G,Bichota,_BoGdzGTn8Y,BICHOTA,KAROL G,1WvrDdouh6C51In1SdATbq,a1.00 t1.00,auto-ok
G3,official-pl-latino-fiesta,Bad Bunny,Tití Me Preguntó,XxQgfs2eRKY,Tití Me Preguntó,Bad Bunny,1IHWl5LamUGEuP4ozKQSXZ,a1.00 t1.00,auto-ok
G3,official-pl-latino-fiesta,Bad Bunny,Dakiti,TmKh7lAwnBI,DÁKITI,Bad Bunny / JHAYCO,47EiUVwUp4C9fGccaPuUCS,a1.00 t1.00,auto-ok
G3,official-pl-latino-fiesta,Rosalía,Despechá,5g2hT4GmAGU,DESPECHÁ,ROSALÍA,53tfEupEzQRtVFOeZvk7xq,a1.00 t1.00,auto-ok
G3,official-pl-latino-fiesta,Wisin & Yandel,Rakata,dpH2TZ1261Y,Rakata,Wisin & Yandel,0mHrQV5Tu8cjioNpNGG7N1,a0.42 t1.00,no-match
G3,official-pl-latino-fiesta,Tego Calderón,Pa' que retozen,9hKtfKaS3zI,Pa' Que Retozen,Tego Calderón,5YJ4BVvTFmVCxUyhKejHfR,a1.00 t1.00,auto-ok
G3,official-pl-latino-fiesta,Camila Cabello,Havana,HCjNJDNzw8Y,Havana (feat. Young Thug),Camila Cabello / Young Thug,1rfofaqEpACxVEHIZBJe6W,a1.00 t1.00,auto-ok
G3,official-pl-latino-fiesta,Jennifer Lopez,Let's Get Loud,Q91hydQRGyM,Let's Get Loud,Jennifer Lopez,6kQz6t5z1FK4uohPh8Kd73,a1.00 t1.00,auto-ok
G3,official-pl-latino-fiesta,Gloria Estefan,Conga,54ItEmCnP80,Conga,Gloria Estefan / Miami Sound Machine,4aMT5LHe8A2uIc11H8Cx2m,a1.00 t1.00,auto-ok
G3,official-pl-latino-fiesta,Gloria Estefan,Rhythm Is Gonna Get You,zZx53etCFYY,Rhythm Is Gonna Get You,Gloria Estefan,6gBcyxdwgcnA8UQnB9vwRc,a1.00 t1.00,auto-ok
G3,official-pl-latino-fiesta,Buena Vista Social Club,Chan Chan,INkLVwtIr_I,Chan Chan,Buena Vista Social Club,3bxZhauuIU4ubctdRZwPYW,a1.00 t1.00,auto-ok
G3,official-pl-latino-fiesta,Celia Cruz,La Vida Es un Carnaval,7Ho86ggAVrY,La Vida Es Un Carnaval,Celia Cruz,1BwrMGGhPA6GarWIYaFrW8,a1.00 t1.00,auto-ok
G3,official-pl-latino-fiesta,Aventura,Obsesión,SEjw5rdyvVg,Obsesion,Aventura / Judy Santos,65H6t1WQBim6q93yM8fEwn,a1.00 t1.00,auto-ok
G3,official-pl-latino-fiesta,Álvaro Soler,El Mismo Sol,aNHwNreDp3A,El Mismo Sol,Alvaro Soler / Nils Faller,3kmYPyed00Maoo8UFP22SN,a1.00 t1.00,auto-ok
G3,official-pl-latino-fiesta,Maná,Rayando el Sol,9mBkBhCOUN0,Rayando el Sol,Maná,4Ofg5uuH7qqDIXpAJMpXZV,a1.00 t1.00,auto-ok
G3,official-pl-latino-fiesta,Maná,Oye Mi Amor,OhXeBoTlCr4,Oye Mi Amor,Maná,5EJ2THuhAapEIeQOtXUQ0x,a1.00 t1.00,auto-ok
G3,official-pl-latino-fiesta,Café Tacvba,Eres,2bgpYddTD6Q,Eres,Café Tacvba,6kdCN6gTWLcLxmLXoUcwuI,a1.00 t1.00,auto-ok
G3,official-pl-latino-fiesta,Bomba Estéreo,Soy Yo,X1C2H26huWM,Soy Yo,Bomba Estéreo,4Egb5xP6cniUx0kgZd5zLB,a1.00 t1.00,auto-ok
G3,official-pl-latino-fiesta,Inna,Hot,_el0NVICO-4,Hot,INNA,7F1lHcpnTycnimQrCxDFI5,a1.00 t1.00,auto-ok
G3,official-pl-latino-fiesta,King Africa,La Bomba,P9wB0MCu1-g,La Bomba,King Africa,27PX39s143e1NVFNB7UhJb,a1.00 t1.00,auto-ok
G3,official-pl-latino-fiesta,Marc Anthony,Valió la Pena,hM8EHtN9RMw,Valió la Pena - Salsa Version,Marc Anthony,2AMDKSt4HJWZbuLupJuNrj,a1.00 t1.00,auto-ok
G3,official-pl-latino-fiesta,Pitbull,I Know You Want Me (Calle Ocho),8F8nBXEYP2g,I Know You Want Me (Calle Ocho),Pitbull,5RzFJd6W40SDTyZkX6xx45,a1.00 t1.00,auto-ok
G3,official-pl-latino-fiesta,Luis Fonsi,Échame la Culpa,TyHvyGVs42U,Échame La Culpa,Luis Fonsi / Demi Lovato,0mlAOSILGRys2IbvyOT5VJ,a1.00 t1.00,auto-ok
G3,official-pl-latino-fiesta,Jennifer Lopez,Waiting for Tonight,_66jPJVS4JE,Waiting for Tonight,Jennifer Lopez,5yaCquc7koPqtgj7v0lwHX,a1.00 t1.00,auto-ok
G3,official-pl-latino-fiesta,Loona,Bailando,LmT3Cj44JXE,Bailando,Loona,0oxOXYVVZ7vDknU6kagLwO,a1.00 t1.00,auto-ok
G3,official-pl-latino-fiesta,Las Ketchup,Kusha Las Payas,AaR3b8dbHsI,Kusha Las Payas,Las Ketchup,0bd4Nw5TUpHP1tUEzkFHcE,a1.00 t1.00,auto-ok
G3,official-pl-latino-fiesta,Luis Fonsi,Calypso,Hnj_EMDUfjY,Calypso,Luis Fonsi / Stefflon Don,2u7tDWQ6LX0Kw1LiK1jaok,a1.00 t1.00,auto-ok
G4,official-pl-intros-legendaires,U2,Sunday Bloody Sunday,Iqlzoz_jH3c,Sunday Bloody Sunday,U2,6qa36OkEeQqGaWlOcpjlGD,a1.00 t1.00,auto-ok
G4,official-pl-intros-legendaires,ZZ Top,Gimme All Your Lovin',DW7LVSQ6dsM,Gimme All Your Lovin',ZZ Top,29uKzagduhFDTWPCjqaGOg,a1.00 t1.00,auto-ok
G4,official-pl-intros-legendaires,Red Hot Chili Peppers,By the Way,YXdOAUKCc0k,By the Way,Red Hot Chili Peppers,1f2V8U1BiWaC9aJWmpOARe,a1.00 t1.00,auto-ok
G4,official-pl-intros-legendaires,Muse,Uprising,OqPVz101nd0,Uprising,Muse,4VqPOruhp5EdPBeR92t6lQ,a1.00 t1.00,auto-ok
G4,official-pl-intros-legendaires,The Cure,Boys Don't Cry,9GkVhgIeGJQ,Boys Don't Cry,The Cure,0Ky1rnbxYY41g4H9plxK6Q,a1.00 t1.00,auto-ok
G4,official-pl-intros-legendaires,Jimi Hendrix,Purple Haze,E8E11gM5Huo,Purple Haze,Jimi Hendrix,0wJoRiX5K5BxlqZTolB2LD,a1.00 t1.00,auto-ok
G4,official-pl-intros-legendaires,T. Rex,Get It On,B0hCPOaXvsE,Get It On,T. Rex,0LoQuiekvzqx7n8flgEKzF,a1.00 t1.00,auto-ok
G4,official-pl-intros-legendaires,Gary Glitter,Rock and Roll Part 2,nSSbXR2CfwQ,Rock And Roll Part II,Gary Glitter,65IZ8v2a6MUUX9D4YOBXFd,a1.00 t0.90,auto-ok
G4,official-pl-intros-legendaires,Eric Clapton,Layla (Unplugged),iZV7akaSo0s,Layla - Acoustic Live,Eric Clapton,5phbwzg5d2MqNAoc0435Zu,a1.00 t1.00 !DANGER,review
G4,official-pl-intros-legendaires,Ramones,Blitzkrieg Bop,NQDPx_k66w4,Blitzkrieg Bop - 2016 Remaster,Ramones,4KcH1ZRV2W1q7Flq0QqC76,a1.00 t1.00,auto-ok
G4,official-pl-generiques-disney,Bande originale,Hakuna Matata,0MxulhivCvI,Hakuna Matata,Jamel Debbouze / Alban Ivanov / Ismaël El Marjou / Michaël Lelong,3xAfJdO9px9oh1HL7WTh0h,a0.27 t1.00,no-match
G4,official-pl-generiques-disney,Bande originale,Prince Ali,CimdegqjpkY,"Prince Ali (From ""Aladdin"")",Flynn Bridgewater / Mellow Strings,0uAb3V75KNcdtmIltGNXhw,a0.35 t1.00,no-match
G4,official-pl-generiques-disney,Bande originale,Do You Want to Build a Snowman?,1APv9t_LyOY,"Do You Want To Build A Snowman? (From ""Frozen"")",Diana Dream,71iq6gySoLlCsr7z30hjMa,a0.27 t1.00,no-match
G4,official-pl-generiques-disney,Bande originale,Love Is an Open Door,fp9vbLL6M4A,"Love Is an Open Door - From ""Frozen""/Soundtrack Version",Kristen Bell / Santino Fontana,3IPnBzGRMg6BfViFxxa0Gq,a0.27 t1.00,no-match
G4,official-pl-generiques-disney,Bande originale,For the First Time in Forever,CqJfUu-AXzI,For the First Time in Forever - Orgel Version,Disney Orgel,7u1CqgwkoF6ZfTIr7xxi7u,a0.33 t1.00,no-match
G4,official-pl-generiques-disney,Celine Dion & Peabo Bryson,Beauty and the Beast,ippaCca4L6A,"Beauty and the Beast - from the Soundtrack ""Beauty and the Beast""",Céline Dion / Peabo Bryson,7B3UAPLYAbwXVgbHSKEaTw,a1.00 t1.00,auto-ok
G4,official-pl-generiques-disney,Bande originale,Be Our Guest,diLa-gpHRKc,Be Our Guest,Mitchell Hope / Spencer Lee / Kala Balch / Marco Marinangeli / Disney,5bIaUFqwok97vCXAoTqFkj,a0.35 t1.00,no-match
G4,official-pl-generiques-disney,Bande originale,Gaston,diLa-gpHRKc,Gaston,Mickey's Magical Music Box,2oEufKenEBTRiOPxB3Tssn,a0.23 t1.00,no-match
G4,official-pl-generiques-disney,Bande originale,Under the Sea,GC_mV1IpjWA,"Under The Sea (From ""The Little Mermaid"")",Flynn Bridgewater,4W5W0dR5E3kc8xsEGLFyVl,a0.35 t1.00,no-match
G4,official-pl-generiques-disney,Bande originale,Part of Your World,SXKlJuO07eM,"""Part of Your World""",music of princess,1WYmXz9gNfgCFJGb8aCWp3,a0.24 t1.00,no-match
G4,official-pl-generiques-disney,Bande originale,Kiss the Girl,8QGps9rG-bI,Kiss the Girl,Brent Morgan,4wJcS2F4VoJM2DR8en4EaW,a0.33 t1.00,no-match
G4,official-pl-generiques-disney,Bande originale,Poor Unfortunate Souls,YxrTRc0P_xs,Poor Unfortunate Souls,Billboard Baby Lullabies,0vRwqBe6b5PXrboNRbpDda,a0.21 t1.00,no-match
G4,official-pl-generiques-disney,Bande originale,We Know the Way,ubZrAmRxy_M,We Know The Way,Disney Orgel,6r1LkYDpbqnZ9Tno9bpHn8,a0.33 t1.00,no-match
G4,official-pl-generiques-disney,Bande originale,Reflection,RNprQYHenNI,"Reflection (From ""Mulan"")",Mellow Strings / Marlon / Flynn Bridgewater,3NNVcBYQR4WGtCIA66tM7q,a0.35 t1.00,no-match
G4,official-pl-generiques-disney,Mandy Moore & Zachary Levi,I See the Light,ILRs2r6lcHY,"I See the Light - From ""Tangled"" / Soundtrack Version",Mandy Moore / Zachary Levi,6klpXs2uAjagnZMFkt4qkl,a1.00 t1.00,auto-ok
G4,official-pl-generiques-disney,Mandy Moore,When Will My Life Begin,kRXmAIHYQR4,"When Will My Life Begin? - From ""Tangled"" / Soundtrack Version",Mandy Moore,03xWMkKEbeO4SnylA53ipj,a1.00 t1.00,auto-ok
G4,official-pl-generiques-disney,Bande originale,Colors of the Wind,XpIMGamlvwg,"Colors Of The Wind (From ""Pocahontas"")",Flynn Bridgewater / Marlon,5qA41llyTAPIzZm7Ny1O66,a0.35 t1.00,no-match
G4,official-pl-generiques-disney,Bande originale,Go the Distance,0_GEzVYOkYg,Go the Distance,Roger Bart / Disney,0D1OY0M5A0qD5HGBvFmFid,a0.20 t1.00,no-match
G4,official-pl-generiques-disney,Bande originale,Zero to Hero,woO9FidFa6o,Zero To Hero,Chorus - Hercules / Lillias White / Cheryl Freeman / LaChanze / Roz Ryan / Vaneese Thomas / Tawatha Agee / Disney,4zDfgax6Ihb0UWdour1ZEs,a0.27 t1.00,no-match
G4,official-pl-generiques-disney,Bande originale,The Bare Necessities,6BH-Rxd-NBo,The Bare Necessities - Nature Sounds Version,Baby Sleep Music Academy / Sleeping Baby Songs / Sleeping Baby Lullaby,2ZMsXWMW4faH8yKuQIRbao,a0.29 t1.00,no-match
G4,official-pl-generiques-disney,Bande originale,I Wan'na Be Like You,uX2mopyE5Z0,I Wan'na Be Like You (The Monkey Song),Louis Prima / Phil Harris / Bruce Reitherman,2EeVPGHq2I7fjeDfT6LEYX,a0.27 t1.00,no-match
G4,official-pl-generiques-disney,Bande originale,When You Wish Upon a Star,QhwT2jn9qHQ,When You Wish Upon a Star - Orgel Version,Disney Orgel,6Kzw5E9z5FzN4pLk9qFSRC,a0.33 t1.00,no-match
G4,official-pl-generiques-disney,Bande originale,Bibbidi-Bobbidi-Boo,B7zyb-VV8ZM,Bibbidi-Bobbidi-Boo (The Magic Song),Helena Bonham Carter,0tZqXCvOx44WKqcgEZtIRl,a0.20 t1.00,no-match
G4,official-pl-generiques-disney,Bande originale,A Dream Is a Wish Your Heart Makes,OFlOl_AqK7k,A Dream Is a Wish Your Heart Makes / Young at Heart (Mash-Up) [feat. Julissa Ruth],Rick Hale / Julissa Ruth,5zZlt46nWEHkMCtjiieo6Q,a0.27 t1.00,no-match
G4,official-pl-generiques-disney,Bande originale,Heigh-Ho,SnviREfg_4o,"Heigh-Ho! - De ""Blanche Neige et les Septs Nains""/Bande Originale Française du Film",Jean-Claude Donda / Gérard Rinaldi / Michel Mella / Bernard Alane / Jean-Loup Horwitz,2rKmPMazCwiNGAR7RU3vFz,a0.33 t1.00,no-match
G4,official-pl-generiques-disney,Bande originale,Whistle While You Work,LKXRx-RkTrs,Whistle,Flo Rida,3bC1ahPIYt1btJzSSEyyrF,a0.27 t1.00,no-match
G4,official-pl-generiques-disney,Bande originale,Someday My Prince Will Come,tR5-WNcElNw,"Someday My Prince Will Come (From ""Snow White And The Seven Dwarfs"")",Mellow Strings / Marlon / Flynn Bridgewater,5Wg0l6pXhzs3wlK1OgRs0C,a0.35 t1.00,no-match
G4,official-pl-generiques-disney,Julie Andrews & Dick Van Dyke,Supercalifragilisticexpialidocious,UUQGpD6Ml2o,Supercalifragilisticexpialidocious,Julie Andrews / Dick Van Dyke / The Pearlie Chorus,7fImDWw5bcUhRbZ0w1ny4J,a1.00 t1.00,auto-ok
G4,official-pl-generiques-disney,Julie Andrews,A Spoonful of Sugar,dKzqc54g0z4,A Spoonful of Sugar,Julie Andrews,39pyTfazAd7FNhM2ptDfB8,a1.00 t1.00,auto-ok
G4,official-pl-generiques-disney,Dick Van Dyke,Chim Chim Cher-ee,E9p7pXhY6MY,Chim Chim Cher-ee,Dick Van Dyke / Julie Andrews / Karen Dotrice / Matthew Garber,0IKYsgkoaylTKGzrlfrpu7,a1.00 t1.00,auto-ok
G4,official-pl-generiques-disney,Randy Newman,You've Got a Friend in Me,1MPZRcyTrcU,You've Got a Friend in Me,Randy Newman,2stkLJ0JNcXkIRDNF3ld6c,a1.00 t1.00,auto-ok
G4,official-pl-generiques-disney,Phil Collins,Two Worlds,1pYAqop2EIY,Two Worlds,Phil Collins,3icOFPIciIN8FQSyVlpYSF,a1.00 t1.00,auto-ok
G4,official-pl-generiques-disney,Bande originale,Everybody Wants to Be a Cat,yq8XjPReQpw,"Everybody Wants To Be A Cat (From ""The Aristocats"")",Mellow Strings / Marlon / Flynn Bridgewater,0xVgVWGPJypJKpee13WrOz,a0.35 t1.00,no-match
G4,official-pl-generiques-disney,Bande originale,We Don't Talk About Bruno,YRpvIiz9G8A,We Don't Talk About Bruno,The Fun Squad / Jazzy Skye / Jack Skye / Kade Skye,3dnCYpyCnPTVGji5SLmpVC,a0.33 t1.00,no-match
G4,official-pl-generiques-disney,Bande originale,Surface Pressure,tQwVKr8rCYw,"Surface Pressure (From ""Encanto"") - Instrumental",Alexandre Alekhine,0UH8QaDqkBxq2XWWAcFGxd,a0.33 t1.00 !DANGER,no-match
G4,official-pl-generiques-disney,Stephanie Beatriz,Waiting on a Miracle,jKKrfr4To14,Waiting On A Miracle,Stephanie Beatriz,3oRW9ZGPRbLRMneQ5lwflt,a1.00 t1.00,auto-ok
G4,official-pl-generiques-disney,Bande originale,Remember Me,YexJzu9aSZ0,"Remember Me (From ""Disney's Coco"")",Mickey's Magical Music Box,30NDqhmneVQmGiBMLUpbRk,a0.23 t1.00,no-match
G4,official-pl-generiques-disney,Anthony Gonzalez,Un Poco Loco,yg8116aeD7E,Un Poco Loco,Anthony Gonzalez / Gael Garcia Bernal,0OFknyqxmSQ42SoKxWVTok,a1.00 t1.00,auto-ok
G4,official-pl-generiques-disney,Bande originale,Almost There,ThMwHKfzz1I,Almost There,Anika Noni Rose,2GLyruWagsv8o7aGNXboH1,a0.27 t1.00,no-match
G4,official-pl-generiques-disney,Bande originale,God Help the Outcasts,g0bECDyWofg,"God Help the Outcasts (From ""The Hunchback of Notre Dame"")",Benny Martin,6P4zTpVz52b3SdvdjGUu4W,a0.33 t1.00,no-match
G4,official-pl-generiques-disney,Bande originale,We're All in This Together,ebfvvTA_IbM,We're All In This Together,High School Musical Cast / Disney,5t5LFepMdws4nudg1EiWdd,a0.20 t1.00,no-match
G4,official-pl-generiques-disney,Zac Efron & Vanessa Hudgens,Breaking Free,pAzFRfzwT-g,"Breaking Free (In the Style of High School Musical (Vanessa Hudgens, Zac Efron) ) - Instrumental Only",ProSource Karaoke,5JSwvTmrwFkuHkq9fjbVWO,a0.24 t1.00 !DANGER,no-match
G4,official-pl-generiques-disney,Bande originale,Hawaiian Roller Coaster Ride,aVBPJvPR9vg,"Hawaiian Roller Coaster Ride - From ""Lilo & Stitch""",Iam Tongi / Kamehameha Schools Children's Chorus / Disney,4SMyFD1nz2HFIlARsP8jyK,a0.27 t1.00,no-match
G4,official-pl-generiques-disney,Bande originale,Once Upon a Dream,8waJ7W3QcJc,"Once Upon A Dream (From ""Sleeping Beauty"")",Mellow Strings / Marlon / Flynn Bridgewater,5LWLpIusH0iY6f7lizpzfd,a0.35 t1.00,no-match
G4,official-pl-generiques-disney,Bande originale,You Can Fly! You Can Fly! You Can Fly!,hlwvl9X25WU,You Can Fly! You Can Fly! You Can Fly!,Bobby Driscoll / Kathryn Beaumont / Paul Collins / Tommy Luske / The Jud Conlon Chorus,1HTqoEMp8bRSfPDM7c5xIm,a0.33 t1.00,no-match
G4,official-pl-generiques-disney,Bande originale,Baby Mine,qpYOstfcQBs,"Baby Mine - From ""Dumbo""",Sleepy World,6lkXOM7zKZYB8Jc3bZftTk,a0.13 t1.00,no-match
G4,official-pl-generiques-disney,Bande originale,Oo-De-Lally,Allcse5dSbc,"Oo-De-Lally - From ""Robin Hood""",Roger Miller,0mWXrr6HQZUhCQG4JMkT2e,a0.27 t1.00,no-match
G4,official-pl-generiques-disney,Bande originale,If I Didn't Have You,oTJ-oqwxdZY,If I Didn't Have You,Band Reeves,2cZoHmu9hYfUoGrwFVqQoj,a0.40 t1.00,no-match
G4,official-pl-generiques-disney,Owl City,When Can I See You Again?,qM1YMeDsc-M,"When Can I See You Again? - From ""Wreck-It Ralph""/Soundtrack Version",Owl City,5ZkAx8zjLiSs1nMmBwJoZS,a1.00 t1.00,auto-ok
G4,official-pl-generiques-disney,Phil Collins,On My Way,wOWXVdfzEk0,"On My Way - From ""Brother Bear""/Soundtrack Version",Phil Collins,7wjiMdiSgsL9Vkrwb10Num,a1.00 t1.00,auto-ok
G4,official-pl-generiques-disney,Bande originale,I've Got No Strings,ETDkimdyKbQ,"I've Got No Strings (From ""Pinocchio"")",The Original Studio Orchestra,4IyKSbd8RSI8ZJ4SWzEh8J,a0.31 t1.00,no-match
G4,official-pl-generiques-disney,Bande originale,Winnie the Pooh,OdYMhVlhqA0,Winnie the Pooh - Orgel Version,Mutsuhiro Nishiwaki,66t5yJ6UbpDJZzsOsIEna2,a0.21 t1.00,no-match
G4,official-pl-generiques-disney,Elton John,Can You Feel the Love Tonight,KjgWWjkNbhU,Can You Feel the Love Tonight - End Title,Elton John,32RxZnEk5KyWUTZR4azxbD,a1.00 t1.00,auto-ok
G4,official-pl-generiques-disney,Peabo Bryson & Regina Belle,A Whole New World,hZ1Rb9hC4JY,A Whole New World (Aladdin's Theme),Peabo Bryson / Regina Belle,4tS8xQfyPGc7f4lJ1JP6BX,a1.00 t1.00,auto-ok
G4,official-pl-generiques-disney,Robin Williams,Friend Like Me,pF4OH-6NgFY,Friend Like Me,Robin Williams / Disney,70uZXOG2KTAHwcAgp4QyYr,a1.00 t1.00,auto-ok
G4,official-pl-generiques-disney,Idina Menzel,Let It Go,L0MK7qz13bU,"Let It Go - From ""Frozen""/Soundtrack Version",Idina Menzel,0qcr5FMsEO85NAQjrlDRKo,a1.00 t1.00,auto-ok
G4,official-pl-generiques-disney,Auliʻi Cravalho,How Far I'll Go,cPAbx5kgCJo,How Far I'll Go,Auli'i Cravalho / Disney,3KzemxaWSSiYtnzOokd0Rs,a1.00 t1.00,auto-ok
G4,official-pl-generiques-disney,Dwayne Johnson,You're Welcome,79DijItQXMM,You're Welcome,Dwayne Johnson,1gAqEg0gMyxJrM4DOOaYEA,a1.00 t1.00,auto-ok
G4,official-pl-generiques-disney,Jemaine Clement,Shiny,93lrosBEW-Q,Shiny,Jemaine Clement / Disney,7qXlsUBBEQaFhHrvMYBcuC,a1.00 t1.00,auto-ok
G4,official-pl-generiques-disney,Donny Osmond,I'll Make a Man Out of You,elBKil5zE2g,I'll Make a Man Out of You,Donny Osmond / Chorus - Mulan / Disney,28UMEtwyUUy5u0UWOVHwiI,a1.00 t1.00,auto-ok
G4,official-pl-generiques-disney,Phil Collins,You'll Be in My Heart,8TEo-YycxJc,You'll Be In My Heart,Phil Collins,4Y8vb1uy9IjM2V1hqvrAid,a1.00 t1.00,auto-ok
G4,official-pl-generiques-disney,Rascal Flatts,Life Is a Highway,U3sMjm9Eloo,Life is a Highway,Rascal Flatts,5gB2IrxOCX2j9bMnHKP38i,a1.00 t1.00,auto-ok
G4,official-pl-generiques-films-series,Phil Collins,Two Worlds,1pYAqop2EIY,Two Worlds,Phil Collins,3icOFPIciIN8FQSyVlpYSF,a1.00 t1.00,auto-ok
G4,official-pl-generiques-films-series,Bruce Springsteen,Streets of Philadelphia,4z2DtNW79sQ,Streets of Philadelphia - Single Edit,Bruce Springsteen,3fbnbn6A5O5RNb08tlUEgd,a1.00 t1.00,auto-ok
G4,official-pl-generiques-films-series,Huey Lewis and the News,The Power of Love,wBl2QGAIx1s,The Power Of Love,Huey Lewis & The News,2olVm1lHicpveMAo4AUDRB,a0.83 t1.00,auto-ok
G4,official-pl-generiques-films-series,Vanessa Williams,Colors of the Wind,5EdmHSTwmWY,Colors Of The Wind - End Title,Vanessa Williams,4qjrCkcVbsYlitCqbBkeKe,a1.00 t1.00,auto-ok
G4,official-pl-generiques-films-series,Diane Warren,Because You Loved Me,XbT8e1BHpM8,Because You Loved Me,Wanda Wandell,5r7Qu9ZdC6AU6QaMIAquMT,a0.38 t1.00,no-match
G4,official-pl-generiques-films-series,Glenn Frey,The Heat Is On,fO23yseT0qM,"The Heat Is On - From ""Beverly Hills Cop"" Soundtrack",Glenn Frey,0PXw9NKvolWTo7U9JkNzmc,a1.00 t1.00,auto-ok
G4,official-pl-generiques-films-series,OMD,If You Leave,TCNoJ2H4W-k,If You Leave,Orchestral Manoeuvres In The Dark,05oFyvdztPdpwSwpoclD4c,a0.09 t1.00,no-match
G4,official-pl-generiques-films-series,Patti LaBelle,New Attitude,on_GVvopu6w,New Attitude,Patti LaBelle,080uMDBesKJfS9uoqJCuFy,a1.00 t1.00,auto-ok
G4,official-pl-generiques-films-series,Wang Chung,Dance Hall Days,V-xpJRwIA-Q,Dance Hall Days,Wang Chung,2JvPJ8ydPuN2NhpH4oti6I,a1.00 t1.00,auto-ok
G4,official-pl-generiques-films-series,Tom Jones,It's Not Unusual,k-HdGnzYdFQ,It's Not Unusual,Tom Jones,3TlIt0ReIxPsVZcOEivT5U,a1.00 t1.00,auto-ok
G4,official-pl-generiques-films-series,DeBarge,Rhythm of the Night,N0k0FAlLlK0,Rhythm Of The Night,DeBarge,5yGTQzYbEdY6B9RFZJypgt,a1.00 t1.00,auto-ok
G5,official-pl-pop-divas,Christina Aguilera,Dirrty,-ScjucUV8v0,Dirrty (feat. Redman),Christina Aguilera / Redman,59ZTxQo8rBycIXPLUIKvE2,a1.00 t1.00,auto-ok
G5,official-pl-pop-divas,Madonna,Music,6gpudyM3Pn8,Music,Madonna,2fzykVsO2Di5jnofUNX3YE,a1.00 t1.00,auto-ok
G5,official-pl-pop-divas,Celine Dion,It's All Coming Back to Me Now,ppbyxOY8zKU,It's All Coming Back to Me Now,Céline Dion,5EQzuYfTZt7B2LqlvTF49l,a1.00 t1.00,auto-ok
G5,official-pl-pop-divas,Britney Spears,Womanizer,4lYa-PpkcuA,Womanizer,Britney Spears,4fixebDZAVToLbUCuEloa2,a1.00 t1.00,auto-ok
G5,official-pl-pop-divas,Britney Spears,Gimme More,elueA2rofoo,Gimme More,Britney Spears,6ic8OlLUNEATToEFU3xmaH,a1.00 t1.00,auto-ok
G5,official-pl-pop-divas,Dua Lipa,One Kiss,Bm8rz-llMhE,One Kiss (with Dua Lipa),Calvin Harris / Dua Lipa,7ef4DlsgrMEH11cDZd32M6,a1.00 t1.00,auto-ok
G5,official-pl-pop-divas,Pink,Just Give Me a Reason,OpQFFLBMEPI,Just Give Me a Reason (feat. Nate Ruess),P!nk / Nate Ruess,1mKXFLRA179hdOWQBwUk9e,a0.75 t1.00,review
G5,official-pl-pop-divas,Pink,Raise Your Glass,n2STDrP5UvI,Raise Your Glass,P!nk,1gv4xPanImH17bKZ9rOveR,a0.75 t1.00,review
G5,official-pl-disco-dancefloor,Village People,In the Navy,N9Gryhm6PvQ,In The Navy,Village People,6bsmFnY2fYksNwQ9G2Q0k9,a1.00 t1.00,auto-ok
G5,official-pl-disco-dancefloor,Sister Sledge,He's the Greatest Dancer,TDwutKpVyas,He's the Greatest Dancer - 1995 Remaster,Sister Sledge,5WwRKYnVy9dekqXAGPbAvU,a1.00 t1.00,auto-ok
G5,official-pl-disco-dancefloor,Anita Ward,Ring My Bell,r1UkZLT20TI,Ring My Bell,Anita Ward,7GK2KVYH8FrTC9zehmjVMd,a1.00 t1.00,auto-ok
G5,official-pl-disco-dancefloor,Odyssey,Native New Yorker,eZA2nJbxOCo,Native New Yorker,Odyssey,0PVgef4kvggErf7OS2oktc,a1.00 t1.00,auto-ok
G5,official-pl-disco-dancefloor,McFadden & Whitehead,Ain't No Stoppin' Us Now,i2FW1WJc0lg,Ain't No Stoppin' Us Now,McFadden & Whitehead,4Ymk3pqpkGx19gyxxUj5LK,a0.44 t1.00,no-match
G5,official-pl-disco-dancefloor,Heatwave,Boogie Nights,GTR27qWXGqU,Boogie Nights,Heatwave,4NTSDu34al733aIuUWVJHo,a1.00 t1.00,auto-ok
G5,official-pl-disco-dancefloor,Amii Stewart,Knock on Wood,XKuJUxGntRI,Knock on Wood,Amii Stewart,7uPY04JODJM6EKFoJp65LL,a1.00 t1.00,auto-ok
G5,official-pl-disco-dancefloor,Gloria Gaynor,Never Can Say Goodbye,Y09qgaPnsLg,Never Can Say Goodbye,Gloria Gaynor,1nvWbwYHXGocLrI5cfOSit,a1.00 t1.00,auto-ok
G5,official-pl-disco-dancefloor,Kool & the Gang,Get Down on It,qchPLaiKocI,Get Down On It,Kool & The Gang,4Cv6ongCvJy9JfSkWVnb5D,a0.31 t1.00,no-match
G5,official-pl-disco-dancefloor,The Gibson Brothers,Cuba,CxuVUmcmG1o,Cuba,Gibson Brothers,7qhwiyufW4TrovttmetUwr,a0.79 t1.00,review
G5,official-pl-disco-dancefloor,Evelyn King,Shame,FFlqM0_2dio,"Shame - 12"" Disco Version","Evelyn ""Champagne"" King",6nynFMP0uEslYEIgQeaofh,a0.52 t1.00,no-match
G5,official-pl-disco-dancefloor,McCrarys,Love on a Summer Night,1IClDQYSmeo,Love On A Summer Night,The McCrarys,4RKOToR0Xb39IREpIQlrQN,a0.67 t1.00,review
G5,official-pl-disco-dancefloor,Hot Chocolate,You Sexy Thing,-w7YP0eQbVg,You Sexy Thing,Hot Chocolate,714hERk9U1W8FMYkoC83CO,a1.00 t1.00,auto-ok
G5,official-pl-disco-dancefloor,Wild Cherry,Funky Music,t6b00ZACdwA,Play That Funky Music,Wild Cherry,5uuJruktM9fMdN9Va0DUMl,a1.00 t0.52,no-match
G5,official-pl-disco-dancefloor,Carl Douglas,Kung Fu Fighting,GDQu1j_8xb8,Kung Fu Fighting,Carl Douglas,7K8QsHbmUpSX37oOCL4e2g,a1.00 t1.00,auto-ok
G5,official-pl-disco-dancefloor,Bee Gees,You Should Be Dancing,1sqE6P3XyiQ,You Should Be Dancing,Bee Gees,4T5Y25pWs2pVZVcFIqFuf8,a1.00 t1.00,auto-ok
G5,official-pl-disco-dancefloor,Boney M.,Daddy Cool,C3PTPNpfVnw,Daddy Cool,Boney M.,3WMbD1OyfKuwWDWMNbPQ4g,a1.00 t1.00,auto-ok
G5,official-pl-disco-dancefloor,The Jacksons,Blame It on the Boogie,nqxVMLVe62U,Blame It on the Boogie,The Jacksons,3qI94hINNNeb4S7xQi18lS,a1.00 t1.00,auto-ok
G5,official-pl-disco-dancefloor,Tavares,Heaven Must Be Missing an Angel,56CpV-4lEe0,Heaven Must Be Missing An Angel - Pt. 1,Tavares,7qQzkUWsbvoTDbNpW3FHQu,a1.00 t1.00,auto-ok
G5,official-pl-disco-dancefloor,Sheila & B. Devotion,Spacer,U0bxpXXz4mI,Spacer,Sheila,2HnfVsBDEesQJPcXSyB7L2,a1.00 t1.00,auto-ok
G5,official-pl-disco-dancefloor,Santa Esmeralda,Don't Let Me Be Misunderstood,epKBqRhebOc,Don't Let Me Be Misunderstood,Santa Esmeralda,7aFQ7LIqKdO29NfYYrPVvV,a1.00 t1.00,auto-ok
G5,official-pl-disco-dancefloor,Baccara,"Yes Sir, I Can Boogie",TfesxFLsreQ,"Yes Sir, I Can Boogie",Baccara,2LScqpywMqGcnum6nNaxXX,a1.00 t1.00,auto-ok
G5,official-pl-disco-dancefloor,George McCrae,Rock Your Baby,6Q15-kql1YE,Rock Your Baby,George McCrae,6pMHMzwTsWIxLigr54GGVm,a1.00 t1.00,auto-ok
G5,official-pl-tubes-de-l-ete,Camila Cabello,Havana,HCjNJDNzw8Y,Havana (feat. Young Thug),Camila Cabello / Young Thug,1rfofaqEpACxVEHIZBJe6W,a1.00 t1.00,auto-ok
G5,official-pl-tubes-de-l-ete,Wisin & Yandel,Rakata,dpH2TZ1261Y,Rakata,Wisin & Yandel,0mHrQV5Tu8cjioNpNGG7N1,a0.42 t1.00,no-match
G5,official-pl-tubes-de-l-ete,Pitbull,Give Me Everything,EPo5wWmKEaI,Give Me Everything (feat. Nayer),Pitbull / AFROJACK / Ne-Yo / Nayer,4QNpBfC0zvjKqPJcyqBy9W,a1.00 t1.00,auto-ok
G5,official-pl-tubes-de-l-ete,Ozuna,Taki Taki,iH3uetMaaUc,"Taki Taki (with Selena Gomez, Ozuna & Cardi B)",DJ Snake / Selena Gomez / Ozuna / Cardi B,4w8niZpiMy6qz1mntFA5uM,a1.00 t1.00,auto-ok
G5,official-pl-tubes-de-l-ete,Bad Bunny,Tití Me Preguntó,XxQgfs2eRKY,Tití Me Preguntó,Bad Bunny,1IHWl5LamUGEuP4ozKQSXZ,a1.00 t1.00,auto-ok
G5,official-pl-tubes-de-l-ete,Rosalía,Despechá,5g2hT4GmAGU,DESPECHÁ,ROSALÍA,53tfEupEzQRtVFOeZvk7xq,a1.00 t1.00,auto-ok
G5,official-pl-tubes-de-l-ete,Bellini,Samba de Janeiro,HAiHEQblKeQ,Samba de Janeiro,Bellini,5aIfLbdgkbH7NbQryd1poB,a1.00 t1.00,auto-ok
G5,official-pl-tubes-de-l-ete,Pitbull,I Know You Want Me (Calle Ocho),8F8nBXEYP2g,I Know You Want Me (Calle Ocho),Pitbull,5RzFJd6W40SDTyZkX6xx45,a1.00 t1.00,auto-ok
G5,official-pl-tubes-de-l-ete,Luis Fonsi,Échame la Culpa,TyHvyGVs42U,Échame La Culpa,Luis Fonsi / Demi Lovato,0mlAOSILGRys2IbvyOT5VJ,a1.00 t1.00,auto-ok
G5,official-pl-tubes-de-l-ete,Shawn Mendes,Señorita,Pkh8UtuejGw,Señorita,Shawn Mendes / Camila Cabello,0TK2YIli7K1leLovkQiNik,a1.00 t1.00,auto-ok
G5,official-pl-tubes-de-l-ete,MAGIC SYSTEM,Premier Gaou,RJMpeYwifEU,Premier Gaou - Original Radio Edit,Magic System / Bob Sinclar,5gdM1wTSYyRus22N6jXeFF,a1.00 t1.00,auto-ok
G5,official-pl-tubes-de-l-ete,Tiësto,The Business,4x2S3LhbM0k,The Business,Tiësto,6f3Slt0GbA2bPZlz0aIFXN,a1.00 t1.00,auto-ok
G6,official-pl-generiques-dessins-animes,Danny Elfman,The Simpsons Theme,Fttst9dG6Ko,The Simpsons Theme,Danny Elfman / The City of Prague Philharmonic Orchestra / The Williams Family Singers / James Fitzpatrick,47mBp0k1Naxp5EKNuT6gRD,a1.00 t1.00,auto-ok
G6,official-pl-generiques-dessins-animes,Bande originale,SpongeBob SquarePants Theme,ehu9-GDSrck,Spongebob,Lil Texas / Pinotello,6aj1Dab1QH9zwofkE4nDIY,a0.20 t1.00,no-match
G6,official-pl-generiques-dessins-animes,Bande originale,Pokémon Theme,2zMIddjFAIA,Pokémon Theme,Pokémon,3mNH9BXFcNElEFbgKqmq1J,a0.20 t1.00,no-match
G6,official-pl-generiques-dessins-animes,Bande originale,Teenage Mutant Ninja Turtles Theme,xGPvZObuQ7w,"Teenage Mutant Ninja Turtles Theme (from ""Teenage Mutant Ninja Turtles"")",Piano Project,5HwEpMGRvXBQCrlvdCmwUW,a0.20 t1.00,no-match
G6,official-pl-generiques-dessins-animes,Bande originale,"Scooby-Doo, Where Are You!",v064kTQwZLo,"Scooby-Do, Where Are you? (From ""Scooby-Doo"")",Just Kids,5EwPIc0U69CAcxN3ArnJax,a0.13 t0.96,no-match
G6,official-pl-generiques-dessins-animes,Bande originale,Tom and Jerry Theme,Ha_5VPWR4Fg,Tom and Jerry,Andy Leftwich,5Oud35vfRASg8r8FiqaOwW,a0.33 t1.00,no-match
G6,official-pl-generiques-dessins-animes,Bande originale,The Merry-Go-Round Broke Down,u-FplNZZBkE,The Merry-Go-Round Broke Down,Cliff Friend / Dave Franklin / na Not Applicable,4S6yem14D4kUTQ0ZJbyLzH,a0.41 t1.00,no-match
G6,official-pl-generiques-dessins-animes,Bande originale,DuckTales Theme,greRWnaQWc4,DuckTales Theme - Jazz Funk Remix,Saturday Morning Remix,227Qb59LZQ9xSHviMCBnqK,a0.32 t1.00 !DANGER,no-match
G6,official-pl-generiques-dessins-animes,Bande originale,Inspector Gadget Theme,T3ABB-xymBc,"Inspector Gadget Theme (From ""Inspector Gadget"")",Just Kids,1XW9oaKTQHsNYuuvaGLj3u,a0.13 t1.00,no-match
G6,official-pl-generiques-dessins-animes,Bande originale,The Powerpuff Girls Theme,XXENqB7dH0Q,"The Powerpuff Girls Theme (From ""The Powerpuff Girls"") - Instrumental Version",Arcade Player,5meBv77nT4Mxscne4224z5,a0.20 t1.00 !DANGER,no-match
G6,official-pl-generiques-dessins-animes,Bande originale,Today Is Gonna Be a Great Day,z2LDn_wOMkE,Today is Gonna be a Great Day - Theme Song to Phineas and Ferb,Bowling For Soup,4bYm95uNb0qiHWilcuxmfZ,a0.13 t1.00,no-match
G6,official-pl-generiques-dessins-animes,Bande originale,Gravity Falls Theme,MpM7nOyFPLs,Gravity,Steven Price,2mFea4DOhY3iShay4BQ0se,a0.27 t1.00,no-match
G6,official-pl-generiques-dessins-animes,Bande originale,Adventure Time Theme,1jp0fexBf7o,"Adventure Time (From ""Adventure Time"")",dj recklus,5IrPfpk5x5O0vsxlbw4337,a0.20 t1.00,no-match
G6,official-pl-generiques-dessins-animes,Puffy AmiYumi,Teen Titans Theme,FbpzObFgsMU,Teen Titans,kxrmii,0ki6lxcuYhz335m6hpc3Tj,a0.23 t1.00,no-match
G6,official-pl-generiques-dessins-animes,Bande originale,Ben 10 Theme,BLObWFBSVH0,Ben 10 Theme Song,Bedtime Buddy,0gdKSV3KiJMsoxlesxeEd4,a0.13 t1.00,no-match
G6,official-pl-generiques-dessins-animes,Bande originale,The Fairly OddParents Theme,wzLf1bxxSU0,"The Fairly OddParents Theme (From ""The Fairly OddParents"") - Acapella",Mr Dooves,4ObQzrmy5b4fXCQYFm8Vpk,a0.13 t1.00,no-match
G6,official-pl-generiques-dessins-animes,Bande originale,Rugrats Theme,eI5-48k5UTo,Rugrats Theme Song,but it's SYNTHWAVE,3pNo5k96ynbMf4vEFuI9Ec,a0.22 t1.00,no-match
G6,official-pl-generiques-dessins-animes,Bande originale,Hey Arnold! Theme,5uSJ9Ku3QKo,Hey Arnold Theme,John Alexander Roman,6PSlkeyibD1eEjqyJ7ZRXF,a0.15 t1.00,no-match
G6,official-pl-generiques-dessins-animes,Bande originale,Rock the Dragon,Ok5RBdxCs5U,Rock The Dragon (Dragon Ball Z),Shadow Realm / Luke Crouse,7ax79XhLnC8PsQ65ecdur6,a0.27 t1.00,no-match
G6,official-pl-generiques-dessins-animes,Bande originale,Sailor Moon Theme,wvfbyYopYnU,Sailor Moon,The Keyblade Graveyard,34fux6dSShCgbUPl78U8zC,a0.27 t1.00,no-match
G6,official-pl-generiques-dessins-animes,Bande originale,Digimon Theme,fIUI0tEL3Ng,Digimon Tamers - Evolution,정재윤,7nbv7wGFNCxJJVo8Ivp8y7,a0.00 t0.71,no-match
G6,official-pl-generiques-dessins-animes,Bande originale,Avatar Main Theme,zMrMDvW5MaM,Avatar,Screen Jazzmaster,3FWPTZmG1Ee6AlfB7trJof,a0.18 t1.00,no-match
G6,official-pl-generiques-dessins-animes,Bande originale,We Are the Crystal Gems,eSD5hjpyBO0,We Are The Crystal Gems,Daniela Pinto,2fnWu5mJMRsfUYbUkuSYaZ,a0.33 t1.00,no-match
G6,official-pl-generiques-dessins-animes,Bande originale,Gumball Theme,lt-TThcJUqM,An da Loft,Maale Gars / John Ragga / Sixo,0xJJRD2ybDzfb5os1zPsqr,a0.33 t0.15,no-match
G6,official-pl-generiques-dessins-animes,Bande originale,PAW Patrol Theme,UUI5fgxpzgI,PAW Patrol Opening Theme,PAW Patrol,2bTc3HglsgQ8kbn1dUeo1M,a0.20 t0.67,no-match
G6,official-pl-generiques-dessins-animes,Bande originale,Peppa Pig Theme,wulejb3mZK0,Peppa pi,Gamih lyrics,6M2rgZuOtGVFChsZk7LhwW,a0.20 t1.00,no-match
G6,official-pl-generiques-dessins-animes,Bande originale,Bluey Theme,ryJ3gOTScGM,Bluey Theme Tune,Alexandre Alekhine,2egUyU70y4lFpAh4wsOCjx,a0.33 t1.00,no-match
G6,official-pl-generiques-dessins-animes,Bande originale,Masha and the Bear Theme,Aiqtwb8X89U,Masha And The Bear,Katie Green,0OOfhucLSlFZAXqRa8CM0j,a0.33 t1.00,no-match
G6,official-pl-generiques-dessins-animes,Bande originale,Can We Fix It?,xg2FhSmipv0,Can We Fix It?,Devils On Fire,6nH4pLnJYbtCxhUoREXmPY,a0.20 t1.00,no-match
G6,official-pl-generiques-dessins-animes,Bande originale,PJ Masks Theme,y4HYo34K4yw,PJ Masks Theme Song,PJ Masks,5MDDJSZejveWvRMOYnxnpB,a0.07 t1.00,no-match
G6,official-pl-generiques-dessins-animes,Bande originale,Octonauts Theme,jPUV0m-uNaA,"Octonauts Theme (From ""Octonauts"") - Acapella",Mr Dooves,1bdHvPAvAUvvTh9cI6Qshn,a0.13 t1.00,no-match
G6,official-pl-generiques-dessins-animes,Bande originale,Miraculous Theme,RIgglHKiJRA,Miraculous - Générique de la série TV,Lou / Lenni Kim,08aC14ZGZUQ5pGkN8SzL3d,a0.20 t1.00,no-match
G6,official-pl-generiques-dessins-animes,Bande originale,My Little Pony Theme,4mU_jjWGlzo,My Little Pony Theme Song,My Little Pony / Mona Rue,6ODcL13cygG0btsLJrogff,a0.27 t1.00,no-match
G6,official-pl-generiques-dessins-animes,Bande originale,Thomas & Friends Theme,_ol6hJJBscs,Thomas Theme - Instrumental,Mike O''Donnell and William Campbell / Nathan Tiemeyer,1UMR9wRiimy0w3sJiCRidM,a0.20 t0.60 !DANGER,no-match
G6,official-pl-generiques-dessins-animes,Bande originale,Sonic X Theme,LIfgMI8qLBk,sonicxshadow,Taiiki / sunny.wav,1nxycsyVOUblLMsIL1InP5,a0.20 t0.46,no-match
G6,official-pl-generiques-dessins-animes,Bande originale,Yo-kai Watch Theme,UJYhe6edfrs,"Yoda's Theme (From ""Star Wars Attack of the Clones"")",Dust of Stars,3JbJqN9wC6GlfFXPtYvwup,a0.20 t0.56,no-match
G6,official-pl-generiques-dessins-animes,Bande originale,Wheels on the Bus,zySaOMmL34Y,Wheels on the Bus,Bounce Patrol / The Wiggles,6Sxs3ZEBNOj0elHDWo5VDD,a0.33 t1.00,no-match
G6,official-pl-generiques-dessins-animes,Bande originale,Bath Song,ZzAm13KsBCc,Bath Song,Bob The Train,5AuIVtUnZ2cwCt4Mm0FY7C,a0.27 t1.00,no-match
G6,official-pl-generiques-dessins-animes,Bande originale,Gabby's Dollhouse Theme,q7-ut725GbM,Gabby’s Dollhouse World - from “Gabby’s Dollhouse: The Movie Soundtrack”,Gabby's Dollhouse,4TLyB3Q2kpCS3KdRBSQKMK,a0.18 t0.78,no-match
G6,official-pl-generiques-dessins-animes,Bande originale,She-Ra Theme,1dgubaXHhio,Sheriff fais-moi peur,The Sonora's Tucson Band,0swU1BpLZpVjkAgViNDuDQ,a0.17 t0.33,no-match
G6,official-pl-generiques-dessins-animes,Bande originale,Hilda Theme,dP5E34pDT7w,"Hilda's Theme (From"" The Legend of Zelda: A Link Between Worlds"")",Jonnas Heisenberg,6SS3Z4o1SMsPaww8PeaX1c,a0.24 t0.85,no-match
G6,official-pl-generiques-dessins-animes,Bande originale,Carmen Sandiego Theme,Pa6zR33nMzA,carmen sandiego,ANUKARAB,3GhH1reNb2mHhfBbVkqfW7,a0.27 t1.00,no-match
G6,official-pl-generiques-dessins-animes,Bande originale,Kipo Theme,SUP3aDxuAlE,"Main Theme (From ""The Legend of Zelda: Echoes of Wisdom"") - Nightcore Remix",Neon Note,5nFpCwakMRrCcrUNjLjtPp,a0.33 t0.60 !DANGER,no-match
G6,official-pl-generiques-dessins-animes,Bande originale,The Dragon Prince Theme,FNAqUtx2NZE,The Dragon Prince: Mystery of Aaravos (Main Title Theme),Coded Channel,1g2Lmiin5cFBOxjcO408MN,a0.27 t0.53,no-match
G6,official-pl-generiques-dessins-animes,Bande originale,Trollhunters Theme,qNB2IRuOluU,Troll Dance,The Luxembourg Military Band,3EsdBD9AfZkzkvxdLtUjDw,a0.21 t0.39,no-match
G6,official-pl-generiques-dessins-animes,Bande originale,Centaurworld Theme,j6Afe34Uhxc,Centuries,Dj Skins,6E60RArrDPrFAFiYZYnktQ,a0.27 t0.39,no-match
G6,official-pl-generiques-dessins-animes,Cathy Ang,Rocket to the Moon,Ykd3th21ZrU,"Rocket to the Moon (From the Netflix Film ""Over the Moon"")",Cathy Ang,6OmKd7kCyhBodZdoZKHH30,a1.00 t1.00,auto-ok
G6,official-pl-generiques-dessins-animes,Phillipa Soo,Ultraluminary,ts50vis_7Vo,"Ultraluminary (From the Netflix Film ""Over the Moon"")",Phillipa Soo,4JUwY5F2ULraA4CZdbcdjW,a1.00 t1.00,auto-ok
G6,official-pl-generiques-dessins-animes,Bande originale,Spirit Riding Free Theme,O1bGvhjSuSU,Spirit Riding Free - Instrumental,Kids Superstars / Paolo Tuci / Elisa Mammoliti,0Jw5FHJxhPy7RpRp4WaixC,a0.20 t1.00 !DANGER,no-match
G6,official-pl-generiques-dessins-animes,Bande originale,Boss Baby Theme,u30Bw8PBrDk,Boss Baby - Teil 1,Boss Baby,19OSKIiyZ8OQu8NpNxJaJW,a0.20 t1.00,no-match
G6,official-pl-generiques-dessins-animes,Bande originale,Come Together,KQetemT1sWc,Come Together,Willy Crook / Funky Torinos,7uz1M3X9liiasonn3ziU2D,a0.33 t1.00,no-match
G6,official-pl-generiques-dessins-animes,Bande originale,Super Monsters Theme,tnZqNnbSC-s,Superman Theme (''Superman'' the Movie Theme),Toners,7h7ZM2vuYuwg1dKwRuheJW,a0.20 t0.65,no-match
G6,official-pl-generiques-dessins-animes,Bande originale,Outer Space,m9DOSvoYwB4,Outer Space - Radio Edit,Kyria,3Q9eHZOc6iDaYLB9k90vdJ,a0.20 t1.00,no-match
G6,official-pl-generiques-dessins-animes,Bande originale,Waffles + Mochi Theme,S4nvHDLK69c,Main Theme,Jenny Julian,1SNOd6Guoo6NlZFfvWmTnJ,a0.27 t0.37,no-match
G6,official-pl-generiques-dessins-animes,Bande originale,Ridley Jones Theme,HuwxD1CS3RQ,ER Theme,James Newton Howard / London Music Works / Evan Jolly,1ah93qltdUmiVSLJuUXwzz,a0.22 t0.39,no-match
G6,official-pl-generiques-dessins-animes,Bande originale,The Last Kids on Earth Theme,mViBJgb6P6Y,The Last Light of Evening,Baby Mozart,4b3jQDvLJeBNe5hqY0vEzO,a0.27 t0.46,no-match
G6,official-pl-generiques-dessins-animes,Bande originale,Camp Cretaceous Theme,cD3S6CLz0S8,Main title theme (Raiders of the Lost Ark),John Williams / Philharmonic Rock Orchestra / Richard Hayman,6XxMgJLl3pPNXFltQnM4qu,a0.20 t0.48,no-match
G6,official-pl-generiques-dessins-animes,Zara Larsson,Invisible,mZ5nqKVPgNY,Invisible - from the Netflix Film Klaus,Zara Larsson,62z2Su8BBGvR50aOvdjPzW,a1.00 t1.00,auto-ok
G6,official-pl-generiques-dessins-animes,Bande originale,Word Party Theme,8ILGlfnOV_E,pity party,Pr0 Social,2lRYAbqNbRUz4wBGVndhqg,a0.27 t0.38,no-match
G6,official-pl-italie,Raffaella Carrà,A far l'amore comincia tu,EI-SLSEHkYc,A far l'amore comincia tu,Raffaella Carrà,4RGMka1jhff27B8zMkMWRO,a1.00 t1.00,auto-ok
G6,official-pl-italie,Eros Ramazzotti,Se bastasse una canzone,6kMaW_rdJRs,Se bastasse una canzone,Eros Ramazzotti,7dp45uA0Ws4TadWaMwdIRw,a1.00 t1.00,auto-ok
G6,official-pl-italie,Adriano Celentano,Prisencolinensinainciusol,6YHeyJb47iM,Prisencolinensinainciusol,Adriano Celentano,6E4ZPXz34YTAObmBrqquGo,a1.00 t1.00,auto-ok
G6,official-pl-italie,Gigi D'Agostino,L'Amour Toujours,p18Fs0FWnWY,L'Amour Toujours,Gigi D'Agostino,52LJ3hyknOijCrE5gCD0rE,a1.00 t1.00,auto-ok
G6,official-pl-italie,Eros Ramazzotti,Una storia importante,ZBNVODLaltQ,Una storia importante,Eros Ramazzotti,17v4BXFKtbYmJFPqBgpGla,a1.00 t1.00,auto-ok
G6,official-pl-italie,Zucchero,Diavolo in me,V2JZpkeWAZ8,Diavolo In Me,Zucchero,58zqNpgxzGksC3rVcnqAWk,a1.00 t1.00,auto-ok
G6,official-pl-italie,Lucio Battisti,"Acqua azzurra, acqua chiara",Q6JW3KKeGKQ,"Acqua azzurra, acqua chiara",Lucio Battisti,1N46SW28bpacvXmNYP6PTB,a1.00 t1.00,auto-ok
G6,official-pl-italie,Vasco Rossi,Vita spericolata,Gg2UwQjMZTA,Vita spericolata,Vasco Rossi,5zd9EXZujflINL16eUHgqo,a1.00 t1.00,auto-ok
G6,official-pl-italie,Lucio Dalla,Attenti al lupo,kFfhBX7ET-4,Attenti al lupo,Lucio Dalla,4lJpy10HgdXwVmetgwjGkH,a1.00 t1.00,auto-ok
G6,official-pl-italie,Tiziano Ferro,Perdono,NdT69GVH-Ak,Xdono,Tiziano Ferro,3h0v8BiwP1qzlCX7TXrsDF,a1.00 t0.57,review
G6,official-pl-italie,Jovanotti,Bella,O2RccC7UCnY,Bella - Remastered 2012,Jovanotti,7zYBy2SalMTqoff5h1r8jL,a1.00 t1.00,auto-ok
G6,official-pl-italie,Andrea Bocelli,Vivo per lei,CNHL66K8S2I,Vivo per lei,Andrea Bocelli / Giorgia,6cPLCU7hKjgjvLWzCevl7R,a1.00 t1.00,auto-ok
G6,official-pl-italie,Nek,Laura non c'è,_0j0kN0mpwg,Laura non c'è,Nek,7anRsNjcOSrNYf2FjYopCH,a1.00 t1.00,auto-ok
G6,official-pl-italie,883,Hanno ucciso l'Uomo Ragno,9Nu8sjHodPc,Hanno ucciso l'Uomo Ragno,883,5aowfqA6aFjK1FScZmg4pN,a1.00 t1.00,auto-ok
G6,official-pl-italie,Mango,Oro,E1r0G8Xk2ps,Oro,Mango,5NzWbTJOakrvq3g83UoD25,a1.00 t1.00,auto-ok
G6,official-pl-italie,Patty Pravo,La bambola,wchNjXXVYd4,La bambola,Patty Pravo,6uh7Mg8FBL98cdnGtkGHIw,a1.00 t1.00,auto-ok
G6,official-pl-italie,Toto Cutugno,Solo noi,k5nZZktWuaY,Solo noi,Toto Cutugno,69yVorve3CSUgza89ZxLeS,a1.00 t1.00,auto-ok
G6,official-pl-italie,Elodie,Andromeda,esgGK28jKVk,Andromeda,Elodie,0enRz21WfeQKKV9StgrKv7,a1.00 t1.00,auto-ok
G6,official-pl-italie,Fedez & Mara Sattei,Mille,TX_csdgqhxA,MILLE – feat. Orietta Berti,Fedez / Achille Lauro / Orietta Berti,6qdMhG7pRFi0csRlFGvLE4,a1.00 t1.00,auto-ok
G6,official-pl-italie,Takagi & Ketra,La luna e la gatta,UOGIB04HfVw,"La Luna e la Gatta (feat. Tommaso Paradiso, Jovanotti, Calcutta)",Takagi & Ketra / Tommaso Paradiso / Jovanotti / Calcutta ,0swoHiwTazywpoqiKDUtGQ,a0.50 t1.00,no-match
G6,official-pl-italie,Ghali,Cara Italia,5oZtrMJQrWY,Cara Italia,Ghali,3atDsUhlUgDlQQrI0XFh7I,a1.00 t1.00,auto-ok
G6,official-pl-italie,Achille Lauro,Rolls Royce,S2SBY0d69sQ,"Rolls Royce (feat. Boss Doms, Frenetik&Orang3)",Achille Lauro / Boss Doms / Frenetik&Orang3,6RrHjDbTT8ibYqSBsZbmRA,a1.00 t1.00,auto-ok
G6,official-pl-italie,Geolier,"I p' me, tu p' te",Ulwjcz49qNk,"I P’ ME, TU P’ TE",Geolier / Michelangelo,3j1453KrdHjw7y4gnBj7nF,a1.00 t1.00,auto-ok
G6,official-pl-italie,Angelina Mango,La noia,uyQDsXWJlDw,la noia,Angelina Mango,49R1F3rIdSzuPk7AcHi6d1,a1.00 t1.00,auto-ok
G6,official-pl-italie,Zucchero,Senza una donna,nI-DsfcSdQA,Senza Una Donna,Zucchero,3ShEGKdskF0ke7iW2u9gjD,a1.00 t1.00,auto-ok
G6,official-pl-italie,Adriano Celentano,Il ragazzo della via Gluck,jOkRxot0fb0,Il Ragazzo Della Via Gluck,Adriano Celentano,37pLS8UMAnxlDMRihU24GR,a1.00 t1.00,auto-ok
G6,official-pl-italie,Tiziano Ferro,Sere nere,Ga9sIlmVh50,Sere nere,Tiziano Ferro,4Ovy5UkvkweOluGd9hoKsR,a1.00 t1.00,auto-ok
G6,official-pl-italie,Jovanotti,L'ombelico del mondo,PC9tgxm9BMM,L'Ombelico Del Mondo - Remastered 2012,Jovanotti,5IW7ittaXAExWdjNtyU9h5,a1.00 t1.00,auto-ok
G6,official-pl-italie,Pooh,Uomini soli,KYsJxRCrvmY,Uomini soli - 2012 Remaster,Pooh,6JjZtgy4DzjNz7Hj7fROZo,a1.00 t1.00,auto-ok
G6,official-pl-italie,Raffaella Carrà,Tanti auguri,S6vM1RTzpKE,Tanti auguri,Raffaella Carrà,3l3WKhjiw0LVnYhGgfddW7,a1.00 t1.00,auto-ok
G6,official-pl-italie,Annalisa,Bellissima,qz88Dx-_lA4,Bellissima,Annalisa,39jxR2xnmcBbkdPX9oNzsI,a1.00 t1.00,auto-ok
G6,official-pl-italie,Salmo,90min,dFmpc9PfrUE,90MIN,Salmo,3Ls9yKzshQye18Tx2AvOb6,a1.00 t1.00,auto-ok
G6,official-pl-italie,Blanco,Notti in bianco,wppn2Via-Tk,Notti In Bianco,BLANCO,38UoVEHcZ85EGBo6k79643,a1.00 t1.00,auto-ok
G6,official-pl-rap-fr-culte,Sexion d'Assaut,Wati by Night,zD80w-mPrKw,Wati by Night,Sexion d'Assaut,4g0kyRLFKBYFxDF1vCxj8v,a1.00 t1.00,auto-ok
G6,official-pl-rap-fr-culte,Nekfeu,On verra,YltjliK0ZeA,On verra,Nekfeu,57I5KhEpQFC9XBgKt6nklL,a1.00 t1.00,auto-ok
G6,official-pl-rap-fr-culte,Jul,Tchikita,Uaoyx5WQYK8,Tchikita,Jul,4RlWqAjKp9OcLaY49FtBEZ,a1.00 t1.00,auto-ok
G6,official-pl-rap-fr-culte,Jul,Wesh alors,uLxjAHnnMho,Wesh alors,Jul,4Yrv2ZSIyF9NqNDkHcBZBW,a1.00 t1.00,auto-ok
G6,official-pl-rap-fr-culte,Niska,Salé,sDs1joM2pKo,Salé,Niska,6NidE9hFNlSMBaTZ4NtgP6,a1.00 t1.00,auto-ok
G6,official-pl-rap-fr-culte,Gradur,Sheguey,283rflCSu0g,SHEGUEY #10 - TRACTION,Gradur,7sozwPhqPEqd1zyxUiPrYv,a1.00 t1.00,auto-ok
G6,official-pl-rap-fr-culte,La Fouine,Du ferme,F6X5rmLqX9M,Du ferme,La Fouine,6k8ynYPD7SjWpDShcImkz1,a1.00 t1.00,auto-ok
G6,official-pl-rap-fr-culte,Sefyu,Molotov 4,Nzt7puchldA,Molotov 4,Sefyu,0XZUo8Rds5wEp3UwyXER6J,a1.00 t1.00,auto-ok
G6,official-pl-rap-fr-culte,Disiz la Peste,J'pète les plombs,3wafM4bzLmY,J'Pète Les Plombs - Intro,disiz,1HeO50DPnC1LSuonAYlu5j,a0.36 t1.00,no-match
G6,official-pl-rap-fr-culte,Kery James,Banlieusards,RhDq_hr1X7w,Banlieusards,Kery James,0yFCrb2x6KTwZjY90Z7iIP,a1.00 t1.00,auto-ok
G6,official-pl-rap-fr-culte,Médine,Grand Paris,27gUnZt0wTs,Grand Paris,Médine / Lartiste / Lino / Sofiane / Alivor / Seth Gueko / Ninho / Youssoupha,1jCnQf9BhMMnIvq8ETzFry,a1.00 t1.00,auto-ok
G6,official-pl-rap-fr-culte,Hamza,Life,nhwhVJWSI8k,Life,Hamza,1oHh0DAi8nJDORn90H97QA,a1.00 t1.00,auto-ok
G6,official-pl-rap-fr-culte,Naps,La Kiffance,3r9vJI5OiV8,La kiffance,Naps,4CWcaGtaOyAqBDKIeZMUe0,a1.00 t1.00,auto-ok
G6,official-pl-rap-fr-culte,Heuss l'Enfoiré,Khapta,W-gmIG41dGA,Khapta,Heuss L'enfoiré / Sofiane,6stxV2bl7xSiPUornxwyNR,a1.00 t1.00,auto-ok
G6,official-pl-rap-fr-culte,Lefa,3 du mat,virp7bUZ55U,J'me téléporte (feat. Dadju & S.Pri Noir),Lefa / Dadju / S.Pri Noir,2crkA4MOYkU4zJr4nV25lo,a1.00 t0.21,no-match
G6,official-pl-rap-fr-culte,Sniper,Gravé dans la roche,Iy1gH00vkMw,Gravé dans la roche,SNIPER,0LZ90308GB1Tp05STjabeC,a1.00 t1.00,auto-ok
G6,official-pl-rap-fr-culte,Orelsan,Tout va bien,jWcAkOhorpg,Tout va bien,Orelsan,1Rw7XYKabOGPR6WbTw2rl0,a1.00 t1.00,auto-ok
G6,official-pl-rap-fr-culte,Damso,Mosaïque solitaire,q2c7Ie1Sz1Q,Γ. Mosaïque solitaire,Damso,7wFK2ReVQpq80IAGs6eI1l,a1.00 t1.00,auto-ok
G6,official-pl-rap-fr-culte,Bigflo & Oli,Demain,7XKidex-w1Q,Demain - Bigflo & Oli X Petit Biscuit,Bigflo & Oli / Petit Biscuit,3KfcM6hHFpjs7z9fkAlRhD,a0.60 t1.00,review
G6,official-pl-rap-fr-culte,Kaaris,Zoo,xX4Pxiwti4E,Zoo,Kaaris,3BaGyruhFKKP6f8e2koRri,a1.00 t1.00,auto-ok
G6,official-pl-rap-fr-culte,Sinik,Une époque formidable,mJ7YyYpJ_2U,Une époque formidable,Sinik,63Mv2ORJ7QmKRuZ8bUWCiv,a1.00 t1.00,auto-ok
G6,official-pl-rap-fr-culte,Ninho,Goutte d'eau,0uLp-tejcSo,Goutte d'eau,Ninho,0rQbvQpjQ6QeeCAnVRzokf,a1.00 t1.00,auto-ok
G6,official-pl-rap-fr-culte,Werenoi,Guerilla,GFqbhQULYik,Tu connais,Werenoi,3rIX5DA9rUk89KUOZdGFaN,a1.00 t0.20,no-match
G6,official-pl-rap-fr-culte,Ärsenik,Boxe avec les mots,qvc8AaCwZdM,Boxe avec les mots,Ärsenik,5QSGPhlzVUIqYjmjEANDdm,a1.00 t1.00,auto-ok
G7,official-pl-slows-cultes,Westlife,Flying Without Wings,fZOW8ZuLG2o,Flying Without Wings,Westlife,1pDylAt4nUPy2r72KRQDYX,a1.00 t1.00,auto-ok
G7,official-pl-slows-cultes,Mr. Big,To Be with You,icsAF0TjP4E,To Be With You,Mr. Big,3bP47tw8MOgtrwdO1iahVl,a1.00 t1.00,auto-ok
G7,official-pl-slows-cultes,Bryan Adams,Please Forgive Me,Qy4zFJmE-1E,Please Forgive Me (Classic Version),Bryan Adams,0POfS30Fom0Tu9hbEWZXVg,a1.00 t1.00,auto-ok
G7,official-pl-chanson-francaise-culte,Jean-Jacques Goldman,Encore un matin,QdCfruTbumU,Encore un matin,Jean-Jacques Goldman,41eW0sssMpqOmd3ZqbPeZ9,a1.00 t1.00,auto-ok
G7,official-pl-chanson-francaise-culte,Michel Sardou,La Maladie d'amour,6YJ_V5V9Zek,La maladie d'amour,Michel Sardou,2flivK5ivlprHRE7YNcRrj,a1.00 t1.00,auto-ok
G7,official-pl-chanson-francaise-culte,Claude François,Cette année-là,8FGWdhieK9k,Cette année-là,Claude François,3R4rbnUNQKpKo588EFOqTl,a1.00 t1.00,auto-ok
G7,official-pl-chanson-francaise-culte,Niagara,Pendant que les champs brûlent,NTVvmCAEg3A,Pendant que les champs brûlent,Niagara,38mYs9bzJ01JAaTSGGPwm7,a1.00 t1.00,auto-ok
G7,official-pl-chanson-francaise-culte,Étienne Daho,Week-end à Rome,Ft2U58G5Szw,Week-end à Rome,Étienne Daho,0hMUcAdD9QT8apFfjv26A5,a1.00 t1.00,auto-ok
G7,official-pl-chanson-francaise-culte,Jean-Jacques Goldman,Là-bas,zFwaRmpzvjo,Là-bas,Jean-Jacques Goldman / Sirima,6pvfDHdFcjiIDXFxvDI879,a1.00 t1.00,auto-ok
G7,official-pl-chanson-francaise-culte,Michel Polnareff,On ira tous au paradis,uUWsGfMbwcw,On ira tous au paradis,Michel Polnareff,58bRgUVRgeHrrGfqR7v96k,a1.00 t1.00,auto-ok
G7,official-pl-chanson-francaise-culte,Serge Gainsbourg,La Javanaise,Nr8lMYFzt18,La javanaise,Serge Gainsbourg,7cUKT1Wiwve4E5iRFOLVmz,a1.00 t1.00,auto-ok
G7,official-pl-chanson-francaise-culte,Charles Aznavour,For Me Formidable,ImMxtsbyVi0,For Me... Formidable,Charles Aznavour,6LryRmHPjkdq3hRNAdO9KB,a1.00 t1.00,auto-ok
G7,official-pl-chanson-francaise-culte,Eddy Mitchell,La Dernière Séance,9unPGVGwHps,La dernière séance,Eddy Mitchell,1IuXXdJEETdD15R7Pv1bR3,a1.00 t1.00,auto-ok
G7,official-pl-chanson-francaise-culte,Émile et Images,Les Démons de minuit,JMIZZz6sax4,Les démons de minuit,Images,2ne2QYNb5DjByvKPOtzQaM,a0.40 t1.00,no-match
G10,official-pl-fr-80s-easy,Jean-Jacques Goldman,Quand la musique est bonne,-boDeijWuOY,Quand la musique est bonne,Jean-Jacques Goldman,0Wh6e5EkmQseBGVeJqzC9X,a1.00 t1.00,auto-ok
G10,official-pl-fr-80s-easy,Desireless,Voyage voyage,2KFtLUS_lb4,Voyage voyage,Desireless,2d8D7uk3tbAThjRkdfrx9c,a1.00 t1.00,auto-ok
G10,official-pl-fr-80s-easy,Patrick Bruel,Casser la voix,r-951A8fuoU,Casser la voix,Patrick Bruel,6GKfnB8wQhmCqsHmgDAkN4,a1.00 t1.00,auto-ok
G10,official-pl-fr-80s-easy,Michel Berger,La groupie du pianiste,zO_q3kLdNCs,La groupie du pianiste,Michel Berger,6wKjE3MUATWp50BP22ENR1,a1.00 t1.00,auto-ok
G10,official-pl-fr-80s-easy,Axel Bauer,Cargo de nuit,e9c1ya90N2M,Cargo de nuit - Live,Axel Bauer,0rZ3Qhtr1giQ5wklwWJtXo,a1.00 t1.00 !DANGER,review
G10,official-pl-fr-80s-easy,Cookie Dingler,Femme libérée,qnohSv2mRsk,Femme libérée,Cookie Dingler,6yKvNUcS8XOx2rXip07kHQ,a1.00 t1.00,auto-ok
G10,official-pl-fr-80s-easy,Kaoma,Lambada,iyLdoQGBchQ,Lambada - Original Version 1989,Kaoma,6xepovPqjvrkEw9Y5AMmTm,a1.00 t1.00,auto-ok
G10,official-pl-fr-80s-easy,Renaud,Mistral gagnant,Tuoh3o0CM3Y,Mistral gagnant,Renaud,1MOSRjdAbUhvLNnHCdUEL5,a1.00 t1.00,auto-ok
G10,official-pl-fr-80s-easy,Indochine,L'aventurier,VDe-i6l4-NU,L'aventurier,Indochine,2UC5XnHA1Wn9FjQmbjNca9,a1.00 t1.00,auto-ok
G10,official-pl-fr-80s-easy,Les Rita Mitsouko,Marcia Baïla,neHsQMaGzaY,Marcia Baïla,Les Rita Mitsouko,43THPstJP6RXLMd7ryXyNf,a1.00 t1.00,auto-ok
G10,official-pl-fr-80s-easy,Mylène Farmer,Pourvu qu'elles soient douces,HJ_JBS4AjG8,Pourvu qu'elles soient douces,Mylène Farmer,4uz13X7lt8wiCfxf49TOyz,a1.00 t1.00,auto-ok
G10,official-pl-fr-80s-easy,Maxime Le Forestier,Né quelque part,DagKAzSk9Z8,Né quelque part,Maxime Le Forestier,5nYEKD0xyAGhs5xGYeD89j,a1.00 t1.00,auto-ok
G10,official-pl-fr-80s-easy,Elli Medeiros,Toi mon toit,LW_ydJ5hyBM,Toi mon toit,Elli Medeiros,4duQCrc96WFvMLUM17IMLT,a1.00 t1.00,auto-ok
G10,official-pl-fr-80s-easy,Gold,Plus près des étoiles,dty7JyWKoKg,Plus près des étoiles,Gold,05OmZz1tixVBtXMx3cb4oc,a1.00 t1.00,auto-ok
G10,official-pl-fr-80s-easy,Vanessa Paradis,Joe le taxi,KZUOTqVj4k8,Joe le taxi,Vanessa Paradis,7nZCg1jgmXIjSBRifWkmaJ,a1.00 t1.00,auto-ok
G10,official-pl-fr-80s-easy,Charlélie Couture,Comme un avion sans aile,nGeA_hwTBSk,Comme un avion sans aile,Charlelie Couture,0YFLNz59b1JPU6o8gSdOqF,a1.00 t1.00,auto-ok
G10,official-pl-fr-80s-medium,Jean-Pierre Mader,Macumba,Rd0n3ZL6MeA,Macumba,Jean-Pierre Mader,6tgOsCso6nMCRg5EtgixZ2,a1.00 t1.00,auto-ok
G10,official-pl-fr-80s-medium,Lio,Banana Split,C8uGeVygQ0Q,Banana Split,Les Fatals Picards / Lio,3ctbwnaKfQEghQMLyw6iB2,a1.00 t1.00,auto-ok
G10,official-pl-fr-80s-medium,Renaud,Morgane de toi,i52bm1XUL0E,Morgane de toi - 2013 Remaster,Renaud,3v6ClatJ2nG0TIpfL3HwY1,a1.00 t1.00,auto-ok
G10,official-pl-fr-80s-medium,Jean-Jacques Goldman,"Diego, libre dans sa tête",ZtlWIuLkPjw,Au bout de mes rêves,Jean-Jacques Goldman,6QSwxzWUeF0w4N7qRxonbb,a1.00 t0.25,no-match
G10,official-pl-fr-80s-medium,Stéphanie de Monaco,Ouragan,x9JRWKXZhVc,Ouragan,Stephanie,4afhqXzFzXDRSG0rLP5ldA,a0.47 t1.00,no-match
G10,official-pl-fr-80s-medium,Desireless,"Voyage, voyage",6PDmZnG8KsM,Voyage voyage,Desireless,2d8D7uk3tbAThjRkdfrx9c,a1.00 t1.00,auto-ok
G10,official-pl-fr-80s-medium,Michel Sardou,Les lacs du Connemara,bpEmjxobvbY,Les lacs du Connemara,Michel Sardou,3vHswuqTNO0hIiW6am0tKB,a1.00 t1.00,auto-ok
G10,official-pl-fr-80s-medium,Laurent Voulzy,"Belle-Île-en-Mer, Marie-Galante",O8hPPw_qWe8,"Belle-Île-en-Mer, Marie-Galante",Laurent Voulzy,5EvgjXjbPxzDf2dzIB4Xbm,a1.00 t1.00,auto-ok
G10,official-pl-fr-80s-medium,Francis Cabrel,Encore et encore,F9WckVtDNIo,Encore et encore,Francis Cabrel,1l8EZBjJIy98iDzkEc76nK,a1.00 t1.00,auto-ok
G10,official-pl-fr-80s-medium,Eddy Mitchell,Couleur menthe à l'eau,iVABEFYi1wo,Couleur menthe à l'eau,Eddy Mitchell,6TcSq9r5n1I3XDcguJfY5v,a1.00 t1.00,auto-ok
G10,official-pl-fr-80s-medium,La Compagnie Créole,Maldón (La Démangeaison),,Maldòn - Version originale,Zouk Machine,6YoBe1FqFL5w10bQbemW16,a0.21 t1.00,no-match
G10,official-pl-fr-80s-medium,Téléphone,Cendrillon,_tHbSMQeCdk,Cendrillon - Remasterisé en 2015,Téléphone,3uZyx7GfVWJh2Aum6xS6my,a1.00 t1.00,auto-ok
G10,official-pl-fr-80s-medium,Daniel Balavoine,Sauver l'amour,QzUriPFY6ho,Sauver l'amour,Daniel Balavoine,2oWt0SAy9XKwrCufC4yCwX,a1.00 t1.00,auto-ok
G10,official-pl-fr-80s-medium,Isabelle Adjani,Pull marine,XDVZoMlxzJA,Pull marine,Isabelle Adjani,49XUxJf5DOyiQ9ccPOM8aM,a1.00 t1.00,auto-ok
G10,official-pl-fr-80s-medium,Richard Cocciante,Le coup de soleil,CIjqKL33TTE,Le coup de soleil,Richard Cocciante,1N5ie2of4dMuXZEZIyC7AL,a1.00 t1.00,auto-ok
G10,official-pl-fr-80s-medium,Le Grand Orchestre du Splendid,La salsa du démon,O6dvrtN3EUw,La salsa du démon,Le Grand Orchestre du Splendid,5QJZ7tGZxE2azr1JiskwIw,a1.00 t1.00,auto-ok
G10,official-pl-hiphop-fr-2020s,Hamza,HS,RL_79lkpDVo,HS (feat. SCH),Hamza / SCH,2JAO138j1wJjQ2mmm7aAbP,a1.00 t1.00,auto-ok
G10,official-pl-hiphop-fr-2020s,Ninho,Mamacita,2rCVeNtZ--s,Mamacita,Ninho,5kqDKKKBevJgYerZTsbgaa,a1.00 t1.00,auto-ok
G10,official-pl-hiphop-fr-2020s,13 Organisé,Bande organisée,f40jGltk2fo,Bande organisée,13 Organisé / SCH / Kofs / Jul / Naps / Soso Maness / Elams / Solda / Houari,2JNJSm3CjesTWLOcJm4Kiz,a1.00 t1.00,auto-ok
G10,official-pl-hiphop-fr-2020s,Vald,Eurotruck,AjQbtKvi_Jw,Sport,Vald / Vladimir Cauchemar / Todiefor,1uVF2l4IyLTvMc3XQjQoAG,a1.00 t0.22,no-match
G10,official-pl-hiphop-fr-2020s,Damso,Life Life,LKV9N4Rlwqc,LIFE LIFE,Damso,4zH8LSGG72ieqU6lqLTAhL,a1.00 t1.00,auto-ok
G10,official-pl-hiphop-fr-2020s,Gazo,Drill FR 4,lbeUyW6axeA,Drill FR 4,Gazo / Freeze corleone,3eGnvpFOpf2CEffcKjbC5m,a1.00 t1.00,auto-ok
G10,official-pl-hiphop-fr-2020s,PNL,Au DD,BtyHYIpykN0,Au DD,PNL,5lCxlSBFyP5g4EhVypAoOu,a1.00 t1.00,auto-ok
G10,official-pl-hiphop-fr-2020s,Soolking,Suavemente,sLfqapBIqME,Suavemente,Soolking,4KHXk0rTD80mEf7bbdK29j,a1.00 t1.00,auto-ok
G10,official-pl-hiphop-fr-2020s,Naps,Familia,szDdAFzB58o,La kiffance,Naps,1bwhDrXcAtqePp8mNJ0pTe,a1.00 t0.27,no-match
G10,official-pl-hiphop-fr-2020s,Niska,Cœur noir,DiQWHjOP8-w,Chasse à l'homme,Niska,518c5Dr5EmpzACX268Aeqs,a1.00 t0.25,no-match
G10,official-pl-hiphop-fr-2020s,Tiakola,Hasta Luego,Mme9REVuidw,RESTE-LÀ,Tiakola / RnBoi / Monsieur Nov,6yg2N05MAebATBiYQytC6N,a1.00 t0.36,no-match
G10,official-pl-hiphop-fr-2020s,Booba,Dolce Vita,491Nk9e_bnA,Dolce Vita,Booba,0oHUBAmUVHjbMDNx0vNPi4,a1.00 t1.00,auto-ok
G10,official-pl-hiphop-fr-2020s,Werenoi,Million Dollar Baby,Q3MyR3irhIw,Chemin d'or,Werenoi,5kfAx6phDHPpz5g8IAPyc2,a1.00 t0.26,no-match
G10,official-pl-hiphop-fr-2020s,Werenoi,Bolide allemand,WcX37NouKxw,Jamal,Werenoi,3MNBUdX7zP4E0UhlfYenMf,a1.00 t0.20,no-match
G10,official-pl-hiphop-fr-2020s,Aya Nakamura,Doudou,NAA31YId_sQ,Doudou,Aya Nakamura,3V6NCwBywAwpAlAyGL7h0p,a1.00 t1.00,auto-ok
G10,official-pl-hiphop-fr-2020s,PLK,Pas le choix,PLNxtWSXBIM,Faut pas,PLK / Jul,2cqtTAnI9E7buORFB9q4ts,a1.00 t0.17,no-match
G11,official-pl-italie-classique,Laura Pausini,La solitudine,hynkbcyGsCM,La solitudine,Laura Pausini,5bxQHscWvyaQbm37igKP4K,a1.00 t1.00,auto-ok
G11,official-pl-italie-classique,Lucio Dalla,Caruso,1qa_TMy3m7c,Caruso,Lucio Dalla,6HYm04mKq02OtLMf6sGEFR,a1.00 t1.00,auto-ok
G11,official-pl-italie-classique,Laura Pausini,Strani amori,2-WN_msvOj0,Strani amori,Laura Pausini,4gXSgEQeLRwCmpa6foSspX,a1.00 t1.00,auto-ok
G11,official-pl-italie-classique,Ricchi e Poveri,Mamma Maria,DN1Re5gM8Gc,Mamma Maria,Ricchi E Poveri,7tVEeTbzEJkHP0EqUu6rmf,a1.00 t1.00,auto-ok
G11,official-pl-italie-classique,Domenico Modugno,Volare (Nel blu dipinto di blu),7wWiC0e3b2I,Volare,Domenico Modugno,71hIekopkrYCGgggsBOpVG,a1.00 t1.00,auto-ok
G11,official-pl-italie-classique,Francesco De Gregori,La donna cannone,MVcaHiCnR-w,La donna cannone,Francesco De Gregori,2T2t1DXwzdilKF3BQPHREo,a1.00 t1.00,auto-ok
G11,official-pl-italie-classique,Righeira,L'estate sta finendo,Q0yrbbCYIns,L'Estate Sta Finendo,Righeira,2ZgIpoW01dJhpHwkOCgV2d,a1.00 t1.00,auto-ok
G11,official-pl-italie-classique,Ricchi e Poveri,Sarà perché ti amo,m3xfP4M50wo,Sarà perché ti amo,Ricchi E Poveri,7037bX3jdaUWUAXL12CHGy,a1.00 t1.00,auto-ok
G11,official-pl-italie-classique,Eros Ramazzotti,Cose della vita,8w_E3fyzPnw,Cose Della Vita (with Tina Turner),Eros Ramazzotti / Tina Turner,2bJtJv5NGkYUFP6prU3WSg,a1.00 t1.00,auto-ok
G11,official-pl-italie-classique,Andrea Bocelli,Con te partirò,nVUHHW1tJYA,Con Te Partirò,Andrea Bocelli,7zrpoAJte9o12TzawqgdD0,a1.00 t1.00,auto-ok
G11,official-pl-italie-classique,Adriano Celentano,Azzurro,HCyzGuipTd4,Azzurro - Remastered,Adriano Celentano,1MrGHAvAddzd812rBqXPWb,a1.00 t1.00,auto-ok
G11,official-pl-italie-classique,Umberto Tozzi,Gloria,8Zs7VWqNGHg,Gloria,Umberto Tozzi,35tzxthMBglBMjmZ7Fn1hj,a1.00 t1.00,auto-ok
G11,official-pl-italie-classique,Toto Cutugno,L'italiano,Jx_VYLoJjlA,L'italiano,Toto Cutugno,2S7RApTsKT0CtYojYq2cKz,a1.00 t1.00,auto-ok
G11,official-pl-italie-classique,Al Bano & Romina Power,Felicità,bchtaG5NE5E,Felicità,Al Bano,1cGDtUEQfeoNL3nmgkZ1Fx,a1.00 t1.00,auto-ok
G11,official-pl-italie-classique,Luciano Pavarotti,Nessun dorma,cWc7vYjgnTs,Nessun Dorma (feat. Luciano Pavarotti),Timmy Trumpet / Steve Aoki / 3rd Wall / Luciano Pavarotti,3cCPoDrYGpqtTvBcWM0eHL,a1.00 t1.00,auto-ok
G11,official-pl-italie-classique,Eros Ramazzotti,Più bella cosa,KR7kU5vzRbc,Più bella cosa,Eros Ramazzotti,0KligwQn4Iy344p2Q5m6k6,a1.00 t1.00,auto-ok
G11,official-pl-yeye-60s-fr,Françoise Hardy,Tous les garçons et les filles,5cSFjJ4CJKc,Tous les garçons et les filles - Stereo Mix,Françoise Hardy,0Yg1hSAUgd2AAneReFOVzS,a1.00 t1.00,auto-ok
G11,official-pl-yeye-60s-fr,Johnny Hallyday,Que je t'aime,cYjal6zXzkM,Que je t'aime,Johnny Hallyday,0v08PAQre7a9IrVp5Gal8N,a1.00 t1.00,auto-ok
G11,official-pl-yeye-60s-fr,Françoise Hardy,Le temps de l'amour,QCHOvg-cJTQ,Le temps de l'amour - Stereo Mix,Françoise Hardy,6rqUOLt9dpfMANLMKTzoWj,a1.00 t1.00,auto-ok
G11,official-pl-yeye-60s-fr,Brigitte Bardot,La Madrague,aN0kPQ085z0,La madrague,Brigitte Bardot,5nnvTjA5yzhHlmVOVoGT49,a1.00 t1.00,auto-ok
G11,official-pl-yeye-60s-fr,Michel Polnareff,La poupée qui fait non,SJSRB-C9KCQ,La poupée qui fait non,Michel Polnareff,245la2fLeLCOpBWDjgE8rj,a1.00 t1.00,auto-ok
G11,official-pl-yeye-60s-fr,Vicky Leandros,L'amour est bleu,u68Z2B36-3c,L'amour est bleu,Vicky Leandros,2d4tsheKYpiViY3DMj6YzW,a1.00 t1.00,auto-ok
G11,official-pl-yeye-60s-fr,Salvatore Adamo,Tombe la neige,oNLmwz8A9_I,Tombe La Neige,Salvatore Adamo,3d7EDEz4PLcXP9pufWVu6Y,a1.00 t1.00,auto-ok
G11,official-pl-yeye-60s-fr,Hervé Vilard,Capri c'est fini,sOZqMC5SGGg,Capri c'est fini,Hervé Vilard,0PIAMCcvkLZ6P2YwWZ1e5H,a1.00 t1.00,auto-ok
G11,official-pl-yeye-60s-fr,Johnny Hallyday,Le Pénitencier,4NM5Gc0pa-M,Le pénitencier,Johnny Hallyday,6phMPtxOkjdXR8ax9xoCJ9,a1.00 t1.00,auto-ok
G11,official-pl-yeye-60s-fr,France Gall,"Poupée de cire, poupée de son",rRva0YOVtcI,"Poupée de cire, poupée de son",France Gall,3oHa9HM3pCci8q4Tk0LVUQ,a1.00 t1.00,auto-ok
G11,official-pl-yeye-60s-fr,Sylvie Vartan,La plus belle pour aller danser,Twg8lF0lsm4,La plus belle pour aller danser,Sylvie Vartan,2tLYminqZ453lFvZWZp1j9,a1.00 t1.00,auto-ok
G11,official-pl-yeye-60s-fr,France Gall,Les Sucettes,q-iysdFu_TQ,Résiste - Remasterisé en 2004,France Gall,51BbACodhBnd9lBs2TI0YT,a1.00 t0.42,no-match
G11,official-pl-yeye-60s-fr,Sylvie Vartan,Irrésistiblement,ftB5jxnXY4s,Irrésistiblement,Sylvie Vartan,54SvQ9Xtz2fzE4Mc33vktY,a1.00 t1.00,auto-ok
G11,official-pl-yeye-60s-fr,Christophe,Aline,-E_Hyn53acA,Aline,Christophe,4pU5MiapjzzbqvXfKhcZT9,a1.00 t1.00,auto-ok
G11,official-pl-yeye-60s-fr,Claude François,Comme d'habitude,kJl2ICLpj00,Comme d'habitude,Claude François,11FBMKhiuYT4doKhC4p3i6,a1.00 t1.00,auto-ok
G11,official-pl-fr-90s-easy,Khaled,Aïcha,24uKjgESYWo,Aïcha,Khaled,0iUfdffYMExkR6S3kD3mMx,a1.00 t1.00,auto-ok
G11,official-pl-fr-90s-easy,Manau,La tribu de Dana,80hMEKlLVgQ,La tribu de Dana,Manau,64gCM9yZv2jpNflclKUnXu,a1.00 t1.00,auto-ok
G11,official-pl-fr-90s-easy,Florent Pagny,Savoir aimer,g-gh2hIRhkc,Savoir aimer,Florent Pagny,0x8GIrcAO8msuslNoTKIXM,a1.00 t1.00,auto-ok
G11,official-pl-fr-90s-easy,MC Solaar,Caroline,dO5bGhA-W-Q,Caroline,MC Solaar,7esR7jO5Fyl78B6CwwhZJy,a1.00 t1.00,auto-ok
G11,official-pl-fr-90s-easy,Louise Attaque,J't'emmène au vent,BRTDC9Z5UdE,J't'emmène au vent,Louise Attaque,0Wr98MVkENZXddiLB3bPb0,a1.00 t1.00,auto-ok
G11,official-pl-fr-90s-easy,Pascal Obispo,Lucie,xpZc0-iazjw,Lucie,Pascal Obispo,23ELlyWYcb3w8SpvxSR5zl,a1.00 t1.00,auto-ok
G11,official-pl-fr-90s-easy,Céline Dion,Pour que tu m'aimes encore,ha7A5KNhZgo,Pour que tu m'aimes encore,Céline Dion,2hwHPUMNlR8WfCGOwBYco0,a1.00 t1.00,auto-ok
G11,official-pl-fr-90s-easy,Francis Cabrel,La cabane du pêcheur,1k8Samg76Uk,La cabane du pêcheur,Francis Cabrel,4ErQfUbuUBm7LtsNZBEDOh,a1.00 t1.00,auto-ok
G11,official-pl-fr-90s-easy,Zebda,Tomber la chemise,4y4D-evzDTo,Tomber la chemise,Zebda,7JGmpugbdiVWskY1S3EmTY,a1.00 t1.00,auto-ok
G11,official-pl-fr-90s-easy,Tina Arena,Aller plus haut,l4n6x24RRM4,Aller Plus Haut,Tina Arena,5qcSLeAHIEQTtzGOSjYI9u,a1.00 t1.00,auto-ok
G11,official-pl-fr-90s-easy,Hélène Rollès,Je m'appelle Hélène,OrBjkXziXnw,Je m'appelle Hélène,Hélène Rollès,50tmSBLbNVXMf7XDlViN00,a1.00 t1.00,auto-ok
G11,official-pl-fr-90s-easy,Johnny Hallyday,Allumer le feu,aR7j7bDRSO4,Allumer le feu,Johnny Hallyday,1T5Q8MLqpSoiuQDvZ2ygkg,a1.00 t1.00,auto-ok
G11,official-pl-fr-90s-easy,Mylène Farmer,Désenchantée,Np8BO-TfXzc,Désenchantée,Mylène Farmer,15XYdD283tK9iyJzL738bn,a1.00 t1.00,auto-ok
G11,official-pl-fr-90s-easy,"Garou, Daniel Lavoie, Patrick Fiori",Belle,KUXGVfmrEN4,Belle,Patrick Fiori / Garou / Daniel Lavoie,7fLWUJpyNbEfrLFKLo8ymN,a1.00 t1.00,auto-ok
G11,official-pl-fr-90s-easy,Alain Souchon,Foule sentimentale,5IRPgzPZQl8,Foule sentimentale,Alain Souchon,2W4ZxAHZAXOf6r65pCskGR,a1.00 t1.00,auto-ok
G11,official-pl-fr-80s-hard,Jeanne Mas,En rouge et noir,YwOHEOdQlt0,En rouge et noir,Jeanne Mas,1Gcv4C4s4aJTtm8THwEdFN,a1.00 t1.00,auto-ok
G11,official-pl-fr-80s-hard,Alain Bashung,Vertige de l'amour,D136hOqYF28,Vertige De L'Amour,Alain Bashung,3TTpl1MZwuKEHwKYJC9jd2,a1.00 t1.00,auto-ok
G11,official-pl-fr-80s-hard,Images,Les démons de minuit,kjVeown7umM,Les démons de minuit,Images,2ne2QYNb5DjByvKPOtzQaM,a1.00 t1.00,auto-ok
G11,official-pl-fr-80s-hard,Jean-Jacques Goldman,Pas toi,6XMyHym9vGs,Pas toi,Jean-Jacques Goldman,0UcPuBlICvhGbCjnGOHyHj,a1.00 t1.00,auto-ok
G11,official-pl-fr-80s-hard,Trust,Antisocial,Q2tusw6gKXs,Antisocial,TRUST,1jO4l4FhDK46ccYxBlSf4h,a1.00 t1.00,auto-ok
G11,official-pl-fr-80s-hard,Les Rita Mitsouko,Andy,KfWWJovEuQs,Andy,Les Rita Mitsouko,1QZ7Co5mBLhAQf9OFk4ovN,a1.00 t1.00,auto-ok
G11,official-pl-fr-80s-hard,Début de soirée,Nuit de folie,uPNPGWBe4sM,Nuit de folie,Début De Soirée,1vBXixLz7cVLLTdR4Xe8aL,a1.00 t1.00,auto-ok
G11,official-pl-fr-80s-hard,Daniel Lavoie,Ils s'aiment,qJPxlP3m4DM,Ils s'aiment,Daniel Lavoie / Various Artists,3lskGoeM4faKMKh9KsAcnI,a1.00 t1.00,auto-ok
G11,official-pl-fr-80s-hard,Jean Schultheis,Confidences pour confidences,juvraA6VD3w,Confidence pour confidence - Version originale 1981,Jean Schultheis,6qfjUmIxPluNISxBgJfvM3,a1.00 t0.93,auto-ok
G11,official-pl-fr-80s-hard,Niagara,Bain de minuit,BJwovrr6XzI,Soleil d'hiver,Niagara,21ammCGHwZPHdXqoeLm0Xf,a1.00 t0.21,no-match
G11,official-pl-fr-80s-hard,Indochine,3e sexe,SWtiCRntA-E,3e sexe,Indochine,6MShyf3EUHqQ04kJzovIni,a1.00 t1.00,auto-ok
G11,official-pl-fr-80s-hard,Étienne Daho,Comme un boomerang,7wGEAt_jFrI,Comme un boomerang,Étienne Daho / Dani,5RRqqGQPd10kj13zUZ8BMO,a1.00 t1.00,auto-ok
G11,official-pl-fr-80s-hard,Gold,Capitaine abandonné,4sZ7eR451Vc,Capitaine abandonné,Gold,38LHrcQIVbJJtS8H3xfCKn,a1.00 t1.00,auto-ok
G11,official-pl-fr-80s-hard,Gérard Blanc,Une autre histoire,QZ1c-er_vec,Une autre histoire,Gérard Blanc,1ue54Yyh1O9kMbxEGmuyXo,a1.00 t1.00,auto-ok
G11,official-pl-fr-80s-hard,Mory Kanté,Yéké yéké,bJNiMNUSrw8,Yeke Yeke,Mory Kanté,7yuF2FK7adgzGiIfEpR7Km,a1.00 t1.00,auto-ok
G11,official-pl-fr-2000s-medium,Cali,Pas le temps de vivre,8lZQwlFi4rM,Pas le temps,Nerih,2Ct4MxKDrJjFkUITbUoFlH,a0.20 t1.00,no-match
G11,official-pl-fr-2000s-medium,Johnny Hallyday,Marie,yHk9NoleSyU,Marie,Johnny Hallyday,0ITqkmf62Q0Izdyo3PkNeU,a1.00 t1.00,auto-ok
G11,official-pl-fr-2000s-medium,Akhenaton,La Sentinelle,fZKhI84TT_0,"Bad Boys de Marseille, Pt. 2 (feat. Shurik'n)",Akhenaton / Fonky Family / Shurik'n,78ujFEl6ZHZF8wRy7dYo0T,a1.00 t0.31,no-match
G11,official-pl-fr-2000s-medium,Henri Salvador,Jardin d'hiver,gFkUVik35U8,Jardin d'hiver,Henri Salvador,7gHRVNiuL66Z6fE6DwZaFT,a1.00 t1.00,auto-ok
G11,official-pl-fr-2000s-medium,Anaïs,"Mon cœur, mon amour",8i8cK1iqih4,Mon Cœur Mon Amour - Version 2026,Anaïs,73gZJ9rrYuQZCGcRDL2mHS,a1.00 t1.00,auto-ok
G11,official-pl-fr-2000s-medium,Zazie,Je suis un homme,oSIoP7h4B_M,Je suis un homme,Zazie,2YNWgxevUxpjZDgW4i5Aky,a1.00 t1.00,auto-ok
G11,official-pl-fr-2000s-medium,Bénabar,Salaud,6JcLTHuCZMs,Salaud,J-NA,3h1Kv7e7YHwzMWrnIbye1d,a0.29 t1.00,no-match
G11,official-pl-fr-2000s-medium,Chimène Badi,Je viens du sud,pYv_oP5F7GI,Je viens du Sud,Chimène Badi,3mUCcWgGsK1VtZ3Zebe6u1,a1.00 t1.00,auto-ok
G11,official-pl-fr-2000s-medium,Amel Bent,Ma philosophie,xHFNrfwZvw8,Ma philosophie,Amel Bent,1HOtCYTuOCISpTn9cW6fcz,a1.00 t1.00,auto-ok
G11,official-pl-fr-2000s-medium,Natasha St-Pier,Tu trouveras,yB_UBqMRvKk,Tu trouveras,Natasha St-Pier,6kaD0ve95sXjnq6EITyVkv,a1.00 t1.00,auto-ok
G11,official-pl-fr-2000s-medium,Christophe Maé,On s'attache,NeRLnsPNSg0,On s'attache,Christophe Maé,4E8hgGDOwG5CpiEke6qZMT,a1.00 t1.00,auto-ok
G11,official-pl-fr-2000s-medium,Roméo et Juliette,Les rois du monde,uOYhFo5N3S4,"Les rois du monde (Thème de ""Roméo et Juliette, de la haine à l'amour"" - La comédie musicale)",Stars en scène,6nJyEWfTU0qWxBA3bJuJYc,a0.29 t1.00,no-match
G11,official-pl-fr-2000s-medium,Lara Fabian & Maurane,Tu es mon autre,i5WDIQDRKfM,Tu Es Mon Autre (Duo with Maurane),Lara Fabian,2l24jv6xxDxEA7uhhawZVZ,a1.00 t1.00,auto-ok
G11,official-pl-fr-2000s-medium,Patrick Bruel,Au café des délices,4OAADdZSmFQ,Au café des délices,Patrick Bruel,1kAl7tpw3oKnK1seYQ9PIh,a1.00 t1.00,auto-ok
G11,official-pl-fr-2000s-medium,Bouga,Belsunce Breakdown,mVytTl0iOwQ,Belsunce Breakdown,Bouga,1HMH8ctdYfDrRac24jkQv0,a1.00 t1.00,auto-ok
G11,official-pl-italo-disco-classics,Savage,Don't Cry Tonight,BBliuvYMmsk,Don't Cry Tonight,Savage,7bZw9ExkWLxnf33nrcS3CB,a1.00 t1.00,auto-ok
G11,official-pl-italo-disco-classics,Fancy,Slice Me Nice,Nlnoa67MUJU,Slice Me Nice,Fancy,5dZ9rOgFeokUpZlXRqIORh,a1.00 t1.00,auto-ok
G11,official-pl-italo-disco-classics,Raf,Self Control,7w1Qo1awwI4,Self Control,Raf,42FUNUTTu4dhDhca834rd6,a1.00 t1.00,auto-ok
G11,official-pl-italo-disco-classics,Ryan Paris,Dolce Vita,EXmABxvHTG4,Dolce Vita,Ryan Paris,2fv6Qeb7Z3uaqBeYINvJ0f,a1.00 t1.00,auto-ok
G11,official-pl-italo-disco-classics,Sandy Marton,People from Ibiza,AqJl6zhd_90,People from Ibiza,Sandy Marton,6RwKkPvDKaeN2ZEn3ZY3c2,a1.00 t1.00,auto-ok
G11,official-pl-italo-disco-classics,Silver Pozzoli,Around My Dream,Z5tqN2RkYo8,Around My Dream,Silver Pozzoli,7zMqrnUGpJE4IQ4LaGMx7N,a1.00 t1.00,auto-ok
G11,official-pl-italo-disco-classics,My Mine,Hypnotic Tango,X6EbVwOumlE,"Hypnotic Tango - Original 12"" Version",My Mine,3L1bBpBTa1SmGivOhR6DID,a1.00 t1.00,auto-ok
G11,official-pl-italo-disco-classics,Ken Laszlo,Tonight,R3WE922kZtQ,Tonight,Ken Laszlo,0u4IYwUbmgn2YASsBmouFR,a1.00 t1.00,auto-ok
G11,official-pl-italo-disco-classics,Gazebo,I Like Chopin,Dtrgwqei7ww,I Like Chopin,Gazebo,2FHnN5ELL83TGbtXMDzoiJ,a1.00 t1.00,auto-ok
G11,official-pl-italo-disco-classics,Righeira,Vamos a la Playa,fxTFDfe_WNc,Vamos a la Playa,Righeira,3oQhgsBwOGaxr5dWKAim7Y,a1.00 t1.00,auto-ok
G11,official-pl-italo-disco-classics,Sabrina,Boys (Summertime Love),hBE7luv9fuo,Boys - Summertime Love,Sabrina,1uI848raFaNWwe9HjHpjQ5,a1.00 t1.00,auto-ok
G11,official-pl-italo-disco-classics,Baltimora,Tarzan Boy,_r0n9Dv6XnY,Tarzan Boy,Baltimora,273uCXd7NPrInaiNqtkOrA,a1.00 t1.00,auto-ok
G11,official-pl-italo-disco-classics,Spagna,Easy Lady,ofaaz9uGPu4,Easy Lady,Ivana Spagna,0oUbxgJDJKwmfVYUsn4Qkk,a0.50 t1.00,no-match
G11,official-pl-italo-disco-classics,Den Harrow,Future Brain,lDrLsNFzBtQ,Future Brain,Den Harrow,6kQSM35spjUFSG78wWf4a6,a1.00 t1.00,auto-ok
G11,official-pl-italo-disco-classics,P. Lion,Happy Children,r9ESl7xdGL0,Happy Children,P. Lion,2pv4osNldxcOvAGSjeNJVw,a1.00 t1.00,auto-ok
G11,official-pl-video-games,Jeremy Soule,Dragonborn (Skyrim),813-3iL5OsE,Dragonborn,Jeremy Soule / The Elder Scrolls,1jLmVI46Yf0jzQkugZReIn,a1.00 t1.00,auto-ok
G11,official-pl-video-games,Martin O'Donnell & Michael Salvatori,Halo Theme,Yrbs4soj7eY,Halo Theme,Martin O'Donnell / Munx Gregoriana,0FnGUjBcmhWbKbgKNldDE7,a1.00 t1.00,auto-ok
G11,official-pl-video-games,Toby Fox,Megalovania (Undertale),KK3KXAECte4,MEGALOVANIA,Toby Fox,1J03Vp93ybKIxfzYI4YJtL,a1.00 t1.00,auto-ok
G11,official-pl-video-games,Nobuo Uematsu,One-Winged Angel,zkZGFNCS6iQ,One-Winged Angel,Nobuo Uematsu,02hiFgacAzz7zGl5EF53eo,a1.00 t1.00,auto-ok
G11,official-pl-video-games,Koji Kondo,The Legend of Zelda Main Theme,xY8U9byTrzI,The Legend of Zelda: Main Theme,Elis Tranemyr / Otamazoo / Koji Kondo,0CBx7Kj1XAlkE0MnFTqToI,a1.00 t1.00,auto-ok
G11,official-pl-video-games,Masato Nakamura,Green Hill Zone,NaAb1s0MCQQ,STH1 Green Hill Zone 〜 Mega Drive version 〜,Masato Nakamura,2ZbJuTlSK9TYokeza42cmR,a1.00 t0.38,no-match
G11,official-pl-video-games,Jason Paige,Pokémon Theme (Gotta Catch 'Em All),fCkeLBGSINs,Pokémon Theme: Version XY (From Pokémon the Movie: Diancie and the Cocoon of Destruction),Pokémon / Ben Dixon and the Sad Truth / Ed Goldfarb,5Igt53mphGpsNOraX1pbHh,a0.15 t1.00,no-match
G11,official-pl-video-games,The Immortals,Mortal Kombat Theme,Sr1bLLvsbh0,Mortal Kombat 1 Main Theme (Original Video Game Soundtrack),Boris Harizanov / The Immortals,6h5bsBSBf8EvBihpPiY1S0,a1.00 t0.73,review
G11,official-pl-video-games,Yoko Shimomura,Ryu's Theme (Street Fighter II),HViTy8ZLiP8,Ryu's Theme,Laser Cobra,5mrH90BUQ865PiQ6IWajgH,a0.21 t1.00,no-match
G11,official-pl-video-games,Hirokazu Tanaka,Tetris (Theme A / Korobeiniki),c-7DClxEsZ4,Tetris Theme,Hirokazu Tanaka / Tota Kassariko,3ktzmSpnCQiJAFikYnLL4r,a1.00 t1.00,auto-ok
G11,official-pl-video-games,Koji Kondo,Super Mario Bros. Theme,n_2KZntBhRg,Super Mario Bros: Theme,Koji Kondo / Andrew Skeet / London Philharmonic Orchestra,5sDx7tlKik6y6k2wfCnrxL,a1.00 t1.00,auto-ok
G11,official-pl-video-games,Gustavo Santaolalla,The Last of Us Main Theme,Pt1pOY3_W64,The Last of Us,Gustavo Santaolalla,285ieonEuLkll3zknYK2TY,a1.00 t1.00,auto-ok
G11,official-pl-video-games,C418,Sweden (Minecraft),aBkTkxKDduc,Sweden,C418,716HpbfSkMkU7TwQsJlhHT,a1.00 t1.00,auto-ok
G11,official-pl-video-games,Kinuyo Yamashita,Vampire Killer (Castlevania),rMcyE5oipUU,Vampire Killer,Kinuyo Yamashita / Laurence Manning,1s84IbotZuiXBLgdu7NZMn,a1.00 t1.00,auto-ok
G11,official-pl-video-games,Tangerine Dream,Welcome to Los Santos (GTA V),ZrRW9bYyK_w,Welcome To Los Santos,Oh No,4cQoodud0csr4WVt5eNxFn,a0.07 t1.00,no-match
G11,official-pl-enfants-4-8-ans,Yves Duteil,La langue de chez nous,9LCZzltHSDk,La langue de chez nous,Yves Duteil,30XmHRsuR9Nvc0wvls8okr,a1.00 t1.00,auto-ok
G11,official-pl-enfants-4-8-ans,Aldebert,Plus tard quand tu seras grand,MhLg9Lkhqbc,Plus tard quand tu seras grand,Aldebert,5ZiWk1JiirkFh88mpumGvZ,a1.00 t1.00,auto-ok
G11,official-pl-enfants-4-8-ans,Henri Dès,La poulette,ZwhIlF25Gro,Polyglotte,Henri Dès,1J3BldtcyPNHNEIy9dZV3P,a1.00 t0.36,no-match
G11,official-pl-enfants-4-8-ans,Yves Duteil,Prendre un enfant par la main,-n4yGJK9w64,Prendre un enfant,Yves Duteil,5ArboR4WpgNf6bClJA8Xiw,a1.00 t1.00,auto-ok
G11,official-pl-enfants-4-8-ans,Anne Sylvestre,Mon âne,ZrJmZwARXE8,Mon mystère,Anne Sylvestre,2Nc78G51I2KRecYmAB9ijG,a1.00 t0.45,no-match
G11,official-pl-enfants-4-8-ans,Boby Lapointe,La maman des poissons,Z97ZukL-kW4,La maman des poissons,Boby Lapointe,0Ig3XzIxvRa3NTRMKaKvsm,a1.00 t1.00,auto-ok
G11,official-pl-enfants-4-8-ans,Aldebert,Mon papa chevalier,fscOlnXVDxM,Paparfait,Aldebert,6UQd6t1pk0EusFTSDzHfYQ,a1.00 t0.33,no-match
G11,official-pl-enfants-4-8-ans,Carmen Campagne,Vive le vent,V-PD5iz7qdE,Vive Le Vent,Petit Papa Noël,3z37CAbnLy9fxKU51kaRkQ,a0.27 t1.00,no-match
G11,official-pl-enfants-4-8-ans,Chantal Goya,Pandi Panda,jwWvGGxZyBs,Pandi Panda,Chantal Goya,7iwqWCVDrhoWz8xhjOacjY,a1.00 t1.00,auto-ok
G11,official-pl-enfants-4-8-ans,Steve Waring,Une souris verte,3nyTOZnzXoA,Une souris verte,Steve Waring,4eIwc1VYcGX2cXHDcf7B8U,a1.00 t1.00,auto-ok
G11,official-pl-enfants-4-8-ans,Henri Salvador,"Une chanson douce (Le loup, la biche et le chevalier)",ekUQpDDBzY4,"Une chanson douce - Le Loup, la biche et le chevalier",Henri Salvador,1fzVYRFjXzmuVS5Qb2DxB1,a1.00 t1.00,auto-ok
G11,official-pl-enfants-4-8-ans,Chantal Goya,Bécassine est ma cousine,xbf-F7ynu7g,Bécassine c'est ma cousine,Chantal Goya,1TQDewhvqn3wBJJ5j0zjxL,a1.00 t0.92,auto-ok
G11,official-pl-enfants-4-8-ans,Tino Rossi,Petit Papa Noël,K1MnvbRDSYQ,Petit Papa Noël,Tino Rossi,5FHMtswRpmTObVb9wnZWga,a1.00 t1.00,auto-ok
G11,official-pl-enfants-4-8-ans,Henri Dès,Le facteur n'est pas passé,_Uf3P6RD65w,Le facteur,Henri Dès,3tAtjgQxUOgmxjZ7AeMzg7,a1.00 t1.00,auto-ok
G11,official-pl-enfants-4-8-ans,JJ Lionel,La danse des canards,17vFHKwq8B8,La danse des canards - Original Radio Edit 1980,Jj Lionel,5CsO52MwxKrkgEMYBueBKB,a1.00 t1.00,auto-ok
G11,official-pl-club-dorothee,Vanesa,Cat's Eye (Signé Cat's Eyes),tw3SOjTsUsM,Signé Cat’s Eyes,Anne Sila,45E1Q2z4gbfk9YvLDRnEnU,a0.44 t0.56,no-match
G11,official-pl-club-dorothee,Olivier Constantin,Nicky Larson,PQw1ogP-boo,Pardon Pardon,Olivier Dion,1kany1BjVrcQ5nZhkyMMTY,a0.50 t0.38,no-match
G11,official-pl-club-dorothee,Eric Charden,Capitaine Albator,KhJQ4XcYQbM,Wasted steps,Lars Cheng,6rrOKbYqnn41GFUGLv0fXz,a0.33 t0.18,no-match
G11,official-pl-club-dorothee,Bernard Minet,Bioman,8y6dWcRkggA,Bioman,Bernard Minet,6XqTYVJ5ycOQcjGaggJByi,a1.00 t1.00,auto-ok
G11,official-pl-club-dorothee,Florine Orphelin,Sailor Moon (générique français),,sailor moon,ANUKARAB,0NMCB6Lx6wlI5cgtWWPZMu,a0.13 t1.00,no-match
G11,official-pl-club-dorothee,Hervé Lapalud,Pokémon (générique français),0InfUFHiNTg,Pokémon Academy: Pokémon GYM Theme,Carla Grimaldi,07kY2Iq7pbErsr97w4z7dC,a0.29 t1.00,no-match
G11,official-pl-club-dorothee,Bernard Minet,M.A.S.K.,v8wtlAFNhMg,Nicky Larson - Générique original de la série télé,Bernard Minet,68E78raajTArZnXsUwgXg9,a1.00 t0.25,no-match
G11,official-pl-club-dorothee,Bernard Minet,Olive et Tom,juQl2UbcD7w,Olive et Tom,Bernard Minet,0vkksrUdn3tUt0S8eg0QPY,a1.00 t1.00,auto-ok
G11,official-pl-club-dorothee,Claude Lombard,Jeanne et Serge,A99lNsZRtg8,Jeanne & Serge,ASTERO-H,2Zpu7B5WqFQOaLTOgUSrAu,a0.21 t0.80,no-match
G11,official-pl-club-dorothee,Saban Records,Inspecteur Gadget,0gZouR9txhs,Inspecteur Gadget - Rap Générique,Millennials Remix,5ewhFm16n13MOQowpT8Lm2,a0.12 t1.00,no-match
G11,official-pl-club-dorothee,Ariane Carletti,Dragon Ball Z (générique français),KUBnnrvTC2o,Dragon Ball Z - Générique,Ariane,37y27Cto5ApRitMp06OrSs,a0.40 t1.00,no-match
G11,official-pl-club-dorothee,Noam,Goldorak Go!,Ozq3NC0QR18,Goldorak,Noam,5hrokyVrEj3Xa1oOXbd0jz,a1.00 t1.00,auto-ok
G11,official-pl-club-dorothee,Bernard Minet,Les Chevaliers du Zodiaque,234a0963oVw,Les chevaliers du Zodiaque,Bernard Minet,7HcRWC2JQhEzjEeXVFbyMZ,a1.00 t1.00,auto-ok
G11,official-pl-club-dorothee,Richard Simon,Capitaine Flam,PM8hWnnWaAg,Capitaine Flam: La chevauchée du Capitaine Flam,Richard Simon,0PEWb2OvwBVYJ1HGX5xIMt,a1.00 t1.00,auto-ok
G11,official-pl-club-dorothee,Pierre Bachelet,Les Mystérieuses Cités d'Or,KZ8teH7dPxI,Les corons,Pierre Bachelet,1bIupoWqwPhmPbXekHD5QR,a1.00 t0.22,no-match
G11,official-pl-chanson-fr-classique,Georges Moustaki,Ma Liberté,9Hv6R2fEdfA,Ma Liberté,Georges Moustaki,0AgqNfwiT0WdhLusUwASov,a1.00 t1.00,auto-ok
G11,official-pl-chanson-fr-classique,Édith Piaf,La Vie en rose,-0KvBnIvTFs,La Vie en rose,Édith Piaf,3lAun9V0YdTlCSIEXPvfsY,a1.00 t1.00,auto-ok
G11,official-pl-chanson-fr-classique,Jacques Brel,Ne me quitte pas,e0esAGxzP6Y,Ne me quitte pas,Jacques Brel,6IRA4KOVbtiGiTdYoEThJN,a1.00 t1.00,auto-ok
G11,official-pl-chanson-fr-classique,Boris Vian,Le déserteur,gjndTXyk3mw,Le déserteur,Boris Vian,35GWIULRpSVQiS38jl4d3W,a1.00 t1.00,auto-ok
G11,official-pl-chanson-fr-classique,Édith Piaf,"Non, je ne regrette rien",4r454dad7tc,"Non, je ne regrette rien",Édith Piaf,3dkIE8P7hvl3tHl9KSb6dA,a1.00 t1.00,auto-ok
G11,official-pl-chanson-fr-classique,Charles Trenet,La Mer,8MLzijpQkJI,La mer,Charles Trenet,1ZK8WJqkD1XhEYI1AlkMHG,a1.00 t1.00,auto-ok
G11,official-pl-chanson-fr-classique,Jacques Brel,Amsterdam,vsra2Rj06hw,Amsterdam,Jacques Brel,6mkiy9QOpV28CQvW0BMXbD,a1.00 t1.00,auto-ok
G11,official-pl-chanson-fr-classique,Charles Aznavour,La bohème,fVfnEyLOkrM,La bohème,Charles Aznavour,1WvvmEowf7hiz5EnyAwtTj,a1.00 t1.00,auto-ok
G11,official-pl-chanson-fr-classique,Gilbert Bécaud,Et maintenant,7F6ej4pHweE,Et maintenant,Gilbert Bécaud,7ljux6L94K33WbEM8mKGrf,a1.00 t1.00,auto-ok
G11,official-pl-chanson-fr-classique,Barbara,L'aigle noir,4heMfS5jTxY,L'aigle noir,Barbara,1GAMoIHawNWhdq0a22vT4E,a1.00 t1.00,auto-ok
G11,official-pl-chanson-fr-classique,Georges Brassens,Les copains d'abord,L9oEcWFjF3M,Les copains d'abord,Georges Brassens,2tsW3Lr6LatRZz7Bbe3CBK,a1.00 t1.00,auto-ok
G11,official-pl-chanson-fr-classique,Gilbert Bécaud,Nathalie,zuISJycFBo8,Nathalie,Gilbert Bécaud,4xyCkwlgvdrULd6kzSIs0I,a1.00 t1.00,auto-ok
G11,official-pl-chanson-fr-classique,Léo Ferré,Avec le temps,Bj3aTZePVQw,Avec le temps,Léo Ferré,40vzD8a9bRImTVhOjD6Sxo,a1.00 t1.00,auto-ok
G11,official-pl-chanson-fr-classique,Charles Aznavour,Hier encore,dbxyKR1P8vA,Hier encore,Charles Aznavour,66TDFKCZpMRfLcgJpa15xq,a1.00 t1.00,auto-ok
G11,official-pl-chanson-fr-classique,Georges Brassens,Les amoureux des bancs publics,3WxRHo1EtY8,Les amoureux des bancs publics,Georges Brassens,7y2O28y2I9rnmol5RjSG8D,a1.00 t1.00,auto-ok
G12,official-pl-disney-fr,Mulan (cast français),Comme un homme,Gm3nVrFol_Q,"Comme un homme - De ""Mulan""/Bande Originale Française du Film",Patrick Fiori / Jose Garcia / Thierry Ragueneau / Pierre Francois Pistorio / Michel Vigné / Chorus - Mulan,5g9E2PkKFSVJAApILSrevP,a0.42 t1.00,no-match
G12,official-pl-disney-fr,La Belle et la Bête (cast français),Belle (La Belle et la Bête),vcR3OgZS4J4,"Belle - De ""La Belle et la Bête""/Bande Originale Française du Film",Bénédicte Lecroard / Jean Claude Corbel / Francois Le Roux,6rtj9wFhd5r5ALBstAoxeG,a0.26 t1.00,no-match
G12,official-pl-disney-fr,Liane Foly,Histoire éternelle,3xBQSkc2dc8,La Vie ne m'apprend rien,Liane Foly,7LnfG2vR48ENG97rSdlW8V,a1.00 t0.21,no-match
G12,official-pl-disney-fr,Le Roi Lion (cast français),Je voudrais déjà être roi,esw1O9FJ-ik,Je voudrais déjà être roi,Ismaël El Marjou / Lévanah Solomon / Sébastien Desjours,36ELcHaW1VRVJMrGLD2RTe,a0.40 t1.00,no-match
G12,official-pl-disney-fr,Mulan (cast français),Réflexion,RNprQYHenNI,"Reflection (From ""Mulan"")",Mellow Strings / Marlon / Flynn Bridgewater,3NNVcBYQR4WGtCIA66tM7q,a0.50 t0.80,no-match
G12,official-pl-disney-fr,Cerise Calixte,Le bleu lumière (Vaiana),IUrK6u08iTQ,Le bleu lumière,Cerise Calixte,7I6xFBGIyCDfrEg5ONurhE,a1.00 t1.00,auto-ok
G12,official-pl-disney-fr,Le Roi Lion (cast français),Hakuna Matata,ZOGCZLOsTLc,Hakuna Matata,Jamel Debbouze / Alban Ivanov / Ismaël El Marjou / Michaël Lelong,3xAfJdO9px9oh1HL7WTh0h,a0.29 t1.00,no-match
G12,official-pl-disney-fr,La Belle et la Bête (cast français),C'est la fête,7EvEMurzDyc,"C'est la Fête - De ""La Belle et la Bête""/Bande Originale Française du Film",Daniel Beretta / Lucie Dolene,62dSVE2KVdd9CxjzDNGL3G,a0.32 t1.00,no-match
G12,official-pl-disney-fr,Anaïs Delva,"Libérée, délivrée",vzgInDxzyGU,"Libérée, Délivrée - De ""La Reine des Neiges""/Bande Originale Française",Anaïs Delva,5pqhqSdrxLXDZY9eeCAtSJ,a1.00 t1.00,auto-ok
G12,official-pl-disney-fr,Phil Collins,Tu n'es jamais bien loin (Tarzan),p6b1enfpcAk,In The Air Tonight - 2015 Remastered,Phil Collins,18AXbzPzBS8Y3AkgSxzJPb,a1.00 t0.29,no-match
G12,official-pl-disney-fr,Toy Story (cast français),Mon meilleur ami (Toy Story),FmBQBRZxSnU,Je suis ton meilleur ami,Richard Darbois,4HPGEIll5M2eZVnEpqPkvL,a0.13 t0.63,no-match
G12,official-pl-disney-fr,La Petite Sirène (cast français),Sous l'océan,LcdmgftOilM,Sous l'océan,Jean-Michel Vaubien / Cast - La Petite Sirène,4QH02ce291lhe2NbrK3Og3,a0.76 t1.00,review
G12,official-pl-disney-fr,Anaïs Delva & Emmylou Homs,Pour la première fois,5_6w9jdUAU0,Paroles… paroles…,Dalida / Alain Delon,4VvTGipG8YaF09z0kfGqaD,a0.64 t0.29,no-match
G12,official-pl-disney-fr,Le Bossu de Notre-Dame (cast français),Les cloches de Notre-Dame,iNPkfQLStK8,Les Cloches de Notre-Dame,Bernard Alane / Dominique Tirmont / Jean Piat,6iY0YPrg6LLuNRkBEXQnF2,a0.27 t1.00,no-match
G12,official-pl-disney-fr,Karine Costa & Patrick Fiori,Ce rêve bleu,_WrcVeqcF9U,Ce rêve bleu,Karine Costa / Paolo Domingo,0QgqXBfyGtn1u2RA1Kel2W,a1.00 t1.00,auto-ok
G3,official-pl-italo-disco-classics,Righeira,No Tengo Dinero,-8gM6ySz6nk,No Tengo Dinero,Righeira,27Mvfc9nYszQDF6S84J39D,a1.00 t1.00,auto-ok
G3,official-pl-italo-disco-classics,Spagna,Call Me,W8c04XHCF8k,Call Me,Ivana Spagna,4px3BBdAHTvLfAdIRParrx,a0.50 t1.00,no-match
G3,official-pl-italo-disco-classics,Den Harrow,Don't Break My Heart,1inAbFtQvUg,Don't Break My Heart,Den Harrow,0gEDdRkzsdRSRX9mIGrhXc,a1.00 t1.00,auto-ok
G3,official-pl-italo-disco-classics,Den Harrow,Bad Boy,KhaeY1fEzOQ,Bad Boy,Den Harrow,2bu3Fw430E58PLkodjYoZQ,a1.00 t1.00,auto-ok
G3,official-pl-italo-disco-classics,Ken Laszlo,Hey Hey Guy,OxedhXzshUw,Hey Hey Guy,Ken Laszlo,2WCYmdZAKzYNKuhqIRCqw0,a1.00 t1.00,auto-ok
G3,official-pl-italo-disco-classics,Valerie Dore,The Night,uLPpEj6AF3s,The Night,Valerie Dore,4orkx4Ix20VVK62YbJUHiZ,a1.00 t1.00,auto-ok
G3,official-pl-italo-disco-classics,Savage,Only You,pj9ZWjBlFew,Only You,Savage,1u5OG6tHdwADWUlHdWomEj,a1.00 t1.00,auto-ok
G3,official-pl-italo-disco-classics,Fancy,Bolero (Hold Me in Your Arms Again),1ZAy9cXBnrQ,Bolero (Hold Me In Your Arms Again),Fancy,76deK31HfF9eGANCWsRmDm,a1.00 t1.00,auto-ok
G3,official-pl-italo-disco-classics,Brian Ice,Talking to the Night,7Guf8ubsDNQ,Talking To The Night,Brian Ice,0d5PVS3zL1TmLU8a21hNOy,a1.00 t1.00,auto-ok
G3,official-pl-italo-disco-classics,Kano,Another Life,1wVaGo5wSqA,Another Life - Original,Kano,6Yo813UNQqb04YoU1wYz5e,a1.00 t1.00,auto-ok
G3,official-pl-italo-disco-classics,Albert One,Hopes & Dreams,Jww33IKWb2M,Hopes & Dreams - Remastered,Albert One,0fyKiQcdWHxM1KrJK7KsRO,a1.00 t1.00,auto-ok
G3,official-pl-italo-disco-classics,Albert One,For Your Love,0Pvc0SRRonM,For Your Love,Albert One,539L22kL6Zdd0XIn2dvgzh,a1.00 t1.00,auto-ok
G3,official-pl-italo-disco-classics,Scotch,Disco Band,VcgN8z5IajU,Disco Band,Scotch,0776snw9cIkdXSuNRjlZf3,a1.00 t1.00,auto-ok
G3,official-pl-italo-disco-classics,Scotch,Take Me Up,XEcM0pLwt8M,Take Me Up,Scotch,3qGzRmZNBTuqb6GmhGS6cN,a1.00 t1.00,auto-ok
G3,official-pl-italo-disco-classics,Tom Hooker,Looking for Love,c96OHfUR51A,Looking For Love,Tom Hooker,1T1JOjo1rFwQEAeeZ7fsUk,a1.00 t1.00,auto-ok
G3,official-pl-italo-disco-classics,Miko Mission,How Old Are You,h9B_PzJa6_4,How Old Are You [Vocal Mix ],Miko Mission,1zAO9kgcF9ZqcCOnxVTYmL,a1.00 t1.00,auto-ok
G3,official-pl-italo-disco-classics,Miko Mission,The World Is You,DqkmM-FLR7A,The World Is You [Original Mix ],Miko Mission,0iK3yXuYIQl263BElAqCPC,a1.00 t1.00,auto-ok
G3,official-pl-italo-disco-classics,Mike Mareen,Love Spy,iYa4PQo_SNA,Love Spy,Mike Mareen,7p2mWw8scgdtFXygjl42Hz,a1.00 t1.00,auto-ok
G3,official-pl-italo-disco-classics,Mike Mareen,Agent of Liberty,4XiqGiMFHbg,Agent of Liberty,Mike Mareen,4Sg1xmFptUUwo9ZR8eOfAL,a1.00 t1.00,auto-ok
G3,official-pl-italo-disco-classics,Radiorama,Chance to Desire,l1R3TDTSOCU,Chance To Desire,Radiorama,6s9O7pEtkLq8W8OAQX5Euq,a1.00 t1.00,auto-ok
G3,official-pl-italo-disco-classics,Radiorama,Vampires,kWTJwMAmiAk,Vampires,Radiorama,5IkFTwW8B2LvVjrE0fVVwl,a1.00 t1.00,auto-ok
G3,official-pl-italo-disco-classics,Koto,Visitors,W0sGzeRSZcY,Visitors,Koto,05ny0VoHFBDeqAxDRj77jn,a1.00 t1.00,auto-ok
G3,official-pl-italo-disco-classics,Hipnosis,Pulstar,FsFEIPvHkTo,Pulstar,Hipnosis,5Q7BjMtx0TjcrzfzM7FY4k,a1.00 t1.00,auto-ok
G3,official-pl-italo-disco-classics,Cyber People,Void Vision,T_Xjss0PX9g,Void Vision,Cyber People,2dWB85sLIZN6shUXNKq6lr,a1.00 t1.00,auto-ok
G3,official-pl-italo-disco-classics,Klein & MBO,Dirty Talk,NFwhk0GEZKY,Dirty Talk,Klein / MBO,2k0XPi2upHzVFsV6pVWNU9,a1.00 t1.00,auto-ok
G3,official-pl-italo-disco-classics,Gary Low,I Want You,4ac1b5gyYds,I want you,Gary Low,38sy64GafwGjEz2dYP9ssp,a1.00 t1.00,auto-ok
G3,official-pl-italo-disco-classics,Gary Low,You Are a Danger,Wno4BHw2sg0,You Are a Danger - Original Extended Version,Gary Low,40dJ4S6ngzeVy4dyLYjFHX,a1.00 t1.00,auto-ok
G3,official-pl-italo-disco-classics,Lian Ross,Say You'll Never,O0n41oRwrSI,Say You'll Never,Lian Ross,5kUrveyZHbUgdM5ZZVeEjc,a1.00 t1.00,auto-ok
G3,official-pl-italo-disco-classics,Lian Ross,Fantasy,eD2F2OUdeSk,Fantasy (Radio Edit),Lian Ross,194RhEVYRKdtCyRirXWYtZ,a1.00 t1.00,auto-ok
G3,official-pl-italo-disco-classics,Mozzart,Money,Cw76gF1rzV0,Money,Mozzart,5XefQXgvu24j5x0kW2A1mo,a1.00 t1.00,auto-ok
G3,official-pl-italo-disco-classics,Joe Yellow,Lover to Lover,yBDhfwPOvnM,Lover To Lover,Joe Yellow,1BRyCN0CBms5GOe3o3ZXHd,a1.00 t1.00,auto-ok
G3,official-pl-italo-disco-classics,Max Coveri,Running Away,dsPUfXzfyaI,Run Away - Henry Chris x 4Rain x Ian Storm Remix,Ian Storm / Henry Chris / 4Rain / Ron van den Beuken / Menno,5kHsOfhlc3jPiGd3Zrk9jM,a0.30 t0.67 !DANGER,no-match
G3,official-pl-italo-disco-classics,Eddy Huntington,USSR,BdQRdhDGT_Q,Ussr,Eddy Huntington,7LvXGoyrWgYNywEC5s8awF,a1.00 t1.00,auto-ok
G3,official-pl-italo-disco-classics,Mr. Zivago,Little Russian,0vE9MbYJgxQ,Little Russian,Mr. Zivago,6tsbXUca4RkFuB6TuHRA6T,a1.00 t1.00,auto-ok
G3,official-pl-italo-disco-classics,Sandy Marton,Camel by Camel,w7_kskKwcsc,Camel by Camel - Alternative Vocal Mix,Sandy Marton,5WQToUzVpWryYWl5WJoqJb,a1.00 t1.00,auto-ok
G3,official-pl-italo-disco-classics,Danny Keith,Keep on Music,e9XQBnFHJLg,KEEP ON MUSIC - VOCAL,Danny Keith,5UJfHVb7UXD03C6TnHep4M,a1.00 t1.00,auto-ok
G3,official-pl-italo-disco-classics,Linda Jo Rizzo,"You're My First, You're My Last",ufPLyN7H7yk,"You\'re My First, You\'re My Last",Linda Jo Rizzo,4bjZ4m5EkV818HUSDNHoBL,a1.00 t1.00,auto-ok
G3,official-pl-italo-disco-classics,Taffy,I Love My Radio,D_YBLpaLqb8,I Love My Radio - Radio Version,Taffy,2GrqEOWja8QaAUZdSpG7iQ,a1.00 t1.00,auto-ok
G3,official-pl-italo-disco-classics,Bad Boys Blue,You're a Woman,QP34e3r_IOc,You're a Woman,Bad Boys Blue,1oP3OXN5VK57w5UveOjZmW,a1.00 t1.00,auto-ok
G3,official-pl-italo-disco-classics,Bad Boys Blue,Pretty Young Girl,y6ajIurRUPQ,Pretty Young Girl,Bad Boys Blue,1ApXBSkZ4el5rhzohHvVrU,a1.00 t1.00,auto-ok
G3,official-pl-italo-disco-classics,Modern Talking,"You're My Heart, You're My Soul",4kHl4FoK1Ys,"You're My Heart, You're My Soul",Modern Talking,0Zn63G0XTiqXwr1KSmARWz,a1.00 t1.00,auto-ok
G3,official-pl-italo-disco-classics,Modern Talking,Brother Louie,Lp2qcCrdBLA,Brother Louie,Modern Talking,5zWZ9iNevP0397xB3jWV2z,a1.00 t1.00,auto-ok
G3,official-pl-italo-disco-classics,Fun Fun,Happy Station,MFcwTyNGUss,Happy Station - Original 12'',Fun Fun,1Zd5eNSSfZPwgBqHdOcQIM,a1.00 t1.00,auto-ok
G3,official-pl-italo-disco-classics,Fun Fun,Color My Love,i1c6cD-RZrY,Color My Love,Fun Fun,5oWMY5g9BErFiZjpsPjRCP,a1.00 t1.00,auto-ok
G3,official-pl-italo-disco-classics,Tony Esposito,Kalimba de Luna,ZKCJ-rvXZbU,Kalimba de luna,Tony Esposito,014aWOMM7nfSsLKduLC96X,a1.00 t1.00,auto-ok
G3,official-pl-italo-disco-classics,Gazebo,Lunatic,fO7B056mH_Y,Lunatic,Gazebo,2DdchQkNJGsLbOtNavhgN2,a1.00 t1.00,auto-ok
G3,official-pl-italo-disco-classics,Gazebo,Masterpiece,t0ZNDb7TcT8,Masterpiece,Gazebo,7vOs0UNehTDMera8uv6fXh,a1.00 t1.00,auto-ok
G3,official-pl-italo-disco-classics,Ryan Paris,Fall in Love,wtjuT_GLSqo,Fall In Love,Ryan Paris,2742w6nwfj06lKcAp5uTo2,a1.00 t1.00,auto-ok
G3,official-pl-italo-disco-classics,Baltimora,Living in the Background,fF-FQRwNhlM,Living In The Background,Baltimora,4MFUR4ugPakVrAv0ewZOAz,a1.00 t1.00,auto-ok
G3,official-pl-italo-disco-classics,Sabrina,All of Me (Boy Oh Boy),Ikuhl9Jjd68,All of Me - The Boy Oh Boy Mix,Sabrina,64kn6qDvcDmekwIlicy0n6,a1.00 t1.00,auto-ok
G3,official-pl-italo-disco-classics,Sabrina,Hot Girl,AbruOchLRd0,Hot Girl,Sabrina,6m3t1nKW9NG1voLDHsYWRP,a1.00 t1.00,auto-ok
G3,official-pl-italo-disco-classics,Den Harrow,Catch the Fox,XiyDdyg5qKE,Catch the Fox,Den Harrow,4gqhoOb76qc27RxQYABXJD,a1.00 t1.00,auto-ok
G3,official-pl-italo-disco-classics,Charlie,Spacer Woman,BtInuA5lycI,Spacer Woman - Vocal,Charlie,045G4R2wNFYoLamsXAWb6v,a1.00 t1.00,auto-ok
G3,official-pl-italo-disco-classics,Stop,Spanish Boy,RDEgLR1f240,Spanish Cypher,Valley Boyz / C the Vill / E Dub,1GBywMJf2eY9SJX28d0lID,a0.10 t0.57,no-match
G3,official-pl-italo-disco-classics,Hipnosis,Droid,mlDzzzgg0Pw,Droid (Extended Swedish Remix),Hipnosis,1k24PlY7b3n3TPdaGZ0KIt,a1.00 t1.00 !DANGER,review
G3,official-pl-italo-disco-classics,Valerie Dore,Get Closer,M-qbj1kAhOI,Get Closer,Valerie Dore,4MEadO3tY6PM6jksMMMkYY,a1.00 t1.00,auto-ok
G3,official-pl-italo-disco-classics,Italian Boys,Forever Lovers,pQA9BZRMitc,Forever Lovers,Italian Boys,4eGsVx9SYWnjHgr2bdqgO8,a1.00 t1.00,auto-ok
G3,official-pl-italo-disco-classics,Roni Griffith,The Best Part of Breakin' Up,Z0FMfqkUcgU,(The Best Part Of) Breakin' Up,Roni Griffith,19PRWF0vNEcCQCGS3q1B1x,a1.00 t0.37,no-match
G3,official-pl-italo-disco-classics,Cliff Turner,Moonlight Affair,UxKir43ay14,Moonlight Affair - Radio Edit,Cliff Turner,252PdgFP3fefju8nMF8o4Q,a1.00 t1.00,auto-ok
G3,official-pl-italo-disco-classics,Aleph,Big Brother,3T2tJLN4B3Q,Big Brother - Extended Mix,Aleph,07WjYLg2RfVgQgh6pYwmmx,a1.00 t1.00,auto-ok
G3,official-pl-italo-disco-classics,Lectric Workers,Robot Is Systematic,0INZ8yyVJHA,Robot Is Systematic (Vocal Version),Lectric Workers,02sglZZ8Lnf5ziy6rOMPtO,a1.00 t1.00,auto-ok
G3,official-pl-yeye-60s-fr,France Gall,Laisse tomber les filles,lYOgSMjqNS0,Laisse tomber les filles (16-Bit France Gall Emulation),Arcade Player,09JVBkjE3oBfcGB3bl8wmK,a0.31 t1.00,no-match
G3,official-pl-yeye-60s-fr,France Gall,Sacré Charlemagne,Cb7ftpx58do,Sacré Charlemagne,France Gall,04Q3vOSYrwGtbIKffRVyk3,a1.00 t1.00,auto-ok
G3,official-pl-yeye-60s-fr,Sheila,L'École est finie,kEDzp82jL_M,L'école est finie - Version stéréo,Sheila,4Kgq5PpWPsqMLOId5CvoYF,a1.00 t1.00,auto-ok
G3,official-pl-yeye-60s-fr,Sheila,Le Sifflet des copains,ddfu3hZtbn8,Le Sifflet des copains,Sheila,45E7GyNkfN1P0yIZYEdftI,a1.00 t1.00,auto-ok
G3,official-pl-yeye-60s-fr,Sheila,Bang Bang,Dc-ItGNPS1U,Bang Bang,Sheila,6liexpfYZRbLtJ4l7Z7gRd,a1.00 t1.00,auto-ok
G3,official-pl-yeye-60s-fr,Sylvie Vartan,Comme un garçon,ERugmMSudvU,Comme un garçon,Sylvie Vartan,3ChTu8j7meZ1op8QtTMVfR,a1.00 t1.00,auto-ok
G3,official-pl-yeye-60s-fr,Françoise Hardy,Comment te dire adieu,7bhllpD0BHg,Comment te dire adieu - Remasterisé en 2016,Françoise Hardy,6g5qyQrAcoBX4X7XjxBoTO,a1.00 t1.00,auto-ok
G3,official-pl-yeye-60s-fr,Johnny Hallyday,"Souvenirs, souvenirs",7eNY2-d2F7Y,"Souvenirs, souvenirs",Johnny Hallyday,1DDdDbmbEDsFXEXgxBmvFQ,a1.00 t1.00,auto-ok
G3,official-pl-yeye-60s-fr,Johnny Hallyday,Retiens la nuit,fw_ADOnIYmY,Retiens la nuit,Johnny Hallyday,4dBzCMkzbZlEqgPitN3TgE,a1.00 t1.00,auto-ok
G3,official-pl-yeye-60s-fr,Claude François,Si j'avais un marteau,vGy2JjWYKvQ,Si j'avais un marteau,Claude François,3Dv66cTMtYtWNI6c0vxKjp,a1.00 t1.00,auto-ok
G3,official-pl-yeye-60s-fr,Claude François,Marche tout droit,5z3mgWSf8Ao,Marche tout droit,Claude François,1RfbnifRFTbPOEnhleyQ0f,a1.00 t1.00,auto-ok
G3,official-pl-yeye-60s-fr,Richard Anthony,J'entends siffler le train,QHU39-B2OG4,J'entends siffler le train,Richard Anthony,2Dk2RtmsXPjhHEa8OAp684,a1.00 t1.00,auto-ok
G3,official-pl-yeye-60s-fr,Richard Anthony,Nouvelle Vague,msntsKjLN3U,Nouvelle vague,Richard Anthony,68vFQrNeShDeM02RihTujd,a1.00 t1.00,auto-ok
G3,official-pl-yeye-60s-fr,Adamo,Tombe la neige,--gEb-89j7I,Tombe La Neige,Salvatore Adamo,3d7EDEz4PLcXP9pufWVu6Y,a0.33 t1.00,no-match
G3,official-pl-yeye-60s-fr,Adamo,Vous permettez monsieur,OB1gqZGnmEk,"Vous permettez, monsieur ?",Salvatore Adamo,3xCE5pciNmiRNUk9J6pWeM,a0.33 t1.00,no-match
G3,official-pl-yeye-60s-fr,Adamo,Inch'Allah,et1cgyxI3rI,Inch allah,Salvatore Adamo,2CcOzLNvBpIkVR39Z2Nzzd,a0.33 t1.00,no-match
G3,official-pl-yeye-60s-fr,Jacques Dutronc,Les Cactus,anrhMwxkxPQ,Les cactus,Jacques Dutronc,6N8bfaDYWJb7yyqdBcf0s8,a1.00 t1.00,auto-ok
G3,official-pl-yeye-60s-fr,Jacques Dutronc,"Et moi, et moi, et moi",mTj8rizW9Bg,"Et moi, et moi, et moi",Jacques Dutronc,4XSRqScl0RWxFjOQID8QCW,a1.00 t1.00,auto-ok
G3,official-pl-yeye-60s-fr,Jacques Dutronc,"Il est cinq heures, Paris s'éveille",Nz-njDzl4Wc,"Il est cinq heures, Paris s'éveille",Jacques Dutronc,2CLeotsLhEUu0qkj56vbUj,a1.00 t1.00,auto-ok
G3,official-pl-yeye-60s-fr,Antoine,Les Élucubrations d'Antoine,1CeOeByRkdQ,Les élucubrations d'Antoine,Antoine,79JldwTZxGilhRuQlECrz2,a1.00 t1.00,auto-ok
G3,official-pl-yeye-60s-fr,Eddy Mitchell,Daniela,i4CecvpVd3o,Daniela,Eddy Mitchell,2fv6V1o7tpTJaagSRCTyMl,a1.00 t1.00,auto-ok
G3,official-pl-yeye-60s-fr,Dick Rivers,Tu n'es plus là,ikFWTnKomsE,Tu n'es plus là,Dick Rivers,08n2bBykD3Mhigj3ljZkA7,a1.00 t1.00,auto-ok
G3,official-pl-yeye-60s-fr,Les Chats Sauvages,Twist à Saint-Tropez,nu_WYmSu8_0,Twist à Saint-Tropez,Les Chats Sauvages / Dick Rivers,5zUJlRQyzxw09Jv1hDgL5h,a1.00 t1.00,auto-ok
G3,official-pl-yeye-60s-fr,Petula Clark,Downtown,WUSYb3igXzI,Downtown,Petula Clark,6S55C80YzjhSrCRRd1p80b,a1.00 t1.00,auto-ok
G3,official-pl-yeye-60s-fr,Petula Clark,Chariot,wFDxIU4P0kc,Chariot - Remastered,Petula Clark,4ckvva7NBqonyB7thgr1En,a1.00 t1.00,auto-ok
G3,official-pl-yeye-60s-fr,Dalida,Itsi bitsi petit bikini,UkEjLjHFWaU,Itsi bitsi petit bikini,Dalida,58d1Duljvjx8bwG4nlLgK6,a1.00 t1.00,auto-ok
G3,official-pl-yeye-60s-fr,Gillian Hills,Zou bisou bisou,O4SCtjcEJKc,Zou bisou bisou,Gillian Hills,4qqf1avpzRUnVowNQd1jFw,a1.00 t1.00,auto-ok
G3,official-pl-yeye-60s-fr,Brigitte Bardot,Harley Davidson,FiPhaXtFY9U,Harley Davidson,Brigitte Bardot,0wXKL7dVWwl8LZjbhKMGPr,a1.00 t1.00,auto-ok
G3,official-pl-yeye-60s-fr,Serge Gainsbourg,Le Poinçonneur des Lilas,N5onILE73a0,Le poinçonneur des Lilas,Serge Gainsbourg,4FpA7X9xYFYHVvhmTgcJhb,a1.00 t1.00,auto-ok
G3,official-pl-yeye-60s-fr,Michel Polnareff,"Love Me, Please Love Me",bOnIMq9bME8,"Love Me, Please Love Me",Michel Polnareff,2edyuIOPsZrZLBwnsC1u80,a1.00 t1.00,auto-ok
G3,official-pl-yeye-60s-fr,Nino Ferrer,Mirza,95qTV7T7KHA,Mirza,Nino Ferrer,1V4XG6ZfJw6P89Yo9mBaFA,a1.00 t1.00,auto-ok
G3,official-pl-yeye-60s-fr,Nino Ferrer,Les Cornichons,WYMSjg3RxYk,Les cornichons,Nino Ferrer,3n56V2OXIOmlcKq5EG3aOS,a1.00 t1.00,auto-ok
G3,official-pl-yeye-60s-fr,Christophe,Les Marionnettes,0p6gzbBLb4Y,Les marionnettes,Christophe,5mYOJtwLejbXYgdkYlB5zN,a1.00 t1.00,auto-ok
G3,official-pl-yeye-60s-fr,Frank Alamo,"Biche, ô ma biche",8vJ2Ab7h2hk,Biche O Ma Biche,Frank Alamo,50n5lTe1TnjbqaHRwcN99Y,a1.00 t1.00,auto-ok
G3,official-pl-yeye-60s-fr,Les Surfs,À présent tu peux t'en aller,oGYmKqz_ro8,A present tu peux t'en aller,Les Surfs,2XZ4qtWbnM1y9uppApTUZL,a1.00 t1.00,auto-ok
G3,official-pl-yeye-60s-fr,Sheila,Vous les copains,xkfayFLfLTU,Vous les copains,Sheila,0iBuBfrOhxRgOWS0OS5GfP,a1.00 t1.00,auto-ok
G3,official-pl-yeye-60s-fr,Jacqueline Taïeb,7 heures du matin,zKGnPoTOwp8,7 heures du matin,Jacqueline Taieb,4CeHrAL1fGUi94RIk3Z2H2,a1.00 t1.00,auto-ok
G3,official-pl-yeye-60s-fr,Chantal Goya,Comment le revoir,-j0v6iYzBao,Comment le revoir,Chantal Goya,3JaLNdmh2ZfpFQc2DDey99,a1.00 t1.00,auto-ok
G3,official-pl-yeye-60s-fr,Hugues Aufray,Santiano,9HFVo1KcyfM,Santiano,Hugues Aufray,5xacwJHf9yLJKCn5JjSiRz,a1.00 t1.00,auto-ok
G3,official-pl-yeye-60s-fr,Hugues Aufray,Céline,sPbnxo_0MhA,Céline,Hugues Aufray,1u59G1JRHPnkMJio7xQCBE,a1.00 t1.00,auto-ok
G3,official-pl-yeye-60s-fr,Enrico Macias,Les Filles de mon pays,dK2qrmk-sTM,Les filles de mon pays,Enrico Macias,2n5pxfXa9atiFBwsexG5sF,a1.00 t1.00,auto-ok
G3,official-pl-yeye-60s-fr,Salvatore Adamo,La Nuit,U3V2ZG9v3zw,La nuit,Salvatore Adamo,3ro3E33gDIygByT4bF3TsR,a1.00 t1.00,auto-ok
G3,official-pl-yeye-60s-fr,France Gall,Christiansen,NaH0cyraGgs,Résiste - Remasterisé en 2004,France Gall,51BbACodhBnd9lBs2TI0YT,a1.00 t0.33,no-match
G3,official-pl-yeye-60s-fr,Annie Philippe,Ticket de quai,h0Ilq6TT2ls,Ticket de quai - 2023 Remastered Version,Annie Philippe,5pKfKPyiteTm492nHdZloh,a1.00 t1.00,auto-ok
G3,official-pl-yeye-60s-fr,Les Chaussettes Noires,Eddie sois bon,Dh9JDvxGIh4,Eddie Sois Bon,Les Chaussettes Noires,47G7OR9qFk3t6DSfXhBR70,a1.00 t1.00,auto-ok
G3,official-pl-yeye-60s-fr,Claude François,J'attendrai,JoTeKwl5kX8,J'attendrai,Claude François,6yPVqp3Nt2mFzvdExaIWP9,a1.00 t1.00,auto-ok
G3,official-pl-yeye-60s-fr,Sylvie Vartan,Tous mes copains,55i2jKblkEs,Tous Mes Copains,Sylvie Vartan,1yZ37ylViqv6GSS9cicW2Z,a1.00 t1.00,auto-ok
G3,official-pl-yeye-60s-fr,Françoise Hardy,Mon amie la rose,m67cHbBu6rs,Mon amie la rose,Françoise Hardy,1rMX4XuW4KzgYlAyEaDmpO,a1.00 t1.00,auto-ok
G3,official-pl-yeye-60s-fr,Dalida,Bambino,7JTdh2Ow4ng,Bambino,Dalida,5Xvkj8B08wVnzWTPHKYX8A,a1.00 t1.00,auto-ok
G3,official-pl-yeye-60s-fr,Nana Mouskouri,Le Jour où la colombe,rMcl3pgliUA,Le toit de ma maison,Nana Mouskouri,0pxDnQ7h2rTthcqdrjUYkg,a1.00 t0.38,no-match
G3,official-pl-yeye-60s-fr,Marie Laforêt,"Marie-douceur, Marie-colère",lecr1EnZMQo,Marie douceur - Marie colère,Marie Laforêt,2iSiTGRZ1RLHsL8slIr1O6,a1.00 t1.00,auto-ok
G3,official-pl-yeye-60s-fr,Stone,L'Avventura,_KMkb0EbwdQ,L'avventura,Stone & Charden,6RCqjjZGATW9yLhMNPR50n,a0.38 t1.00,no-match
G3,official-pl-yeye-60s-fr,Michèle Torr,Dans mes bras oublie ta peine,khY-vAKwFEg,Dans mes bras oublie ta peine,Michèle Torr,38FNGeI74jlw6S9kXLtzsy,a1.00 t1.00,auto-ok
G3,official-pl-yeye-60s-fr,Mireille Mathieu,Mon credo,gYF-UQFjs9Y,Mon crédo,Mireille Mathieu,3XsELHJAyLYQrnrBW5Qzti,a1.00 t1.00,auto-ok
G3,official-pl-yeye-60s-fr,Hervé Vilard,Fais-la rire,UuykinXrTUk,Fais-la rire,Hervé Vilard,4x2QnKC0UPfx2zTNSjLiDr,a1.00 t1.00,auto-ok
G3,official-pl-yeye-60s-fr,Antoine,La Tramontane,NW87Nu6O8Zw,La Tramontana - Version italienne de : La Tramontane,Antoine,2QfNtYUqCjgeaoPxDb0dOz,a1.00 t0.92,auto-ok
G5,official-pl-rock-fr,Téléphone,La Bombe humaine,2ggCLqPndjA,La bombe humaine - Remasterisé en 2015,Téléphone,1g0hvVrfTQqaovToVe5l6e,a1.00 t1.00,auto-ok
G5,official-pl-rock-fr,Téléphone,New York avec toi,LDZaD72-DHU,New-York avec toi,Téléphone,0LlZsY7Cfa0uBlJjTkSzCE,a1.00 t1.00,auto-ok
G5,official-pl-rock-fr,Noir Désir,Un jour en France,LzHoZYextb8,Un jour en France,Noir Désir,5cYrrz28M629ZyiV5gz1f3,a1.00 t1.00,auto-ok
G5,official-pl-rock-fr,Noir Désir,Aux sombres héros de l'amer,pt-6DSVgjb4,Aux sombres héros de l'amer,Noir Désir,1rifJF9k8aU9zHViNs6sx8,a1.00 t1.00,auto-ok
G5,official-pl-rock-fr,Indochine,Trois nuits par semaine,Mtpnv1D-HXo,Trois nuits par semaine,Indochine,3X9XJLwQPWqRnsNaL9z6ss,a1.00 t1.00,auto-ok
G5,official-pl-rock-fr,Indochine,Tes yeux noirs,-uNZWO7Tc04,Tes yeux noirs,Indochine,4J5yTPqkuu1IcTVe2ES6a1,a1.00 t1.00,auto-ok
G5,official-pl-rock-fr,Louise Attaque,Ton invitation,ApWnXUavKOc,Ton invitation,Louise Attaque,1xsRqL4cvEaOQ5TbXpqaAV,a1.00 t1.00,auto-ok
G5,official-pl-rock-fr,Superbus,Lola,Rwbm281DTYc,Lola,Superbus,5oDHtv5XcJzLeXR7mjp86f,a1.00 t1.00,auto-ok
G5,official-pl-rock-fr,Superbus,Butterfly,CQPNj38WscM,Butterfly,Superbus,7bZknZ9h1Gnv1dEpiyAvso,a1.00 t1.00,auto-ok
G5,official-pl-rock-fr,BB Brunes,Dis-moi,H0c50lF8hFk,Dis-moi,BB Brunes,1J6BxOelSaHWKwW9GUvL8s,a1.00 t1.00,auto-ok
G5,official-pl-rock-fr,BB Brunes,Coups et blessures,uWRiV9bVa9o,Coups et blessures,BB Brunes,1yY1yMkoDuKtQTyL3vMvIT,a1.00 t1.00,auto-ok
G5,official-pl-rock-fr,Dionysos,L'Homme sans trucage,RxIDBz1AGAs,L'homme sans trucage,Dionysos / Jean Rochefort,4LD5k3zXoPK02sDKl4nI5f,a1.00 t1.00,auto-ok
G5,official-pl-rock-fr,Kyo,Le Chemin,O_e_uN3PvwY,Le chemin (feat. Sita),Kyo / Sita,5T37zS90GkaMHRj5uNaJpb,a1.00 t1.00,auto-ok
G5,official-pl-rock-fr,Saez,Jeune et con,jao_WhPoUT4,Jeune et con,Saez,0xLWMbuXHlW2O1DouU57AK,a1.00 t1.00,auto-ok
G5,official-pl-rock-fr,Les Rita Mitsouko,C'est comme ça,V04xN1AF5UE,C'est comme ça,Les Rita Mitsouko,3y9FzflARxBDRuARWGDWmq,a1.00 t1.00,auto-ok
G5,official-pl-rock-fr,Cali,C'est quand le bonheur ?,Q5mPXzpRfUg,C'est quand le bonheur ?,Cali,3KMspVGLouhsHooCCr2gPu,a1.00 t1.00,auto-ok
G5,official-pl-rock-fr,Les Wampas,Manu Chao,LIt5XCIpONU,Manu Chao,Les Wampas,6WZoVJ9uuYl85N0yEXTWRM,a1.00 t1.00,auto-ok
G5,official-pl-rock-fr,Les Wampas,Chirac en prison,hBwmwJw9zD8,Chirac en prison,Les Wampas,5C8QHsQfiO4TcQWKztTh27,a1.00 t1.00,auto-ok
G5,official-pl-rock-fr,Silmarils,Cours vite,Rph8MoVz3fc,Cours vite,Silmarils / Clive Martin,7dBJTVxnRulDH2i9M0bYAs,a1.00 t1.00,auto-ok
G5,official-pl-rock-fr,-M-,Je dis aime,6hV-UnrC9tU,Je dis aime,-M-,5cwlOmStS0IdMEH0nAuXNO,a1.00 t1.00,auto-ok
G5,official-pl-rock-fr,-M-,Machistador,pcqBKFOOkg8,Machistador - Radio Edit,-M-,68ncCEyaeQ76L3kK6AUFca,a1.00 t1.00,auto-ok
G5,official-pl-rock-fr,Last Train,Fire,1DdYiSJ_Kvc,Fire,Last Train,7EZXYslJB5VZUbGma0kt9c,a1.00 t1.00,auto-ok
G5,official-pl-rock-fr,Shaka Ponk,I'm Picky,HfTqd31L8xI,I'm Picky,Shaka Ponk,4LIN465EXxcZwgGsQsG0TC,a1.00 t1.00,auto-ok
G5,official-pl-rock-fr,Babylon Circus,J'aurais bien voulu,BF3TK5mSrAI,J'aurais bien voulu,Babylon Circus,04sJ4GGfVm1fVpJvBQGngk,a1.00 t1.00,auto-ok
G5,official-pl-rock-fr,Eiffel,Te revoir,50MUDuOHg1w,Te revoir,Eiffel,1IG7yiK7vAUD1bg5wfMmEO,a1.00 t1.00,auto-ok
G5,official-pl-rock-fr,Pleymo,New Wave,UJYFZnPPr-Q,New Wave,Pleymo,4AzGCoOKMsFx1ulnXNvtPm,a1.00 t1.00,auto-ok
G5,official-pl-rock-fr,Marcel et son Orchestre,Le Punk est mort,hY5IMnKVLKY,Cerf-volant - Mix 2019,Marcel et son Orchestre,7EceZch1Aifzg8cpr6CSqv,a1.00 t0.19,no-match
G5,official-pl-rock-fr,Mademoiselle K,Ça me vexe,yWMHpKKCrws,Ça me vexe,Mademoiselle K,5LKdAzDeMyMXezSTIHkXcE,a1.00 t1.00,auto-ok
G5,official-pl-rock-fr,Naïve New Beaters,Heal Tomorrow,JxVVNm35rJE,Heal Tomorrow,Naive New Beaters / Izïa,3h7eMylOrv17N8f1RlTom0,a1.00 t1.00,auto-ok
G5,official-pl-rock-fr,AaRON,U-Turn (Lili),wJRh0PlWB6g,U-Turn (Lili),AaRON,32PIQZMbLl1p4DE9r9cW9l,a1.00 t1.00,auto-ok
G5,official-pl-duos-cultes,Run-DMC & Aerosmith,Walk This Way,4B_UYYPb-Gk,Walk This Way (feat. Aerosmith),Run–D.M.C. / Aerosmith,6qUEOWqOzu1rLPUPQ1ECpx,a0.78 t1.00,review
G5,official-pl-duos-cultes,Fredericks Goldman Jones,À nos actes manqués,xxddJMlnICI,A nos actes manqués,Carole Fredericks / Jean-Jacques Goldman / Michael Jones,49l4Fv41jWi2TGCsPmseKY,a0.38 t1.00,no-match
G5,official-pl-duos-cultes,Bigflo & Oli,Dommage,8AF-Sm8d8yk,Dommage,Bigflo & Oli,4BEWiTPV0v87mBryf7gdxK,a0.60 t1.00,review
G5,official-pl-duos-cultes,Lady Antebellum,Need You Now,eM213aMKTHg,Need You Now,Lady A,7GAaTpSoTWUTbP2Yxlt4Hd,a0.40 t1.00,no-match
G5,official-pl-duos-cultes,Pink & Nate Ruess,Just Give Me a Reason,OpQFFLBMEPI,Just Give Me a Reason (feat. Nate Ruess),P!nk / Nate Ruess,1mKXFLRA179hdOWQBwUk9e,a0.75 t1.00,review
G5,official-pl-duos-cultes,Rihanna & Drake,Work,HL1UzIK-flA,Work,Rihanna / Drake,72TFWvU3wUYdUuxejTTIzt,a1.00 t1.00,auto-ok
G5,official-pl-duos-cultes,Lady Gaga & Beyoncé,Telephone,EVBsypHzF3U,Telephone,Lady Gaga / Beyoncé,4TCL0qqKyqsMZml0G3M9IM,a1.00 t1.00,auto-ok
G5,official-pl-duos-cultes,Céline Dion & Jean-Jacques Goldman,J'irai où tu iras,0J3wIDAaLSU,J'irai où tu iras (with Jean-Jacques Goldman),Céline Dion / Jean-Jacques Goldman,2dMLZBAf1mnrtviUHiwd7J,a1.00 t1.00,auto-ok
G5,official-pl-duos-cultes,Daniel Balavoine & France Gall,Tous les cris les SOS,urWV2OjAmUQ,Tous les cris les S.O.S.,Daniel Balavoine,2rkw1gqH62Tc9ydm9jsEJ1,a1.00 t0.91,auto-ok
G5,official-pl-duos-cultes,Vanessa Paradis & -M-,La Seine,mQWimw68KkQ,La Seine - Extrait de la bande originale un monstre à Paris,Vanessa Paradis / -M-,4B6XjmOWI55np7y4MUTXDu,a1.00 t1.00,auto-ok
G6,official-pl-country,Kenny Rogers,Coward of the County,DRpV0GePYeM,Coward Of The County,Kenny Rogers,6w4qRwQf8J9tuprfWVtc4H,a1.00 t1.00,auto-ok
G6,official-pl-country,The Chicks,Wide Open Spaces,dom7VlltBUc,Wide Open Spaces,The Chicks,6cjwec9ii5uLK7CDfPBYt1,a1.00 t1.00,auto-ok
G6,official-pl-country,Tim McGraw,Humble and Kind,Bb_qGChk0GI,Humble And Kind,Tim McGraw,4Pn0JlCUusD2QHjADuOzuV,a1.00 t1.00,auto-ok
G6,official-pl-country,Blake Shelton,God's Country,ogp7Kb8M1Ws,God's Country,Blake Shelton,1dyxS3YzBbL0t8rEVwVQ1K,a1.00 t1.00,auto-ok
G6,official-pl-country,Sam Hunt,Body Like a Back Road,Mdh2p03cRfw,Body Like A Back Road,Sam Hunt,7mldq42yDuxiUNn08nvzHO,a1.00 t1.00,auto-ok
G6,official-pl-country,Glen Campbell,Wichita Lineman,XCcoLNRNipo,Wichita Lineman - Remastered 2001,Glen Campbell,6V9VCm1zOY2lGR80RehJ9i,a1.00 t1.00,auto-ok
G6,official-pl-country,Brad Paisley,She's Everything,JCjXaEbrLdw,She's Everything,Brad Paisley,3dAgQFdruU8ufWc5GE05xC,a1.00 t1.00,auto-ok
G6,official-pl-country,Cotton Eye Joe,Rednex,fYnJZh5ZHIA,Cotten Eye Joe,CreativeDane / Freja Danneverk,2n8iYvc4eQzUREdqFurAeX,a0.21 t0.14,no-match
G7,official-pl-hiphop-fr-2020s,Werenoi,Guerilla,GFqbhQULYik,Tu connais,Werenoi,3rIX5DA9rUk89KUOZdGFaN,a1.00 t0.20,no-match
G7,official-pl-hiphop-fr-2020s,Ninho,Lettre à une femme,2V12rXZ3QnU,Lettre à une femme,Ninho,10rwyGbKAWZ8JZbL7uHl28,a1.00 t1.00,auto-ok
G7,official-pl-hiphop-fr-2020s,Ninho,Jefe,F8YCELAPVWY,Jefe,Ninho,6HTJgY7iWWlVLSDHsfHePf,a1.00 t1.00,auto-ok
G7,official-pl-hiphop-fr-2020s,SCH,Otto,fm4EP_tWmXs,Otto,SCH,6GzVDBNNPqBa465hLchSvQ,a1.00 t1.00,auto-ok
G7,official-pl-hiphop-fr-2020s,Damso,Bruxelles vie,9vSpgfZeuMA,BruxellesVie,Damso,0XIzUm7rwQfyy6H1CJeAs9,a1.00 t0.92,auto-ok
G7,official-pl-hiphop-fr-2020s,Niska,Médicament,LVqXpm3hkFA,Médicament,Niska / Booba,55mCsKCo4bPuYtZvHppp8z,a1.00 t1.00,auto-ok
G7,official-pl-hiphop-fr-2020s,Tiakola,Mélo,Qq7Q6CLCfvs,M3lo,Tiakola,7ELft1cx8anhsXE405kckI,a1.00 t0.75,review
G7,official-pl-hiphop-fr-2020s,Gims,Spider,F_rEHfLgdcY,SPIDER,GIMS / DYSTINCT,4oVMLxxYpQLYx8gx4JjuuY,a1.00 t1.00,auto-ok
G7,official-pl-hiphop-fr-2020s,"Gims, Dadju & Slimane",Belle,rMltoD1jCGI,BELLE,GIMS / Dadju / Slimane,3EB6iUZN3iHMumnST6R38X,a1.00 t1.00,auto-ok
G7,official-pl-hiphop-fr-2020s,Aya Nakamura,Pookie,hwmVJnMyDd0,Pookie,Aya Nakamura,2QpUWi6VSNOt2WyH5FIeLD,a1.00 t1.00,auto-ok
G7,official-pl-hiphop-fr-2020s,PLK,Pas les mêmes,VYGLpbKXu_Y,Pas les mêmes,PLK,7uEdSv0uW0ajsAHrIVRlAM,a1.00 t1.00,auto-ok
G7,official-pl-hiphop-fr-2020s,PLK,Au final,XhNCirKCzT4,Sex Model,PLK / Theodora,6CzkWkgEjNQnvbxIStNqIX,a1.00 t0.22,no-match
G7,official-pl-hiphop-fr-2020s,Soolking,Dalida,dE8WgbDfU3k,Dalida,Soolking,4J7XN3KBqVH0ftG52SpkRf,a1.00 t1.00,auto-ok
G7,official-pl-hiphop-fr-2020s,Maes,Madrina,Te3WBR26xkk,Madrina,Maes / Booba,4miiqu2dxOhBguQDHtqssH,a1.00 t1.00,auto-ok
G7,official-pl-hiphop-fr-2020s,Koba LaD,RR 9.1,cppWwk-j1V0,RR 9.1,Koba LaD / Niska,28fP6qcMGPfYOjrx8AOWFn,a1.00 t1.00,auto-ok
G7,official-pl-hiphop-fr-2020s,Heuss l'Enfoiré,Moooh,C10ncW6Pi-8,Woah,Sofiane / Vald / Mac Tyer / Soolking / Kalash Criminel / Sadek / Heuss L'enfoiré,196cSZjrDdgaJILT3cpfYl,a1.00 t0.40,no-match
G7,official-pl-hiphop-fr-2020s,Zola,Papers,QoJnUc6MBJ8,Papers (feat. Ninho),Zola / Ninho,3vmoC735YdyvsrF0HtbmGn,a1.00 t1.00,auto-ok
G7,official-pl-hiphop-fr-2020s,Lomepal,Mômes,ksTbUInRe6I,Mômes,Lomepal,2FRnrkO72S9tbqu6eLjq6b,a1.00 t1.00,auto-ok
G7,official-pl-hiphop-fr-2020s,Laylow,Megatron,y6XWegR-HYE,MEGATRON,Laylow,1rLgNK4AuVQj5ZimlUkX9l,a1.00 t1.00,auto-ok
G7,official-pl-hiphop-fr-2020s,Freeze Corleone,Desiigner,GoA7qgctO3k,Desiigner - A COLORS SHOW,Freeze corleone,6e54OVT22djtYkALxbp8ld,a1.00 t1.00,auto-ok
G7,official-pl-hiphop-fr-2020s,Orelsan,L'odeur de l'essence,zFknl7OAV0c,L'odeur de l'essence,Orelsan,3Mr3g1mUgYRu756SRlhInM,a1.00 t1.00,auto-ok
G7,official-pl-hiphop-fr-2020s,Luther,Néglige,UnW21PSOsGg,Confession,Nk Divine,4WZgKKdpHoVXEVmMUEcSqY,a0.00 t0.30,no-match
G7,official-pl-hiphop-fr-2020s,Lujipeka,Trésor,fUElA8dYbto,Mon Trésor,LUUP,4LWMIkJatDNkUm9zVNgy2K,a0.38 t0.60,no-match
G7,official-pl-musicals-us,West Side Story,Tonight,7KVUgEYxDT0,"Tonight (From ""West Side Story"")",Leonard Bernstein / Empire Brass,1QrsAy7hv6rkEOioh4XnOp,a0.27 t1.00,no-match
G7,official-pl-musicals-us,West Side Story,Maria,1MZ2QwXbvTo,Maria,Ansel Elgort,1zXisETAivJsmTBkhoqIej,a0.27 t1.00,no-match
G7,official-pl-musicals-us,Les Misérables,One Day More,_JLdan0Wc20,One Day More,Les Misérables Cast,4hIPVoHpk0pICSvbfl8hb7,a0.74 t1.00,review
G7,official-pl-musicals-us,Cats,Memory,MWoQW-b6Ph8,Memory,"Andrew Lloyd Webber / Elaine Paige / ""Cats"" 1981 Original London Cast",697kFTt1wZeJglXxS57Dms,a0.13 t1.00,no-match
G7,official-pl-musicals-us,Chicago,Razzle Dazzle,ByeXMGqapnU,Razzle Dazzle,Jerry Orbach / Chicago Ensemble,7endjbbFkSyekmPVMnVSGJ,a0.44 t1.00,no-match
G7,official-pl-musicals-us,Hamilton,Wait for It,zBhFwQm772Q,Wait for It,Leslie Odom Jr. / Original Broadway Cast of Hamilton,7EqpEBPOohgk7NnKvBGFWo,a0.24 t1.00,no-match
G7,official-pl-musicals-us,Wicked,For Good,qEAL0e4Zf1w,For Good,Cynthia Erivo / Ariana Grande,5shGj5OOnpmg4tQlFjyzZY,a0.15 t1.00,no-match
G7,official-pl-musicals-us,Dreamgirls,And I Am Telling You I'm Not Going,mFWPDATrfe0,And I Am Telling You I'm Not Going (from Dreamgirls) (Karaoke Instrumental), CurtainUp Karaoke,6NrNadF7AGzMadyhAdM66b,a0.18 t1.00 !DANGER,no-match
G7,official-pl-musicals-us,Annie,It's the Hard Knock Life,WWvvj9_KyDY,Annie: It's the Hard-Knock Life,Charles Strouse / Andrea McArdle / Annie Ensemble / Annie (Original Broadway Cast) / Peter Howard,2IetGxzkjAYQsoFtvX0fNA,a1.00 t0.80,review
G7,official-pl-musicals-us,Moulin Rouge!,Come What May,-YsMvzgeSuI,Come What May,Aaron Tveit / Karen Olivo / Original Broadway Cast of Moulin Rouge! The Musical,0Ab8W397VjR2ZNVkItDjSO,a0.24 t1.00,no-match
G7,official-pl-musicals-us,Jesus Christ Superstar,I Don't Know How to Love Him,7FIME2zCSic,I Don't Know How to Love Him,Andrew Lloyd Webber / André Rieu / Johann Strauss Orchestra,2qdXOcpwEHs50DhsjJvkMg,a0.29 t1.00,no-match
G7,official-pl-musicals-us,Evita,Don't Cry for Me Argentina,g70mUTlK5es,"Don't Cry for Me Argentina (From ""Evita"")",Andrew Lloyd Webber / André Rieu / Johann Strauss Orchestra / Mirusia,16HYKomY3aRR5IkRcBhtRZ,a0.20 t1.00,no-match
G7,official-pl-musicals-us,The Book of Mormon,Hello,A1FJW_0vCKs,Hello!,Andrew Rannells / Josh Gad / Rory O'Malley / Kevin Duda / Clark Johnsen / Justin Bohon / Brian Sears / Scott Barnhardt / Benjamin Schrader / Lewis Cleale,08hlFtp8y9S6YZmjBNvQ1I,a0.28 t1.00,no-match
G7,official-pl-musicals-us,In the Heights,In the Heights,g0BVfBwVqFo,In the Heights,Lin-Manuel Miranda / 'In The Heights' Original Broadway Company,4dS1QQw8askb1KSDLCKuvK,a0.35 t1.00,no-match
G7,official-pl-musicals-us,In the Heights,"96,000",yoQlqjxxMlw,"96,000",Corey Hawkins / Gregory Diaz IV / Noah Catala / Daphne Rubin-Vega / Stephanie Beatriz / Dascha Polanco / Melissa Barrera / Anthony Ramos,0CpE5SeQkHQPYiWX0psxf4,a0.29 t1.00,no-match
G7,official-pl-musicals-us,Dear Evan Hansen,Waving Through a Window,pm_5atGC9BA,Waving Through A Window,Ben Platt / Original Broadway Cast of Dear Evan Hansen,0gMW8XpPFPjoApDii5Tj1u,a0.38 t1.00,no-match
G7,official-pl-musicals-us,Sweeney Todd,Not While I'm Around,W7Pnz_lzbIk,Not While I'm Around,Gaten Matarazzo / Annaleigh Ashford / Stephen Sondheim / Sweeney Todd 2023 Broadway Company,0WN0IUny8KfW0NUXe2b8un,a0.38 t1.00,no-match
G8,official-pl-reggae,Bob Marley,Exodus,XDM1bZz3gQk,Exodus,Bob Marley & The Wailers,1lRkDJ9hMuiE1GZOlbgkam,a0.45 t1.00,no-match
G8,official-pl-reggae,Burning Spear,Marcus Garvey,72gRlVojuWY,Marcus Garvey,Burning Spear,30ELPvO4DH57Rq2kgj7a8e,a1.00 t1.00,auto-ok
G8,official-pl-reggae,UB40,Kingston Town,G1sEsBrekBM,Kingston Town,UB40,1YnVYHXoak0syv4xBRHQRb,a1.00 t1.00,auto-ok
G8,official-pl-reggae,UB40,(I Can't Help) Falling in Love with You,2mDZNAIVKns,(I Can't Help) Falling In Love With You,UB40,7ojJ4XvqBhBcteM0zjMebT,a1.00 t1.00,auto-ok
G8,official-pl-reggae,Sean Paul,Like Glue,PsqmpvHyZDw,Like Glue,Sean Paul,56m8Wv3qRBfwLuO08GtfHs,a1.00 t1.00,auto-ok
G8,official-pl-reggae,Koffee,Toast,p8HoEvDh70Y,Toast,Original Koffee,45tHjcM6gERQ7kCEDTG4al,a0.40 t1.00,no-match
G8,official-pl-reggae,Chronixx,Here Comes Trouble,qMeotjTIAKE,Here Comes Trouble,Chronixx,5Wwr2S7QZTR5PVJn6jhgdk,a1.00 t1.00,auto-ok
G8,official-pl-reggae,Matisyahu,One Day,WRmBChQjZPs,One Day,Matisyahu,5JlqbEj7Bbh2RdZgcO5kJE,a1.00 t1.00,auto-ok
G8,official-pl-reggae,SOJA,You and Me,FUBaLT9sa_4,You and Me,SOJA / Chris Boomer,1ZqK4bKYqsc5OdvSE0WTFH,a1.00 t1.00,auto-ok
G8,official-pl-italie-classique,Domenico Modugno,Piove (Ciao Ciao Bambina),WuePOeDCRdM,Piove - Ciao Ciao Bambina,Domenico Modugno,74F6eM5sKBjAGtWBu5KpZQ,a1.00 t1.00,auto-ok
G8,official-pl-italie-classique,Lucio Battisti,Il mio canto libero,UtUHEsPfjjE,Il mio canto libero,Lucio Battisti,2SvXqxiG2ntfkEWvuABT7u,a1.00 t1.00,auto-ok
G8,official-pl-italie-classique,Fabrizio De André,Bocca di rosa,6Vm8rOG-00k,Bocca di rosa,Fabrizio De André,3eAjS25afRXGFSyjPQo7l2,a1.00 t1.00,auto-ok
G8,official-pl-italie-classique,Rita Pavone,La partita di pallone,CT62DlzcFWE,La Partita Di Pallone,Rita Pavone,6RVKSp5e4jOY8sQklLa297,a1.00 t1.00,auto-ok
G8,official-pl-italie-classique,Rita Pavone,Cuore,OScp2u69dOc,Cuore,Rita Pavone,4sl48xN2HDhAKnkShgZ6nk,a1.00 t1.00,auto-ok
G8,official-pl-italie-classique,Mia Martini,Minuetto,79G0mC8y7-M,Minuetto,Mia Martini,0jjZh3fHqW2JciT1b19oAN,a1.00 t1.00,auto-ok
G8,official-pl-italie-classique,Ornella Vanoni,L'appuntamento,Y3qTqJnI88s,L'appuntamento,Ornella Vanoni,5PnEkOUOFnk0wMI71JwddQ,a1.00 t1.00,auto-ok
G8,official-pl-italie-classique,Al Bano & Romina Power,Ci sarà,9PZGRJrLerI,Ci sarà,Al Bano And Romina Power,1dgNG7Ze3PqXTIq9yqSihX,a0.29 t1.00,no-match
G8,official-pl-italie-classique,Ricchi e Poveri,Che sarà,ag35qMXI8Ao,Che Sarà,Ricchi E Poveri,7H6nHt5pQudergVxTGgayM,a1.00 t1.00,auto-ok
G8,official-pl-italie-classique,Matia Bazar,Vacanze romane,AJMFc6TnT6A,Vacanze Romane - 1991 Remaster,Matia Bazar,4PRdGQsEQeqvfYZTPN6pDC,a1.00 t1.00,auto-ok
G8,official-pl-italie-classique,Iva Zanicchi,Zingara,dtRqysnRdk0,Zingara,Iva Zanicchi,13YaMmBTf0CytY7mc7l34x,a1.00 t1.00,auto-ok
G8,official-pl-italie-classique,Gigliola Cinquetti,Non ho l'età,JLvTosF-gOg,Non ho l'età (Per amarti),Gigliola Cinquetti,07rZol7bEXJSUHIcwah0eq,a1.00 t1.00,auto-ok
G8,official-pl-italie-classique,Fred Bongusto,Una rotonda sul mare,h1MNJwKRAFo,Una Rotonda Sul Mare,Fred Bongusto,4YnBwhz5riObi0pXKkhyqs,a1.00 t1.00,auto-ok
G8,official-pl-italie-classique,Peppino di Capri,Champagne,8DcocGKUi90,Champagne,Peppino Di Capri,6qnQkIIFPFyTAhoyIFBrcR,a1.00 t1.00,auto-ok
G8,official-pl-series-tv,Bande originale,The Office Theme,0T-if-Vj2Xs,The Office Theme (from The Office),Southern Creek Players,3vJ9pe1kE3aEVro4Z4NR3Q,a0.23 t1.00,no-match
G8,official-pl-series-tv,Jan Hammer,Crockett's Theme,Lfgf9HatIHI,Crockett's Theme,Jan Hammer,3TnJ7M6in8Pb5EyGBUK02Y,a1.00 t1.00,auto-ok
G8,official-pl-series-tv,Bande originale,Seinfeld Theme,a6g5zrz1O-w,Seinfeld (Main Theme),Hollywood Hit Maker Orchestra,1qNTWdVI1mivOdauK0EzGp,a0.17 t1.00,no-match
G8,official-pl-series-tv,Nerf Herder,Buffy Theme,Ibc6CBRIjnQ,Sorry,Nerf Herder,0qpJcha0S60znUOYB89nTa,a1.00 t0.09,no-match
G8,official-pl-series-tv,Frank Sinatra,Love and Marriage,Z_BGoDLwI-0,Love And Marriage,Frank Sinatra,2kKvwBX4Qsn1CpbqjtNyad,a1.00 t1.00,auto-ok
G8,official-pl-series-tv,Alexandre Astier,Générique de Kaamelott,gDmRcL2ioaE,"Les Fondations de Kaamelott - Bande originale du film ""Kaamelott - Deuxième Volet [Partie 1]""",Alexandre Astier,1vyVIrSgDWdMZ2KaiTBARP,a1.00 t0.59,review
G8,official-pl-video-games,Bande originale,Pokémon Theme,2zMIddjFAIA,Bebe Hai,Pawentaore / Kanner Musek Club,7pZ3tT3Wj4Qq9Mr44NIfq7,a0.29 t0.23,no-match
G8,official-pl-video-games,Bande originale,Green Hill Zone,55uDJ39W4i0,Green Hill Zone,Luke Metzler,3jUXpjJhe6UzGZMHsBxY5M,a0.20 t1.00,no-match
G8,official-pl-video-games,Bande originale,Techno Syndrome (Mortal Kombat),kWO2AuJT67w,Techno Syndrome (Mortal Kombat),Lupage / Tony Richard,6i1m2VcyzomtxwUQKgWyQw,a0.33 t1.00,no-match
G8,official-pl-video-games,Bande originale,Brinstar Theme,tVUYyVfydqY,"Main Title Theme (From ""Star Wars, Episode IV. A New Hope"")",John Williams / Philharmonische Orchester des Staatstheaters Cottbus / Evan Alexis Christ,54TFfrrJgarRriyPQsl9bw,a0.20 t0.56,no-match
G8,official-pl-video-games,Bande originale,Splattack!,LBQmvJyIKTg,Space-Patrol (Raumpatrouille) - Original TV-Version,Peter Thomas Sound Orchester,1egR6S9tfCVUxEFuvfbZvP,a0.18 t0.25,no-match
G8,official-pl-video-games,Bande originale,Hollow Knight Theme,r6PuACnHkNY,HOLLOW (Hollow Knight Silksong),Ghostlike / Connor Quest!,615yQnyxRVyDMsbVFpjnwu,a0.20 t1.00,no-match
G8,official-pl-video-games,Bande originale,Wii Sports Theme,scnFH-MldJM,Wii Sports Theme,OSRSBeatz,1yqghoADmX7rA6W4sky6ns,a0.13 t1.00,no-match
G8,official-pl-video-games,Bande originale,Among Us Drip Theme,qvHwt84VgC4,Among Us Drip (Minecraft Note Blocks),grande1899,1NS9oZONEXjP5DXSHc2Rvp,a0.20 t1.00,no-match
G8,official-pl-video-games,Bande originale,Weight of the World,PslQESlD4xs,Weight Of The World,The Weight Band,6xx1IxgR5gy9pKer8zCyjt,a0.20 t1.00,no-match
G8,official-pl-video-games,Bande originale,Pong,fR6AWymfGXM,Pong,Ping,4AclV2NhcNYTi1ZF0414ps,a0.13 t1.00,no-match
G8,official-pl-video-games,Bande originale,That's the Way It Is,HjYLY3BGDY4,That's the Way (I Like It),KC & The Sunshine Band,7s3FSodLpnKMzeMj17G5d0,a0.25 t1.00,no-match
G8,official-pl-video-games,Bande originale,Outer Wilds Theme,n-KFYqCHZ7A,Outer Wilds,Andrew Prahlow,25lTenJPmSfwCRZi2hjCcB,a0.27 t1.00,no-match
G9,official-pl-club-dorothee,Bande originale,Albator,SdgoUHuOHNM,Albator le Corsaire de l'Espace,Super Heros Invasion,2qMUE5BfM7tUfa9spQ896U,a0.25 t1.00,no-match
G9,official-pl-club-dorothee,Bande originale,Les Entrechats,ZUB_b32RvFY,Bonnes fréquentations,Caballero & JeanJass,4JE9lIBGGgYxEs4ymXzm5h,a0.33 t0.33,no-match
G9,official-pl-club-dorothee,Bande originale,Candy,6bLOjmY--TA,Candy Zouk,Félyne,6KU3gwzdPD5U5qO7IFRPdt,a0.20 t0.50,no-match
G9,official-pl-club-dorothee,Bande originale,Lamu,yv68Wjyggo8,Lausbouf,Bandana / Maale Gars,00vxDE64CT1VBXm1gXKwGy,a0.40 t0.38,no-match
G9,official-pl-club-dorothee,Bernard Minet,Les Tortues Ninja,Wq8G21065ug,ninja girl,Heretic Master,5P5iDbX3s72PVylkuAInWp,a0.36 t0.12,no-match
G9,official-pl-club-dorothee,Bande originale,Card Captor Sakura,LZp2KB5L1Ys,Sakura,Benjamin Rhey,6uvInHmXVxKyhVzvS7OJSV,a0.20 t0.33,no-match
