track_id,niveau
ab907525-bde3-4168-bf70-ebc1d009eeb0,3
095ea489-45ea-45ef-a94a-0fff784eeb2e,1
38bddd7b-2e0d-47e4-96e9-eaf734ce3b73,1
abb9a971-1a0b-41f2-8b85-f60e9b2602c9,1
14a67f99-ef34-4210-8102-72db4bdb8e7a,3
2a0a82b4-7d8f-4c1e-bb3c-be36a2a209df,1
ffc8b4ce-906e-4cef-a44f-a4de7472774d,3
2d9dd76b-7440-402c-a011-4d7459bb42c8,2
21bd40cc-ac09-4282-8450-5dcaa433da65,3
5afe7a6f-0f55-435a-8427-dac310be27a9,3
cef63fcc-5601-45c1-953b-53d15dd31984,3
38235620-4219-4f17-a8d4-b6ec2db31314,3
ffe207a8-2575-411e-88a7-fe1e9f6f5f13,3
266b8181-5e29-4b27-90ca-cee998c61248,3
17d340b2-dc67-4116-a623-54e7549f9ab5,3
3256a8d6-91a0-4fee-9707-85f194a9de12,3
54928d2c-a664-4e82-bf27-7ad062f8f241,3
2af935b8-4fd9-4dfe-875e-20d576a0377b,2
49d98911-6a09-4f2e-aa63-c0935fff1862,2
32fb5cfa-18a4-4871-b996-78e29475b602,2
082d3323-b4ac-4c2b-9a41-2f665391cf28,2
ecaeab6f-ec5c-4e5f-a59f-0215ed010d2e,3
b2e85268-4e04-4aad-a826-acdc8eba5be4,2
9461f2b1-8231-4c15-a303-2f63fa79917e,2
36de65e6-f4b2-43b7-b0ad-36d0ba365a4d,3
e2bac7bf-83a5-498b-8ac2-a86660188f1b,3
f2d19901-f069-4881-aa8d-f4b93c6980f1,1
357135ca-2b64-424b-bd57-26b5ac777340,2
ae2157de-43d7-4bd2-8d58-6a9163686644,3
ef4f9262-6269-4af7-a758-c767ea81e92b,1
0a910a8f-7522-4bf5-a846-6930eb18e3e1,2
5eebdd15-7a5e-476a-950a-e7a34ffe1ab0,1
4c766be9-d3c9-48c4-a58f-aa0268a54d7b,3
b7c8c546-0cb9-4ec0-bbd3-736f6df3cf00,1
f1c757d3-c4c6-4d5b-a3e0-5ec87de36a26,2
10ea2624-a4e2-426e-83c1-2aa4ea366e11,3
6133f5a7-2f20-4749-8d07-1834cbdfbdc3,3
c4028303-4194-4c88-a4d4-df8cff04dbc5,3
6d6631d3-7566-4531-b3af-3378da206f98,1
c7050e79-318c-40fa-b0a3-6c1b9a7a4a73,1
79de6a7c-a089-4a70-8068-694d51f2e540,3
683709c7-7eb1-4e98-ad74-cb73d8b69edb,3
cd19ab88-b872-4680-b170-7e0c7f68f269,3
51bed58a-5810-4684-925a-a5b7b38d20b5,2
8190b8dc-cbd4-4a5f-ae85-092a506ac376,2
9bc825b1-2aa9-4036-9f2e-a00a5ceddfcd,2
24710553-bba5-42ee-82d1-a6ba3322c81e,1
36509236-9a0c-455b-8d05-47a4e02ce986,1
e25799eb-076f-4045-ad11-d1c7bff3bacd,2
fe84d5ce-a107-4523-8a74-d09be27b7b7f,2
6503536e-a1f8-4114-90ed-38d05eba4e3a,2
0e10568b-b3ef-4e55-9c2e-2b81e8b49a52,1
5d571aaf-2eb4-4dab-afa4-d7f12ee9af7d,3
9da0f9ae-f6d6-4cd5-af56-55a458eabdbf,3
926e333b-d958-4a19-802a-00b7c9f24bc9,3
2f72eb06-8e0c-4a50-acb9-ae9724d99e5e,1
72eac9a1-e6c7-4e3c-990f-5102f7853035,3
dd45f2c1-6a15-4f5a-981c-6e2543ddc3e3,3
3a8a0c18-49ba-4d26-88ee-de99e99598a1,2
cee2c604-5653-428f-9a20-1a692975775d,3
d56b5a35-f65f-4e2d-8f7b-63ea246dea1b,3
15b11c5e-6017-4d1b-8d62-c73f19fab630,2
b377c36c-69eb-482c-94c0-e2f0cfff3301,3
7d6b8239-73bd-4d04-8dc6-a43c868a9c27,3
fc25cc91-1093-4d5d-aa7e-e5c08a4b39f5,3
84484a8b-026e-46eb-b62c-94a70fdad4a6,3
3c7bef08-e20d-4aaa-93e4-bf448959043e,3
295a8697-bcab-4c21-86ef-46fc1064a112,1
ddb0f94e-db1a-4854-ac6f-731707e55887,3
45cc2aaa-40d4-41ec-94df-ebc76793813b,3
d8ff1934-d702-48aa-9e53-08b957064f75,3
1b43f936-073e-4134-8e85-dde4d058c5fa,3
065f8e76-a673-4d6d-8420-5f62ce725156,3
931ca729-8f09-4c84-8d35-2c2b15b1d54e,3
cc1d4461-27cc-4c4c-b3f5-e3181d495640,3
f15ad481-2381-4d91-acf5-4a330f02260e,3
b3305a84-b476-4276-a0ca-4137d72b2636,3
70419e0f-00e0-4000-921c-395e7a6b875b,3
bcab05b4-8318-492b-9969-5fc773ab0acd,1
30352b87-2260-4955-b6d1-f24fb55135c3,2
ffe49018-5459-4d70-9c94-0ff457c0ed5d,2
81df43e1-8ce9-405d-946e-92eea19f8425,3
e5ea9b21-4dd8-44e4-845a-8fa9bd580320,1
d18a39be-3c09-4504-b140-1fe03e2220b6,3
f8e37015-8b44-41a2-ba77-8b7c8727022b,3
b9139b05-819f-48d2-a528-797130e1fa6d,1
d4650ac8-576f-4efd-b53c-f56033074677,3
ef7de476-b2b0-457d-b4e3-3d5987055e79,1
b8826217-2017-461d-b07a-6e9003c311e9,3
e11d29d4-c758-46b5-ac25-db34d607bc9b,3
4a063210-d04a-4d66-b1f2-cccf182f6df5,2
ed00f0f8-2dc5-441d-80a8-db652f39b31d,2
c8295e67-02b5-415f-8663-748a49f5bed0,3
aa8ed341-0b49-4219-99f3-a8f5e4c2085a,2
280d7e19-f077-487e-beb0-99570b27cd2f,1
223bc51b-1d74-4cb9-9780-5376dd6a0740,3
e602b6cb-2c79-4321-bbad-d5234a8a5398,3
3f3cf85e-c869-4851-8208-875e94cc0f9c,3
87682596-09a2-4779-8c85-93dc5fdedb28,2
a05a0937-aaae-49b6-9df1-36150abab9b2,2
8d18f0e0-5d45-42d9-bfaf-ced12b4ef325,3
2fd76b54-b1e8-4d53-ba00-19a29c654cdf,2
a4ecdf61-595c-4529-a79d-361077b9ab9c,1
931707e2-76d5-41f8-83e2-6df8fea61b0e,2
529d493e-f6db-457c-91b0-475c323cbffe,3
c3d95405-ab99-4eb1-a2fb-3507c409afc7,3
b2f969a0-e149-48ee-9cb3-24ff22b785fc,2
fc54e6ce-d93b-4cef-98eb-11dafeca22ca,2
737333e4-e396-412f-b0a0-bd1f0f1894c3,1
c84d936e-ce7f-42dc-8f8b-b3f2ba4a4699,3
81275534-8214-4477-984a-8696085e964a,3
de1171ee-20cf-4bca-9c7b-a90b2ac42af0,3
cafb5e35-4511-4c0e-b578-e1209ac70477,3
945fba9b-d452-478c-8096-1527233d7fa4,1
db2d8298-f295-48bc-a2cf-3c3db84300e8,2
6bdc174b-7581-4aca-a57d-38600939f740,2
cb7dbbf4-6372-4f82-bd7d-cca4a6fb4cd9,3
1be39d04-79ab-4a1d-8a63-6b0898dcef1a,2
342efd41-6fb5-4ed8-81a3-f7e89c4702dc,2
2045b1b6-541b-43f6-a77a-87f309148735,2
fb46bb7b-cf7b-4d78-b1d3-b83e423515ac,2
1f54ee7b-a844-47f4-8930-b1edda97b159,3
ec9a5c98-9328-4f1a-b386-872478f0966e,3
a709f41d-a84c-4c47-ad25-16f4e88cccab,3
1fa9fee4-1208-4197-9b42-095cd8f9886d,2
ad66ede1-a6a0-4ee4-8936-65453626e8f5,3
402a4ff2-104b-46d6-9cc9-d1544ea38545,2
ea35d50d-91f8-413a-8be5-6bf02202f728,3
25fa91ae-3ef3-4d6e-8f97-557dd3c5aed8,3
3ed1aaad-163f-4fbd-ba3c-201fc29cfd6e,2
adc07ae3-2f10-4466-a79b-9a44ee69cd23,2
be4f4a2b-a884-448d-b83c-46970d7c5141,2
08d77273-1964-413e-8912-e802bd69b6d1,3
33b86607-943f-46be-bcb4-5f7dad4ebe9f,2
ee14a8d5-f5e6-4518-a754-a9771b5c4aeb,2
6abed89f-3a8d-40dd-8799-3e18ae7a702f,2
c358f6d0-0bf1-4de3-b547-84b55a9135a6,2
50645db5-dc74-4fda-a056-3046f39ac616,2
04d897c7-e7e6-4696-a6ba-f7450fecb102,2
be3c2c41-0b5d-4e7c-a617-af0836e32c4f,3
302a215d-d2c0-4e4e-8490-b5ca507d6b67,3
8c2bb268-bcd1-4153-a5d1-484008e5e55a,3
4ba5636e-adfd-4c1a-960d-1f1f7504801c,3
cea208a7-16be-469f-9390-2a9d3b903321,3
993d5f05-205f-4fb5-878a-142115d5ec7c,3
72824e64-621c-4164-aa74-6d5d401fa9b0,3
9414a271-4444-48f4-8865-8efc607ce239,3
e829a1a2-73e6-4ede-a450-07e4dcbc9c57,2
372fb40b-43eb-411c-8cf1-f5002f10a764,3
b189eff3-8f2d-4ff3-9204-25c9b8a4cf0e,3
15bc5d0f-8922-4692-a01f-4658282a5a87,3
42efcdf3-3fee-4607-8ea3-27997bf5565b,3
beeb2844-c7f9-4871-b923-b575757ffcd0,3
7a687f64-f9ac-488b-af18-27ca22c657f4,3
a50efd14-0787-4fdf-8b07-f3a17cfc4632,1
4ce12b1e-3dfc-4ba1-bad1-fecf1e09c925,3
f9750aac-3d78-4411-84b9-6c4402606812,2
0d902a82-0559-45a3-8e85-10edc9b940ca,1
a635c605-2bc0-4ed4-8f92-15115842b1f4,3
83f99aff-55b4-4feb-af56-e8b9878414dd,2
4824573e-317c-4b8f-904f-bc91f91005df,2
2c3a0f1c-6929-4549-9c31-6a15f7301f21,3
c524e26d-1e2b-47b9-9329-1d8d6e772dd8,2
cad33d50-56de-4daf-a80b-170f0f7fa04b,3
5175fc32-69c1-4425-a367-b3016dd2e0f0,3
f70297bd-5c45-47fd-b80b-d96cebccacc4,3
2e26010c-3dd4-460e-bbe7-63ae194d6195,3
5ef4005a-9384-4f62-9928-aa514de15d08,3
9a0d7142-337f-4396-9cbf-fa4197843331,2
63fe23d5-1beb-4527-a022-49918ee0870e,3
5db42a30-1bfd-496d-a65c-34d1aaac5148,2
b715009b-96b9-466e-b0d1-be96770fd2ea,3
eb8cbcc1-b3ed-413d-ad42-9ef1032b0103,2
3f24bdd3-2f9a-46b7-b6c7-6b3a251a090d,2
ae6d9156-e0bc-4a25-9857-df8c26b9c914,3
f469670f-6f25-4274-a132-b714e324913c,2
ea82f238-14a8-4b96-ac4a-4bbdb8ee4d52,3
142bc0b9-a584-4c41-8924-85a59d3dd447,3
4bf1ac2c-2b67-4ff3-a03c-c5bd0c95db28,3
f3600999-ca4b-470b-903d-65129b55fddf,1
7086e9da-cab4-437c-9249-e4fb7af9839e,2
50cd2215-4f42-43af-a9fb-f1aa617be925,2
d54812e0-2779-48e8-8053-db8f7236d15c,2
cf04f6c2-0de2-48d1-ab5e-c22ec3301fce,1
01c4f623-f2c1-4e85-9055-21e582f9033c,3
a66066e7-422d-4b36-a13b-873360a7a618,2
44bf0340-587d-463f-96f3-11beb3debf70,2
455f8bfa-92df-466d-a9b1-7907caca1762,2
1a1c40ef-0d52-4ddc-ad34-81e6d4106253,3
59ea4d7c-5352-4aa2-b22d-d14c499eba5e,3
f5c54765-c596-4881-86d3-7067e3764dd2,2
3b5f09e5-2627-45a6-81cf-9cd385dd9edc,3
ce799876-673b-4b45-ba45-fec4aa26dd09,3
97957e75-8331-4761-a848-58a67031c83e,2
ae11ae69-2413-4db5-8f58-9b0d52b4fa36,3
f73a257f-c245-4bfd-a3c5-62c283e00ea9,3
319e28e4-bdbf-4daf-8251-1852293c679f,3
43c2f3ae-c7a4-4c71-920a-2d318eed27a6,2
1d15c56f-14f4-44b3-8830-52b7694052e2,3
82adad2e-38ca-478a-a1aa-7dff18bdb935,3
d2d2cbf6-556e-47a1-a110-0dffd4a9637e,3
c86747d9-8103-4057-abb3-6ec6d0c17b96,3
2b8563ad-34c6-42f6-a9eb-879d4c8b45ad,3
49de8450-05f3-4f2e-832a-4e13e3d11533,1
2597fda1-7da0-4e78-882b-f7144ec8abb4,2
11e8f36c-2726-4961-b1cc-1b5db696f8cf,2
4b89c136-c0fb-48d0-9a09-2100b186ce1f,2
66540764-c30a-460b-9c27-5c7fedc8dd2b,2
297ff266-96f4-4fc1-bde5-6ebfb80d1b0d,2
209eeddf-fd5b-4628-98e5-6fabf2538caa,3
aa844729-519a-4cf7-90ee-2a67d9ca1c59,1
92f524fc-88ec-4693-853c-f400e28c97e1,2
b946522b-ca03-4719-98d1-b9f08bfe581b,1
4b8c7f8d-bb1d-44a4-be7e-131065538e04,2
9c1367c8-b99a-4413-9d8b-11ef3a44307e,2
f96b5ee1-230c-44fc-8b29-d01392d94d97,2
e3cc4bf3-5061-4cd2-9b14-720db921b238,2
4303ccf7-a0ab-4f16-9142-61642962ab56,2
248f2f46-f545-4233-b3c4-6e546516c0c6,1
3d6854eb-b084-4853-a4b4-3bed41f2730f,3
cd042c28-0614-4916-bde1-e3c2a9600f0e,3
6e8cbe75-d08a-42d1-943b-f1dd88e26d18,1
2612d339-7f29-4989-8e20-d85fd1f4617e,1
13d2a8b0-22a1-4cff-a365-f2cbbb879edc,2
87a916b1-780b-4924-9496-da76cd36a3f7,1
20164371-6d8b-41f9-a7a4-5ea4011186b8,2
70cc8a0e-108c-4269-a32f-e107e738baf0,1
f9be17fc-efa5-48c1-b87c-a3c396421c69,1
8cd199a3-5c2a-4a46-9ced-90ca6c000eb4,2
28b72847-8df3-49d9-ada7-240558b1e7da,2
49b2527c-54e1-43b9-8b97-fa0dcd12a1aa,2
0638153a-41db-4534-b8a3-661ea80b0760,2
452d0a27-1ef8-4cbd-a1df-686c58c1f209,2
85548d62-10fd-41ea-b081-59fac6ceb454,2
af1252e6-a1ba-409d-873d-53a3fa3a65fd,2
269b6c37-f404-48e1-a9f7-4a2455e189bf,2
1515d6b3-8e62-4daa-b5d6-a25adad5d38e,2
91c0385c-d440-4f2b-ac54-298851fe2f39,2
70452d13-aa20-4a42-953c-443e74cacc35,2
5f3491e5-0b3c-4632-ac55-66586e00b8d4,2
f258f69f-701d-4b67-9e97-9168d9d334d2,1
03b021be-df01-43d4-acd2-61205bcb524b,1
f76ca774-9d09-4ae0-9ee3-d84ab2147248,2
8ad932c7-085a-49a3-acfc-ff373e051d3c,2
5399375f-777a-44fb-a223-78de660c2bb5,2
60a08bdd-ff1b-4a0d-9853-67a29ea0e5b6,2
2d6dd0d4-71a3-4670-b3ab-93b70ce4c4f0,1
78ebfb72-e2bd-443e-bf6b-34072e344e37,3
4eee24b3-77cd-4d79-96a4-b590f45410dc,2
db2699c4-12c1-4ee9-8dde-0e97a8f25dfb,1
9a68b439-f910-45e6-b039-dbea8cd89605,1
4aae12d9-bce1-422b-9fe5-1116fc448386,2
c4e663f5-40e9-47bd-b832-7c84e4181fce,1
9dd5a0c5-1145-4dd1-b142-318faf10ed3f,1
5bf986dd-6a0a-4dce-9a30-3a2fbabaeb73,2
399b69ea-bcfb-44e6-a0e5-d9bb01a90344,2
23977824-eccd-4c8c-a493-29eb8501961e,2
5130add4-3391-4115-b10e-28cc7201e392,3
41bbe5de-c00d-4546-bbfe-f5d03799fc74,2
ddee5e53-fe4e-4fb3-b6e1-1a4883f557b5,1
3539a1cd-dade-4e33-9748-461e7dbe361c,2
0cd1fb81-5471-4097-84d4-a5eaa03ee89a,3
6f0f999e-5de4-4e08-9b6e-f7fa5d53a9c5,1
baa726be-13db-4801-87e4-bb757f9d02f5,1
29a55170-f1cf-47b5-8e19-f041c0956993,2
8e3034a8-c54b-4a54-955b-280d9a5bc885,1
ef64b2dd-3181-4e9d-9bcb-ebf8cef7fc0b,2
ea39ea90-7acd-4ace-b864-2a9d164c576a,3
66466158-0f92-4cea-aeeb-2bb3bd9e92ba,1
a25152e1-9d2b-4d77-87c7-7721a045d1ab,2
5e0ea9af-a1d3-468e-a168-a0b7533c3b18,2
6113cf8b-2a13-42c5-8f89-1670015d026a,2
df66a1e2-dfa0-4d03-aea1-061f7c60865d,1
130a9ac1-6377-45e3-b861-dc1fafe680a1,2
8c9b535e-40c3-4f16-8988-2a847af08d45,2
d35dfe82-fd70-4fcf-a53f-28de4e7d49d3,1
6c451b14-344e-48ab-acc0-a399c364ee93,1
17cb8150-07df-43f4-9e38-49d3f6413475,1
11e38d79-b429-4cfb-a54b-e9062ff6efda,1
e3462145-c5f5-46da-a893-f59a130751d1,1
51084849-d877-4441-92a3-3c5736ff6aaf,1
80b30448-32b4-496d-8b8d-6eef2aa56942,1
cc3b6b94-8bfb-44fe-8b87-0fd99b22016b,1
201ec7fe-d645-485d-9813-8f388323437b,2
64745f82-0335-4100-96c0-987bf55511c8,2
d31e0dbf-ebc5-4674-99ef-aa3c3a1f907c,3
9fb193fe-2c3e-4074-a226-80d717dcbff0,2
fa204f12-d2a0-476f-b8a5-d9202510616b,2
c480e3df-f894-4727-a374-5caef848e3d3,2
5cc5fb1f-3de4-4a79-a411-8f8d8758556b,1
9dc5377d-b211-4518-8b86-df9f3e9f54cd,3
aaf18569-0d9e-4ace-b005-449a50f7753d,1
2e25e9b6-d63f-45af-bd8d-febf144b418a,2
bb258279-fd56-44ec-925d-9d1a56c5be80,2
b278d11e-a99b-4732-92a8-49df495fb6b9,1
97688f9d-e303-4fc7-afbe-e738f5890b28,1
7a49959b-3f3b-40bf-84e5-649a428ff185,2
724809e4-6d20-418b-ba75-0eebcb47d461,2
79185f26-c681-4a66-b320-c84cc0397a7b,2
ccc56f8a-0b53-4005-9611-07df554394ac,3
aab8ea56-f92d-4d0d-a4f7-cfb35830c68e,2
bfc083fe-789b-48ca-8260-5cb0b1c0cf8a,2
63a7d4ce-c3f9-46c5-85ef-480acdb98df8,2
74fc86f3-3f41-46d6-820a-bffe432625e3,3
458ced9a-93fd-4d92-997c-6c6d5d7f3d1f,3
d049790e-00d9-4963-99a0-35536029bb96,3
01e99d73-92e2-4e7d-a7b7-c8043c318010,3
b66104dc-b6d4-4086-a0dc-3cf3191b97da,2
6d41e822-3db7-4d39-ac2d-c3798b480efd,3
0c7329ed-8478-4dca-b912-e25f80fc7c98,2
58a50496-d57c-4a22-8c9f-2eae2a299865,2
a9b3ca24-1163-472b-9ff8-2f032d1e47f2,2
fe308853-b946-45fd-bda7-6f3db0cf8f1c,3
2cd368b4-defc-42ea-84a5-b9e60233c1da,3
2b98c27e-16c7-4ac9-ae02-6efd7e520931,3
69ba170f-f339-4282-a7da-30405f94af35,3
ea1f1c6d-d363-473e-a9ad-48cd0b467927,2
80ed68c6-daf9-4fa6-b9c5-73b913ab7d56,2
f8f85e60-f14f-4991-bb5f-3f37af54f00b,3
c7c2ba3d-a864-4b91-a575-5e12f52d18c8,2
65daa077-6f42-4150-af75-e59625c786fb,2
f14bf492-c926-435b-84f4-2d65119640c7,3
7d8e3fc0-77f9-40f6-9d37-03dfd80f487a,2
441ad554-c6fb-4f3c-ba14-ec0402bf102c,3
72c526ef-f9fa-4f8a-80ba-6c4b164bd0d7,2
b0378679-11bd-435c-b52e-2fb030661a56,2
abfacc7c-1a8c-4985-b5a3-f37b1b7c03b8,2
c3c29212-08af-46e6-98b2-629ea76ff343,1
089bd3dd-76a9-4fdd-a3a3-5e2a774ebfe6,3
c7a34905-3f5e-4613-8a50-6a87e63712db,2
6104ebd9-cdf9-4d15-bbda-b35422977124,3
fe87f1b0-7f17-414d-be58-d0ac1ba1a573,2
498104e1-5718-4dc1-a828-7b2335cc0826,2
2e0a1b94-1a77-4452-9db1-8524e5a8b4ad,2
1ab7a5ad-9325-4306-b59c-bbf081d60525,3
d0ba9a2b-c166-4747-bf5a-ed37e552782b,2
739996d2-29f2-417f-9110-e7017a2d507a,3
b2e57e0c-d1f6-4b38-8d87-3ac2121b7242,3
81d9fabb-b49e-48d0-ab7c-897e8aa46bea,2
86a86cc9-bde9-4e1a-9eb8-41b342d490d7,1
95c95cc1-4548-4efb-81e0-dd5af573bf43,3
253adbb1-f4f2-4c0a-950d-d3e6fdd56f08,2
ccdd40e0-0d19-4968-bcf5-664d9c36f8d0,3
9d136f9a-3848-4874-ac13-44ac40a65c73,3
eea2216b-c2ed-42af-a428-740cbfa99b1d,3
7d4a5e43-3c02-44d1-94b6-3a4187ccdfee,3
94bb6c5c-49bd-4385-97e6-1a46800abc27,1
a22873c4-2cd1-4c11-ba8b-a3caf270f39a,2
c44b05bf-3b78-4cfc-a018-717269cd85b0,2
dfabda64-bd45-4f48-8da1-e820c53cc4b9,1
d3b61a31-247f-463d-b648-5a858fc9877f,3
94742b83-9eba-4f66-b304-3fef6045fe17,3
bad3e44b-8a52-449c-8cf6-99057d36b62d,3
9d629e4b-5520-49ce-b3e2-dc4abd99923a,2
3fc043d6-d691-488d-b9a7-2c4e85aa0e85,2
9d34a483-2bf5-4a46-a3ba-0ff3ab14e113,3
c72dc3bd-d57f-468d-a370-530476ada0e6,2
574c01f2-e380-4240-8a15-b59eec86df28,2
ba4ce555-edeb-4eeb-8aa1-df71384e46cf,2
c2922631-6566-42b8-9783-56ee1f4d45cb,3
d77377dd-e142-4e56-bef1-d93492c7b395,3
e0854b81-a3c6-4677-9c44-a78afbb0ce65,3
ea98b69f-4c5a-4699-8adc-0ce91dd511b6,2
4b16677c-7c77-46b8-af4d-92a699ac2414,2
774359c3-9686-4aad-97fd-ff0438c4ddd7,3
2861784f-6188-428b-b764-50c6f33ebdc4,3
3bcc069e-0d03-4afd-b145-5c81ab841e71,1
f1358d24-9664-4142-a559-26aac69dc9a4,1
d46701c3-f7a5-4ab5-a52a-4885f682d1b6,2
ca0abbbf-51c3-4211-a705-fbcc1a40f53b,3
450cbdc9-93cc-47f8-8113-ab3ef02b49b0,2
4bf0811c-75b1-492c-b608-5b98d252b7a7,1
14480452-8d03-4073-89e7-94b441c8959c,1
2b7b38ba-c378-4ef1-a44f-840b6db01760,1
dd62693d-d22f-4d15-8670-8fc436cd555c,1
1f8f7347-2781-4e19-a05a-04af624436f2,3
a1f2f32c-45ba-4149-b112-e8289b483352,2
d6af842d-642f-423e-a89f-d178b9233238,2
2fae9f7a-6724-4bc3-a2e5-fd0517180ca0,2
2dd84154-0086-4f97-958c-10dff729d863,3
549922c1-a7af-4911-ac94-ff25bc4787f7,2
f105eea6-58d0-40af-afb1-407d2514868e,2
eca764b0-183e-48b3-a855-dc50b85e3598,2
ec86a5f2-5cdd-40a1-aee8-2aeb2ef53a11,2
32039043-7c29-4ee6-b852-b597c8d36e2a,2
e8e687fc-f137-4e68-89fb-317cf9afaf4d,3
7fab5605-f38c-48da-a0db-88b18d0857eb,3
e12bd0c3-6260-4e50-afd1-b1a490e8d37c,3
ce982902-c300-4c13-8d07-918bd8da5c38,3
0e2321c4-a047-442a-94cb-664b580d74ab,3
53d57a11-cc3f-4038-894d-54716e0bf81b,2
8a050493-c16d-401e-b8dc-81b9aaad3139,2
4b3101e4-ca7f-48bd-95c4-f03379798835,2
553713a2-e58d-4c8b-9c46-13f491604adc,2
de3c7c70-b3dc-45a2-a678-0c152586ddf7,3
8bd7b62c-0b4d-4a67-96ce-37399a728ba5,1
a189da38-5736-4322-b7d4-0e2d67222e3f,1
10e093df-61a4-4b54-ad5d-f8cfc36754df,1
c2c17e62-866b-49fd-a9ab-a94f1627aacd,1
6ba0c14b-c1f9-4644-83b0-77c4460c6413,2
7b2e4e20-1962-461e-b554-73110e6d564e,2
b9925917-5e49-4942-acbd-9cebcbeb88a6,3
503f1584-79a8-429e-89ac-6910d6336332,2
3850c577-7ae1-40c8-a415-b89caba63b1c,3
edba367b-9b4f-4f09-99d6-5ce119957576,3
f14c0214-cc30-4652-9dc5-e1a3a3c7bdca,1
baa082d4-f749-417b-adea-f624d3523d14,1
f51e660f-e0d2-4913-8f82-cbfdd06bc4e1,1
fd5aef20-9e23-45cb-a74f-f241fe13bf23,2
67839c24-31eb-494e-bfac-68d8fa48a509,1
5e82158e-dd32-4083-a0c4-e9ee7ed1f021,2
20d15542-dc0c-4bdc-9201-70f44ffc3ebb,1
a85c95dc-9514-47e2-80de-619c9f69e1d8,2
842061d1-cb97-43aa-89b4-166a515ac0ad,2
f8e59f8f-9191-4784-8874-f6efea1c0fd8,3
8e56e1b3-5aad-4ec0-b95a-e7ce0b291425,1
4b24fda3-1c1f-4940-bd55-b5dd4ac9da81,3
f0230ea8-063c-48ae-9266-b678e32e3ae9,1
36302726-fd2a-4d34-b35c-a5caf6190ace,2
64c4c935-e21b-4d8c-999a-5015c263353c,2
64ec7606-88e2-417f-8ed3-03a715343200,2
4260531c-3ce2-486a-8a33-a73a7668952b,2
fe1944e9-1959-470d-949d-a70c3c64ef38,2
c82c46e5-1fd8-4eae-8b6e-664944dbaef9,3
b5c50cf4-8c3f-42a2-ac88-02a8bd0a0933,3
bba9525a-3e34-4f8f-8cc1-14a8a3c26eea,2
ec785aca-479c-4b28-afc9-19a910831cb7,1
d6870b2d-b78e-4e1e-a412-e52967b4ce1d,2
dab1e44c-3832-4946-a567-268462dfe563,3
e94e3167-6b2b-4f5e-bce5-77bbc6bb962b,2
dec7f38d-d597-4f5b-a0f7-afda9bb9f4b8,2
058125ff-8f7c-4ed9-a58d-e12b92df054f,2
2e2ed9f8-569a-4fef-89e3-6c09f7483d7d,2
474b7db5-06a7-48e8-a93b-f00c0615c70d,2
66ad33d2-8427-40df-9100-5d815307c8cb,3
dadebb09-b2cb-45af-9256-4cef41501905,2
b86ae4b8-3da2-417a-a3a1-f75aab6bfbaa,2
33e40064-2856-461f-9155-ca7b2ae45185,2
0cfa7356-e392-435d-8b1f-ea3953a3491e,2
dee8cfa8-662d-4621-a8a6-54e6eef4ca29,2
1eabd8d1-69fa-4d71-a446-89d8a5adfd3d,2
84fbdd30-3cbd-47c0-8634-c7115b98d950,1
acde2733-2582-4776-9923-a74d2325ab82,2
91d884bf-409d-4ad6-8956-957e1f932e84,2
e679506c-9fd9-45be-b0e3-8561ef409237,2
59005e1d-2046-4a03-a690-cf9575fdb5f4,2
ae4cba84-a049-4488-90c2-584b2a942d49,2
d44f6206-94ff-4b31-a0db-3c10398f1f39,2
277fa1ab-91b1-4e26-a428-9482d704e329,2
9d0aa53a-e6ca-4063-95e9-1e749c6531b5,2
f73daee9-c0d7-4b7f-8de8-716ab3e03ad5,2
fc9148d9-b968-4f62-95cf-47fdfbb07818,2
f81833a0-f524-4eaf-bc95-b890d4a8a2a8,1
7fffc872-4deb-41e1-85d9-1960654d6531,2
f43348df-07a1-47e1-a638-0a26c195dabf,2
79e71294-1b30-4a23-95f9-e85a4a1a0ad3,2
e1455afb-3db9-4e35-8677-64a8f73d94b9,2
66aed2a1-c336-4b55-83a1-ca0d433554aa,2
00f70ae1-3d36-4206-8571-8a7b2a0c04a4,3
09f17093-979c-45a1-9ac5-e966d91d9dc7,2
bec94990-575a-4456-bb58-48ac6ca91ec7,2
9113f3d8-51af-49bb-b4d4-98d10534ca0f,2
c627b1e8-fbe1-4906-b01d-dbd904fd09a9,2
c45eb85a-ae48-405f-9af7-75eaff756607,2
1e8c4ba2-7180-4b2f-b153-0ebdd8ba5d76,2
1aae530c-f887-46c4-8bc7-77922265b385,2
d9d727cf-5a98-4b6a-a9c8-38b77f5f4bd3,2
d584bdc6-7029-4b9d-b67a-b4064ba8ed5c,2
f933ea01-9828-4b4c-89df-1fc7585047ea,2
e4116289-7165-466b-ae6e-6bb3c7f6657e,2
e1c464e5-2fcc-4587-85dc-00f57beb80c2,2
d6e1c8ed-2fd1-475c-8e9f-31523ae16116,2
72ceaeb0-ee6c-404f-8713-af5c5172d213,2
07e0400f-f9da-4d4c-9a07-f3ff48232283,2
b73e9b58-8ad2-40ba-9bf5-6ef2f5aa3ea0,2
32eb35c2-bdaa-4187-a480-c77ca8978808,2
1e523e7b-578c-43b8-bec8-eeb250b23eec,1
d301c1ec-16b7-47a5-bf1b-27781e1a9402,1
3a8a398e-7684-4e01-b6fb-0761cd2ab10f,2
7003d3a7-5e05-4410-93ea-ac41f12b7dd4,1
e1dff38c-8287-4765-9efe-26f6b1636661,1
a8b0c6fb-3b63-4025-a8a6-50c467b18c29,2
50ff2a4e-e0bc-4f7f-bec1-432a7902e7a3,1
2cfb4bd9-829f-4898-9699-fdc1fd67e7d4,2
a568a7b8-b5e2-4bb9-a43d-b91ec743535e,2
0da0f550-176a-4e2c-aa0b-5091605bdefe,1
d2d40eac-b25e-4d79-803c-755f8211484a,2
89ea950b-002f-475e-8bd4-86c6cb7b2b05,2
c0839edc-b0bd-4bb6-b165-cf399d10be8d,2
5931329d-a5d5-4d4b-b8da-deef2683e6c8,2
716a7b88-c285-40f6-8a81-3a065e33c23e,1
d27099c2-ba63-4770-9bac-b6dbabb814ad,1
8cd28275-acc7-433b-9e39-79bb4034b1eb,1
aeeafe08-23f9-49ca-b49c-a2202171000b,2
52f69cab-75ad-40db-84e8-eb3444a4984a,2
4ff23b81-c7e1-4c1d-84cf-741c8ed2dc25,1
8d6f5bfe-6414-41e9-8c82-f28b4ef12ba3,2
ce46932d-e723-4734-a3c3-98bc799c4bcf,3
c6d4ded0-a39e-45ed-94b5-9de6f081e97d,3
335b7061-dc40-471a-902d-e5f52f35e9b6,3
c188d6fc-a025-4855-90d7-113c8f4daf12,1
8a4c49d0-b68a-4a11-b1c6-48dbbebfc4e5,2
808073de-09ec-46b7-8bbf-9f4f62094b25,2
19d72f9a-cd31-46c0-ade9-5c9ac7f77a4f,2
697eef0d-f1c5-4a67-8153-2530528eb9dc,1
3c02ef79-e2d8-4131-9909-99ce91a8728f,2
bc558115-1cdc-4515-a0fb-fde8bdf68962,3
d7d7f631-c739-4136-9bcf-5dd6f9f3d685,3
ccff2ee9-57be-4b09-abe7-85fd9ebb19b6,3
24440689-1ad5-4805-ac4a-beb7edb1021c,3
2bdf9d97-486f-4225-9bfa-ad74d18225e8,3
3b3cdcc8-9700-4558-9932-fcb7300b961f,2
3e90a48d-5cda-4587-a09d-2f8e37a14016,1
f6a226c2-e58c-478c-bb12-627903cd541d,3
b01d37a5-f082-46a8-84bf-11561418c40d,2
e7d6f47d-e9b1-47b7-bcd8-c89596f2a874,2
d4dc38f5-9031-441c-a44b-33b9ffef2121,1
a16c160d-941d-4fa1-9076-e5567f136275,2
0e0691b0-3036-428d-9d58-1b74e04d18a5,3
2ae2b92f-6b2b-4fd2-94d4-6468e9ca15b7,3
d2dd0873-7f84-4aac-be7d-e12c658293a0,3
b35d0581-d02a-4f31-a260-f787a279e89c,2
474794c7-a420-40a3-9781-9472123a4706,3
b3a51613-aa8d-44df-96ad-aebeff220d2c,2
8a6f44e0-47ca-4c0f-a853-b3dcf251cbbc,3
5c05a287-0bf6-49cc-aec7-9d4eee40e84c,3
d94a0a7d-2a0c-4e97-a671-9074dc987b7d,2
f9b2c0a2-9e19-4437-ac32-e5e7788a09bb,2
a4c4c5f3-4439-408c-ab10-1fff32bb1106,1
5f62d3c8-32b6-4d6a-b625-f378828c19f3,2
fec549f1-d4e5-44aa-8b62-2bc084f02733,1
f2d6ae2c-751e-4f25-93e8-18144eea2825,2
a576cb8a-60f0-4695-a896-6790c9bb4510,2
3f6b8518-d7d9-49ff-b99a-6c7f9397a91e,1
cf975732-58bf-45d1-b94b-1360ab2dbb12,2
dea7a064-07fa-4e5d-9da8-47bedabf501b,2
6a892ccc-8164-4ad6-8cc1-790b166e3dd1,3
83796f63-759b-4f88-8d5c-b7142fc69e32,2
f2c9ec8c-be69-4900-a332-eac2c3cb6e33,2
01b004d6-8789-4c53-b982-37cbde5eaea9,2
3460241a-3d86-42b9-b401-b2d702b8fc9d,2
c08f7ee7-d6f2-4f89-9ee2-3f58bbe88107,2
ca98aa22-7be1-47af-bc9b-799d00ec3935,1
c49aa43c-a915-4b76-97f6-1decc836819f,3
630cb5c7-25a6-4899-9a98-8414ce51b9d2,2
517e86e5-2087-43b4-a05f-bf3c560e1e74,3
c677beb4-1834-4674-a71f-b97de9953078,3
506c1dc8-facf-4a05-b08d-579988e5133c,1
7a95c55c-53d0-4121-ad16-87891b1e2ff9,1
c64d7147-b663-4df5-978a-93a55fd8f83b,1
5da4d749-140d-436f-ac49-357af400b0e6,2
6e5fcb64-6843-4ed8-aeb8-6fb3f2fe2987,3
407a545e-9ee9-45a0-ba2a-7e86d6d3eab6,3
98aa1afd-fb6c-4bba-913b-82acd8a2f68b,2
c9a969c9-1cf5-429c-b6ae-4d2c7f93352d,2
6bec3afd-28c8-41d3-a3c7-89b1bf4be35c,3
af83c727-66a6-43d3-95d7-e87d758609d7,1
78d42a47-70d2-4ca9-a014-2cd56e26e55e,2
f6bbcb84-31b0-4c68-83bf-c9d3168df657,2
da00acae-1c5d-43ab-a7e6-273a9b25a294,3
292cbf0f-215e-4c58-92ef-3ef8306d9097,3
7d6beed6-b6e2-47d7-8739-cf9362abd0d5,2
e46132e5-1ae0-47ca-81f5-3a44b1742896,2
63774c11-d1fe-4c17-ba6e-03ebf348cb5a,3
da8be04f-3c00-417c-9bd3-ea1ba31386f8,2
8657695f-e05f-462c-aa8b-ab30d08eb130,3
6eaba73b-7b2e-4813-958e-62ff7f19b0b4,3
ac46180e-cdaf-4336-a17d-1d555228e7da,3
bb3f4bc8-ef2c-44d9-a442-48cbc3d6a6c2,2
1de22b13-7311-4898-84f5-8a07dbe137e2,2
74bac890-7c45-456e-8ee7-fd1165c68a91,2
3c9936e1-583f-46fb-925b-236a8bec71e1,3
5611bb48-b4e4-4b70-ae26-1c263c0a8167,2
185fae7f-a150-4c6d-8b46-77cdf1c0d81b,2
2e8f4a15-e2cc-4f75-bb13-cf844433490b,2
107ddcb9-a5bf-4dd8-b0da-9460f1059dd7,3
c64464f3-b462-404a-b00b-04d49deb9837,3
c11c1f9b-83a2-4687-b917-18a7afa3f525,2
1ff7592e-1af0-4095-a3b0-b3b3c3dfc946,2
11ffd667-4a4a-4eff-9b52-bdca5b5b2e90,3
357f8b39-f277-4242-8aa1-558b2fa65762,3
e686514f-e4bc-41b0-92a3-757e5745b07b,2
b3abce0a-d920-4ecf-ac6b-2ffb8e7a9fbd,3
33360b42-bb0a-47c8-884f-7b1890105201,2
887c8983-72ea-49fe-8565-ae496b7e6b25,2
3ded59be-cb3f-47fc-bc91-ca9c575aa0f6,2
68def9a5-eab9-4893-b319-0ef26e5af2f2,2
29266569-aa6e-402e-972f-d13efdc0e6b3,3
4b64181b-9ed8-482b-991d-f1e34edce71e,3
d6e39372-a9cf-4304-98d3-40db7bc97562,2
9b581d6e-7b3b-4201-a3bb-534d395bdb2a,3
9c13cffc-ac7b-4f45-898a-96ff3cd2fdbf,3
761cbe9b-0472-4fa2-8552-28d32af7846c,3
d182f680-e221-469b-b044-7939408d06bc,3
1ec9bbaa-f658-4185-8326-7c7079aa5283,3
e9418449-a722-4393-bb81-17144f14214b,2
f0be84b0-7ba9-48d4-ad9f-2623f8694186,2
bf39f0d1-7727-49f0-a524-2b97a9a14149,3
d20da9cc-4b56-4cc1-b826-1414c15ce121,3
6b63b376-1fc6-4fc7-8fff-e9c5f7b26691,3
1ef64c3b-9719-44f1-b8a0-cca621da3232,3
03932952-d337-435b-bc97-dc2ecbaab856,3
846fd5ff-ff5d-46a7-b25b-f0c6a4e3ae4e,3
c4be1997-ab11-466a-b2c2-74d4e149cc97,3
251780f9-02d4-4ad6-a3d4-defae1dc4d38,3
cd555cf1-792f-4bce-adcd-7e628c27ac97,1
7b5eba27-fda1-4b41-8e68-48c4783f2dc9,3
d132e42b-8a79-4c68-b36a-3610c68fd99a,2
42892a6d-8424-4844-919e-b6399b5de894,3
25b920e2-c81b-49f8-b73d-ad3d8b7dfa2e,1
300a1030-7b3c-4d36-93f4-d07dfafb83ef,2
2c12f82a-4310-4855-b12d-32bbbb3ad3b3,1
dd0cad53-b693-4b91-b25e-fff3793c95af,2
518f1991-ccde-4225-ab68-58a5538e60e6,2
8e783c65-9c54-4273-979c-600ae2eeb408,2
b154c455-b072-4188-8328-dcb4baa08654,1
411b67ac-06bc-47ad-b0e4-e18b0dd17d52,2
a292b8cf-7072-4eb4-8e63-a128449e983b,2
f6f98391-592e-497d-8337-7cf37eed6681,2
ff04b160-da0b-4b30-b17d-de37de696066,2
a5e98107-9a55-45e2-9a8a-e1916dd75ddb,2
e5780125-1460-4eff-9555-1ae990d361cb,2
3b9f62bb-7e7a-49aa-9e25-ca6349b6b413,2
de2102ee-52d9-4ca9-958f-6bda08eb1a2d,2
ef60c1e0-a3fa-459d-b4c2-bceb3d59db57,1
2aa79951-98d8-4d23-a4e1-c76237f71b5e,3
e5d28e18-8c99-46fc-8253-33e9211d32a6,2
aafc54ad-709c-4c99-85a5-6324d35cd997,2
bc08c463-6902-4387-9347-50a32f846e91,3
0d1b01d1-d18e-458d-9c95-27a9c7fe4155,1
6ab95dcc-cba7-4fcf-916e-fae21bc318eb,3
e4948d4e-7aa7-49f3-8353-2fa7133e4ec4,3
8efdf562-ca4a-4300-9dd5-36aff4c7ec30,2
cbef5011-d194-4dcd-bc11-e7f5d4d467e8,1
85a53a78-9b8f-4e2f-9f14-e96fb17949d6,1
f142c2d0-4128-4162-89a1-0e5c86079bc4,1
a517db64-6fe4-4ce2-88d2-5f8528831f68,2
1426986d-80ea-49c0-bcdc-9bc31cef0126,2
aa2997ef-5765-4d27-b497-3c8946121c72,2
5756b895-0e9c-4ce8-8cf4-5615d3e33d48,2
008b98ed-df7a-4289-9ab5-2ce44494236b,2
e5af57f3-1499-4109-ae70-58524b925175,3
b877cbba-10e5-4381-a2a8-d700d4dc938b,3
4deb836e-9fa4-4601-bcd0-f40b1e76a337,1
6b73351b-1edb-499b-905d-861b881e132f,3
b636f904-08fb-4c27-bb46-2bf48a5db434,2
6ef15ac4-6567-4219-808a-6d5f21c66500,1
c2fb8714-7411-4c11-b721-e3b8c1dffa2a,3
825178f0-1573-467b-9767-b09e4812d152,2
62208802-772d-4628-bf2d-14c00c0b68f7,3
7cec0b78-658a-43fc-b859-4587d9f85891,3
e4349a47-74b2-43e3-a471-a0984d377002,3
0c63b0f9-a126-46c2-acdc-e650c8175003,2
22c0551b-2f0b-4fff-9d97-c911df9ad2cb,3
627abd64-2b51-424e-94dd-24c8a0a00c40,2
22dd44aa-97c2-478d-ad05-de491e60de0d,2
d52d0432-3ba5-4cb0-bcb7-887069d86b3b,2
107afb45-91d8-47d2-b5bb-090506b2d538,2
2159000f-0d1e-4f80-b161-0658c3b11c10,3
00833ece-f630-4162-9160-cb262906756e,3
1a883de1-1103-4788-a5e4-26463418248d,2
c74181ac-5936-43f5-936e-f700c8530490,2
3164125c-563d-43f5-bd98-6191b547e31c,2
2f3b3815-434f-4cf2-af68-75f48535896a,3
1ae6a363-0afe-433c-9900-a86bbd58be6a,3
4c303034-7440-41c3-bd4c-26d43e9eaa93,2
cafcbc11-b158-4b9b-8453-ce95373055b9,2
deb3cc4d-c9d4-4333-9240-54e6b71e607c,2
1c1a2301-3a14-4732-8925-5052af7406d5,1
1818b85d-bd18-4d32-83af-641ca7ad9b1d,2
cdc081a0-5fc3-4c83-8735-8f0a01b93f66,2
e5f26c2c-acbf-4fce-b8de-09a2f73f2b21,3
46128635-5482-4db2-a2c4-f9388c4fed42,2
11fefc1b-b304-4398-a5a5-f55496b3b0d4,2
3eff20eb-540a-4408-8553-a1cbb6a5b5b3,1
4c8d6fe0-5853-4362-9a1a-e3e78badf080,3
3a464322-e3f1-4840-8ef4-96ff4f38f00c,3
1d6f588d-a8d8-4d1a-a03a-dff7509c23e1,2
bcbac7c2-3020-436c-b69c-e29b000524e8,2
340c8cf2-3a7d-4784-a951-a83d9fd693a0,2
257380b1-f4d6-488e-bf0c-9fdf53c0ce3c,2
017393fc-fd08-4a58-a66b-3561fc323027,1
2018afc8-2876-4c5d-b1a8-5ddb3bc8a57c,3
714f8c0e-4153-4d89-9426-6f2a46817e60,2
9de434bc-e7b0-4252-a1eb-18b253b3e8e0,2
8768aa03-aab8-4000-bea7-db66c841980d,2
fcb80de3-d44c-4989-98e4-9fe6db506e67,1
afb58963-fd26-49ac-ab14-4a36b26c2100,2
45714be6-2372-4164-b498-f9ee35f47b26,3
12130ef6-d2fe-4c53-b812-2184f4d22e4b,1
ed11ed36-42f1-4515-85df-9940fa0805b3,3
1ecacb90-15b8-4eef-bf70-c35c40d68947,3
4d748e26-742b-4c37-9a8b-438d9e7042d6,2
27c5e9a6-a58e-429a-94f9-3c48541ff490,1
37da2045-32a8-4943-bfae-16e38d81392b,1
caf858aa-1bfc-4848-bc5c-91ea8f60b7e5,2
b6e42763-009d-4b9c-9828-df47dcebba07,2
cef72646-3806-482d-97b8-0b6bcc7b72d2,2
14223276-3de7-41f3-9b18-ae5f4b92f39a,3
305b8bd9-5c79-4b5a-a80a-5baf3327a33a,1
12515ba1-ec6d-4ba4-b2e0-befc8bf72670,3
9dd3b1c5-9ed9-4be8-b54e-069993998373,2
d3781cc3-4740-4d0f-9b4f-b8b99aae16eb,2
32e86bb0-4d7b-4992-8a03-35f459f61ea8,2
7688dabd-1539-46f4-bee7-8c6b307716cc,1
35ba5121-60e4-42b1-8dc2-3128e644eb54,3
b420c571-591f-4cca-b7bd-296352d8de36,3
0c1d8006-985c-430a-a6a4-4cf95caf2d1e,3
f1a4ff2e-088b-4192-a93d-576256bbeae8,3
5703a8f1-b633-427f-8267-d1e66f28d3b3,1
a0d395f3-637d-4e7f-8f6a-7aee4e4fbe49,1
13f2dd67-edf4-4dbf-b346-3b10f9ab00d7,2
7abfa5a5-645d-4c27-ae59-30be054895b8,2
08854983-62b9-4d6c-b071-27b90f51d1db,2
9247349e-6da3-41fe-91e7-97fc0c512e64,2
52a94c0b-7252-4606-8930-9602601ba2b5,1
2a0cbcb2-3c6e-4178-b368-833ce92de6f0,2
8e44c417-3efc-499d-8581-310c239e9e95,2
770be3d8-e48e-49c2-b070-f515ff7b266d,3
f97f5629-3620-4835-86a0-3f1e134723f7,1
dbe7492c-9191-40c3-95bf-802255a82b90,1
317b2318-cfc4-4ec7-b771-bcf65577afa6,1
30f451bd-44ba-4b99-afd1-13838394bda3,3
5e4376fa-3518-4408-b0f6-271273556fef,3
1443f730-5f71-4a8d-8c59-0b519a937d82,2
ebb8108d-c658-4e26-b87e-e6fc7d3beeeb,3
50383034-3708-49ed-9578-eb3b27caf00d,2
fa76fc0e-08c2-47e1-a31c-ee91a01ff62e,2
e5c63e31-218c-4226-9dc6-19088e53b874,1
c7d65e4d-f37c-432e-be8c-24d40b33aef6,2
3dfb5aac-e655-4ca5-a3b7-896be74a16ff,2
88a0b76d-e7ee-47ee-90ce-f0ccc081a8d7,1
a9daf9f5-c55b-460c-aa4b-1c8837feaf8c,2
e9754500-15f6-4353-8b55-83bb48fb197a,2
d3502207-068b-4477-b059-d33c2ba05e0a,1
af1671dd-6bf1-4087-92d7-58fb8403dd9a,1
4a3487bf-f241-44aa-8bdd-578872a3d5d8,1
5138e3af-2e9c-442f-8a87-3fdb95848ee2,1
5fde8260-4cf0-478b-8cd1-188a4d3ffa8a,1
4efb4249-c1a0-4956-a2b3-915c16de9022,2
73529371-4da2-4ff4-8abd-ddb069f1be35,2
4b7b2ac2-48a7-4038-b153-511d15a18a13,2
2f3e64fc-c801-43e9-9e28-b50beabee9b4,2
e9bb1a56-8898-4d2d-a60b-b14070347d60,2
747c989c-a402-43d4-b8a8-8201fa926103,2
b9f89eb0-32d5-46e6-9141-b9e82dae651f,2
719266c5-bc61-4fea-806a-3127febb45e5,2
d44c865f-51fb-4c09-85e2-cf034e4238d3,2
d25871a4-13ac-4f87-b8de-e00a0dd3c1fe,2
6ca7efb5-3a03-44f4-ae64-feffdb698d6c,2
69080a44-e2fe-4e95-bdfe-45defeea6303,3
6bf0ca0c-c811-44f8-8f23-41e1928b8101,1
79e96153-b66b-45b1-b7d5-6315fb0233dd,2
e7d6c3a2-5383-4db6-820e-f2cb4cb34f82,2
cc293629-bdfe-4edb-86b0-391617977621,2
fd7952a3-a666-4c03-8693-64b79146182d,2
e0a25e41-e7f2-475d-ad33-90c4db98e555,2
68b6e097-1ff7-4f0c-a262-3a1b53fc0175,2
ffef4439-70dd-4906-8125-e9362a858813,2
2919bdcf-e520-4bf1-8587-25996ffa1795,2
99d42294-ecce-43cf-8a49-b01b1c779da0,2
d97ef6d3-92da-4f62-810e-0911a95a1ca6,2
70fe4fd2-bbfc-4b57-ac20-8f06dd58dcd6,2
bb6aef96-09d1-4536-92d1-f1cf6ca16016,2
fa162fa0-eb22-4efc-add6-4fe74c50643b,3
5b48080c-c472-4a5c-a317-8f358d1323c8,2
6b4cd2da-cb89-4cf1-bb8e-2d4a46a706c6,2
a03ceae3-4155-465b-b187-3517974a150e,1
d3063cb6-bb09-4db9-8664-b489354db0e3,2
b551f309-7b62-4161-a295-7eabe0a813f7,2
4f4b35ea-67f0-4e08-9d06-2a0edcb832f7,2
233c37cb-f636-4dde-b32e-49a3c01f008e,1
ae18462d-9838-4a89-97c0-418a407a6eb3,2
aa2700e0-1149-4d00-9c19-fea2b1552690,2
889b9698-d172-48b0-ba03-24cba2b2d633,2
49d53a09-1e11-45ea-8965-4541632e84c0,1
1b949f2d-170e-4ba7-adf4-050eca7e4415,2
91c6f9f7-11f8-4f73-a8b0-78901634eda5,2
02770e91-eb93-4b89-8404-33eb10014652,2
528c306b-61ef-4c07-9df0-1520854a8df6,1
55167e43-c87b-4efc-952e-29bfef47521b,2
54eee97b-cf01-453c-a525-46a71ffbe999,2
f2da1163-f9df-4080-872c-adcf3d946004,3
fafe7a66-dc99-4fa8-863b-f852f146bb26,2
54220b65-9b42-4b6b-a34c-ca3b54148c76,2
eb47e1e0-0639-4323-a101-151e641c8f8d,3
c14b5535-ad1a-42b6-bfc2-33366429102b,3
78c8d62c-1d3b-4415-ad65-eb29bf3f8399,2
1b5dd3f4-2691-4526-afa1-96a9339a723c,1
606ca618-b9bc-4769-8fac-b056c906cbd3,3
20c64cf5-6f7f-4e0e-9140-271a8df5eba1,1
516613a3-bdbf-48e6-8997-2d23c7866739,1
a774ac46-749f-4bc5-a86c-7998bd9fc4e6,2
f77dcb8a-7ebd-4950-a148-474f7554b4d0,3
3fa6a11d-8cc8-47c8-8c84-79626c78caaa,3
53b895ca-af66-404b-b10e-bc9141d837bc,2
d3afa8c0-6c4a-42f1-8b77-73731285015c,2
f93efaa2-4705-48bb-95cf-2924917ed022,3
4881e8d6-b160-4ff5-a89f-2382032f68d3,2
9eed5d6d-8892-44ec-8cd5-4df8f43b8e3d,1
fb9b5058-de64-4e64-9201-abee64444a8c,2
39af96c1-180b-41dd-bf25-1169654d900b,2
55ac2c0b-8484-499f-a088-b1a6ac17ebbc,1
9d1169a1-ecfa-4040-a013-85125dc298de,3
597ae55c-4a3d-4a33-85b6-0fe445117115,3
34fda013-6b06-4d37-9b0d-36064db5def7,3
45254120-2dca-4554-a835-77b78a96f9b8,3
fe454bef-fb99-4d54-8c17-93653810e3ff,3
427c65b2-444b-4c92-99b4-1d5a12d96557,2
d9b95cbb-4d3b-4388-8f44-fc26c279c0fc,2
25dde7f7-20ac-4787-9202-fcca699ab24c,1
1ced762a-cc4c-4dd8-a6ff-0e4557821f53,2
6a1d610e-44c6-43de-99e5-6f7612664582,2
63061c16-4abf-4ce0-880f-4c11bdec8410,2
b5c2528e-0840-4823-affb-be9c39fa2ca0,1
9c51dbb0-d44b-4da0-9df6-215b0ff90ee7,1
6fb646ee-240c-43ad-a331-31dbeea4d5cf,1
37eddccb-6892-4ec3-9a30-505ea8c6f02f,1
a1f41a8d-8bc3-4003-bcce-3d03a3fb0f6d,2
94abac2c-6b7d-4782-add2-e8e96b17538f,1
688eabdd-3eb3-4c41-bf2d-22ab04101a44,1
41eebf3e-5f51-4306-970d-ad2339e4436b,3
833075bb-b614-41e4-ac7b-26a7e8b4336b,2
6194fe1b-bcc5-4acc-854d-0adc1db83d1f,3
bdcfeb0c-a29e-4f69-ab71-645a8d33c8d3,3
deb805e6-aa0b-42cd-bdd6-96b393a8da7c,3
da9d1438-5138-4cf0-aa2c-c919521af2c5,3
b288a30a-6b2c-4e14-8dcd-f2ea527a3d07,3
66a283c9-d032-4d48-869c-f679e65938c9,3
c230c7d8-2999-4303-92f6-980b39e7e101,1
9c3a06ad-c9f7-4507-9c2f-693969a8d3bf,3
29e1ac54-0b61-43bc-b21a-eaa60244042e,3
10167090-8390-4d0d-8dc8-f656647b074d,3
e8507092-f33a-47bd-8e73-b1ddd1d045b6,3
049a93b6-4a53-4dda-b860-de67946fc8d3,3
dcf60dfc-b918-44be-a5a0-0a4147468a6d,3
708f9f94-b50e-44d5-967b-d019877261e9,3
ef860cfc-0cc1-4b16-9bfa-40def622c2e6,3
9ebe2da4-9814-4dc3-ac15-7510ae19b655,3
6d7677d3-e003-4693-8c27-5c1a3883f946,3
278e1a92-d186-424f-88a4-69cc4eaddbe8,3
d564c3e1-71c5-4a69-abbf-f8bc249bdcf5,3
db99f02a-0ac9-4875-9a44-53d7593fbe10,3
ebdfa59c-9699-4f56-b4ec-c0b0d5d19bbd,3
8da05e8c-7944-45bf-b5e7-bd42933ef6b4,3
d7b83d3d-0540-446e-ad5d-cc5b4e8bc10a,3
845f5be5-4595-489f-92ac-f8ac373cf9cd,1
7181a53c-3974-4de3-afa4-19e23b12568f,3
9503f28b-5fd2-4583-a16f-6c86a36335d7,3
17c538e3-5afb-4d9b-8a94-e67a765d6512,3
51dde5be-f534-4a94-84d2-a34aa5989ea3,3
7dc18ee2-cbfe-4950-9247-1bccadd25a3c,3
e83a1fb8-104c-4678-9e9f-8cf4a8a9486b,3
c516ce8b-0f0d-4d32-a570-bd90ae5a2511,3
7cf1af74-5b63-43bf-b1be-b700d85c7db4,3
62dddf9d-e772-4d72-8763-05a238ec4356,3
6f3ff0ef-69d1-478c-a493-69c4cbca810c,3
7587bc8e-e648-4983-9ca5-3efe6a40f262,3
ef2f6419-0d0b-4204-81d9-a4aa327018de,3
ffc41d71-42b2-4ea1-b1b8-5440f432f54f,3
4e9aa1d4-0d03-4560-bc47-1c5920da564b,3
a52d8f23-d815-429d-a937-0f926648b66d,3
94ca6836-3528-45f9-b617-fb18458f69ed,1
f06a9fdc-28ef-44a2-a8c4-c8745b0c7131,1
fb4cd568-4edc-43b1-acf8-5dca9f61f2d7,3
67f248d2-aaa3-49a3-be6e-866689320d4d,2
eee15af9-e3f2-4711-930f-bcc955ef77c6,3
d3c474f5-d9ea-4e2c-a099-1c86f49e1a45,3
7e93ef8d-c37f-4ce2-b89a-393ffef78279,3
78c5e13b-cea4-4323-b999-717e32784ee5,3
64ff0f0d-f95b-4b43-b664-76fb71dc93ac,3
66c7c2be-e5c7-4c0f-9132-e4e1ff58f213,3
369124aa-943c-4a82-af91-aa53a3fb6cde,3
e9a111f1-aaa7-495d-80ee-cf77130e3419,3
46e3e300-0ac2-4057-bd0e-523f780972f0,3
baa51c4a-1d4a-43fe-81f6-324929cd8af8,3
3d50e740-b59f-4b7c-b35f-936d84152ca6,3
eec7c653-e6a7-40d6-9064-7e8ad643e76a,3
c9c3ef61-4332-452b-a202-b597d8c1c4db,3
f467d488-f822-4ac2-b5bb-da08de31b5cf,3
4754933f-dc86-4855-b2aa-133237d364a0,2
f39edca9-8335-4b3a-ba4e-fa02d34f756a,2
bc5b5f5b-905d-4a6b-8e00-08094044d09f,3
f7e3a4e5-b8e2-4503-8c0d-dfea7889c6ae,2
58b699ba-5d61-4701-9111-b451163b3053,2
adfa0a28-6129-41b2-b9fc-bbef7d97cce8,2
fa0f010e-ed3b-40c6-9fda-229d70426683,3
bdfc31f8-2120-46c6-acf9-c58c11492bc1,2
8b988592-3f93-4649-9195-cadb369d12bd,2
fd81f5a8-7626-440f-a846-9feca5a8aeaf,2
fd95ad2c-2915-4080-b82c-207dc927e051,3
71263684-19bf-40dd-a2bf-619534046081,2
6568644f-15bf-4ff1-bd8b-92c9687e11c2,2
7a03f3b3-3f32-4054-ba33-63c9a2720feb,3
945a753f-5971-438c-ae71-bbf0f91131dc,3
d8105b86-5e45-4d66-8d2c-50e4fad16a27,3
7a4ade05-5d3b-41a1-b0d1-4d911ac1c866,3
c086fa5d-f5b3-4c9d-a3fa-cd64f5cfe582,3
cd2bcdb2-b0e1-4817-8b07-75c71521914c,3
163b043a-93d3-4bba-bf73-0d52aa7ad486,3
0c8560f5-c18d-40b7-af3b-843d7bcf343d,1
445ff8de-d498-4897-86f2-36f36902c01f,2
4f4e6d37-d5b6-4408-882d-d0bab107cbb4,3
943914f9-3ecd-4a51-88ec-d55e87909a56,2
0430a2c8-5722-4d65-a81c-06d674b5baea,2
61bc63d0-020a-402f-89fb-875b914c0188,2
008d0a48-a04f-4df8-8223-29ff35c94eb4,2
1b05a52c-9d90-4ffc-bdaf-86e0000fdd41,2
5eb6be84-5401-460b-a7bc-75186569feaf,2
d7b40e2d-f93c-4f52-ab89-20eec086fecb,1
950d55f8-627f-4169-b49d-a5ee78bc1e3e,2
7e265385-e87f-48d5-8418-0d56867916ac,1
4024e114-c283-4247-a444-95ff643b3744,1
130a5551-80ba-4b16-8a3c-0a8c246d85b0,1
dacd4bbd-6b88-4eca-954c-9984ef9aef19,2
778ad368-84fd-45ad-b416-2e1bc48116c4,1
d579f45f-c6b7-4651-adf4-d497e3520057,2
5eca57d7-1e41-4003-892b-abb55d555a7a,2
29e87463-792f-485b-9ede-ce956378b02c,2
d915c590-43c0-4c70-92ed-eb1ba15c7add,3
f961f0e2-ce3c-49f1-a4e3-27fbc578a03f,3
9d394da3-30d4-4a8f-bb06-dfdef7031514,3
1fec2e57-ee25-46bb-8c72-21d96ce2187b,2
53630585-fb59-4d27-9f97-5983ccc3c8f0,2
ad4c77db-b252-4d46-8158-ffab9dd2a666,2
db1bfea9-49c7-4f0d-a612-8add24c15568,2
45c3f803-a776-4dd8-af18-72970f386bc1,2
5445ae07-3f61-493c-9ab4-3d03af0a46a5,2
13e2fb1d-9981-433d-892e-e2e3c635d812,3
b18ac70e-c768-48aa-9678-a73409de56a9,1
b869af66-6d4c-48f6-a86b-c218ac282c23,3
3e3b2bd4-9c73-4868-8019-a5e242c8bf86,2
1ffef59f-1aa4-4840-982f-e7f8ced327fc,3
6b27b627-03f0-438b-8bf5-ed2a896628ac,3
a7ec0df0-7320-4a25-8ad7-3da24f1fb095,3
ae96d46f-8414-4aec-8c93-aa20571f0129,3
5186c45b-fd1d-4f02-8e4a-41cd331fa504,3
80e15d81-f510-43c2-959e-84df8eab0367,3
ccf202f2-37a8-413d-bc1b-5dbf3ccd2a68,3
ad94a38f-c072-43c7-8e39-b435cf369421,3
a221ccd6-2e21-494d-bf54-8552cb9ef2b2,3
f4f09f46-6d62-4cc1-90c4-fe055881994f,3
f768e0b7-5b91-4ed2-8541-49840dc33068,3
e09d013d-8490-4895-8f1f-96bc30618e7a,3
27ab49ad-3acf-4224-94c3-ac91613df24e,3
934bd88c-6b37-42b8-821d-324c82b097e1,3
cd45cbbb-a4b7-415b-8928-ab2dff115b40,3
c7713c7a-95ad-4b6b-b80b-2829a9f3365c,3
ab3aee00-ed8b-4e2e-b469-0758243d1389,3
89e0d472-ae62-4f5b-aef9-934e29ee9bdd,3
1cec2386-6e94-4c0b-aeb1-e469c300cc4a,3
1ab81eb7-92c3-4c66-b8e9-4769bc0680f1,3
4f5b239d-8404-4f40-a1a7-fd4ed1902342,3
9aa8b221-90ef-42af-9641-6058daf4e277,3
e0c27de0-fe58-4e21-8205-e3af3cd307c0,3
fbed1697-014d-44f0-812b-84a54ac6f4b5,3
dfe1525f-8698-4253-b3dc-f45d3060c348,3
9926e957-cc53-4679-b898-582946cb9663,2
71e26dab-173d-4e74-9682-de4d7db9740e,1
92aa8bf6-8549-4c7e-b4e4-64e1349eec96,3
acbe1836-9ba0-46f4-8569-9067c15ace67,3
af318d1c-aab4-42c4-b59d-192b6aaa219e,3
3c917f2d-78f1-401e-804f-c20d54390384,3
d792c8e3-e8c9-4121-bb60-f95a383b2247,3
4511775d-c7b0-44b0-9217-c1d7dd65d5ef,3
2497c2be-59bd-44b4-914e-717bc042e9bb,3
9337f59a-cf24-492c-b53e-f7414aad9fd4,3
763bc908-6545-4192-87c1-a7d61dcf387a,3
b68ec714-4d1e-46a1-a3a2-5ddc4eeba52d,3
c809ac9e-19d7-4fab-aa6c-eca12b6d17d5,3
f9a861b7-dd20-4fc7-9a4e-04fa95278174,3
af0d1eb2-1064-44fe-8612-5bf05c199336,3
6e4cf0cd-c6d3-4a44-9683-debd284ca5fa,3
d77a9606-2cbc-4e1b-8cde-1ddd40213336,3
4a6c52f5-e2ec-48e8-a9c0-c95b3718d40e,3
20d3f27f-41e4-4bae-9b19-424d1b992a2b,1
84e70eac-a6fc-4bd4-9617-201e06815ddb,1
ff85890f-1524-46f6-817a-b2fa69804cd7,1
b3401304-642b-4e7c-a2b7-6ed2e854f669,2
4a34bb62-084a-4fe2-bc63-e530bea5e907,3
8ae2c0c7-c2a9-4f20-b017-d1ac01f116ac,3
2c9740cc-cc13-4035-a2e1-3084f782b364,3
a1a96188-3c29-489b-a71e-11124a6be9f8,3
cc99dbb3-0302-4067-8f34-b28caa826251,3
6beba330-8773-42ee-8476-f3a42b958a52,1
a86702cf-fb36-4e63-a533-60053121d5fb,2
250e15b8-f0f8-4666-bac7-9bc3789387f7,2
62ba4628-4cdc-4491-903e-7f804f1fe717,2
e4f9eccd-29be-4754-b270-cebdc8f66263,2
7f4353f6-6f76-49ef-89a0-852d006e8c4a,2
6662e350-8b87-4a80-a9c3-69b076e67eb1,2
be66c72e-9c60-40a5-8b4d-1af897515696,2
300ce420-edb7-472e-a717-a95d9ea8fb4d,2
a5958fe0-6914-4e82-9a9d-90c279e7ce11,2
c95f8293-3bc6-42e6-8f7d-10e51750058c,2
f340e1f6-2cfe-479c-b1c4-9a639983415c,2
ae26d444-e099-40db-a21f-b3619dc50b05,2
988db4f3-375d-4e72-861a-8de3d600f9ab,2
390d9129-a1b6-43a4-9edb-95de7a6c00c1,2
8a3d3044-f389-40ae-9b6f-5f1796762fa6,2
67fde6e9-9bd4-4402-968d-0ed260f2e8e5,2
189501ce-9f0a-4124-88eb-e01da5e2f990,2
4f186b58-d0d5-49d7-b156-18a19db686c0,3
8edf5ba4-87c3-41b7-96ab-368ef669a63d,2
ba41d01a-f18e-4687-b377-4d7e3b26e6a6,2
5e6fde96-f1e9-4690-ad33-4e1f9339e537,3
393ee3c4-d2fb-41fc-b20a-777ee65dd371,2
94726819-8d7b-442b-88a5-16fb033721e7,2
2dc80834-2d2d-4680-bedc-de7c2982a4b3,2
5231e24f-5692-470b-9800-0b43bfc56f7f,2
e5255e2a-6e9e-40eb-bf35-308aa0d1eee2,2
1e0f1025-5edf-4e28-9bc4-41792983e60a,3
61a7596e-9ff5-40f5-813b-2acea8a47f87,3
c130e6f7-3dd8-4bc5-b393-a75316064dde,3
ef4d853a-de38-4dc0-ae32-2dc511344b72,3
65f8c4d2-89b9-4e86-871f-674b0049999f,3
8e3ea429-63c9-4941-a843-df6f8dc48a94,2
267dfbf3-de61-4658-9bcc-c1f172403190,2
bc4e2c1d-7ee7-4d06-9dc2-365165643903,2
357f5c8a-3f98-4ff0-abe3-423a97522ab6,2
296a8f0f-0295-413c-8d73-ac26d41db6ae,2
354ea621-164f-4f47-b075-581264f4cce0,3
4e85ab98-916d-4187-8e43-01631400dc5b,2
33312c04-2f5f-460e-a5a9-b0b5b36a27e8,3
61552548-aa89-4fd3-956c-59b6e3ff4696,3
3ba532ae-8ab3-45f8-93aa-001ebed71dfa,3
e1980d64-5c02-411c-918f-a0c5324df690,3
66db6edd-a080-4a21-abdb-7492c0b60b0a,3
537ed147-18fe-4ddd-b3c8-3b2f777ff188,2
bfbe35db-2f22-48ed-a28d-c83db7fcc281,3
8b0b1ace-0137-4a7f-8c13-ccc48fa4f167,3
276866e8-3186-4fa0-a7d8-97e37c3a06b5,2
bb94eafb-55d6-41b6-80eb-6a698935900e,3
e7d12bd6-e902-4385-9628-f66a7459bcf9,3
d4c7647a-19a1-4016-b6e8-aa6088b02e1f,3
32035668-1c46-4da0-91d0-bdfb7f1df28d,1
f74c7f01-6f48-4170-a38c-b6df7b759dbb,3
35f383ea-6b50-4ba6-b956-fe90ba3e8630,1
2c9b7ec8-0003-4044-8eff-ef0c70f9536c,2
af5d10d7-b1b1-428c-b285-a976e409b6f5,1
b2cb24d4-de73-43fc-b1f1-11a9c6a457b2,2
2981e9e1-028f-48d5-93e3-1e9e85881fdf,2
3b1139dd-6f00-49f9-a702-3b5690b97099,3
ab4e39f9-dd9e-48a6-bb20-307686f646a0,2
79c11432-9006-44a0-a08e-10fada7965e6,3
1a65a1f0-b389-4c78-9d1c-7c1327ecf82d,3
e8d25768-1079-4344-a020-11bf699935b3,3
8afdf115-d387-4737-8b03-37dcea7839d7,3
2bdf9fa1-c894-46d7-b946-099ed0de0bd5,1
49da8593-6eee-4a2f-8e3e-035a1ed1ff06,3
3f9b9382-c84e-46c5-ba1a-0ca18ea10aa7,3
935d79a7-7e80-4b45-9380-f8e176d9b693,1
7fda446e-ab42-4db5-af76-fc144e379d7c,3
3dee2cb7-bf58-43f1-9104-84c68439cd87,3
16f4ea72-e0a4-47fd-aebf-def146085415,3
e88ba86f-c15c-4a5b-a9aa-c41629708412,3
5cd98305-66f6-48dc-a35f-272e96ff8447,3
8c9561f7-40a5-4dfe-b1f2-eb6698f02705,3
e7d20343-0fa7-4621-9e23-b807c256b0aa,3
601c692b-e6e1-41f3-ab59-b3e96c043ece,3
115d1bae-024f-4401-820b-d2be9b3973e8,1
73351f41-14d8-4d1f-9397-79637e5d5133,1
cc63cf47-4958-4fcc-9ac4-2a90e41bc859,1
0baaba6a-9a33-4caa-8cd4-2735932906c8,3
39692bd7-2e40-4539-8f8d-12599b9a0b76,3
b6090431-b8ff-4abb-91f1-0e7356bf109d,3
073d7280-0be0-4515-a817-c0b3d495c28b,3
ca83c0ab-232e-4ddb-8a16-46e2446c1078,3
e8a54812-93ad-49b2-919e-4d6c237ed68a,3
30e53463-a764-49d7-8783-e72f5c519584,3
10da450c-2aa2-4d88-9248-166174d02bdf,3
bed37e95-7f43-4ba8-aaac-e5a3b376dcad,3
b7dac1ba-d071-4ea8-b621-a4429dd1ec33,3
5104f20b-c379-41f0-8970-25461c4dec5c,3
42c5d870-3cb8-4fef-a0ef-a4c7d1caf6ab,3
be4cca05-2993-43a6-9fb3-d833c128e68e,3
de202add-73c2-4145-8b43-b442ad798a5a,3
a7c908ad-aa86-486b-bf34-2ba6812564ed,3
47fb7a93-9995-46a6-afbb-c96b2ce9d0b3,3
8bf21e3c-22d9-48ea-a65d-28ecbb395ed6,3
b0f1a675-13cb-4449-b7bf-47e27f8dbf31,3
5bc6337d-ee8f-450c-a16b-2d33a4527279,3
43957847-36ab-4c27-b372-4b0df923f262,3
818d127c-e271-4cb3-8435-d9199277adbd,3
e17609b0-e078-4a85-af3f-3932fd5b51f4,3
aef557e0-578f-4f9e-9fa6-4cc461486582,1
88ff079c-b6d7-41f5-b348-a79720607fd9,1
db426138-2f7c-42c2-8a49-0c1e456b70cd,3
87f295e2-71ce-4fdd-ae4c-ce3917a1aa48,3
04e5e4c2-cf60-4664-a35f-18fa70359e4a,3
743eee45-0c54-4453-8016-7c3fef358772,3
f684ce28-5397-4809-92f8-608f723a6a0d,3
22a4ce62-b021-482d-9c63-8df8f77baf4a,3
bd3350a8-ceba-48e1-a085-9aeba5c96d9e,3
22ceb28f-6589-4ba7-9d58-d29dbfd2b0c2,3
8681bb49-9d1a-4b6e-8bf4-3f7bb47fc159,3
937d33bc-3848-4ed5-a09f-5ea400384919,3
079c9f41-0688-4226-91d8-6568044d3ac8,3
ba445713-be9f-4cd2-aa7b-6672489feecf,3
95bd2d43-e778-4155-a2b1-c98ecc4b8757,3
c69fbaec-6310-4937-92bb-f9a77fbf5c6d,3
d48233c6-7816-4160-83e9-b8cd73da74bb,3
b2226267-e5b2-489a-ad04-5149d803c979,3
6846fc6a-9155-4e5f-be99-365c9c163ddd,3
bbd32a7d-872b-4ca3-a58d-bb340671487b,3
c1f0a108-5976-48c9-97bb-5d377081f0b9,3
9a1518b0-83cd-4f57-b72d-ab1ef140193b,3
d61c06e7-a8e7-49b8-b500-68a7f6c9332c,3
c3b0b10f-2b50-43b8-abbb-9e9634b8ebf1,3
481fa17b-c2cf-48d4-a899-5679354ae98f,3
fb1dad60-b360-4c4c-8f4c-889d791f00cb,3
197c7e7d-5a3f-4daa-9cc3-b8d75f202f09,1
96077df5-f42b-4984-bca0-36d704f3f481,2
dc64dcfd-481e-4b39-ab05-56dc126da02b,2
748eb8a4-8d99-43dc-b29a-84334f2e8c55,2
ad8a7f08-3a59-44a5-ab18-3661fe13b797,3
61c0df8e-913b-423e-8f2a-98b6e51773cc,3
525c6542-ca2f-436b-b5a1-447f7b8df57c,3
3c059a6c-87aa-4586-b494-d81d777e65a5,3
2a33fcee-2186-467d-93b5-573bc98f019d,2
19b0dc61-665c-421a-975f-5d7632831bba,2
587ac917-56a9-4fa3-a3ea-db638074a9b9,3
92576608-ad26-4144-879d-3f7d10885f2c,2
d7dd6dc7-2d10-4adb-b480-11bfd7d5596e,3
f30375ce-3cb6-4f4a-a4f7-5a393d9bd592,3
4868fed9-ccde-4ddd-86b3-bb19a4ef651e,2
b6339d60-b50d-446a-8bc7-07bc8eb25183,3
69449333-652e-44ad-81d9-b0bc216bb334,3
bdeb03e9-a809-4a64-8788-287e18a20957,3
cba60418-b898-4b6c-baf5-225ef2ceeae4,1
c6da8464-3d2c-42ff-8f18-6a370e010ce1,2
3c556d8c-9b0f-4946-84fa-1c7ae9738b5d,2
c2065e96-ce97-4df5-9cdc-dcf6eb39c656,3
349f9ed6-1fb6-406a-b11d-ce76dddd469b,2
4874b5ac-1420-4e13-b1ce-d0ec1b01d332,3
d96370d2-3738-41df-940e-84fbe1aef6e8,2
827582da-6d64-4329-85a4-ec4f8c77db0d,3
cb5e0e38-91cf-4e0e-a86e-484de63c72f1,3
b59685ad-61a5-43ab-bd75-8eeac589f8cc,3
b29414b3-c11c-47af-b38c-3e5a3ddfc443,3
68586bba-bf2b-418d-aeef-793b7900790a,3
c7d4c7ad-7cc7-477f-885e-1c83131bdf74,3
9f8dd11d-540e-4817-9c53-5954e14fb603,2
9defded9-3da8-4205-841d-5ceca3773341,1
9b7e6356-706d-492d-a5d0-852c249b134f,2
5d8bbcdf-cdab-4102-a9ed-c3ef1b1bdcbe,1
a1f913b8-db79-419e-8299-25bd509b2a69,3
26e4a96c-ab7c-4afc-9331-388b477e33e7,3
d601cede-1740-4414-bc90-b4c98ed14ac5,3
ec49e238-47a2-4619-afe8-72c26846a0b4,3
f8b139f7-a0e8-4613-8b9b-6c1449792b7b,3
c4f6e9dc-5220-4e4a-a8bb-b28ea995ceec,3
9d90b490-8acf-4a50-a3a5-5ae0e5bc7a76,3
63da249d-df5b-4b4b-8740-02ab9132f1de,3
97a52c10-8009-4726-baff-eb0b0189151a,3
615fe183-5852-498e-b552-b9d0df33517e,3
82eeb982-c709-4f8a-baff-2bdde2c6e7ed,3
fb93799e-77c8-49a7-aa24-6da9f36895c8,3
98689974-744b-4d30-a13b-4cf2156124c8,3
ca63cbb5-0e33-464e-ba39-e51239b07bc7,3
0c9c0a95-b2ec-4b6c-a14c-eb9738d2c257,3
f66ffe83-2887-4398-b9c5-7ff455dbb900,3
c18a17ad-7938-4f1d-af9b-9b815b0dd331,3
ee5927d4-4db2-4357-bf39-cd10b3d6b0b9,3
a329cd9f-1728-4ea0-8a89-e5fb6bf774b1,3
9321281c-9b4a-4fb3-bb23-d1a06659cb0b,3
36479cef-610d-4491-befb-7cdf304b3c3b,1
44f8387a-c485-4342-bab8-af0dc6bc7952,1
749d9315-71c7-424d-9f20-088a075306e8,3
3a1216a5-7058-403d-929c-af0a70965791,3
390f2850-8d8f-48f9-bc72-401f118fcc0e,3
45bd2bde-38cb-49a7-9b23-072d306ea0be,2
5495736a-8b84-41ac-a5fd-c2f483aae69c,3
3d8d1032-64e9-409b-b33f-90948e1870f7,1
37fcf970-a48a-4ab0-92a5-44b46db51fbe,2
638973a8-4ea7-4746-b6d6-9d6035f99abf,1
61806bfe-719d-46f9-9b26-c16ac59af4e3,3
492c35e4-8dde-4be0-880f-708789c9012c,3
dce7a869-253a-4b59-89a2-eca6fbff0546,3
c245b367-d8cb-42e1-a2f0-abfd140aecba,3
bd229f76-797f-4d14-8a1b-9728b2e81c8c,3
e4177ed1-0bc5-40a6-a460-094f0be43c85,3
5bcb7a64-b22e-4482-871c-978b643cea37,3
59732831-c2d1-4084-93a5-bfeb5ee375d3,3
3ec59eb6-3e55-483f-9a1f-26ed91d1ca94,3
68756758-5927-4fcf-bcf6-81bc3b6aed9b,2
7d91a518-8879-43ca-98cd-f1c179bda6b7,3
d0ec5525-2f86-4e41-8d7c-06f17417a070,3
fd98a777-1c7d-44c7-9cea-84bcea948bed,3
ed428798-db45-4540-a224-c1f261aa28fd,1
776514d8-a341-4075-b35b-57cb26ee6bd5,1
8b6d33bb-8308-4416-96c5-eee1e7c21a51,3
739c74c8-6ea0-4998-a0c0-de0366f0ffde,3
c716c7c8-dbc6-441b-a220-e5bf68cfe106,3
f6cfb3f7-da31-40ba-bbfb-82c7a990832d,3
2d59ad56-f253-4257-b424-966576fb58c6,3
41fd7932-0083-49dc-8ef7-1d5e1dab4584,3
f3da9a0a-886f-47a9-be87-bba0b683baed,3
85b56cea-d19b-4f69-a449-b06fa75ef1d9,3
fac7c9e0-5bab-4831-ab59-b5548070cba4,3
9afde3e7-7e2e-497f-b89b-cf78ffab8746,3
ef71b4ac-89f4-4b3c-ae82-3a7e80197056,3
df1f7f4e-c918-4a4f-b379-d244664463e1,3
a19c1e0c-4219-432b-baaf-f0c36e5f7008,1
0d78e335-213c-42d0-96a0-34cb903067aa,2
596b42a1-203d-4f76-8620-8e31502b6315,3
26be2902-0b81-4707-b40d-f3b982d6588c,3
4c7f3e6f-611e-4c18-9ca2-d31b32da39ec,3
9ef5eb04-eb0c-4f8e-8eca-a614ee20910d,3
cddcb559-ad5f-4804-9596-c4d7c2c3fea0,3
622f3cf4-6f45-415a-8b40-76f80a1e8be8,3
04c01c52-0906-4ea6-bee5-4b197bd205b8,3
6335e6ee-46a9-46a3-9d68-8aa0472a3175,3
4ae7b171-5693-43c9-804d-c759e90c43e6,3
be2f67bf-a8ed-415e-bf68-f0cc2d62e9ca,1
42023aed-681e-4ed9-9618-2e3cb45ad4d3,2
c2847e28-5729-40b3-a47d-012e5e8d42b2,2
fe3026f6-b425-4ff4-87de-d951eef1f9ae,2
ca9478e8-f370-46e1-aa97-840af8256d7f,2
b1dac3e3-de0e-41c0-bbe9-9fe000b089a2,3
a45a1faa-e1b5-4a53-9eed-740c831584e2,2
991adf3e-a0df-44c0-861a-2acb1e607723,2
61f44898-5fd9-4f9d-90bf-2dd43aca574d,3
f66cd0f4-1796-46de-bba0-fdb4c3d5623c,3
8399500d-4842-4463-ae98-0808a8afe36f,3
ef796493-e0c5-4c72-9b1b-e98ecec56594,1
8b4a33d5-bcda-4d4f-bf52-65c5f6215968,3
895c5efd-c3de-4ed1-ae1d-6d05243f8bd5,3
22b2c8b5-9006-4550-a8ad-dd62455d0332,3
ad8aaf06-2f55-4adf-90d6-74aa8bcbecbf,3
36825c59-8263-4ae3-8f54-fb07be0215ff,3
03dafc3b-21ab-4912-bd34-8fad7c788e4d,3
e7abca63-3712-48fb-94ad-6c68be765347,3
2302cd35-a3a3-4d46-8cb7-7d7aee20ab56,3
bd0f7bce-73d9-476b-b5a9-4839bc81c6ff,2
26a9642a-0176-4d19-9633-98479a01b1b5,3
b289ddfb-f0d5-47cb-9053-4b71822640ab,2
f03b451e-9c19-468c-aa87-658dcd2598e8,3
ef309e74-2b01-452a-811b-0a06cc226187,3
b9eec507-c73d-4f83-910d-83c7fb0468c8,1
f4dc3966-db31-4f43-80ee-4c1d5697bac3,3
b8731e07-4bf1-418d-9953-0435404664f2,3
79f42d2f-8ae8-4e08-a498-870153aead35,3
b2137d58-fdba-421c-b2d5-0cafff1663ad,3
8846ca08-14fb-4628-95ef-24fe1ca6c45c,3
bdbc56b2-de00-468a-a2b5-4a1769231ace,2
5ca65468-876b-4ab4-b8d6-7fb9367595c4,3
d6427643-1137-4fe9-af93-f19cf1d94197,3
a861de80-02c4-4f81-b6b8-c218e7e95ef3,3
c7e5da73-d343-4a69-aa71-f70b376d9670,3
b93bfc94-0234-44cf-a63f-39f17b0e0d75,3
35392b77-d8ec-45b2-8802-e6faa6f0a7fe,3
6032b11a-9c71-4fad-8182-2f2870aae85f,3
3458bf83-8acd-4698-8771-238c0727b151,3
b81f8bb7-3309-44f7-8b50-4a5ae249b5aa,3
24a70231-0995-4400-8487-fa02f765c693,3
6583724b-56db-4808-8804-7068363f366e,3
74e16d72-9436-431b-b421-75accd4cb0ca,3
7de07361-bc2a-422b-a0f3-0d80af3ca138,3
82dd4267-73e2-4096-b840-7efe1c075843,3
9cb54c61-60a0-4150-b205-c1479350fe2b,3
e30399a0-446d-43bf-acc1-8ce2c32424bf,3
6c77f417-6b58-495c-aaaf-949a69ef71ee,3
ee0a1f21-3c49-4b2d-bdcb-cf84f27874e9,3
7da3dece-29ba-420a-8be9-62a422326f8d,3
990333fc-d6eb-44dc-b423-65b69feef515,3
c7f41cde-5a38-41b9-a8da-1740c39019af,3
3803474e-ffe4-4c6c-8d7d-a723705c1128,3
acb3d7ad-e2f2-4b3e-b1bc-61f5fc1532fd,3
d05a50f0-489a-44af-a28d-9eec025398da,3
8486e3fd-269a-4e57-ae53-15dbc155c2db,3
e0261246-32ce-4b89-905f-a94214b75fee,3
edb1e428-d298-455f-ad3b-d21f1caca67c,3
751a3f1c-23eb-4182-bfea-8d0d5a1b8700,3
6758e685-8e19-49dd-8ac7-0f9a7d0ff05a,3
f82a347d-f7af-4323-ace1-5835f5381db6,3
70f2a4dc-fbed-4a6c-b735-d3deea777a7e,3
7e96179c-26b2-4d58-bbcc-aeecc9363fca,3
42f950c6-ba6a-40cc-aa90-76c51f31aa7c,3
6767e857-3c5a-460c-9fa1-a15ba863f934,3
91b228aa-7578-4593-a9bd-6968079f3365,3
402f568e-9443-47f7-a264-cc25a9099453,3
b13bd3b0-1a02-4bae-8672-df4b60dbfda9,3
d79a8266-6c39-4945-96b1-447ecbf4925e,3
f19667f6-4bcc-43d8-bbc9-06ed64b2da32,3
fd2de793-eb23-4a54-bd12-80be3da34b29,3
96242764-5c6d-4b7c-ba4f-e2f7a046b95d,3
b026c648-92eb-431b-8022-a5ae92bd4737,3
44516c11-2b83-4662-8032-24dcac0e18e5,3
0fc2b098-89c8-4657-aafb-bfef70737321,2
fd0aab7a-82cf-4036-919b-0d9696c55ed2,3
22fd3404-909d-43db-b540-e1f1642c4f38,3
6d61f544-766b-4c8d-a1f0-367871c2919d,3
dbab7c8b-3a7a-4137-bacd-fff1ac09ea0e,3
12e67d8a-4d1c-48ca-92bd-e5cde19842a7,3
b9d3d57f-fddf-4949-913c-38797c1f41d9,3
d319ac1c-1c3a-4039-917c-6b76cb34cd39,3
4ec67528-1490-46f0-b68d-67fe0943c09a,3
bafaacf5-c0a9-47cd-8c77-eeabb05787e0,3
c549d45f-5c20-4a1a-8eb9-b853d9c86639,2
1927c16d-af67-4c8a-86cd-cd5c54e2cf06,2
7a25230d-0a17-4186-bdfa-01600fc10c4c,3
173042b0-0534-43cd-8c82-1a6e7436cd08,3
d7819d26-56b3-4a21-98ad-b091f5cc88cc,3
6d577d60-0741-4a09-b89c-6f65feac8678,2
d0d5dce8-b0b7-48a6-b888-484e9a2f1b8c,3
ad522ff3-c635-48b2-b363-467f3bd62ea0,3
a5972c92-8ea9-47a6-86f1-a69da4c6fcc8,3
7cfa70f1-8739-4d55-92c9-83809fb46f4c,3
6a89931f-dfa0-48f9-8efd-341ce8daa882,3
eec37fcc-38a9-4b2b-8ce9-c11497d05b00,3
f1ba2e2b-d089-4108-be81-57daa5764790,3
e851e2bd-fcae-47d6-bd98-e4c4041b9b2c,3
1486f7fe-60a4-4ded-9303-6248f467626f,3
b0b9f9ea-f895-4748-8c7e-55ad4c06c04f,3
fe53ac26-c0e8-4e66-9e38-36a8e5b5b031,2
adfb6487-83b0-4dc8-896a-d69defe97e2e,3
fe4a1ed2-6fd1-47cb-aea1-6110caa846fa,3
3a006814-1976-4a8c-af1a-cefe1f888d37,3
46cc5a27-336d-4f39-add2-1c5ade4e922f,2
c3ce316d-dfc9-42b2-82ae-09064a667679,3
4d0ff5a8-8d2b-4da0-b04a-4f5b3ca94244,3
30e503f3-6250-4c7b-8a22-d5933a7ecac3,3
1213da07-df40-4fcc-8841-284b663711d9,3
ee4641ff-dff7-4efa-b504-9d286a9c8fdf,3
ddf11744-3fdb-4347-809b-239e9b7cbe37,2
b5c6f0b1-cc28-4432-91ed-b7d9d92019f3,3
dee654b1-c5b5-4137-b2be-a2c837e09d9a,3
f4ff435a-3859-4a85-ba33-84d074623b21,3
c691f7a6-18d4-4525-9b5c-b25cf7302d5a,1
8c383bf0-4d56-4299-82e0-472e7d428fa7,3
99200e57-ae7f-4eea-a4f8-a781c162bdd7,3
44a0fe47-e372-4a04-982e-98c6f196acf9,2
40dd3eb8-d74d-4eb7-894f-2cb124ef46b4,2
7f053865-5cc8-4f04-99a8-bea72dc141d8,2
51417f52-3770-4d97-8362-469a81ed81a5,2
69709986-7312-4891-bc57-a219623cc989,3
f46ff774-45e3-4ffc-85b0-5d5611db3d13,1
bd6d3562-b8de-453e-a87d-c390640acd61,1
8b48f7db-bc7c-4764-9def-4aa5f5087290,1
5735d1d9-c025-43b3-a883-6c44adeb1e0d,1
7ae16c9a-0f3f-4b5c-9412-3ec589bb0e21,3
ea0293d8-b06b-4052-8514-0f43bc3aa0e4,3
6458732c-2d06-43bf-93cc-fd4e6188f267,3
dca5aabc-e646-47d4-b7a2-9aefb57e48e9,3
a912b702-bbb5-4879-9922-b75d519deddf,3
c64fa61c-c0c1-4621-9a6c-dbc0b86bf459,3
e2b172e1-da45-4139-b412-11ce7a963849,2
ebfb7782-69a0-4601-90bc-a04f15f4101a,3
3cfa7d8b-4c0a-463c-855d-ac634f42c5e3,3
9f0bc4d9-e574-430a-9334-018e2c4cefb0,3
329fa942-51f5-41de-895b-9fd13488005a,3
a2c8d541-f12f-4f62-94fa-af614ed83005,3
e7e05cfa-9e24-431d-8288-d4fcd13af2e2,1
202ccdcf-ce46-455b-a188-fb98307669e8,2
b2d34287-feff-4489-9699-a7f6232b364c,3
0a8ae56a-ead9-4f44-997f-398d505b8ea1,2
798016be-fc38-445d-8492-071351867867,3
404e3ebf-7d11-488c-ac2d-29d50f32b6ad,3
189cdc54-2798-4f7a-9cf9-53a8432eeed0,3
61ce12ae-f153-479b-8d7b-f90aa4a9e0ed,2
18fe8a34-b6de-47b5-9e8b-c0645474615c,3
cafba263-8dff-485f-ad0a-a386538d4bb6,3
f7dfc98c-a9d4-49e9-97b9-c07914e5deb9,3
b31029b0-af0e-4c5a-955a-af89d3434834,3
d035cb60-0b41-484a-b10d-15ebe727ba8f,3
f9bf10fe-274d-4aad-9947-0b14cfed1625,3
420d7084-df81-4004-a2e0-f8f06fa050c9,3
9166b3e0-3960-4b79-8b82-e4cf13bff811,2
85436c0a-83c6-4c1b-8438-0fe798f829c9,3
ec53e95c-779b-4efc-aef7-23e5f41b789b,3
7d9aa1c7-1892-4d50-93be-051d63dce711,3
955a0e2e-7adb-4aaf-adc9-179be276e74b,3
89234bab-02ea-401f-b5e6-bd2d068d411d,2
3e004911-1425-41d2-baa4-b89b74069492,1
8e13527c-123b-44d0-82d2-e99dea537ffb,2
42f3f49e-775a-43aa-b357-3e2982af40b2,3
f7ccc7f8-2b49-4d1d-a6ca-e130d971f442,3
25c686db-1a2c-4e30-b8ea-37178b49b44e,3
fa667d7e-33d1-44a8-a077-7d74ef6a43fc,3
3b1339ff-3efd-4fb5-afa2-fa98595201c1,3
7e7aad1e-76a1-4152-ba14-0dfb3202f652,3
1d56a845-120f-454a-85e9-6df2f6eb4713,3
141c57b8-4511-4e22-9e6a-79f5f77df8f4,3
263eb949-ba39-461c-82a6-3f2c2de3e787,3
b45021c8-5311-420c-9a4b-cc3d659f381b,3
0dc52b0d-4056-4681-8266-c22991721afd,3
7a0408c0-2489-4428-8f08-53b3f9ac0474,3
d211c118-182b-4444-a723-34333fa36c5e,3
09002a28-ea8b-4dfb-8921-56e65d31d80e,3
c56e0583-84c8-4cb7-b792-337e233b3580,3
6dfbf98a-99b2-411c-bcf4-c6e0db30b4c5,3
d74664e9-183d-4a6a-817b-28acc8295883,3
e7eda799-f895-4510-bd07-b2ef3bdc016d,3
fea97526-aece-41d8-8e23-d335cb2751ed,3
60d9daf1-35b5-4a47-adf9-2c25177cc7c4,3
d3554463-8b1f-49a5-bbbb-c5bfb07e7f9f,3
6ef44cc5-6002-499b-abab-12268912772e,3
a35f7def-c2cc-4ec1-9578-38d5f556a7a5,3
e0dc971b-901a-4068-99e0-378950b9f295,3
a1294945-5186-4d34-abd0-1b27d503f47c,3
360c9bbb-18e2-4b0e-a5f5-d34c94609396,3
e298862d-03f7-49a5-b72b-8a2f34969b4e,3
7e44f05c-b8ed-48a2-8de9-2e5abf7c021c,3
ba678f79-e374-476f-864e-b2c89be39cca,3
1955decf-47a9-49ea-b49e-8c84f0579584,3
965a1afc-7918-4c52-82dd-0e622c653bde,3
e0be3a5f-9351-41ae-97a7-9e90475aa4eb,3
09b95a3b-9cbd-42cb-b7b7-0f73c0637e74,3
d00472f7-ded7-49b6-8811-2ff000bfbc24,3
2d9f2a82-7dd3-4575-977c-3a7299b40d26,3
d9efa5a1-ba65-413a-ac4b-a539831548c3,3
5ccc262d-67be-4001-b58f-fb1c3d5813a8,3
44544cf2-0e71-486f-8691-9e58ef012fb4,3
f56a0436-2579-498f-ab9d-ce54f11d22a1,3
874e0380-3713-45aa-9c49-af86c94c3524,3
72e691f9-7200-4e0d-af85-19b76b9bba85,3
8d0a4bbd-644a-41aa-9288-30fd3d651287,3
d51e3981-942b-420d-b1cd-38c4a9eb0524,3
96ccd165-c31b-4297-8a85-0006f42c7c9f,3
422a249b-5024-4395-9966-81ac64458987,3
11aa1cb3-9f4d-4eef-85d5-f0d8fc4bbc89,3
5981194d-d3df-43ce-ac0f-9bcf0913e602,3
6eac3146-efde-4c4a-bc60-9f4ee69d0206,3
61bd96af-d46d-4e2b-ba25-0a9278f82958,3
1a51113c-54b0-4ac1-8178-a400eed91ae0,3
28aa2e8f-6248-45f0-afa8-1bba49609afa,3
c21d764a-b7f2-4319-891e-ffc7946abe6f,3
4fe4d3c7-102e-439f-89a0-dc902441f9b9,3
8add657d-85bc-4795-a23b-c1cb7b122155,3
08a735ac-823f-474d-af3f-a26b879ec87d,3
3cc2462f-a094-4950-92d3-54c3f6ce0859,2
14597891-71cc-412c-bab8-28d35a5d2bca,3
c24d5e8f-d7d3-4307-9da3-272f10d912f5,2
fc6969a4-8d45-433f-be17-074e91da8bf9,3
881ef2b7-2118-4dce-9008-abc48958e730,3
c7b24e9e-969c-4292-b034-35fffdde6cea,3
feccc962-375b-4af5-a744-dde1f08ba630,3
2f13c923-87e4-4cae-883a-87bd83e15e10,3
18a44207-7009-4e8f-818a-3552747e9676,3
b488e980-0248-47ec-8bf5-f0b4897f71cf,3
90f39956-fea3-4adf-9f03-71fef4eac605,3
221ea683-98a5-4bfc-a9e4-b5b7b70753da,3
9cdd561a-7b74-4c03-bab2-152e5d9587a0,3
59e9cc4d-d2de-454b-b4c6-34c183fea095,3
3400a0ff-fd62-4aa9-8c8d-f126e4f600c6,3
69b872dd-78b2-4e3a-8b81-67f313600a56,1
6b6d2173-3453-4edb-a81c-b2f4dcec6424,2
61cba333-be11-40ac-8c77-e0cb7bfeb445,1
63c7d844-3faf-4586-93c5-b19a0f1d079a,2
7c3d7d58-c119-44f3-99e6-b98a2bcc4499,1
7c4a8b49-588f-456a-a154-e2cf77c3fdbc,3
8c926b97-6170-437c-a126-b93d2c1eaedb,1
71ff340d-0fa4-4403-af50-0de4e7860496,1
84ca277a-5dab-4abb-8403-5a42703b2df4,2
9be25f07-922f-4eec-b5af-d8aa3bf3bc37,2
e9b3ed7c-1bb2-4634-93b5-053386f52c8e,2
d8e530cb-b001-4052-b653-aa91376d21db,2
58efdd0c-6cde-4128-aadb-a2a04d61a96b,1
f7770554-c138-4d8a-8624-8e8e1edee5e7,2
7cd2820e-8c25-4b3c-a753-cb6ad185e89b,2
a529b02a-5644-4fc6-9567-348af19fe734,2
d14b17d5-a5f0-41f7-a26e-2375cb5f2146,2
aca7d60b-80af-4cfa-b169-d8491596def1,2
00e1ab4b-06b5-42cb-a65c-5a75100312cd,2
778234dc-cf87-4ca1-8c67-7905eac8ce51,1
5f43868c-7dc8-4d85-8036-9c8c0d83b6c0,2
98b24bfe-7b4e-43dd-bda3-2df1e3c7ddf1,2
126b5b99-5f70-4f04-b4eb-fa4dba1ed5f7,2
35200e5e-47ec-4df2-9182-c188ad1a231b,2
67275e0d-8939-48c1-813b-dddacf58125b,1
9b236982-1333-4bd6-a6f4-0334511ef905,2
777850ff-0325-4f47-9335-36e3439aecb3,3
6317ea26-0874-4258-8c77-c6836aeaa89c,2
8ea3219b-9095-4d41-8a27-134bcf70105e,2
bfa4369c-81be-4f52-ab36-452cef0e5754,2
27386944-d4be-4d4f-842a-286a24e6cf72,3
674d743e-9ac1-415b-b39a-40643b38304b,3
4747ef6b-5a24-42bb-af26-09b420b10aaf,2
c5127c0f-32fe-433b-bca2-93ea5fa448c9,2
5bbe4e26-9484-4867-ada9-f37847c47a96,1
c6449800-dd8d-417b-a226-9894ace8c5b5,1
5a70b172-c693-42f0-a327-5cdc88714523,2
9dc21c0d-c6bc-4d4b-8085-b5e4808bc925,3
d4f1f233-13d8-44f9-b533-60a18cec3e70,3
4d6d311c-44c5-4018-8bc2-248e13706133,3
573cde4a-740a-46b4-b054-a3ef31079131,3
d9d1e8d3-5e48-4be1-b037-92ad05739dd9,3
11e0180b-fe55-48b7-82bf-e9e7e3acbf53,3
d8fa39d1-68df-4d97-974e-5124bb10f913,3
5704a65d-eedf-4657-ac54-c58853312c8e,3
11c78471-e983-4a64-9199-c874d34705db,3
c21c08af-d015-4716-9adb-320f798e6410,3
dc8e4bef-6e6a-4d6c-82cf-1a413639dc6b,3
b5ca725e-edc4-47dc-abda-4327e7ebb5ee,3
9ffd6074-43f3-4755-9a41-96c469d95fe1,3
3ad79542-4f91-452d-9ed5-2290e18fcee2,3
8ffe5247-ae8e-4c6f-bbfe-592d08955a26,3
be3c4c38-f2cf-4e77-bbd1-cabaaa60c523,3
9911d02b-3545-4429-8f11-adfac20007b7,1
75a67a7d-6128-4aa0-a48e-0d81fbcb9c90,1
f4159792-6b47-4184-861b-537f66526a54,3
8adb2fcd-d999-452c-a593-047a08e34a6f,3
e3622230-e60c-4ed9-a7fe-d6d4ad2bbe02,3
c11d80fd-b191-409f-a2a9-8908de9c1e03,3
47e7d74a-5867-437d-90ba-11cc41a25de3,3
f06215d3-de93-4488-96a5-6d469ef1f683,3
d242c2a8-4122-49db-b7ae-ed7f592b5113,3
b4ba658e-7c28-4667-88ac-eeaf9a353200,3
b177a925-62d5-40d8-85b5-cd5222d778fc,3
2d3e7a6c-af3c-49a1-8bc2-a33531704419,3
2aef4eed-9f6a-4b16-a8aa-8ac7ac77769d,3
c4d1edca-18c2-47c1-b544-a5679d0ca0b1,3
8e541b71-62b1-43bf-b76c-73bc593044f6,3
3b2d8fbb-7c1d-48e7-aac8-4de469f6e300,3
5091154e-bae5-4af0-8d9c-d087f2e1c818,3
8b32a949-1fed-4d5d-bcee-9b32a66d1d26,3
d82aa0d5-2c4e-4b85-9979-e1e10fb51384,3
d02cf4ca-41b6-4a58-92a3-2b4440c6ce76,3
db0cbb9d-b87c-4212-bd96-be6439b7e4d7,3
b1179b62-b82b-48bf-85ee-934c251f6fc6,1
e41747ba-3b01-4b32-b4c7-afd4c9f12e14,1
a46d6330-aca9-416c-853b-2c783ee3a285,2
d00ee15f-770e-401b-827c-d7ecbd944958,2
8e0a5c25-64a3-4f73-8f51-c6ff95ce1d3e,2
f3334972-fae1-434a-aa16-f2d31f2da814,2
4fda8811-0bef-4ac8-ac25-5c7349c19a14,2
b41585f0-65db-4c8f-a273-5c3b2fac3693,3
399a5bb4-e729-4943-bd49-85a1efdb0d3d,2
8f6882bf-1083-40ab-abcb-65f7b62c4e68,2
f5274d64-aaae-467f-9476-891b8510a0f0,3
da7552c2-a07e-441d-96d4-b09162aa5a84,3
1a993a0a-7fa0-435b-935c-9a9da9522251,2
79a25356-b28e-4b7c-add0-6889a429fa01,2
aab53d9c-a4f9-40ae-8df4-262eabed5c25,2
92736760-ab05-429a-8798-35ca20f4c5c3,2
1feb800d-fd8e-41cf-beaa-45ffa5c2a078,2
8ade7658-5dd3-45e9-a4a3-c320b052e8e0,2
8fee9850-34f0-46e6-9ab1-2fbe617fa728,2
9a1ecc4f-c3cd-4e8b-ba73-b9e864b6c751,2
1d70710d-b5ee-4012-b31d-9f454788e958,2
ebdd67c4-db90-48f7-a53b-de4638f59e69,2
b4073b63-9cd9-4efe-a2d4-e577638e0d95,2
cc9764c0-a242-41ca-a2da-8fcdcd69bbd8,2
763b7249-7b96-4459-b3ff-29a16e4c01bc,1
5bb35c86-0265-4c30-9c60-82ec340e03c5,2
acc44c1e-dd51-4a6b-a94c-7bd59d0bb456,2
eecd40cb-0dfc-4f61-8274-4bffdaaf23c7,2
d6edfef9-9306-4ad1-a9e6-1166ddff3e46,2
4ecff333-ac3a-451d-9dac-0a276d1a5ab7,2
99b3a1bc-2c17-4e61-97c1-bd2c05f9efe9,2
f81494f5-fc52-405e-9c60-2950254581af,2
dc553859-e20a-439a-8484-81b3df73dada,2
942cd856-1099-4e7f-ba6d-296a44d96e97,3
ee553c09-e202-47c7-812f-48575ed0cf39,3
fb986141-767d-48c6-98e6-cceb3e87c2c1,3
d6d9247d-a568-470e-aaa0-cd6f4cdf67e2,3
ed36c4b7-480c-4708-9f04-f1aca6ab6f7d,3
8580876f-f70f-49ae-8b78-d69f5eaf3071,3
84c326c6-3817-402b-95d7-3aeea794ae83,3
a85defa6-8593-421b-9b73-8b5eb1ba1660,3
933358dc-e74f-4002-81fe-cc3a618721cd,3
e2c45641-67f2-4839-a727-54409dd9dee9,3
827a31be-c68c-4ac1-928e-002ecb57e2e4,3
f4e4960f-392e-497e-ab9d-e90313bdba7f,3
566db8fc-d307-4f3e-89a8-76ace9b140b1,3
85ab3386-f46a-4e63-90ed-ef565666da34,3
444e96e5-43c9-4a56-993e-81123243ae11,3
a863c2b8-0eea-4e2f-b9b3-8a546f18ef13,3
2a5d17de-2aff-46a6-a71b-e18c6c2f1a37,3
f271f5a3-f15a-486a-98e4-7cc8bc88cfd1,3
005aa9f3-b761-4770-aa26-04af18ed0a5c,3
90381847-0cff-478e-839b-35f7e2b6cb6c,3
246ca6b6-dc15-492e-8d11-4f29babe2d3b,3
a427fc80-714b-4b15-a723-69d83afed249,3
008d0569-0b45-485c-8367-06ffbf1ac6c9,3
244f7abd-c41f-4742-988b-6b553c1d0043,3
c0634dd3-0fca-432a-b512-b4f088de80e4,3
00b96a62-260d-4308-be72-0eabab3091e7,2
6fcc547b-3416-4e7c-9930-90c7c093d01c,3
a244a786-8131-4a9c-a686-aeb60371d105,3
4af21947-0290-412b-881c-085b69035a9d,3
04ccb6bd-eef8-4f98-9488-b2a467fc39d1,3
048828ed-e8dd-48d0-a362-af1ebd3f2778,3
05897dba-0620-43ca-9fc3-57d743cd908b,3
066702d6-43c5-4121-b76a-c9e358c11e20,3
0453b324-9c81-4917-be44-850a05fbebbb,3
03493723-ff18-44d0-85fe-a8a4485f8c4a,3
012915f9-9eb8-467a-9a0a-22bef4d902aa,3
06114e1f-dc2f-4cd8-a9a1-a4e40b313469,3
06aad2db-f601-4d1a-b7a1-6fd8f8326df9,3
01e35c40-a245-4f02-ac57-438b36fd4812,3
01f2dcb2-80f6-4da3-83c7-1abe098d1f99,3
02f8c8b9-253f-4557-aac1-dcc3710e4431,2
0a44273e-0e4c-4e05-afba-4c6c6ac3dd4f,3
0afca6bc-55e0-419b-b7c3-7691fdcbd3db,3
0af693cd-2a52-47f3-a591-ec7520bf4d19,3
0abc70d3-5ffb-445d-bf90-59f9d2066abf,3
0f755bfb-5b8d-4943-946b-6229271b8c50,2
0cbc7279-5f25-425e-945c-e231e3191a1f,2
0c946188-dc1e-437a-966a-07109f8405dd,3
085270f6-856f-4446-9d30-06a2af8cdf2f,3
0faff8bf-f14c-4081-a504-149df2fe24a8,2
0af11e1a-c207-4af2-bb58-6edc58f3e863,3
0a137b59-0640-459b-b6eb-0c39af1a406b,3
107f5d2f-07ad-445e-8fc4-fee0a8e6eff7,3
11950341-2836-41cd-99a2-add9dc532a7a,3
1307692f-60eb-4f4e-af61-ba88ef3ad0b4,3
12b31681-f893-4f07-904e-763ed85b1d11,2
110c7b4f-e90c-4b19-9314-264bf3508753,3
1596d60b-d52c-486b-9bc2-5467447703a8,3
12973c0f-5992-4c1e-8956-78a01acd2b61,3
1399eb20-9ebf-4dde-bf6f-c2aae74ce62a,3
101831e8-fccd-4d8a-b0aa-b3dd93170992,3
1263e6fe-1371-4136-8748-21bb6a18ccc3,3
1584f40d-7e1a-403b-ae92-0258b40daa9a,3
1175f18e-ef61-47f7-96dd-31554d791558,3
1316afb0-d86f-47d1-81be-686e08fe9057,3
1436cb06-f32f-454a-94b9-34b890da3bbc,2
17f3da1e-d5bf-41fb-9305-ca7c3a55fd64,3
19f461b0-01fb-403c-970a-89515b50cdaf,3
1c0b41d1-5dd5-443b-bedb-ac8ab4f24f57,1
1c98c5e7-8945-4d11-a5e9-e707cffd209f,3
163537c4-5868-4b84-9e75-48dfb4bf45af,3
1b858bbf-a59d-433f-964d-ec7aa4c6b527,3
1a33b247-f985-4519-af46-d52714b2bd93,3
19c56cb4-3b2c-4916-a62e-34bb6a19001a,3
17fee1d5-68dd-4b2f-be7e-433d02894478,2
19162a1c-b543-4786-aedf-0ae85bd3aa5b,2
15c9c188-7fb5-4ed5-aaa5-a52326f62062,3
18fb1225-df67-4271-a99e-4afa7152233e,3
1b02853b-b590-42db-a6e0-66ed8b83237e,3
24292dbc-1d9b-4ce7-93b0-343beedefbbf,3
29573a8a-45f9-41e0-ad74-1aa69723ef9e,2
229731c4-55e3-4720-8703-674a8539d1da,2
28731512-48fa-4659-9778-b2096b28eb1b,3
2808c7db-dd4f-453d-8bfc-76d6cad13098,2
28fdf914-b93d-4d0b-8945-0ffa4a4fe26f,3
26aa8afe-8f8d-4a3b-9dae-a97483f40230,3
21b8a0ba-6e85-46f4-9712-30528d1dd11c,3
21fb16d0-0bf6-4177-a048-dc0e7d28412f,3
28f0f67a-0c5e-49bb-9d2f-83a1813e58d9,3
2687839f-5c76-49fd-acd8-c0bcabac76bc,3
1d8a2ee6-b1a9-4da6-9208-4d20f846aa03,1
21c75a58-93b8-40ba-9c53-184e0f542c01,2
3159d3a9-864d-47d2-8447-91c743c7b296,3
2f230280-a669-4491-b3dc-2a32fa2e67f8,1
2f174836-1fd6-4dbe-a4f0-739e611c7b92,3
2b509f83-eb62-4df6-ac35-d27c4fece77e,3
2ff4dcb5-5b61-4f2a-acd8-0819cfbcec00,3
2e13244d-94aa-43ed-9bd7-62b0bb816ca6,3
32f4acb6-a0e4-4e9c-b1e3-5f26f5c8a80e,3
296c0179-7ed8-4f43-8ada-ee32bc642d48,3
2ddbf6ec-ad17-4124-a4e2-50fd01a5221a,3
8d23b783-50b0-4a2b-a312-2f4f45ff8eb5,3
57728464-2b7d-4338-ad88-90f1bf3a4a2e,3
3d0f8cf7-3294-40f9-bf14-19a8f2435234,3
3098db2b-7644-44da-adff-edc349d03a8d,3
4dca8598-87fe-4309-9e1e-32ab1cc27f56,1
354be7e4-623d-496d-ae72-525ba957ceeb,3
4033f2db-e6aa-426b-852f-265d0aa01883,2
6f0eef55-6074-430f-9d60-88f4886d7508,1
30611e49-8966-4e23-894d-9fa11984f869,3
dd21c1dd-4d10-455a-bb40-fecddc7bc966,1
dfc289a0-9671-4275-9311-9ee0b4cf3bcd,2
c7ef83f9-bd6d-4d31-b85a-5d156fc9f811,3
56408717-0dfe-4399-9342-94657ac55f88,2
6eb6e888-10bf-456c-bd0e-6260eb67d85a,3
0fb5d7c4-8166-4ed2-bee7-c13db522d5f0,1
d9cc2921-6566-4344-9129-f583a33f4dfd,3
a1e9553c-e69c-4b0b-be52-37fd091f76d7,2
cf83e300-ba23-4075-8665-0a3a18666607,1
8f059e94-cba5-4bd1-afd0-9e08650efc1e,3
f784e6c0-8840-472b-80a5-03295079ad98,2
296f4490-e618-480d-86d9-c8e90f40f398,2
6847aaeb-2620-4419-a6e7-9ca05a4ad7fb,2
292b35bd-d3db-40de-bce6-1700f8e425f3,3
4cb00b95-bead-46ef-8b77-fe3532d98d6e,3
47cb8a15-d802-4a5b-9b52-5fb5846b69d9,3
4bea5644-357b-4fb7-b22c-c3ed5a580d2b,2
4234e6fa-bf38-46ab-84d6-5664e7726527,3
4dcf6e69-3ce3-44b2-bd76-858f2d7b3cc9,3
4bd02062-d990-490c-8929-401d4a5f967f,3
357d60e7-aee0-470f-bc2d-d0e6fb9f5ca9,3
416d300b-4f2d-41cb-89d4-fb8f7238114f,3
4180e0af-85c9-42cb-9b27-ff2c3f5fd025,3
424ee423-7641-41e0-89c0-b9ce5f4d17a1,2
96d7ac1f-87a6-4e7f-a958-1f08e5520f1c,2
02e9ba11-ac58-42f8-89db-d62744c1470e,1
0904b2a8-6446-483f-9a63-286fd155c5b1,3
a0e423d4-685c-4df3-b6a6-3ff8ab82e251,3
562fb3a9-3997-4bdc-bee9-043b9b887dd2,2
5b2e33e3-91eb-458d-892a-195791dbd6f8,3
6109acef-5eec-4aae-9c5d-43f2d9436cf5,3
643859eb-e928-4036-b9bb-c07be182fb48,3
5c688f78-41bf-4f38-9b55-e8eee32b4ca5,2
5895e458-3f18-454b-b4c2-6d3e630c41e0,3
5a609dee-8f70-474c-9898-208b4c559dcb,3
617506f2-e692-4ae1-a1ea-c7815ec1f252,1
5249fbb7-9080-4f19-a782-da155dd72851,2
595e5f86-0179-461e-a1e7-3ff751ffce16,3
575cc4c4-5e93-420d-b6ef-778031b75de6,3
594ec27d-2b0f-4dcd-b814-7bf69183259b,3
58471181-d3e6-4b22-97a5-a9dc0528a724,3
63043dc5-5028-4d29-adda-fc2c655f129f,1
70dde72e-92ef-4392-be21-2f1f8984c511,3
73c33e95-12e7-4429-8aee-cbfbf8cd6cef,3
726774e3-8770-4de7-b596-722e6a076e88,3
6766db7c-744d-48dd-ba36-86d839355f15,2
6f6c3dc1-36e6-4790-8ae8-be50f88625bf,3
647ea56f-ddf9-465f-8958-8493a35f1047,2
73ddf290-b924-403a-92ea-f09704a1b7b4,3
640840be-4a2f-4fa8-84b8-298a04cbccf0,3
81dcdc3f-b9f7-4319-819c-38eb351023e0,3
67a4b6f3-0c29-4d9a-ba55-9ccadd908704,1
8bdc5175-02c1-4a2a-8e11-76b55a77c20d,2
974bf179-c3e2-4d2e-a19e-a9e7ec9ca7fd,3
8a6d64b6-c032-4def-8586-0fdec0f5a993,3
87aee6e4-d21d-4384-99af-b72d57c49b2f,3
93dc4c81-82ec-4ab0-ba73-ce12a74cfe20,3
82d9dab2-da5b-4216-ab93-f644a83788d9,3
8598005b-794b-4dfa-a466-439b1c0bff4c,3
85255630-aef1-4727-8e59-969597c5fa09,2
8a6e656b-3df7-4297-ba82-aa5ca2a66fbd,3
940a16a0-232d-49ca-9a43-9c12607b01f7,3
9bd3ed2f-c91f-4f08-84f4-15e92fa3aa52,3
867fec76-3136-4833-8e62-60d67c65360c,2
a7430a09-b11f-4e99-8fbb-a7f18ac773e6,3
a068d3e1-5e6a-4aec-97d2-4477db90918f,3
9e6b1bb9-9316-4a3b-989c-a6f228b1356a,3
9c4df510-3c93-4e47-88f4-55fa02a4b6e7,2
01aaf19b-d8b7-4c4a-a3ac-1d07171d4fdc,3
ae5a6ab3-63aa-4e8a-bf36-f9180ad6bf79,3
a598067f-ec75-450f-9b12-16368c0f8c74,3
ac7367a9-cc2c-4d79-b461-70e60f89c5d8,3
a427ce9b-6255-4ac2-8d95-532877b002c2,3
b3f67e1c-1870-447e-a000-80052be5c863,3
bbd4f137-71fc-4fa1-8626-9b46f431f02d,2
c059e5d3-57ba-4b39-a14b-ab22744892b9,3
bad1123e-c6c9-4ffa-8243-bf7ddc8e1fbc,3
d221bc3b-eeb7-477b-84d8-197a241d532a,3
bb695033-1664-49ad-8c00-95f7093d3f98,3
b3f72e57-e452-452b-9f23-dcccec8d4924,3
bc1b8e64-c82c-433a-9a02-fb2a6c59ae51,3
c10ef40c-81f1-40f3-a2a5-7e20a8dd0f96,3
b4bcea4e-983e-4af6-a8bd-985f90593a6f,3
b1581b8f-c53a-4af7-b6fd-8424ad6cc6a5,3
afc2b3b8-0e47-44ed-a4a4-33c548d9e213,3
c5df4f3e-ce64-4f82-9d37-1e8538fd745b,3
cf79260c-47d5-4d64-bb93-0320a39a00b1,3
ce39b795-b54a-40bf-894f-0d5184d92a63,2
cae5c5c2-e788-4831-ae35-5a56dfbbfd65,3
c485d0d5-819c-489e-94c5-8a3b3418ee0c,3
d096dc86-e8d8-445f-a5d5-003b170a84d2,3
c2f23b06-2546-40b7-a70e-f5e97a1a34dc,3
caea91b6-97a3-4cbf-89bb-37c7b37e1be4,3
f0e2f626-40b4-4788-8cf4-66d966956d37,3
dae1bb19-6d79-4e3b-b436-668a2d47555e,3
d6eef75f-ac26-45bb-9051-68b787647672,3
ebc0b168-51b9-4d38-9112-613755b1fb52,3
f4f2b4e1-c833-4532-856b-b233eeb39206,3
d1cb28c8-f38c-4dcd-a25c-5126383cb67a,2
d908c419-a954-471f-8d55-b361088baad3,3
ee5e2bfa-e4b8-4cfa-b3a3-77e51480f693,3
e37b71cf-8c87-418c-af70-961567032b3c,3
f6ac951a-cd17-410b-9659-b972f438edac,2
f979ab38-765c-477a-979e-372bd8c09ddb,2
fd974041-71e5-4ded-b1a3-f4c597db09b7,1
fa12d440-a0de-4143-951e-bece6732b3de,3
64ad48ee-9c07-4785-ad6e-aa030e26570d,1
841c6818-3c3e-49bb-87a6-5c918500c29a,1
ce1d0a8c-31bd-4192-82b9-ad41e8462ab8,2
b877ce89-18ff-4a90-bdf1-f8d5387108f1,2
dd1e6062-0667-4deb-9461-ac480d32032d,2
40a2f64c-1bd6-44f9-816e-8c0c9a500ba4,2
90f4a6f9-d421-4946-ad63-60c5f1bd8209,1
83fbda8a-5c84-4141-b48e-a8b2b372bb60,2
64fdafb0-6f4d-4b16-ba14-9bd99e4f132f,1
bf54400e-d9d2-4d3a-b90a-891ae39c0855,1
419ed353-ca49-4d8e-b90b-052cf3576b89,3
0bf87c49-2ca8-4a98-a5b2-527929e785e4,1
a92917dc-8893-45c6-86f0-fe9cc782ed8a,3
d3439e9d-5b56-4c0e-a4e7-bd7768971cc9,3
17fbdb3a-b3d0-43fd-b256-22b35898d3b8,3
48802e79-0c72-495c-bbd0-276e420ab9e3,3
09ed1cb9-7ce9-458f-ba58-a12c80051d32,3
709adc1a-4197-4fa3-9b68-0a1733d581f0,3
bddee728-9999-4ccf-84e3-6ebdb3a8de10,3
647d1e92-a7e4-4ea6-a5c7-d12e7e33d7fd,1
7cd59fa9-0927-4b74-8ab1-fc2c0370d296,2
dc332371-d4d8-4cf1-9ca8-f99c5d855de7,3
7b8ad2c6-b75e-4e11-840a-df5b6774d4fc,2
d5d83a51-36d3-433c-a7d8-61e164cb5210,1
10d90b2e-0bbd-4589-b71c-11b97aa7bfa0,3
3083fce1-098a-4de1-9896-f2b8bafcf2cd,3
7ed2a519-80ac-4f05-af2c-32be2382fa20,3
c5385e9a-4408-45aa-8ab7-c60d93adb248,2
752dd9c0-fcfb-43a2-92b9-1717690c8fa0,3
27a6676e-bf0c-42f5-8d3e-b1474a2e31ae,1
0bef311b-3d19-4972-92bd-f4a6b112262a,1
677746fc-e92c-45dd-b86c-a3c19e33dbd2,1
4fa926fb-e11c-4994-983c-aaff93de2916,2
a3b67af8-ba00-46e6-9c5d-91240ea840f7,2
5557c3fd-09bc-4d96-b034-941291ae06ad,2
d9d9b0d9-4f8d-428f-a4b4-c4d0b044273b,2
5783d94d-0ae9-4b64-9c07-4d39a7185e14,2
bc54218d-ac60-492c-9831-e3f4809335bd,2
fe8f6a65-af4d-47d1-b964-05fb7566acd6,2
cdc25812-9f73-4785-8422-7064d4c907a1,2
b640a9bf-ea97-4f2d-aa3e-a6b9477e0d8f,2
d52f3c8a-f375-4c5a-a438-ac9184be793e,2
609e57b0-c523-4392-a3d9-670d0a566f08,1
9189e18e-8fa6-447f-b9cd-fcd30eaeca1b,2
268e879d-cbb5-4391-9030-0eec8a95224b,2
04dba696-cd89-4ffb-adc4-663dbf33b936,2
62a1342f-e888-4eb7-aadf-2bf816cd0118,2
03c27464-e921-4987-acba-8fcfbeadd848,2
5d477e6a-4d02-4531-b364-b70afbe7de09,2
a2d09d1d-9e56-409b-85a7-e19d87b0cb31,2
78bd602a-0025-4f72-b2d6-440a7e73f6bd,2
05fa173c-4a99-4419-afae-53f734bd08ae,1
63ce573c-1f76-4d6b-abba-a10a26c86cdf,1
0cf977a4-d177-4b39-81fa-f3688171af18,1
add068de-c3b5-40f7-a496-111f2dd4cc89,1
c42bb35e-3fdd-497f-8e47-a03a7dc6b949,1
bc9412ee-8450-424b-b9aa-5d30c5eebdbf,3
4f76142b-4bf1-4eb5-a897-b9987b7e1f70,3
971455b5-10a0-4da2-a984-641d472d7846,1
1c6ebde1-5a1b-485a-aa23-a15a110f4c9f,1
0cc9fd45-b072-4429-8bc2-8559bb91c558,1
6dc73084-71d5-4882-b178-3c7c65264dab,1
3c430975-5ee9-419f-bd62-629a7f43f332,1
893dafc5-1be0-4e98-a48f-6fa78987d099,1
b982f1c1-03f3-4702-8dfc-218895216774,3
1888bebe-b203-4654-99d4-be1109522cd5,3
259e3329-606b-4858-a837-2ba0491b7c94,3
e5250cc6-3bed-4755-afd7-98d5723f9070,3
bb33ce00-8d23-431b-af3d-9acb727132bd,3
deca1afa-d792-411d-85cc-7aff4dfbcd10,3
4cf5aa16-f775-4691-a233-9627bc5e4b54,3
1e509e2b-126d-4c67-8cd2-5be70d02a534,3
66309f39-e90b-4f8b-b962-e5482c27b56c,3
945b3e0a-6810-4700-bbe2-cf151b2bf421,3
f05049e4-080b-4958-925c-3f3a2d86d8bd,3
ad6cb677-3dcb-4788-a57d-2f91b0a580a5,3
bcf4eede-48a2-43da-8ffc-af0743545614,3
8031246c-eea6-4234-9954-6df79c436c26,3
95221776-4e0c-4b74-abba-2ee65e20ca31,1
cd0d5ef3-8c28-40bc-9de6-c380bd9a0a97,1
4ffbac5f-cdb5-47b7-9a50-eb63e8b1c8dd,3
96f77b36-3a3d-4729-beea-a2f306511908,3
9616798d-f89b-49bc-b626-584ece8d8c26,3
6a8785f4-3a4c-47e5-a32e-530638c7cb5a,3
e601f72a-14bc-4276-b6df-40a73ed1d3e6,1
d67c36fe-dbeb-4938-ad68-ea36cb14021f,1
7a69a9b0-07b3-44e7-a14e-785538a32ede,1
7cd8c3ff-2047-4cf3-a470-99020296cd2e,1
da4198e1-2d39-4dbb-8d94-23e26ac7f261,3
d2bae175-cd28-4eb7-af87-270e34fb2ef1,3
1cc98929-f84d-4178-a1c0-67434dbaf9ae,2
11729cee-2d71-43af-8779-4fc3ce7e1c24,3
07d93854-d226-4207-a2e8-a42fe49d1884,3
0d03a6d0-4f83-4430-9d34-bac34fa0d366,2
101601bb-66c3-4929-86bf-cdfe7f099747,1
ddc69b24-82db-453b-9087-29b732f1cb27,3
07ca641d-aace-4e18-896b-c7fabecd758f,3
0edc2fbe-610e-4a76-bdec-f0187fdaeacf,1
cd83dec2-2c17-4bfd-bce1-bc33e3d81206,2
2bb61445-cac7-4747-a3f3-7b5fd1e774ee,3
97af21c3-d4cd-496c-82e2-3ba313af6488,3
a7172e5a-1730-4964-9be1-1a8f7d77f1ed,3
3e966548-89d4-4a4c-b210-4a0729b32c52,3
41be75b7-95a5-4676-8cd4-7a7206b9a864,1
a830b1e7-c937-4e35-9b1f-78f63391eab7,3
6ed0b162-1c3d-4b3a-9c42-335a434c9038,3
9fd81048-4b3e-4cc2-b3fc-d7d40385687c,3
572c388c-3b83-4160-8f6c-f8f07609a80e,3
afe590c4-8754-4e76-80a9-e8dba5bfb912,3
43c75d16-459b-4a67-bde3-09e5257a4577,3
8d9f3240-c97d-40ec-b61c-175b8ed3d676,3
3a89f372-4c22-45ac-863e-243e001b7117,3
730bbbcc-207e-4024-ba97-ac2f248d866c,3
6f1f3df2-a73c-4905-86cf-8e1bf86c39c4,3
5037b69a-1df4-43b4-9d51-bdb2b652dcc6,1
b279312a-3810-430a-b495-907c87d2d2e0,2
a3262b46-c192-463e-9dcd-6e8eb9c43009,3
394decb4-2966-4d30-8161-57ee37f224bd,3
f9c56ccd-afd0-4f48-af8d-719fdc7c6df4,3
e104e0ac-19fd-45c7-854d-28939fbad7b6,1
c5572fa8-40f1-4368-a6eb-470b412f6fa9,3
d2ca8625-a570-46ae-aa15-516645ff03dd,2
29df5679-9a2a-4341-b7ca-755366fb238d,3
fa04d419-2c0a-4815-9243-34fc28625ff7,1
2352d876-9e57-476f-b518-4a237105245c,1
51fa66d4-d4bc-4b09-a79b-3488de050909,2
0df6cb3c-2e94-4dfe-a35f-53144093b2a5,3
46880b71-c034-4bce-9339-2931bfd3f53d,2
1167ea8e-b614-4a5c-aa33-8415de60f4da,3
71409282-c85e-4932-8a9d-51654335b020,3
08132375-d078-422c-aec8-6b81cb0459c9,3
d0cddc30-c8f5-456c-9e43-486c7e81831b,2
41850c17-7e07-45f0-ae77-1ccbb5c17d5f,2
57dfd066-896f-42d2-90fa-864515377cbf,1
c29d9310-acc8-45cf-b44d-bea4bd804535,3
a168266e-7377-41db-83dd-093a772b48bf,3
54c50d8f-2339-4712-829e-22a89f62739b,3
d399f2af-dc07-472b-8358-fd8393807290,1
a15255cd-6ff3-412e-aa80-23a8df147f3f,3
87149ea8-06e5-4a9b-8625-2d708cf0e9f0,3
f65e199c-e35e-4edc-9604-5e66428df234,3
26de1295-8a9f-49e3-b93d-88c5ed037dc1,3
ddbafa33-8c6e-421b-8051-5ff7b60040a6,2
75bc8d6c-fc49-43d3-97f7-00af4a211c8a,2
2e63fe9a-3a9e-46c2-83bb-7d5f5a22277e,3
698dc460-e516-450b-b6cc-515463530406,2
8e98af6f-7678-4dc3-8f55-dfdd9518feb2,3
d009b61c-1f0b-4198-94ca-18589734f74f,3
14018425-b303-4974-91dc-1169b5addbd1,2
835dd13e-2a33-4ddf-8e05-e9914c1d387a,3
cfd8a6b4-3b09-43d0-8a9a-61933a634c9d,1
005fc921-97fc-45d4-868e-6a194e406892,1
e9ff0822-8849-4ef6-9a9e-33491647f6bc,2
c21ecdc6-52df-415c-9989-b8820ed5877b,3
2aafd181-525e-4100-ac19-b76a7aed1ba8,2
56aee304-9fa2-48dd-a723-aef713e065d6,3
b0513334-6cde-4826-863a-192a0cd7af71,3
783b5231-1b74-4ef9-b542-f1ba3201ab5e,3
34d826aa-5f91-49da-bc2c-53661f75e73a,3
2ecb4b68-db81-49e4-9ff0-f672dac44328,3
9c9dcf3f-1255-4718-8e71-ee0f23bcc149,2
beded124-efc7-4620-a102-c29c206bbc05,2
dc2dc623-6fa7-493c-a6cb-1e48abd50104,1
dacb29ea-ef6a-4eb9-be37-89b3fdfd6a2d,3
94b38f5c-b048-48b5-8874-d9f888a10475,2
e7ac198b-c4cb-4f00-a152-e783b549672b,3
c136ed69-41b8-459e-a3fd-a9cb586e99a8,2
a8dcda15-2f27-4a2b-93df-619eaf98fff4,3
c01cba1c-99af-4d2b-8b85-60dbaed3cd86,2
b303f2c8-0efb-423d-bf32-9ffc808b8589,2
f1329823-0ee3-4723-82d5-0908cc1e9b16,2
798d9fca-d6ac-439c-ac53-440ebe51dab7,1
906d7dbd-005e-4ea4-bd17-f2ff2cd208be,3
b75f7864-62cd-424c-8217-8ba465af5fe7,2
e81aed5b-83cc-43d3-b1e1-3bdb52a604d9,2
db163373-1d69-4dd6-891b-c135501d62ec,2
091dcdd6-b87d-4882-8a39-8965fdf610d2,2
c2ede2e9-d113-4e59-8a27-35bf7d686a9b,2
d57f2410-fe9f-4be0-85b4-320a0603b98f,2
f711c98f-d4bf-4896-b35e-1b36cb94bfbe,2
d74a2f03-af37-4620-b6d4-c8a9cff21209,1
f0bf51b6-eb0c-4071-8270-2c6fc4959c42,3
c958b54c-220b-4049-b873-7f18d8e629e1,2
cb30155f-c958-4cc1-b0c8-465c9a687c19,1
dd023b15-dc5c-49de-af67-a9ae2a5bdc0f,2
f958ffbb-ff23-4ab3-82a1-45b62f5230eb,1
36727e6f-35b9-480c-958f-df412bc00b17,3
643518ec-1178-47d8-9c49-59841779b6ea,3
7c4ac267-0695-43fb-a8a5-630546731ddc,3
1b6f97e1-e241-4fd9-a05d-6ef1472bde12,3
59ae2ede-85aa-4885-8590-30bb3d209fce,2
42f502d6-ad18-4ea7-988a-33164060eb37,2
7c80e915-6c38-4c1f-aef9-afefe0f31b32,2
6ab3bfbb-0db3-45b0-b70b-ce3f14045e61,2
7f5cd3f8-c454-429d-8e08-5858ef459df8,2
ec34b852-5622-4ccb-b169-9f8ba5d7576a,2
b374c461-1982-4c0b-84c9-b95bdc881241,2
f65f8d87-a35e-4e44-8cdc-7e2b752e1f46,2
a16e2c48-d98d-4e26-993e-4c9fbb06c2a1,2
b6e3ee30-f399-4b1e-9483-452641d372de,2
4282eb79-f7d5-4dcf-bdf8-d72b7436b7d0,2
e9bf14cc-8691-4f6f-8d4d-dd9728096901,2
85bc3745-f6fa-4283-9470-3a914ecd4bf3,2
33ff8ba6-9d51-437a-8129-f25b2147bf42,1
7beaefb2-1bfb-47ac-8cbb-e42de6e7146d,2
974c4391-8966-4203-a69e-c0feeeadfe25,2
aa4821a6-905b-457a-bc24-ee1aaf611662,3
0cdbb1bd-901d-4d0b-98e6-ef49a933e44b,3
83ea6719-66d5-4869-8389-86c484744299,3
8a866fa1-90c7-4f57-b783-a750df1bf67d,2
2fe24b5a-dd85-4879-9ec5-5bda3df0e6cd,2
1d448044-c62d-429d-b62e-79bb1b3fb9a0,3
2f727806-955c-4beb-8ebf-0715ceeaaf31,1
c41c62ad-3df4-44e1-80e0-4622d0e90cb1,2
c1a07255-c49f-4418-a9f1-67b953e29780,3
f76a2745-c925-4e75-9024-6db0b595fc6d,2
64c49e05-8b1e-4fd1-8802-ba55caad0c14,2
e938d7db-69b3-4873-8ec7-676d13b13d3d,1
5dcbab85-8bb2-4db5-b686-4279fa523a1a,1
0b6d5bdb-0a13-42f8-b790-f238f022e3ef,1
47d81b69-3dd8-48a9-b0e7-5607094fcef7,1
ef88cc74-d10d-459b-be6e-aaa67584179d,2
5806da4d-dc25-449a-ad0e-b5880ebaaff1,3
58960fd1-dca6-46c5-852a-f06d84caadaf,3
d3df41d1-2153-4f4a-952c-25d3d86ad3d7,3
95938f15-7ebd-42ca-8bcf-71e763e804ce,3
048d8071-8818-4d8c-9520-5a5649657cf2,2
04958007-75a7-4e9b-871b-c9bd192374e1,2
05d5d33a-5688-4cc4-9be9-4c27c5534947,2
0ccd6d2a-fb34-4278-9084-67afcd7757cb,2
0f695fdc-8d10-4343-ab42-0a7336b8ab74,2
118ce376-39ef-4ab6-93c0-ca880f22024b,2
11b1edc7-4300-420d-a1a9-e4e364c6edd2,2
15243673-5144-4f98-86e3-0d8031179ccc,2
21a9ba6e-6d70-4072-9e1f-b91a5393caa4,1
21c7d39b-ba69-4054-9ae1-9d4b4c433d10,2
22909377-371e-45cb-9f30-4857b5ed46ac,2
22c8921b-5e03-44cd-aeb9-51ca65ed31c3,2
2413a22a-6913-43b4-82f8-d7fc5cd4f972,2
25dbb288-9aa9-4e3d-8933-6f97d617b047,1
27316737-0cf4-43da-9c11-5706cc39cb6e,2
27c63ef4-f2de-46eb-8805-1dd0a404384a,2
293d3875-8c0d-44f1-8eab-a443e5187410,2
29e73274-719c-44b4-8b09-2a3567ceb6a7,2
2db3f18a-9080-4b62-8870-0fa0ac092298,1
309ee68c-9f2c-476a-903c-41a465ffa198,2
30e529e4-6797-461a-966e-7e1e67add0e1,2
376a2e51-1214-4d32-ad3c-483eeac7cb55,2
37b84f83-e690-475f-a7a8-9796013ea1e2,2
39cc11b9-12c7-43ee-8ffe-e8cc0575e920,2
3ef3c6de-ce9c-4ead-99e8-cf01d74326b9,2
424f6981-dc45-47a0-9e23-842ea8fc7bd8,2
426dff67-546f-4c35-ac4e-262d5ac32ffd,1
43f29418-4cdd-4686-adb1-4b98c5df3ed4,2
44da3a14-4999-4475-b246-8de9f7ee038f,2
4645677e-f823-4f37-a6a3-ee02d9347f73,2
46826b95-4e1b-49b7-a434-601843aa5b87,2
489173f6-65c1-465c-92ca-54c8cf2c82b7,2
4eaec118-aa4d-4279-b7fb-e49eccbcb124,2
505cb4ec-927f-4cbd-a2c3-4e8debe1e8bd,2
575738e3-4a01-4455-b827-34944f07bb2e,2
5c5cbb4d-20e0-42a4-96ef-bf910f7f3d39,2
6f3acd28-4ec6-48cb-a64d-4682c8727f69,2
7d550c10-56ed-4cd6-ae7b-482b83d47296,2
7fcf7a38-192c-4d38-937e-87b3cfb2d39b,2
80866f48-1934-497e-b253-475effa94494,2
82651c17-e9a6-44c3-8872-990797819bf8,2
836f17a0-053c-4f57-ad84-843365f9dd2d,1
85693473-db3a-4087-89e3-6b7832b5a36a,2
87d88e98-069e-44f5-8a12-43dca4c58728,1
8cc12978-a6db-4434-872d-9907df74ae38,2
91112728-424e-4645-9471-b8742a727eef,2
924a0fc5-2ac1-4355-8036-8196dd11fdc9,2
94e5f24a-788b-43d3-882d-7e4921025737,2
9601236d-4cce-449c-92d5-3faf8c7c6c25,2
9807c32b-7d84-4013-8bfe-285e68385cfa,2
99c92d55-de90-4d35-9c10-782a0957a768,2
9de561c2-9da1-4e82-91de-648f21834c1c,2
9f2d5aaa-168e-4a89-a9ef-4bc8f8dc9f7a,2
a08ed7b7-928a-44c3-b6e5-b4adde8e9fca,2
a4d66778-06bd-484f-9263-5be777ff4484,2
abf727a2-7981-4405-8906-162101abf9c3,2
af623b9f-b6e8-4a14-81b9-e5216039a018,2
b0f67659-9f54-4a8d-8338-a76fb9737b40,2
b5558fe7-587f-4eca-b9be-afed33712cd8,2
c01e599f-ff7f-4715-986e-c60d04d593ee,2
c126dc4a-9dcd-4619-a939-61394a29a475,2
c61749ff-25f8-498f-bc44-512014a584cf,2
c643a3c1-2faa-47c8-a9d6-1ef4fe178704,2
c799ad58-1783-4983-a488-b50a5874191e,2
ca381728-4ea4-4f84-a861-c62afeb99dd6,2
cdea4415-e5fc-497f-83d2-cbacf713e553,2
ced158f9-0e2c-44d6-8398-3f5199c43ae2,2
cfa0e0da-aadb-49b6-bb37-e26bd4976397,2
da1d8afc-ec96-4060-ba9f-4eaf4a8e3004,2
dd956be4-f6da-4418-b84c-ed6b924c4113,2
e7c793b7-a651-40b7-aeb2-36db46292899,2
e7cf6de2-c4d0-41da-ad46-661fa14fcbb0,1
e974fe35-26bf-430a-b3e0-df502178ab3a,2
f226931e-d476-4c63-959c-3da278d4da25,2
f63b5f0a-1400-47ba-88cc-21284090819a,2
fbb6c026-38ee-432b-bacd-871ff10d5f26,2
fddc379d-d800-4d88-b5a3-69cb00d5659f,2
014a8225-7c26-4f5c-ad5b-9b4af49e219b,2
04d0e5a3-9624-48e0-bbbf-3bfbb7eb4a13,2
06b0eb27-bb9e-48b9-b8f6-e532b729dd2a,2
0df17347-7576-463e-82ec-964cfed18a43,2
18571cfe-074b-46a4-988b-3dcf94092532,2
21083086-8920-466b-acdf-5646ee0a315a,2
26e3f366-8f50-450e-a5b4-3f7f7cc8fc4d,2
2e6ef2bd-6e9c-49a3-b16c-6ea234748c82,2
375a0256-da49-400d-98bc-cbfcd0afde67,2
3a7645e0-0bf2-4573-81cd-0407788e2c98,2
3d5a53cd-4b22-417b-a40e-956821bec79c,2
42560839-81c4-4439-adfd-bd51dba5bb84,1
43af3cf0-a02c-4b1d-b739-e66ec3b5e049,2
44672ed3-f076-4f98-8811-681b51da8cab,2
4508ddf8-36c9-48e9-a81c-cc4f38a8189c,2
45ac9589-3cc2-415a-bccf-dc554cd08406,2
49e3baa2-4970-4fa6-8b10-b2e147c78ea1,2
4cc54bc3-73c5-4690-9733-9f07a316ac91,1
4ce0173a-43a9-4e7e-aae1-259fefe00406,2
4ebcdded-32b3-4085-9d69-2b223401fce6,2
4ffe1bad-0145-48aa-b661-205c18890404,2
5dbfeb64-93f9-4cd5-99e4-7a7480371caf,2
66783d0f-94e6-46a4-8445-ac2e52daac14,2
6a30b001-00eb-442c-b549-86f2814dff92,2
70e6c946-a78f-46e2-b08f-dfa4f4a28244,2
71023f91-ec66-4812-a4ae-5b4d3486077d,1
7320f705-3ed1-40b2-871e-c03063110997,2
7da9d7b1-25b6-4f83-a66b-39df8430e119,2
844d3919-3e59-499a-bdd4-382d14cdd75a,2
9977af16-e29a-4823-a1bc-55db45c673dd,2
9b131e99-3a84-435b-a609-8c81e2d8431f,2
9ef35444-64d5-41ff-ae77-d01fe25b76b6,2
afe13f47-324d-4ad2-b406-196e38166910,1
b1960158-0f62-43fe-aabc-c6550b82c701,2
c27c5375-f030-443a-a67d-2d0ddfc085e2,2
c6e0250e-23fa-4bd3-a356-b4d1f81a9b2c,2
d4c995ef-2e59-407c-8cfb-0831ebc1582f,2
da2a35da-f1da-4601-bd5b-665e7bd8487a,2
e4ede990-fb84-4a88-a1f5-ea64860b01a6,2
ec119792-0235-420b-8aa2-f223f190d969,2
f37a00ce-df23-4a0b-8761-0341957ef5e6,2
fd1c0356-6270-45f5-a777-824ce995418e,2
00eebd42-3adb-4d34-ad12-c0932416ec53,3
02b613e9-36ac-4145-9323-6e5bd1e25d8c,3
02bcd90d-a522-408a-a742-48e5373af247,3
07cbe0c6-2cfa-44a3-9441-46db2bec528a,3
0a5033b8-df94-4a6c-a9e6-da6a74075928,3
0bf2c59f-032d-4248-ae22-c60dcdc6b165,3
0f31369e-c984-46ab-b428-54c5e94dd1a3,3
15df2525-fb35-4571-8cf6-e85b194ddcea,3
16b36045-7d50-454f-8486-8542d8c7ece9,3
186a48ec-1483-487d-b9dd-df5a364cf15d,3
18e9cded-5593-4658-b45e-549cd650041b,3
192cd294-3dfd-489e-a57d-21f71f46706c,3
1c286766-0b66-4c36-8ab4-46e0198beb53,3
1d6b9141-c889-4c7e-854e-0b37eb32a99a,3
2485c4c7-a501-47df-90e0-ac1ab1ea3c60,3
24951994-8f19-440f-9748-4d8d4728d2d5,3
2cfa4477-7f04-4f08-a3d7-ad9711c4786a,3
3ac7f0d6-6477-42f2-82db-3d92614149a4,3
3bec33b5-838d-4ccc-9c4e-eb11321cd50a,3
40977ff2-5107-4a83-ba87-b9fba2f586cb,3
41a61015-807a-413d-9d9d-8df18dd5ed8a,3
44e3cb52-758f-4a2f-870f-cf95b7774c9e,3
4817bb28-3b8d-4ef0-8253-529edaa910ca,3
4f09385c-d20a-4184-9fb6-f1a7ef538c23,3
50bea465-9c33-4d97-a095-165461b35ac1,1
513adb55-9edd-40b8-badf-b9ca271aa6b4,3
51c28d3c-885e-48de-b2bd-cf70658ff163,3
524451eb-9468-4813-b917-29bd12a9e41d,3
554db020-8b20-4309-a55e-c299bcaa4b0a,1
58c2afb2-6976-4ba1-a7f7-44b944f1dd3b,3
6293f152-03aa-4894-886c-22c7c5731468,3
63cd28af-14b7-4213-aab2-e1c124dbad86,3
6785099f-fc90-4066-ac1f-71b50e9fe843,3
6bd045c4-a0f0-4f46-b306-8cf48cf042d1,3
6c62290e-3967-4222-a2f3-cf6eed19bd5c,3
6cbc4661-0f1f-4cc1-82dd-d0979a85e6cc,3
6e9cd6d5-d3f8-4dd8-898b-ab6b3032e573,3
7851e3d3-9c81-4b2f-a115-1a6005b1793c,3
7d597909-a294-4b3c-ae43-30baa247bb9a,3
7eaf0f35-0956-41db-84c2-2030276649e0,3
813309f0-6085-44cc-b34b-974eca87e628,3
8bbfaf79-bdb7-451c-b79b-3829d46a307b,3
8e7a1cb2-a0ab-4983-840e-f6456b1174b3,3
943296e2-9acd-468f-b93a-299cf5dacbbf,3
981b4176-ae99-43fe-b423-f07a21758b39,3
9889b2d6-0252-4cda-b1ae-483959b21e7e,3
9964e5e6-fe5f-428d-aefc-0db624e0866f,3
a0e831c9-d15c-4d23-b9a5-984e18f4a477,3
a6c3b1d8-055e-4d37-8e8a-f97f773b5962,3
a8ddb2bb-3c1d-4b41-81a5-c0418fb7500f,3
b0697295-b974-4424-a836-c02c35aaee31,3
b13034d5-a954-45b5-b265-9aa3b9b7d24b,3
b5fce1ec-52ad-4560-a51e-3e4d6fd9bb4d,3
b615880c-65e0-4571-a81f-66a5f08bc665,3
b76ac82f-f7e4-4f1a-8610-0048da454652,3
b7cedf81-4597-4749-ad0e-1461fa7a55a7,1
b7e11699-285a-417c-ba44-b7ccb8362f07,3
bbf1f53d-e51c-4131-9e5e-bdd32be63161,3
c5b40484-5d63-44e9-9be3-7a22a0006ff9,3
c83b123c-0a47-4eb0-95e9-712e45e76556,3
c88ac544-9b06-43a7-b705-869fd1ba277f,3
ca7e0f5c-dc8a-424f-82dc-8caa4f15bb05,3
cbada739-6e0f-449e-911c-9a98b7b0bf98,1
ce691ddb-ca87-4eed-ae51-6924509b8689,3
d629c045-ae32-419e-8624-76b090786cd1,3
dbf3bb6b-f5f7-45ef-be04-bd55d1f1f99d,1
dc8bd926-17a7-4bb0-8bbd-105d6573fd9d,3
e1a15a0e-02d3-40f7-9452-368b6b8edbf0,3
e2a797ae-2f74-472a-8c5f-4ea821bd6b5c,3
e37da245-6a73-4df9-a677-e24923a9e951,3
e5bc9607-9b0a-41f5-83b2-99d2218b15f7,3
e6fc8da7-d099-4317-beba-100ca0bc7c45,3
e7165a75-86c2-49d4-a23a-7091105ddfca,3
e809093c-c229-48ee-a744-363b99c486dc,3
e88fafcc-a1ac-414f-b113-d5188717d8fd,3
e92a38c9-7284-4e79-85fd-833e8a2713de,3
ee2f53d6-bf00-41a7-b95e-a1249d56ed49,3
ee63f077-a115-4eeb-b863-ed71933c5827,3
effecd59-8b65-4d72-9a25-9a346141826c,3
f1bcf854-0ed7-4a97-bd3c-752d785b434e,3
f28184b9-198a-478e-881e-2fe05e445a26,3
f4b97e6c-721e-491b-bc5d-c26af8d1ba7d,3
f8dfc892-2555-45ad-a4e0-fd1553f93ebb,3
fdaac676-9c34-424f-aeff-f2d6696ef53e,3
ffbd1830-427d-4a4a-a890-dee00107c81e,3
08162465-12a3-439f-99dc-fbf93cfe4e1c,3
0930ef33-06cf-4d27-a222-d8dfbef053ed,3
11780075-4edb-41be-839e-103f3d2d12c1,3
118c0cbf-f15a-48d7-a143-338706407e87,3
138c245d-c1ee-43d8-8e03-3024d0ab1bad,3
15a5f817-e7ae-40f7-88b9-fff125533590,3
1b14fb87-4932-43d7-889d-1d9899059666,3
1cde80fb-2aef-431c-b36e-f4a622f6aad6,3
1fd582a9-1ccb-4108-9e35-3a3642e6dcbc,3
225b46a9-c7e0-4a97-8a45-9d27291ca9f8,3
2814809b-e0b5-4b8e-af20-4b0b4f2a7477,3
29503167-6d42-44cf-9065-fb2ebe4f63aa,3
2db71d50-8cf1-4ed7-84c4-21e82d8be10c,3
34326b9e-1b29-4198-bab5-e213ec26d593,3
3474f624-127d-4f90-a317-c0237d24ee5a,3
374a3af7-4be3-4950-89fd-149c3179c4bf,3
3edade64-e9f8-4617-88be-fd7a04deb771,3
42095359-cbd5-44e8-8b36-23cb70b8cfdf,3
444e3d30-c482-41da-822f-93bd7974b43b,3
4c266314-8515-41ea-b2f1-de3e5a67314d,3
5029ff92-b803-417c-a487-58a95ffa897d,3
5706198d-77ef-4cbe-ab1b-3182ba4a927b,3
57f593d4-f1d7-495f-958f-bc75bff948b5,3
59965e67-acbf-4b28-8f20-4c125247ddb7,3
5a7fd35e-df30-470e-92e3-c84c639c1935,3
5d15017d-86b1-4083-9e3c-17fdf608d572,3
5db2b99c-eb6e-4efb-aacd-dd5a8d24c9cf,3
62a038da-7437-4b05-927a-33ced7b16f02,3
66772ae8-128e-4310-8f48-5af62d0fd983,3
68652a3b-d357-43b6-b966-7cd6bc0e1eea,3
734a3388-17fa-400d-ba95-ab3bca0e1554,3
76c1b870-29af-4912-b31c-f3fe93ce8203,3
78229801-fb2e-4b95-8041-099a71124680,3
7b4071fa-9ce8-4573-bb3d-21602bb9476c,3
811822ce-9317-4459-aea7-5c2fb81606ba,3
839b4cf3-a663-4993-8a96-843808837c32,3
8da2af50-0c62-40e5-932e-2aca06ada87a,3
8da78ab6-c215-45d7-a014-e61a4e923910,3
92101a27-3620-4ff5-89cf-46b1549119ae,3
925eb872-ff9a-4329-b018-60047811e5ae,3
931f17a1-9332-40ff-ad4c-5347dc6cfb67,3
93a4e2a0-6a21-45bf-8037-52addb9ff499,3
953d5b37-fd9c-4f8f-a9b5-ef4004947490,3
991b1339-5366-4dfa-ae82-b36b78102daa,3
9c5552cb-f7ce-479e-98f9-fb35b7521658,3
9c7f221d-673b-418f-ba64-e06829ed14d0,3
aaf0226c-c7e3-4c7f-acff-8749646abe6c,3
b13b813c-e332-4791-ab1c-ce8b58b2d266,3
b52ddfbf-b753-40e0-b36d-5c8ca3b470b7,3
b7c23162-9e22-4ac6-bc03-7b6302215909,3
c13b2b72-5268-4085-ae32-f81f06e8c27b,3
c9b5ed9b-6e2d-4f54-8bb4-a7a9a81aea34,3
d25386b6-d700-466f-a548-55e2ede578bb,3
db57a162-2768-47ce-8636-93fcef0f0fec,3
e0365a57-c965-4a1f-ad51-ed92f43e9b5f,3
edc53128-1da6-4a70-8e47-5dee162bf4ec,3
f4f385aa-0bcc-4c27-80ba-2435301984cb,3
00c642af-bf8d-4423-acb9-da161de6ff6c,3
05de7a1d-24d5-40f3-9741-adb43567768a,3
0836032a-85b8-431e-9105-cb1898eac5c7,3
09f6b915-379d-4a7a-8923-85dc470c0d5d,3
0d731d50-e6e8-47fc-aa6b-c41ed17c8d26,3
111806b6-3c05-4ba7-842d-4be0e263060e,3
171db4c5-166f-499c-8f10-774212dd80cc,3
17eaeb8f-1b89-4c1f-af6b-44886f0e5295,3
1cae3e87-c0f3-4b1c-9578-a4220c8ae6ce,3
1f524186-ed2d-4a7f-babe-a12b0fa70c76,3
27dce285-4794-4cba-857e-942474663c50,3
28a7400d-eda3-41cc-94fe-7e935c3ba27a,3
2a6d8a7b-0c92-437b-9d99-ffe680baeadd,3
2eec26f6-0d79-49e8-88e6-e24cc5b60340,3
2fb8eaac-5ba3-42bf-9511-b8e263212bba,3
429264a0-a9fc-4af4-b165-8e6f1223e7e3,3
519bb6c9-f37d-4a87-9264-19a0fad8c606,3
55d08e45-8c46-4dd4-8bdc-294317008de7,3
56be69f4-4080-46ac-a6f0-b9de22485eee,3
5af1fb1e-e04f-4dc8-85e8-24676e145c80,3
6748dbb3-c234-464c-804c-0a41d0796ca3,3
739c9d3c-cb7e-430a-a716-3e942ad45b7d,3
783061aa-bd3f-4213-b28e-c2bdc71a99f8,3
7b80584d-5ecf-4029-989e-d6323287af8a,3
7be7ecf7-b25c-46a4-8f9f-c73c502013f3,3
7f0f2ea1-158c-4fd1-82b0-e70fdfb59819,3
87db0e93-eb91-43c6-aad5-beb448c166a9,3
8be19d00-a50c-4601-9118-0e76ba4efed2,3
91145157-be85-4d49-9d15-31008f13469b,3
91ca5adf-2698-4c49-8248-035c10836e43,3
9b118b4c-a170-4b68-a0fd-4a463359c0f8,3
9b91333a-478f-46bb-89d2-415bf8e4a55c,3
9f0d623f-3111-44f6-a253-4708e6aca06b,3
a5ad8aa8-cc30-4f9e-87fa-89487164f562,3
a9881f2e-1d7f-4fee-b890-416b58f69f27,3
aaa0c066-bd42-4ef3-be7e-f577dedefcd0,3
afc28f39-ebf4-4278-ab8b-8a463ee8b8a0,3
b27dae53-54e2-498b-ade9-63018ad4dab7,3
b7a5129b-3eee-4750-9308-498298b6d60f,3
ba193854-efcd-40cb-9e54-ca816caa5536,1
bc7db4c2-6764-41bc-b1b6-8f261fe8ff67,3
bdd314ee-0ee3-4bf5-b424-7f88f1e4e9b1,3
be5d4766-63cf-4590-b2cd-fdf4627b9e13,3
c58dee75-aede-4b9c-8e0b-3b3b22e1ca53,3
d3c3b97a-0ef4-4889-8385-c9a85958e368,3
d6b33cb0-8c59-485f-9e70-002464db4716,3
d8cb0442-2130-4cf1-ae33-ae29c8892f1e,3
d8fb5801-5aaf-4c68-b9b4-ec5863254536,3
d9cb7cce-1837-48b5-8a24-311bca0fe865,3
df0cbb5f-2c4c-405e-b36d-dec17b27fed7,3
df146a3b-659c-423b-afed-67bbdc252100,3
e0328300-ab70-4234-ad63-c87bf9a2494b,3
f9577ef5-f2de-44d7-af5b-d871d32190fd,3
f9b18d09-c790-48d2-ae85-6436442503b4,3
0a7764e3-0212-4ab7-b287-88d0b2c57904,2
0d298913-ab28-42b7-8188-dd4a4b50c571,2
0e543554-6a76-4506-b23e-2dd5c290dc8e,2
1062763a-89c3-4da1-97e0-4a0cbfa90779,2
12f3d087-23e3-4ad7-9803-e8a6c1efb019,2
16aaaf9f-d5a1-43b6-9f2b-a9aff9a8d635,2
191a7566-102b-423c-9919-d048c7819781,2
19bdb567-af74-49e9-ad9a-7d1a27809865,2
1ac17e7b-b99b-4566-b7e7-cbcdeb0d4fdc,1
25e8d1ae-a87c-4eac-b26b-ab385a410a77,2
290f7918-81f5-40c0-9b3c-2e9308700799,2
2c0a1cad-ec1a-48b3-87ed-976e948e43ab,2
2c6dd126-924f-4432-bf7b-13b2a4fdbaf8,2
2ea98b7d-a63b-4f56-a86b-fc6d8312b865,2
2ec52dc6-0874-4f34-8ea3-dde2f956eccf,2
3c26761a-62d2-438a-b642-d85b7a3077e6,2
408e464f-1440-4fb8-be60-7a097b98bf7c,2
426dff67-546f-4c35-ac4e-262d5ac32ffd,1
4736d142-c395-4cde-9edf-489a89f0fd43,1
47d5ab55-4f04-49a6-914f-6aa9fd9b660b,2
49d79239-cef0-43da-abd6-b129660c47a4,2
4b66f643-b7db-4aa6-8248-cfa7df2995f3,2
4dce3e73-3081-4a1c-b8bc-d345c51d0448,2
502632d4-27cf-4cc9-a5e8-a9de44cf7c9e,2
520d63de-e67b-43ed-9708-c2c517c344a1,2
5754bbdf-3b05-4baf-b801-b5e1f1fda9c6,2
57603c78-a05c-4dfc-ad76-8dbae0a06df6,2
5b92c8b1-883e-4faa-9e82-06072769f388,2
6761ed5d-8b49-4d95-8682-3c3188631303,2
68f3af76-61cb-49d5-8a22-d3548d34073f,2
73fa81d3-ac4b-469c-ac7f-76b2b2a6840a,2
74eaf2c5-5023-4e7a-a75c-85b9a1323711,2
7b54f5ce-780a-46be-a4ea-ebb68e526790,2
7d722c18-f2eb-4e37-8170-56ae021585a6,2
867ebffb-44ad-4e1d-ae05-08cf23383470,2
966f5cb7-391a-4f4f-b0e1-49b79dbcc804,2
98ded975-3f23-4f9a-9782-3020692ca820,2
a01bdc82-eb23-4218-b247-b599da572c94,1
a07086ec-f26b-4b0e-ab83-64153bb63bc8,2
a6ea1747-db22-43b7-a59c-66dee3c537cc,2
aa64b17d-d72b-4aa0-85cf-92387b18273d,2
b3639090-fd10-4e6a-9818-f6ea1fe6ee44,2
b6e213e6-6186-48c1-8375-864fa351efd6,2
b97625a1-adaf-484e-9a3a-1ab3b6c8a144,2
b9b22fd1-e1c8-441b-9716-7f7c7b2c4711,2
c053c4f7-fb0e-40eb-9a32-bc73c486d8db,2
c73ca675-7b01-4f6a-a11a-c53f705dc42b,2
c7762856-2943-424c-bae3-84c6b6354d24,2
c7b1c2d7-94dd-41fb-b0aa-39626f76cc7a,2
cd2917e3-cfcf-4f3e-b51f-e56e1bb61047,1
cf11e400-9697-4c17-8a2e-cb7960e47e85,2
dbf4e45a-2ea1-42a2-970a-a7eff23fbd2d,2
de918eed-159c-4ad2-b31b-cecf92349279,2
e42e6401-e6c7-405f-b588-cb9c284d82d4,2
f8877acd-5bd3-4e45-b1d5-051a1ab30e89,2
fc35ed0d-159e-47e9-a22f-bdf981d2cb63,2
ffdf4093-00bc-4947-a708-31d5a29cb771,2
00e635df-0671-417e-9cc4-af2a33cd7343,1
029d29df-926d-4223-a24a-075d48c2d783,2
02c40a5f-63b6-41ea-956d-bb49c9b7faf8,2
03087a4f-4123-4fc3-a409-302dd74efc8d,1
03a26e8e-7204-470d-aa56-e788fcbe33fa,1
03c1f96b-69df-44e4-9b32-34f0b92ca160,2
046a5a55-6444-48ed-b102-8ffd6f6c929a,1
05c8e0ed-bf86-4772-a20e-c23dcb17b610,1
06c8e29d-8797-49f4-9aaf-b46c1a06f800,2
081b80d8-b370-4b89-a0ef-4880046af84d,2
0bdec573-758c-4162-a242-a7f88925428d,2
0c040fb3-6322-4d88-8743-dc8efd73c378,2
0dd04bc1-fe78-42ca-a5dd-88a5ccf65115,2
0eb84e10-92fd-442c-a303-37f20b7eb1e3,2
0f96bfa9-8b23-4644-8cd6-410f380df806,2
1099c97a-ed29-4a44-8b64-6dbe4530a4ee,1
1236b6c7-650a-47de-b1b9-c2dc24b9da00,2
1382ebf4-1fb9-4080-8886-243faddd400b,2
14391620-a1d9-4a5b-91c7-223c31b6bb09,1
143d10f9-87b4-486d-828a-05c12bc31398,2
147ddf42-4de0-4bc9-bb61-53849c7e1dfa,1
17cf8779-9578-4c4b-8941-7154f2b1587c,2
1b61661f-a87f-44d5-9798-ae192d8398c3,2
1c952509-2bb5-4d09-8aa1-b300d6c178ff,2
1d924954-c444-48df-a7dd-14935e7f67cf,1
1dfd827f-604a-432a-abca-af4643c33661,1
1e388278-88fb-4865-8a5d-c1bb3f7f24cf,1
1e3fc9f4-bf2a-4609-9f97-858667ff0409,2
1f917238-8b41-47b9-9de8-e72ff452b1ea,2
1fd9c6f9-42e4-4ef0-9f41-da5f16c414cd,2
219c2563-f499-4f2a-b181-9a3611100cb8,2
21b2dfb9-3b0a-4179-bc05-c1e545b2f105,1
22adac8a-8c12-4fe2-8cc5-bd5738f6d735,2
235bee43-80a6-4268-ba1e-c98b4078c76c,2
246f8921-7885-4405-9a32-0a2bb9e781c2,1
24c34763-3419-4010-822d-591933f0d3a1,1
25d54487-551e-4498-9f5a-6e3585d7fc17,2
260843d7-0c8a-4fca-9eae-5169006ab4a0,2
2740bed9-34bf-4912-bac1-819285a74539,1
2941cde5-ab77-4fb1-8c84-16d9a4d98117,1
29bfe1ed-3e62-45a8-a838-641710cf3c60,2
2a5037ca-7c54-44bd-8be1-1c62c35d0143,2
2fd9042f-e94f-4c55-8d35-5de0ca6f5bf0,2
324c3328-2460-4984-b947-8d12d0ca526e,1
32709450-5f8d-45f2-975c-25b66c8dd014,1
327ce5e3-a8e5-4b1d-8ba6-d3f12bddfa33,2
359e4bac-f82a-40eb-85e9-af4b14d1869d,1
394ce1f8-8959-4803-a185-95bad25546f6,2
3accb0f9-bd21-4f38-9a77-9d03f085c995,1
3bbda55b-90b4-494d-907d-81d0b4ae6d0d,1
3bca7d19-b49d-40ac-9523-0bd4d1fbb4c6,2
3bfb6814-24a7-439f-a473-61057bf2e759,2
3bfe4186-c525-41b7-b6aa-3fa1a8c676a1,2
3dd0aba3-d7dc-4f31-9ac9-303e1018171d,2
3e942556-3422-4b4a-bf1d-06c8f7d787b6,2
419b80f4-c4cb-4862-9f08-b3adaa0ed771,1
42437ff5-96bf-4642-ba91-e641b0e27566,1
42b3fa99-c49c-4e35-b36e-b66c12144c29,2
45e37e59-8513-452c-82dc-9b0d5d9e1bc9,1
462e803e-cb3e-47d3-b155-c30eacd249a4,2
495e8c61-7a4e-4cb8-920d-7c3561261334,2
4d8d116c-cb1e-4ac7-aebe-7432e31cd540,2
4fc5d5bd-48da-4618-ad38-20ebae1c392f,1
53626e2b-3ec9-473f-8375-91b4ec814324,2
556236bf-ce44-42bf-8ff0-59186110e666,1
5676152e-ccd0-4223-8364-ee382c2f8afe,1
56bab9f1-9fde-4c4e-81e3-b2564234f771,1
5712b51a-fc3c-47ed-b55a-c54a9b9c6765,2
5a55a37d-03be-4d4b-a524-3b9e3fecd697,2
5bbd0584-df58-4462-8ed6-43e4d698dcf1,1
5c01e017-ab35-47bd-b1e0-c95830887d38,1
5c9c7036-7061-42cf-8f89-a8222d14a31d,1
5d94bc78-5e90-46af-9962-c8b8927487af,2
5d9f2074-cb73-42b1-a3c8-6597dcfacaef,2
5f1dbda1-7e95-4171-96b0-ef60814c4e49,1
61d1329d-12f3-4936-831f-282db4bb70b5,1
64368d70-384a-4dd4-a5d6-35a593fd262e,2
6670169b-4bee-44bc-a806-07e29b9ae88e,1
66a5a88a-6340-4b64-9282-d654f37e58be,1
673295f6-4df3-448c-9169-353922e5e6ba,3
6b0a8583-171b-4411-aaff-72ad749960a5,2
6c253ee6-a4ba-4386-a5e7-17ef9d20b4ed,2
6d30f4d5-b41f-440f-8cfc-c869897b48e8,1
6e515a76-3324-43fc-8315-f94bc591349d,2
6f7453aa-1ba8-458f-9440-c5482a66a80e,2
6ff2488d-90e5-483b-8465-f5d1a1c090c3,2
7036d3d0-fc51-4b90-8d12-e3df9cd66aed,2
70999445-b3ee-40b6-8da6-f8d900775cf5,2
7208acf9-2655-4da2-8188-a7d786a756f9,2
722e80b3-70ac-4b9d-a063-db7f27de0e3f,2
72da8038-0b61-4d28-80fb-e42bb769a6f8,1
741af1b2-c388-4703-9b3a-5848473177fd,2
75a130f9-74ae-4284-86bd-22e840d40b4a,1
775237af-1b1f-42a6-a1ff-c123644b5cbd,1
79eadaf0-6b78-48f8-aef1-f4a4ce3fd767,2
7b6b11a2-9787-4386-aa9f-06918a307a1e,2
7cdee969-4abe-4b59-bf1f-b45b64558857,2
7da340bc-b71a-42e3-a328-c148e43b608f,1
8094a257-a5e1-4017-a4ba-e914a01b4512,2
81983e21-a6f6-4d1d-8862-95fca1a14d3c,2
84556582-f227-4d50-875d-079d19b09da1,2
879be1b9-cb1c-4f57-8b22-880e6d8bed81,2
87a3f045-911e-4804-a84f-a221b622bd0c,1
8833aec5-c3f0-4daa-ab0f-824e25f3b3c1,2
88548ff3-00ad-47ee-a9d6-25dfd15ba9ce,2
89d3a383-9eda-4c39-996c-89f953b16bcb,2
89fbce83-9efc-46f7-bd13-bc4543865fdb,2
8bb5cd33-e844-412d-9a3a-c432ef01d929,1
8cdb87b2-521d-4e61-9005-8ba31d92ba5d,1
9099d2cc-b8e5-41e9-bace-da90448500b2,2
92170733-c91b-424a-9cc7-24d4a358f074,2
92573dba-7f12-406b-ba32-771e5ee8469d,1
947a7ddb-e781-4f6f-b654-3fec3050632b,2
94c0d834-793b-4a77-a754-0b6808e4ff3a,1
954e4187-8aee-4ee8-976e-475dd15e6d76,2
95757be4-8b0e-4e00-8106-9bc6cf134189,2
98d93595-ab12-4fff-9bf4-1229fda25bc5,2
99ca7855-e630-4917-b11b-c92b5706d691,2
9c74010d-cad3-4f61-9b64-a21059f1317b,1
9d5e4a4e-105d-4e25-82c7-ac208e2eeb6f,2
9f310c53-ccf7-42d9-a953-9070bd548886,1
9fd19e17-ad29-4d90-9176-f5883181fe8b,2
a1c2ca39-6e00-406e-8fa0-4dbc1bbae278,1
a4b826d4-b63e-40ed-a5d8-d37872de4685,1
a5e9c0a0-e477-4526-af2c-49ea5033eccd,2
a8e0c7ea-423a-4551-89d1-3911508277ae,2
a90377c3-f29f-460e-b595-8d9dc749d2a1,1
ab2a1ffa-f2a0-4e6f-b956-5e84b5db6ba9,2
ad8dcafd-b9d0-4596-861f-29924d71c900,1
ae294c40-017a-4f3f-a6d8-cca27078144e,2
ae2e7e5f-31d4-44c4-9f31-b6a252c29f39,1
ae657711-df04-4fb5-b5b1-4b478fd00c37,2
b279398d-8cc3-4a6f-9ba4-efc5c6e8a353,2
b3df5e69-71a0-452e-aaf9-03c3ae5228ec,2
b3f58f76-a9c0-4072-b56f-f42ea46622eb,1
b5f60f97-fa5c-46f2-b819-f4a47700ebd6,1
b71aac39-65d2-4fb4-87db-35894c3365ce,1
bb8fbc06-5867-48b0-a1b6-d0d8638dcec3,1
c037e968-1dc2-44f2-ba7f-2dfa5655669a,2
c465ac8d-aabb-493f-b506-025393ae7a33,2
c4eb3e53-0a84-4c3d-9c0f-23b2d5e5d910,2
c5f49610-ee7f-4f25-8eed-a269b2ed17c5,1
c7bcc549-6da1-4311-9307-9e6700718afd,1
c8c6fec2-035d-4f85-9807-6ad3ebf9ee0b,1
c9040c13-beae-476f-9677-48c159306694,2
cdebde79-d092-4fe1-a32b-dac3a44a358e,2
cf1c6b7c-eb6e-4fd2-bd4f-1713cf05efbe,2
d01982c1-7f2b-4cc2-996c-0c8f472c5060,2
d1061b74-0b49-429c-88cf-45b37a9dc7e9,2
daf3018b-3818-4a4f-bcbb-c5de3fc73c16,2
db475d32-9789-4e2f-955c-c4ef2aba78a6,1
dcb69533-ef7e-4250-a24b-8228568d9fd5,2
dfb13daf-9ee2-42b4-a835-c7a5bd922bb3,2
e185a4fb-1bf7-42d7-866b-b1d17c628f37,1
e1fa4d21-99a9-44d3-93ca-ff11404da4b5,2
e25a8241-35a0-4a6c-abdc-65ea13029995,1
e31e92e0-7437-4f74-83d1-5aee2d987462,2
e425a216-d7d2-477f-8b87-34dce2093ec5,2
e51a1efe-2ad2-4d49-947d-43d7efa302f5,2
e7f9a306-3fd9-4b7b-8c47-f995c53dfaa2,2
ee86bff5-8206-4adf-8f1d-60a2c9a6b1ce,1
ee8d65d4-51fc-47e0-b96a-bd1283ba19bf,2
ef397c7f-61bf-4048-bba5-ba89ba9076af,2
f2c7d65b-6018-4ff3-8142-70f3b5305ee2,1
f43f1f93-0ea0-4a7b-9cbd-fa21d197d3cb,2
f4823ebe-3fdb-4569-b745-325d8f70f26c,2
f5d604f0-7910-494c-943a-3bfdc7729fa8,2
f64d60d0-3746-4e62-bc6b-38b5066fa175,1
f811c1b7-9c12-42c1-9a19-715518847d5e,1
f928f709-ee89-4727-9f1c-7b89af97f22a,2
fbf07a67-d5ef-4b44-9218-35914d0433a5,2
fcde84ba-7bbe-4c8f-8d3b-0f46775f6bd8,2
fd707ef0-8916-4244-a25b-8089ce12dc39,2
fdbbe8b8-cc4e-4734-9a5b-22ffcbb9e4fe,1
feb28c8c-c667-47f0-bf00-42cf8ebf8093,2
09399292-c098-4566-a0a5-b6379d726209,2
0cc2b6c0-95d4-4bee-b7ea-2484ddcae1d5,2
11496e4d-b383-4c24-9874-4e469d11c2da,2
17b8c7ef-bf62-49e6-a423-4963de1ddcd5,2
18b42ad9-523d-4d49-bb3f-98318d26d0df,2
2ba03916-1218-45e1-9410-939b487c7c34,1
2babd770-999b-4d35-bb92-478b8f3b00db,2
323414e4-7225-4b20-b6e9-e9d93a3cf557,2
34fb14e0-c559-498e-8742-9125392ad42c,2
47eb2863-efcc-46df-bf5c-35e0a627a815,2
502632d4-27cf-4cc9-a5e8-a9de44cf7c9e,2
50429bfe-7375-404b-9ca2-f476708cc4f9,1
54f904f2-45de-43eb-8604-1cdf7ce8e9e6,2
55769d9e-9d74-4130-860a-1fc0ca4bb00d,2
5aff7be2-9327-4116-aa7e-235936265467,2
5bbd0584-df58-4462-8ed6-43e4d698dcf1,1
5c894f96-9df4-47eb-82f2-d23a0f0416c8,1
5e1f5f04-b6ea-4205-a3b3-f453ea577798,2
73775221-de95-46ad-a009-78ec82165f73,2
7a02cd74-b378-4f80-80f2-2a12f5fa1573,2
7b9399cc-d917-4200-af95-451959eda54d,2
8bb5cd33-e844-412d-9a3a-c432ef01d929,1
9a9b610b-2486-4245-963d-7a52a0b1f0fa,2
a8a9760d-59ac-41f5-8d33-7247e6d24945,2
aa5dab40-c6b9-47d9-af26-d492538c50a3,2
bc85c515-96b6-4e44-b0cd-37d955139b97,2
bd8b0f73-a9ef-4f01-8113-f66b986d53eb,2
c164c92d-428b-4c2c-af12-43348ac3bedc,2
c525372a-e162-4028-8064-53d78e11d5f5,2
ca544da6-8e2b-476e-a16f-aae0078d8b12,2
cbab2e0b-1c56-4a9f-baab-3f84f4f404c9,2
cdfa7ac9-6d51-40d5-9f31-fc3aafd5b3a2,2
da967638-2bf2-4573-85de-74270dcadaef,1
db6737c8-c322-4778-98e6-f383a09808ef,1
e1332b02-c4d5-452f-97ce-299ceeff5c86,2
e2ba63df-c9ff-4059-8e4d-0b79260464fd,2
e91bdf83-c45e-415f-ae74-da4489ee5dce,2
eb09c58a-c871-4c03-8a3c-0cc81281838d,1
fa82290e-201f-4ffc-9f0a-5dec4a4414b3,2
09ecbb58-0edf-4a95-8bc3-6b187acd8e57,3
0b15a52e-6379-4999-9214-947cfcd0f51a,3
0c85d881-7dd2-41f5-839b-9eca523dcd69,3
0c94dcb9-0231-41f0-93a5-3cfb57d152bd,3
0f73c4ea-f318-49ef-889f-7d78f57ec5d4,3
12dd0ea2-87d7-44a2-af80-721348a266c4,3
13e6e508-e350-4528-b4e7-3fa16cae6dac,3
14a8ef3b-c4f5-4dad-832c-6597d0e80f71,3
18a96898-2e71-4dc8-9945-ae34459f8543,3
1e4f8aec-42f7-47ec-b073-0624d02c7c0f,3
1ec64956-3dce-4ae4-a390-6221929413b0,3
215ed54c-5215-4d73-b33a-dda67df2dae8,3
27c27096-9833-42ee-a251-715678d8b716,3
29c55d42-a73f-4019-bda4-d2023bd398d4,3
2a24f2f3-07c4-4fe5-bb08-fbfcefce2d0c,3
350d845b-cb4a-4388-b28c-58c61834e2b0,3
3b9717d1-be55-47b6-b563-5a3761f7771a,3
3fe15815-d9b1-41e4-bca5-5bb46fc933b8,3
40b9e4b5-fbfd-4f26-8374-df7b594f4c61,3
432d7323-f648-4657-a274-9681415989f0,3
44a67fec-f24c-41c2-bafc-36d1fddf5d6f,3
45ac8bc9-0ce4-4478-a7c8-a3893718bebd,3
4691fd42-b534-4c40-9cbe-df72f3540cef,3
4788ecd3-765b-4df2-b4b8-22ed8960c585,3
4adbc6b8-7d92-472c-b01d-8675d9beacae,3
4aedbd1a-1567-4657-8ade-47a9e3eaf4c7,3
4ca061c6-41c4-4d88-a99a-7251d00dffc7,3
55aaf681-297f-4d73-bbeb-37cd97566394,3
56dd6970-d1aa-46d0-b906-08d05f74205a,3
591ae190-e793-494a-871f-da4446ca13df,3
5c08c609-54bc-40ad-8bc3-189b02aad55d,3
5ef3b90f-3bf7-456d-a297-49995197d0ac,3
628c57dd-d069-41d4-9df7-3a7188213f7b,3
6a14db5f-f51f-4a26-af97-5ce5cdd7567b,3
6b13faa7-ff86-4b7f-ad10-9d913e00a5ab,3
6be9b957-c30e-4adc-91d1-0dfdd1f7c819,3
6f3fbd65-7fd8-46de-a628-5ee367f025b5,3
7198edb4-9748-4d65-8d06-651fd1ea8441,3
72f65a24-9cd2-4c0d-b3f1-974d957d7c6a,3
737733dd-dc54-4ba6-9877-8728d6cace20,3
74695b01-4759-4b77-ab10-b27efb2c2d93,3
76574b62-c3b6-498f-be56-ec60b36a2cb7,3
783946a5-673b-46dc-804c-2ed301392cd9,3
78874d6b-539d-48bf-bff9-fe3bdd2aad0b,3
797669d3-1bbd-4513-903e-96f04bca1fd1,3
79f1e593-cacd-49e9-8f95-13d8c7430a76,3
7a4a5b3c-78db-40e9-9fcc-e8425916fdf3,3
7b6d408e-508a-4076-8d0e-3342414a6fc7,3
7d06d236-aa5c-4f9f-b324-11500bc8522a,3
800f0369-d763-49cd-85f7-1a07db581e9b,3
8042fc1f-55f7-41c8-a905-4bdd34187dc3,3
8304e13b-39df-44b6-9a99-b9c19b3d9b4f,3
857e8b50-03e8-4622-a6ff-8e9320b8f48a,3
89133d19-2fe0-4c9a-87e7-b629834796a1,3
8ae3665e-c3a6-4809-9ee7-45301187a3c8,3
8b7efc64-e65e-4be2-af0b-d43919df67fc,3
8bc7d05c-2abb-4a6b-a901-0021a2ae8cad,3
8d07c79c-5f0a-4ce9-902b-d7f2a8fa7cce,3
921bd94d-2dfd-4e4c-acb2-6619e95da68d,3
9489d70e-06e1-49a2-9fd8-832b89a489b1,3
95aeb619-50ae-4415-b3de-4558bfbbab54,3
95cf8fb8-979c-4d61-a8d3-4be50a1d88b0,3
993049c0-451c-42bb-9be8-fc4faf17e0e5,3
9a086e62-d277-4515-8c5a-76277d374544,3
9b0e0f8a-ec40-46f1-afb3-338ba61844ba,3
9bc6114f-76a5-416c-8bef-63ba648ae43e,3
9fc9e471-b2d6-40ad-b0b7-c2e7db9b0c7c,3
aa8f89f9-8afb-4e4a-bffa-ffd62d14e566,3
adde2f0f-20ef-49d5-ac11-01fcac073243,3
ae59c04e-a958-4d23-af2d-ccf212e90f90,3
b2837fc2-c8e9-4916-aae7-79d5efdada2e,3
b9fcabcc-3b2d-433b-9d8c-f82375956907,3
c176f3e7-4e07-4641-b40a-294b0b06a459,3
c5cab1d9-53ee-4c18-bb7d-b1463eb935fa,3
c9ccd757-268f-453b-b546-8f1ee0f6fec1,3
d0ce0db2-5d4a-46cb-ad15-898cfdbdc79c,3
d9d57698-32a3-45b4-ab21-03c7a827942c,3
ddc3bace-be2d-4f18-b364-0874b8a617ad,3
de51d384-0218-416e-b176-9f0d30b7233b,3
dfcadbfb-157f-4322-8e8b-7460ee4e4803,3
e391f575-c65e-428c-8edb-2fc68542ced0,3
e4eb3381-781a-4cd7-9d13-cec8855bf224,3
e7d53cfa-f00e-4658-be73-fe3710d886cd,3
eda512e4-f509-4fa8-8f1d-1e42b37abb15,3
ee05fba6-3222-4bd4-84fa-4de13ebe1e2b,3
eec2b0d1-6e23-46f1-b2ce-43daae5f1394,3
f1d7bc12-6a89-4e39-9db7-88457c514e07,3
f3119431-e101-4a85-976c-0a5cad2ff3a4,3
f355c877-6061-4288-8241-2359a3738b04,3
f3aff332-d6d8-40ae-a8ed-43316202c6ca,3
f5913468-77c2-45da-95ed-9ccc5227c05d,3
fc35ed0d-159e-47e9-a22f-bdf981d2cb63,3
fe7a3856-f6a2-4898-ac98-760fc3890347,3
07a9b5c3-654b-42ce-9839-e05b415b06fc,2
3f756e85-c355-4552-a112-8ed9e43b921b,2
4f4e473f-7616-4eea-9fec-7947989f7782,2
506a126a-e5cf-4b3d-b215-9fb37a7bbf2a,2
57d55c34-91c1-4036-ac4b-06150987360b,2
73e1ac39-f10c-4c56-a723-c0500a461e14,2
80dd6c62-4a17-415b-ba48-b40de3aeb927,2
909e18f5-322b-4c03-b049-3ca6a2bef7cb,2
9398c3df-1526-4b6c-8f54-be9da2354ee2,2
95e98c7a-8c24-4a53-897e-bb1309114d4e,2
9bd23da0-616b-4fbb-98e8-8e3a0fa3e30d,2
a0bb596e-563c-4586-aa1d-57692a2e8dc1,2
a46ea9ba-dfc1-45bc-affd-492961bd048c,1
ad92d49b-e134-4be9-93b2-df80959e1bd6,2
b3639090-fd10-4e6a-9818-f6ea1fe6ee44,2
b4a0cf2b-7646-4c00-868c-f814d174a4fe,2
e4a987e5-dafe-4599-89a9-254dfdde73d3,1
e76ce463-f329-4dfb-8767-5723455958d7,2
e7d35bbf-76a4-44ba-ab87-fac2a57422a9,2
ea779d20-fdb6-46af-8b65-9260457f3474,2
edfb3bf0-caa2-4e35-b7e7-4dac845db3ef,2
028c0008-26ba-4ba3-b0f1-d93cfdafdcdb,3
048e492c-c8cf-4aa0-9b18-67cdc6f26e7d,3
05d7e36d-a546-4f91-a81b-d32210bb3254,3
06869f9f-ae79-47c6-94d8-2c248089e78d,3
14780c53-4eb2-4aa4-99b1-06e43cf7851f,3
156a5990-9650-4045-958c-bfb89b39af08,3
1ee8ebab-8f9b-4524-b2b3-eee1a62b98f6,3
1f792f08-d7b1-407a-a5ca-d68da478b8d6,3
2186a673-b7b2-47f1-ad5b-687a8786fb94,3
2c3d105d-7e71-434e-a642-ffaaa8fafe80,3
35555838-fac8-4c55-8c4f-a92c1fc02f24,3
4d386b7d-787c-48de-a852-5c2c298b9e68,3
502632d4-27cf-4cc9-a5e8-a9de44cf7c9e,3
53c5de24-504c-47c2-8a64-300ec8701702,3
58693bc0-256e-4433-9586-d5b0c9439171,3
59736d41-63f1-4e05-9200-0602f81c52da,3
5face4e3-30c4-429c-83bb-66d918d58fa7,3
601231a6-3792-45b2-8543-d0a2355d6aee,3
66c5d4f7-bed4-487d-aeec-879a5f65efbe,3
6b59eea7-bc1c-410b-b466-a29df7a6e33e,3
70bbdde0-0de5-472e-9b9c-09cd801fe435,3
756280c7-fff1-4ee6-9c90-31bcb150d25c,3
7d6d0168-2b5f-4500-b8fd-2db0a618c295,3
7e34703f-8edf-4fb0-934c-5e7cecc276a8,3
7e3c6ec3-28c7-4832-a305-3bc9bf2f4ed1,3
81766e62-73a2-4715-a801-e98ade0c5351,3
8618ad65-804b-42c7-904f-8c067f69563c,3
87404f0a-b163-4917-b934-5be236dd77a8,3
8a5d2ce4-4338-41b5-919e-e32f2eaefd2f,3
8d285d3f-9365-4fc5-a077-2acf21e7e302,3
90f0de61-e4c4-460b-b4ce-afe7fbba5c7f,3
92660c15-7393-4b08-8346-3a960091b9b0,3
927991bd-9f51-4b3d-8481-ba812d63061e,3
9eafbdc4-b9cc-41ac-a853-362211e4cf5b,3
9f4eaec5-a84b-45de-8918-bdaeddf46fba,3
a488c09f-8c7a-4aa5-8730-bc217910ca2d,3
a89b08de-5b87-4990-8c5c-85b9a3f95ca1,3
b69b565c-abe3-4640-884d-76ea96eced17,3
b8825ca2-b18b-400a-b3b6-dd1bb2ad812c,3
c27a9fe0-2705-4944-8f20-79b5f9c92dd8,3
c80bc66c-34cf-40ec-8591-c2d2ac262c29,3
c9377aef-d905-410f-870d-8f8009d75395,3
caf5d19a-4f2a-48aa-bff7-5c2c1fdb50d0,3
cc61f5db-9f06-40e4-b475-9c4f4844e8ae,3
d8d3ecf5-5d58-4e77-8ae7-4233b6c42684,3
d91fb93f-4676-49a6-b622-1ff0886a268a,3
de9f42ae-a0c2-46ff-a3bb-3703a14e3e90,3
eae0c4b6-2f8b-4968-9af3-6a0f7f432d2a,3
f4394c01-981a-4924-a29a-b8dbc8555f12,3
f8ae3f7d-baff-461b-9a7e-632da2dfad45,3
003f5ec4-9d04-4645-9ad5-19ceda5d19a9,3
0353143c-ca8e-407d-8bf5-09c8d4b24529,3
1a3104ac-c220-4448-b10c-d8e26e9a723c,3
1dd849ad-4654-4801-b8a5-0d1ff35c0f49,3
29334478-026d-4462-9a42-7fa0c8240031,3
30b63e2d-23b6-4ad8-8323-21d22f5ac60c,3
31eeafa7-64cb-4061-9226-07e8b7241869,3
3c00d4b0-1091-486f-a478-f88f5d423269,3
4505bae3-b85c-4dbf-83e6-491944f8ac61,3
4562cda0-fd50-47e7-bef8-093bfd8ad5d1,3
48f85536-12a6-486e-9ae1-408583ba8039,3
4f17de44-d6d5-449e-bb53-2c969bc9fa0d,3
5ab48746-4090-4612-9d04-902897e61e20,3
623902be-ac4f-4ab1-a146-cedf6516f4b1,3
70ee32ea-313d-4bed-a9f6-0da21d8945fd,3
779cf423-cea4-49f1-ac8f-3b60402d3c2a,3
77b3ba8c-b1bd-4d73-872c-ae7a023634f1,3
7d1eea8b-c0cf-408e-96a2-29585029bd4a,3
8212ebba-1885-4b7d-bcc3-93f72625b94a,3
822d344d-e117-49bf-829b-d913e227b620,3
9228ade5-3b6e-455e-8eaa-f29a96ad6cac,3
94007a12-2149-4bea-9a19-0200e336af32,3
9a077dcc-4986-4965-a821-de1fbef16e23,3
a2adf087-086f-4bdf-b574-cc77b9779b17,3
a4a82f70-c56c-45a2-b11d-2139ef81074e,3
a4b19c7e-6651-4506-8c00-da06a60b411c,3
a86c26ee-3707-46eb-a12d-ea2940f95915,3
b03b5095-07ee-4243-b4ae-ae40e3cd08ce,3
b27581c5-6b81-4e2a-8890-b0bb48e11f09,3
bf5b6696-bff1-4659-b2f9-2e398ec3889f,3
c2435c18-d10d-4270-9354-30f234451563,3
c53f5b06-09c4-4630-bbf3-85ef0c67d425,3
cb6ecb93-76e0-4366-ab52-938b4acea6c3,3
ccd2e063-2dfd-4dba-a0be-9934e039cc7e,3
d27c5232-6b94-4bf3-9c27-ef8aab06b39d,3
d3d15c8b-35a9-4772-bbbc-b5060fc3d01a,3
d6cb5e36-6cc6-446f-a393-770b0d956a2a,3
e1eeb39f-766c-4540-8436-06568110320f,3
e21d5cc6-70f3-4f55-9344-43745823a725,3
e53a0348-9174-470b-8a6b-314b9cf507c0,3
eb043c79-5b0f-4e8b-a54a-7c3a95413bf4,3
ed1b5a64-e8fc-4979-80f9-bb8142233a97,3
ee540c67-9031-4876-880a-354eed9636ee,3
ef087f50-db26-4e0d-ab9e-f07ca1febf71,3
f15713ab-3164-49fa-b206-4cc55d2de528,3
f2d9e5da-aef2-4619-9bff-c88f413c25ce,3
fb3a347c-fe3b-4130-81d1-618edbf95937,3
fd8537b3-4cff-46e1-bd71-88c6a4a95212,3
03fe9b48-9921-47f8-98ca-db95e1bb73ae,2
06b47e0d-1402-4c91-bc16-ac112972cf7b,2
1b8ca72f-ed9a-497b-86fe-80638c92da4c,2
24e3fe00-831a-41d1-a4c1-cbad3dc89a71,1
25b294a8-16bf-4ae5-b294-1296bbcebbf0,2
29f989cd-c438-47bc-a5d3-6a95875ec195,2
2ec24fa5-6341-46d0-a288-673289202916,2
3ecc9385-ea9f-464d-998e-abf20d2b7da8,2
42bbbafc-46ab-40e7-a1fa-8de84a687cd0,2
47b1493d-9848-42e1-ba59-5f13f420fc6e,2
488c2674-3c75-4393-8984-31744a9d7fef,2
48f46b4b-688b-4db2-aa5b-7ec7b3cd01cb,2
4bb385d5-630b-475f-a9d6-8bfa98ebc836,2
4e372cee-4ab8-4d17-ad7a-b1adb0da1659,2
5487e64e-054f-4596-8dc7-86a2ca8e3e0d,2
5d15017d-86b1-4083-9e3c-17fdf608d572,2
5dfb818d-b35e-48c1-bc48-ee01c1e2a605,2
61f8c1bc-9614-4c11-ad5f-cba35ddeb22a,2
75f28ba7-ee7f-4e60-a752-0db55c8cd94f,2
86305256-75f9-47b2-89b7-7e4375d23f72,2
8addb04d-baea-4c1a-a4f4-ea5caabe9502,1
8cde5ed5-36f7-4bac-bebc-ad12dbeb221a,2
9af9c94c-01bd-4a96-bf71-276a7aac1063,2
a153afcd-074a-4e8c-9f99-d1a08436e1ea,2
a9a41d30-2874-4752-9e93-f5c5b97889ef,2
b29af6c8-e35e-4d35-9b96-45dd320df9fe,2
ba6b4393-e107-4ce7-ae2a-8f5ea3988571,2
c50aa5ab-1cf7-4b6a-8077-dcfc5f00e3fe,2
c8603556-4ade-4b07-896a-327d99ce69bc,1
cd7cee8d-6f27-46a2-b084-d774e8f40a1f,2
d13df971-4d85-4574-9529-67530d9b4b41,2
d5d3ee82-bf91-4894-a435-c4493ec9fdae,2
d5f821ab-a29d-497a-a0cd-50d2a7f9e1ad,2
db983711-576f-40c1-aa5e-e1f59dc4b410,2
e5017f40-b21c-4eb0-803d-636b33444198,2
e72d7cf7-100c-454b-af55-4a9e7b11b434,2
ead71cb8-f530-4663-991b-866a4ca1b306,2
eedf8a2a-e394-4fee-9251-27230779dbb1,2
f9ae120f-82f0-469b-bcf0-1c8a69299c8f,1
01f1c4e0-144a-4887-967b-777457a24be2,2
02d4145e-ecac-43ea-888b-ff3bf8930e87,2
03be1030-21c0-4e8b-bd65-63fb7e9d2df2,2
05c6d4b0-0492-4e6d-9886-87a55a1773c6,2
05cd1e94-97d4-4e8a-9333-0ea8c572cc97,1
0d4a8ebf-796e-4a3b-a172-91610692e43d,2
0f492329-a134-4fed-b3a1-e216069f5d16,2
15c93ff7-15d0-445d-91c0-50a6c7c8f241,2
1a370633-b635-480c-b0d3-ee07853f9e8c,2
1c85ac49-aca0-4ed0-b52e-b3a4f35a7b4b,1
1cfcf111-de95-4afa-9f24-d2383672c11f,1
1e1a4752-30c2-4419-9499-6fc587960e67,1
24fe1bd3-a817-4135-b4e4-678be949339c,2
271b30bb-0f60-4e5e-a88a-d7eed655cc9b,2
2ad5c720-9225-4299-a559-46d692afb5bd,2
2b09c6f3-c8bb-4607-be6a-f18182e7d97c,2
307605dc-192e-4267-a75e-08b4460593de,2
36a94600-c8f2-41a9-8cae-6f5b7819fa8e,2
3883533f-ed6a-4b41-a410-0890ab667833,2
3eb51bb7-4530-433b-ac32-e9bdbe9e0029,2
3ecc9385-ea9f-464d-998e-abf20d2b7da8,2
42df00df-060d-4ec9-876e-408f8f226693,2
46cec7a4-6816-4e8c-990d-3ec3e80f28e4,2
4aa515f4-62aa-4f95-a711-020200df558b,2
515ab9fd-4a16-46b0-8b50-9049d8dd84bf,2
576e37f3-3bc7-42d5-947d-c200dceebf18,2
5c8a3149-e76e-4a08-95a0-acf0130af6fb,2
5dd4a6f1-d5f9-4d2c-b0df-f5539c3c7a3a,1
5e9799ad-e9d1-4d7f-85a4-0ac8dffe6a97,2
6358eb1b-9596-4fb3-b93b-9acbff063e24,2
670ba261-2e1d-4e85-8dda-e5deca08f16a,2
68b3ac27-111e-4dda-a3c9-663d35adf86d,2
6b2ee532-f6ed-449a-969a-8efb83aa69b2,2
6bb720b3-74b2-4e40-b968-5d45b0b22c6d,2
6bbf6c0d-15e3-4ba4-bb5c-e8a96380ca8c,2
7208a42a-0a82-49a9-906d-6f35a5f2fae5,2
745705bf-8277-4257-af66-970a6aa75068,2
74bed1b9-8872-4295-862e-d48538296c3f,2
78d47ba7-9916-4743-909e-cbb8688e0f6b,1
7c39f998-84b9-44fd-b8e6-bc62fb169a9c,2
7ceccc4f-da0c-4f43-ac22-9d0b8abf87fd,2
7e77fd17-58c7-49b1-892c-c4563f22f30c,2
7fdb9669-0d1a-4379-8e0c-b03a6a6c1f8d,2
803a631a-c2e2-4d31-a16d-e0443dccf04b,2
8056ba23-70a5-4763-a306-cecad0478bbb,2
83a4ca96-539d-41da-8c29-59068dc426f1,2
8bdaca5a-c3d9-4786-90f5-6fc691b34bf4,2
926778f3-ed5c-4b19-bf3c-5df3a15a75a8,2
92df9a55-56a3-4feb-90a8-64bbb379b5ec,2
96c009aa-e5ea-460b-9809-12dd8acc5b9a,2
a0415026-002f-4aae-be31-da0d6e99fa65,2
a2a41b7c-8405-4ee5-996d-1e9b0d87f5b6,2
a6ea1747-db22-43b7-a59c-66dee3c537cc,2
a8718b1f-e363-4695-88b3-6c12bb8e1645,2
b1dcf7ee-976b-4db3-af71-6091fd3eca14,2
b50a63f3-3d11-4e35-9f6f-921e3bafd794,2
b5f60f97-fa5c-46f2-b819-f4a47700ebd6,1
b93ac245-d3a0-4502-83d3-a63e9b88d406,2
bd18b8b9-3873-4768-800b-2dbd0b1a3883,2
bd638e53-874d-4e6e-a1ef-f5ce6b6f8b09,2
bdc3ae6c-b4f3-430f-99b9-51b20699fbfd,2
c07cde38-6428-4b53-9817-e6e165e8ab18,2
c13b2b72-5268-4085-ae32-f81f06e8c27b,2
c2a8ad6c-e9b1-4d7c-ab3e-04604cc9ddc1,2
c9a9ece6-3151-464d-b7fc-f89e02c7bc30,3
cdde92a0-bee6-4a55-85b5-a32539467ef1,2
cde0b4ab-daeb-455d-836e-388bed44ded6,2
d28d3581-3017-4bb7-bfdd-3805ab108bac,2
d307cd1d-62c5-44a5-b77f-cbf43afee987,2
d4aa5291-651d-4d65-81a5-d8cbe8e27d9b,2
d720a8cc-1042-4435-afe1-d27e0180c52c,2
d7ecb161-e3f3-4d64-9cc2-c74225195911,2
d95b1c42-b735-4d3a-8eb1-0c4663e91803,2
e510387c-9cd3-487b-a286-14984a4ade2e,2
e60aff3a-adba-4e4f-966b-ab8af3172dbe,2
e974fe35-26bf-430a-b3e0-df502178ab3a,2
f0c6becd-dc5e-4d36-a22e-7cfb1dfcab18,2
f46dabd7-784f-47b4-b2f9-ec4e58d81cfe,2
f7725bbf-bdd5-449a-a036-af288e158413,2
f82ecd98-f195-4f7c-bead-026f0e3448e6,2
f8cafed6-1463-4d9d-ba90-bed60abca52b,2
f8fbb799-f42e-4057-a071-f27fbba6694e,2
fbf71d7f-3d58-4712-ae04-7f0dad2e6529,2
fc055237-b62e-4c2a-8175-be55a2b7444e,2
